var1,var2,var3,var4,var5
0.09433962264150944,0.11320754716981132,0.1320754716981132,0.3018867924528302,0.3584905660377358
