var1,var2,var3,var4,var5
0.09803921568627451,0.1568627450980392,0.19607843137254902,0.21568627450980393,0.3333333333333333
