var1,var2,var3,var4,var5
0.10909090909090909,0.14545454545454545,0.16363636363636364,0.18181818181818182,0.4
