var1,var2,var3,var4,var5
0.08333333333333333,0.11666666666666667,0.21666666666666667,0.26666666666666666,0.31666666666666665
