var1,var2,var3,var4,var5
0.05970149253731343,0.1791044776119403,0.19402985074626866,0.26865671641791045,0.29850746268656714
