var1,var2,var3,var4,var5
0.05660377358490566,0.09433962264150944,0.1320754716981132,0.3018867924528302,0.41509433962264153
