var1,var2,var3,var4,var5
0.061224489795918366,0.08163265306122448,0.16326530612244897,0.32653061224489793,0.3673469387755102
