var1,var2,var3,var4,var5
0.07547169811320754,0.09433962264150944,0.18867924528301888,0.3018867924528302,0.33962264150943394
