var1,var2,var3,var4,var5
0.03508771929824561,0.10526315789473684,0.15789473684210525,0.21052631578947367,0.49122807017543857
