var1,var2,var3,var4,var5
0.09876543209876543,0.12345679012345678,0.1728395061728395,0.2839506172839506,0.32098765432098764
