var1,var2,var3,var4,var5
0.04225352112676056,0.14084507042253522,0.19718309859154928,0.2535211267605634,0.36619718309859156
