var1,var2,var3,var4,var5
0.04081632653061224,0.14285714285714285,0.16326530612244897,0.2857142857142857,0.3673469387755102
