var1,var2,var3,var4,var5
0.07017543859649122,0.14035087719298245,0.17543859649122806,0.2807017543859649,0.3333333333333333
