var1,var2,var3,var4,var5
0.06666666666666667,0.1111111111111111,0.13333333333333333,0.26666666666666666,0.4222222222222222
