var1,var2,var3,var4,var5
0.06896551724137931,0.16091954022988506,0.19540229885057472,0.27586206896551724,0.2988505747126437
