var1,var2,var3,var4,var5
0.04,0.08,0.24,0.26666666666666666,0.37333333333333335
