var1,var2,var3,var4,var5
0.0425531914893617,0.0851063829787234,0.14893617021276595,0.2553191489361702,0.46808510638297873
