var1,var2,var3,var4,var5
0.06779661016949153,0.0847457627118644,0.2033898305084746,0.3050847457627119,0.3389830508474576
