var1,var2,var3,var4,var5
0.07407407407407407,0.1111111111111111,0.14814814814814814,0.32098765432098764,0.345679012345679
