var1,var2,var3,var4,var5
0.11267605633802817,0.16901408450704225,0.18309859154929578,0.22535211267605634,0.30985915492957744
