var1,var2,var3,var4,var5
0.05454545454545454,0.07272727272727272,0.18181818181818182,0.2727272727272727,0.41818181818181815
