var1,var2,var3,var4,var5
0.057692307692307696,0.09615384615384616,0.23076923076923078,0.25,0.36538461538461536
