var1,var2,var3,var4,var5
0.1206896551724138,0.15517241379310345,0.1896551724137931,0.2413793103448276,0.29310344827586204
