var1,var2,var3,var4,var5
0.06153846153846154,0.1076923076923077,0.18461538461538463,0.3076923076923077,0.3384615384615385
