var1,var2,var3,var4,var5
0.07272727272727272,0.14545454545454545,0.23636363636363636,0.2545454545454545,0.2909090909090909
