var1,var2,var3,var4,var5
0.05454545454545454,0.10909090909090909,0.12727272727272726,0.3090909090909091,0.4
