var1,var2,var3,var4,var5
0.06557377049180328,0.16393442622950818,0.21311475409836064,0.26229508196721313,0.29508196721311475
