var1,var2,var3,var4,var5
0.05263157894736842,0.10526315789473684,0.14035087719298245,0.2631578947368421,0.43859649122807015
