var1,var2,var3,var4,var5
0.05660377358490566,0.1509433962264151,0.16981132075471697,0.18867924528301888,0.4339622641509434
