var1,var2,var3,var4,var5
0.05,0.15,0.21666666666666667,0.25,0.3333333333333333
