var1,var2,var3,var4,var5
0.04477611940298507,0.11940298507462686,0.208955223880597,0.23880597014925373,0.3880597014925373
