var1,var2,var3,var4,var5
0.08695652173913043,0.17391304347826086,0.21739130434782608,0.2318840579710145,0.2898550724637681
