var1,var2,var3,var4,var5
0.0392156862745098,0.0784313725490196,0.23529411764705882,0.2549019607843137,0.39215686274509803
