var1,var2,var3,var4,var5
0.07692307692307693,0.1076923076923077,0.24615384615384617,0.26153846153846155,0.3076923076923077
