var1,var2,var3,var4,var5
0.13333333333333333,0.16,0.21333333333333335,0.22666666666666666,0.26666666666666666
