var1,var2,var3,var4,var5
0.023255813953488372,0.09302325581395349,0.13953488372093023,0.27906976744186046,0.46511627906976744
