var1,var2,var3,var4,var5
0.047619047619047616,0.09523809523809523,0.23809523809523808,0.2698412698412698,0.3492063492063492
