var1,var2,var3,var4,var5
0.03508771929824561,0.07017543859649122,0.24561403508771928,0.2631578947368421,0.38596491228070173
