var1,var2,var3,var4,var5
0.07272727272727272,0.14545454545454545,0.16363636363636364,0.2545454545454545,0.36363636363636365
