var1,var2,var3,var4,var5
0.05263157894736842,0.15789473684210525,0.19298245614035087,0.2631578947368421,0.3333333333333333
