var1,var2,var3,var4,var5
0.0425531914893617,0.1702127659574468,0.19148936170212766,0.2553191489361702,0.3404255319148936
