var1,var2,var3,var4,var5
0.08196721311475409,0.13114754098360656,0.16393442622950818,0.26229508196721313,0.36065573770491804
