var1,var2,var3,var4,var5
0.05357142857142857,0.14285714285714285,0.16071428571428573,0.23214285714285715,0.4107142857142857
