var1,var2,var3,var4,var5
0.1076923076923077,0.15384615384615385,0.18461538461538463,0.24615384615384617,0.3076923076923077
