var1,var2,var3,var4,var5
0.10526315789473684,0.17543859649122806,0.21052631578947367,0.24561403508771928,0.2631578947368421
