var1,var2,var3,var4,var5
0.03636363636363636,0.07272727272727272,0.21818181818181817,0.2727272727272727,0.4
