var1,var2,var3,var4,var5
0.028169014084507043,0.09859154929577464,0.22535211267605634,0.28169014084507044,0.36619718309859156
