var1,var2,var3,var4,var5
0.09230769230769231,0.15384615384615385,0.18461538461538463,0.26153846153846155,0.3076923076923077
