var1,var2,var3,var4,var5
0.09230769230769231,0.12307692307692308,0.15384615384615385,0.2923076923076923,0.3384615384615385
