var1,var2,var3,var4,var5
0.07246376811594203,0.10144927536231885,0.2318840579710145,0.2753623188405797,0.3188405797101449
