var1,var2,var3,var4,var5
0.06666666666666667,0.08888888888888889,0.17777777777777778,0.3111111111111111,0.35555555555555557
