var1,var2,var3,var4,var5
0.08163265306122448,0.14285714285714285,0.1836734693877551,0.2857142857142857,0.30612244897959184
