var1,var2,var3,var4,var5
0.04081632653061224,0.061224489795918366,0.20408163265306123,0.2857142857142857,0.40816326530612246
