var1,var2,var3,var4,var5
0.06153846153846154,0.09230769230769231,0.16923076923076924,0.2153846153846154,0.46153846153846156
