var1,var2,var3,var4,var5
0.05970149253731343,0.14925373134328357,0.19402985074626866,0.23880597014925373,0.3582089552238806
