var1,var2,var3,var4,var5
0.09523809523809523,0.14285714285714285,0.19047619047619047,0.2222222222222222,0.3492063492063492
