var1,var2,var3,var4,var5
0.12631578947368421,0.15789473684210525,0.21052631578947367,0.23157894736842105,0.2736842105263158
