var1,var2,var3,var4,var5
0.1016949152542373,0.13559322033898305,0.1694915254237288,0.22033898305084745,0.3728813559322034
