var1,var2,var3,var4,var5
0.08333333333333333,0.11666666666666667,0.18333333333333332,0.2833333333333333,0.3333333333333333
