var1,var2,var3,var4,var5
0.047619047619047616,0.14285714285714285,0.20634920634920634,0.23809523809523808,0.36507936507936506
