var1,var2,var3,var4,var5
0.07547169811320754,0.11320754716981132,0.20754716981132076,0.22641509433962265,0.37735849056603776
