var1,var2,var3,var4,var5
0.03636363636363636,0.18181818181818182,0.2,0.2545454545454545,0.32727272727272727
