var1,var2,var3,var4,var5
0.047619047619047616,0.09523809523809523,0.12698412698412698,0.2857142857142857,0.4444444444444444
