var1,var2,var3,var4,var5
0.05172413793103448,0.13793103448275862,0.1724137931034483,0.2413793103448276,0.39655172413793105
