var1,var2,var3,var4,var5
0.05084745762711865,0.13559322033898305,0.23728813559322035,0.2711864406779661,0.3050847457627119
