var1,var2,var3,var4,var5
0.07547169811320754,0.1320754716981132,0.1509433962264151,0.3018867924528302,0.33962264150943394
