var1,var2,var3,var4,var5,var6
0.04878048780487805,0.11382113821138211,0.14634146341463414,0.15447154471544716,0.17886178861788618,0.35772357723577236
