var1,var2,var3,var4,var5,var6
0.09219858156028368,0.11347517730496454,0.1276595744680851,0.1347517730496454,0.23404255319148937,0.2978723404255319
