var1,var2,var3,var4,var5,var6
0.0959409594095941,0.1033210332103321,0.16974169741697417,0.18450184501845018,0.2177121771217712,0.22878228782287824
