var1,var2,var3,var4,var5,var6
0.10232558139534884,0.12558139534883722,0.13023255813953488,0.19069767441860466,0.20930232558139536,0.24186046511627907
