var1,var2,var3,var4,var5,var6
0.11594202898550725,0.13526570048309178,0.15458937198067632,0.1642512077294686,0.20772946859903382,0.2222222222222222
