var1,var2,var3,var4,var5,var6
0.044585987261146494,0.10828025477707007,0.12738853503184713,0.1464968152866242,0.18471337579617833,0.3885350318471338
