var1,var2,var3,var4,var5,var6
0.034782608695652174,0.05217391304347826,0.06956521739130435,0.1391304347826087,0.26956521739130435,0.43478260869565216
