var1,var2,var3,var4,var5,var6
0.014598540145985401,0.058394160583941604,0.08029197080291971,0.23357664233576642,0.26277372262773724,0.35036496350364965
