var1,var2,var3,var4,var5,var6
0.04419889502762431,0.10497237569060773,0.12154696132596685,0.15469613259668508,0.17679558011049723,0.39779005524861877
