var1,var2,var3,var4,var5,var6
0.026490066225165563,0.08609271523178808,0.09933774834437085,0.13245033112582782,0.152317880794702,0.5033112582781457
