var1,var2,var3,var4,var5,var6
0.0326530612244898,0.07346938775510205,0.13877551020408163,0.19183673469387755,0.2693877551020408,0.2938775510204082
