var1,var2,var3,var4,var5,var6
0.06666666666666667,0.10416666666666667,0.15416666666666667,0.19583333333333333,0.22916666666666666,0.25
