var1,var2,var3,var4,var5,var6
0.08275862068965517,0.12413793103448276,0.1310344827586207,0.16551724137931034,0.1793103448275862,0.31724137931034485
