var1,var2,var3,var4,var5,var6
0.023255813953488372,0.07441860465116279,0.18604651162790697,0.19534883720930232,0.24186046511627907,0.27906976744186046
