var1,var2,var3,var4,var5,var6
0.069164265129683,0.08645533141210375,0.18155619596541786,0.19596541786743515,0.21902017291066284,0.2478386167146974
