var1,var2,var3,var4,var5,var6
0.03067484662576687,0.0736196319018405,0.09815950920245399,0.11042944785276074,0.31901840490797545,0.36809815950920244
