var1,var2,var3,var4,var5,var6
0.033707865168539325,0.0449438202247191,0.0898876404494382,0.20224719101123595,0.2247191011235955,0.4044943820224719
