var1,var2,var3,var4,var5,var6
0.05649717514124294,0.0903954802259887,0.13559322033898305,0.15819209039548024,0.1977401129943503,0.3615819209039548
