var1,var2,var3,var4,var5,var6
0.01818181818181818,0.07636363636363637,0.16363636363636364,0.1890909090909091,0.26181818181818184,0.2909090909090909
