var1,var2,var3,var4,var5,var6
0.028368794326241134,0.07801418439716312,0.1347517730496454,0.20567375886524822,0.2198581560283688,0.3333333333333333
