var1,var2,var3,var4,var5,var6
0.02185792349726776,0.1092896174863388,0.16393442622950818,0.2185792349726776,0.22950819672131148,0.2568306010928962
