var1,var2,var3,var4,var5,var6
0.019704433497536946,0.07389162561576355,0.13793103448275862,0.18719211822660098,0.24630541871921183,0.33497536945812806
