var1,var2,var3,var4,var5,var6
0.02531645569620253,0.08227848101265822,0.0949367088607595,0.14556962025316456,0.22151898734177214,0.43037974683544306
