var1,var2,var3,var4,var5,var6
0.014388489208633094,0.050359712230215826,0.11510791366906475,0.2302158273381295,0.2733812949640288,0.31654676258992803
