var1,var2,var3,var4,var5,var6
0.06206896551724138,0.0896551724137931,0.10344827586206896,0.1793103448275862,0.2482758620689655,0.31724137931034485
