var1,var2,var3,var4,var5,var6
0.07239819004524888,0.12669683257918551,0.13122171945701358,0.1583710407239819,0.2081447963800905,0.3031674208144796
