var1,var2,var3,var4,var5,var6
0.031446540880503145,0.050314465408805034,0.13836477987421383,0.1509433962264151,0.25157232704402516,0.37735849056603776
