var1,var2,var3,var4,var5,var6
0.031746031746031744,0.10317460317460317,0.14285714285714285,0.18253968253968253,0.20634920634920634,0.3333333333333333
