var1,var2,var3,var4,var5,var6
0.062111801242236024,0.07453416149068323,0.10559006211180125,0.12422360248447205,0.16149068322981366,0.4720496894409938
