var1,var2,var3,var4,var5,var6
0.02681992337164751,0.04597701149425287,0.10727969348659004,0.2222222222222222,0.25287356321839083,0.3448275862068966
