var1,var2,var3,var4,var5,var6
0.021897810218978103,0.043795620437956206,0.145985401459854,0.16058394160583941,0.27007299270072993,0.35766423357664234
