var1,var2,var3,var4,var5,var6
0.05142857142857143,0.06857142857142857,0.18285714285714286,0.2057142857142857,0.22857142857142856,0.26285714285714284
