var1,var2,var3,var4,var5,var6
0.0446927374301676,0.12849162011173185,0.16759776536312848,0.1787709497206704,0.18994413407821228,0.2905027932960894
