var1,var2,var3,var4,var5,var6
0.023255813953488372,0.07751937984496124,0.13953488372093023,0.15503875968992248,0.27906976744186046,0.32558139534883723
