var1,var2,var3,var4,var5,var6
0.043668122270742356,0.07860262008733625,0.14410480349344978,0.20087336244541484,0.2183406113537118,0.314410480349345
