var1,var2,var3,var4,var5,var6
0.017391304347826087,0.034782608695652174,0.14782608695652175,0.1565217391304348,0.2782608695652174,0.3652173913043478
