var1,var2,var3,var4,var5,var6
0.01948051948051948,0.07792207792207792,0.1038961038961039,0.18831168831168832,0.2792207792207792,0.33116883116883117
