var1,var2,var3,var4,var5,var6
0.056910569105691054,0.07317073170731707,0.14634146341463414,0.18699186991869918,0.22764227642276422,0.3089430894308943
