var1,var2,var3,var4,var5,var6
0.021897810218978103,0.06569343065693431,0.0948905109489051,0.1897810218978102,0.22627737226277372,0.40145985401459855
