var1,var2,var3,var4,var5,var6
0.01744186046511628,0.0872093023255814,0.14534883720930233,0.18604651162790697,0.22093023255813954,0.3430232558139535
