var1,var2,var3,var4,var5,var6
0.0859106529209622,0.13058419243986255,0.15120274914089346,0.15807560137457044,0.20618556701030927,0.26804123711340205
