var1,var2,var3,var4,var5,var6
0.014388489208633094,0.05755395683453238,0.16546762589928057,0.19424460431654678,0.2589928057553957,0.30935251798561153
