var1,var2,var3,var4,var5,var6
0.034782608695652174,0.043478260869565216,0.10434782608695652,0.17391304347826086,0.2608695652173913,0.3826086956521739
