var1,var2,var3,var4,var5,var6
0.024844720496894408,0.08074534161490683,0.18012422360248448,0.18633540372670807,0.22981366459627328,0.2981366459627329
