var1,var2,var3,var4,var5,var6
0.027586206896551724,0.041379310344827586,0.15862068965517243,0.21379310344827587,0.2620689655172414,0.296551724137931
