var1,var2,var3,var4,var5,var6
0.03468208092485549,0.05202312138728324,0.08092485549132948,0.19653179190751446,0.28901734104046245,0.3468208092485549
