var1,var2,var3,var4,var5,var6
0.050724637681159424,0.06521739130434782,0.10144927536231885,0.17391304347826086,0.2318840579710145,0.37681159420289856
