var1,var2,var3,var4,var5,var6
0.027624309392265192,0.143646408839779,0.15469613259668508,0.17679558011049723,0.22099447513812154,0.27624309392265195
