var1,var2,var3,var4,var5,var6
0.06735751295336788,0.11398963730569948,0.14507772020725387,0.17616580310880828,0.19689119170984457,0.3005181347150259
