var1,var2,var3,var4,var5,var6
0.07027027027027027,0.10270270270270271,0.15675675675675677,0.1945945945945946,0.23243243243243245,0.24324324324324326
