var1,var2,var3,var4,var5,var6
0.01951219512195122,0.05365853658536585,0.17560975609756097,0.2048780487804878,0.24390243902439024,0.3024390243902439
