var1,var2,var3,var4,var5,var6
0.016877637130801686,0.10970464135021098,0.1350210970464135,0.189873417721519,0.23628691983122363,0.31223628691983124
