var1,var2,var3,var4,var5,var6
0.06474820143884892,0.1223021582733813,0.12949640287769784,0.17985611510791366,0.2302158273381295,0.2733812949640288
