var1,var2,var3,var4,var5,var6
0.012269938650306749,0.04294478527607362,0.17177914110429449,0.19631901840490798,0.25766871165644173,0.31901840490797545
