var1,var2,var3,var4,var5,var6
0.045714285714285714,0.12571428571428572,0.14285714285714285,0.14857142857142858,0.16,0.37714285714285717
