var1,var2,var3,var4,var5,var6
0.013071895424836602,0.08496732026143791,0.1111111111111111,0.23529411764705882,0.2549019607843137,0.3006535947712418
