var1,var2,var3,var4,var5,var6
0.02127659574468085,0.11170212765957446,0.1702127659574468,0.18617021276595744,0.2393617021276596,0.2712765957446808
