var1,var2,var3,var4,var5,var6
0.1069182389937107,0.12578616352201258,0.16352201257861634,0.1761006289308176,0.20125786163522014,0.22641509433962265
