var1,var2,var3,var4,var5,var6
0.02857142857142857,0.07142857142857142,0.09285714285714286,0.18571428571428572,0.2,0.42142857142857143
