var1,var2,var3,var4,var5,var6
0.04891304347826087,0.059782608695652176,0.18478260869565216,0.20108695652173914,0.21739130434782608,0.28804347826086957
