var1,var2,var3,var4,var5,var6
0.023255813953488372,0.046511627906976744,0.09302325581395349,0.10852713178294573,0.27906976744186046,0.4496124031007752
