var1,var2,var3,var4,var5,var6
0.08387096774193549,0.11612903225806452,0.14838709677419354,0.16774193548387098,0.2129032258064516,0.2709677419354839
