var1,var2,var3,var4,var5,var6
0.031413612565445025,0.07853403141361257,0.17801047120418848,0.18848167539267016,0.23036649214659685,0.2931937172774869
