var1,var2,var3,var4,var5,var6
0.02097902097902098,0.055944055944055944,0.1258741258741259,0.15384615384615385,0.23776223776223776,0.40559440559440557
