var1,var2,var3,var4,var5,var6
0.024390243902439025,0.056910569105691054,0.13821138211382114,0.18699186991869918,0.2764227642276423,0.3170731707317073
