var1,var2,var3,var4,var5,var6
0.029585798816568046,0.047337278106508875,0.13609467455621302,0.23076923076923078,0.24260355029585798,0.3136094674556213
