var1,var2,var3,var4,var5,var6
0.015625,0.046875,0.13541666666666666,0.16145833333333334,0.2864583333333333,0.3541666666666667
