var1,var2,var3,var4,var5,var6
0.08035714285714286,0.09375,0.13839285714285715,0.20535714285714285,0.23660714285714285,0.24553571428571427
