var1,var2,var3,var4,var5,var6
0.03184713375796178,0.08280254777070063,0.1464968152866242,0.2229299363057325,0.2484076433121019,0.267515923566879
