var1,var2,var3,var4,var5,var6
0.04895104895104895,0.08391608391608392,0.11188811188811189,0.11888111888111888,0.1888111888111888,0.44755244755244755
