var1,var2,var3,var4,var5,var6
0.02857142857142857,0.08,0.10285714285714286,0.17142857142857143,0.2857142857142857,0.3314285714285714
