var1,var2,var3,var4,var5,var6
0.03070175438596491,0.11842105263157894,0.14035087719298245,0.21929824561403508,0.2236842105263158,0.2675438596491228
