var1,var2,var3,var4,var5,var6
0.03305785123966942,0.049586776859504134,0.10743801652892562,0.18181818181818182,0.2809917355371901,0.34710743801652894
