var1,var2,var3,var4,var5,var6
0.012738853503184714,0.07643312101910828,0.15286624203821655,0.19745222929936307,0.267515923566879,0.2929936305732484
