var1,var2,var3,var4,var5,var6
0.028846153846153848,0.057692307692307696,0.07692307692307693,0.14423076923076922,0.2403846153846154,0.4519230769230769
