var1,var2,var3,var4,var5,var6
0.0847457627118644,0.1288135593220339,0.16271186440677965,0.1864406779661017,0.2033898305084746,0.23389830508474577
