var1,var2,var3,var4,var5,var6
0.05660377358490566,0.09433962264150944,0.16981132075471697,0.18867924528301888,0.23270440251572327,0.2578616352201258
