var1,var2,var3,var4,var5,var6
0.015748031496062992,0.05511811023622047,0.13385826771653545,0.1968503937007874,0.2440944881889764,0.3543307086614173
