var1,var2,var3,var4,var5,var6
0.046052631578947366,0.07236842105263158,0.18421052631578946,0.19078947368421054,0.2236842105263158,0.28289473684210525
