var1,var2,var3,var4,var5,var6
0.028901734104046242,0.09248554913294797,0.17341040462427745,0.20809248554913296,0.2138728323699422,0.2832369942196532
