var1,var2,var3,var4,var5,var6
0.07239819004524888,0.09049773755656108,0.13122171945701358,0.15384615384615385,0.2171945701357466,0.334841628959276
