var1,var2,var3,var4,var5,var6
0.010582010582010581,0.037037037037037035,0.10582010582010581,0.2222222222222222,0.2751322751322751,0.3492063492063492
