var1,var2,var3,var4,var5,var6
0.032520325203252036,0.056910569105691054,0.08130081300813008,0.17886178861788618,0.24390243902439024,0.4065040650406504
