var1,var2,var3,var4,var5,var6
0.026595744680851064,0.07446808510638298,0.11170212765957446,0.17553191489361702,0.2712765957446808,0.3404255319148936
