var1,var2,var3,var4,var5,var6
0.015748031496062992,0.07086614173228346,0.12598425196850394,0.1889763779527559,0.25196850393700787,0.3464566929133858
