var1,var2,var3,var4,var5,var6
0.06451612903225806,0.11612903225806452,0.12903225806451613,0.14838709677419354,0.25806451612903225,0.2838709677419355
