var1,var2,var3,var4,var5,var6
0.05785123966942149,0.0743801652892562,0.14049586776859505,0.1487603305785124,0.2396694214876033,0.33884297520661155
