var1,var2,var3,var4,var5,var6
0.04878048780487805,0.06829268292682927,0.08292682926829269,0.2048780487804878,0.24390243902439024,0.35121951219512193
