var1,var2,var3,var4,var5,var6
0.046948356807511735,0.07511737089201878,0.09389671361502347,0.10328638497652583,0.323943661971831,0.3568075117370892
