var1,var2,var3,var4,var5,var6
0.06622516556291391,0.10596026490066225,0.1456953642384106,0.15894039735099338,0.16556291390728478,0.3576158940397351
