var1,var2,var3,var4,var5,var6
0.05232558139534884,0.06395348837209303,0.13953488372093023,0.18023255813953487,0.27325581395348836,0.29069767441860467
