var1,var2,var3,var4,var5,var6
0.034482758620689655,0.08275862068965517,0.15172413793103448,0.16551724137931034,0.19310344827586207,0.3724137931034483
