var1,var2,var3,var4,var5,var6
0.043209876543209874,0.10493827160493827,0.1111111111111111,0.17901234567901234,0.25308641975308643,0.30864197530864196
