var1,var2,var3,var4,var5,var6
0.10059171597633136,0.11242603550295859,0.14792899408284024,0.17159763313609466,0.22485207100591717,0.24260355029585798
