var1,var2,var3,var4,var5,var6
0.025477707006369428,0.03184713375796178,0.10191082802547771,0.1910828025477707,0.25477707006369427,0.39490445859872614
