var1,var2,var3,var4,var5,var6
0.024539877300613498,0.06134969325153374,0.0736196319018405,0.22699386503067484,0.24539877300613497,0.36809815950920244
