var1,var2,var3,var4,var5,var6
0.025477707006369428,0.08280254777070063,0.10191082802547771,0.11464968152866242,0.3057324840764331,0.36942675159235666
