var1,var2,var3,var4,var5,var6
0.010471204188481676,0.11518324607329843,0.16753926701570682,0.18324607329842932,0.2198952879581152,0.3036649214659686
