var1,var2,var3,var4,var5,var6
0.1,0.12941176470588237,0.13529411764705881,0.18235294117647058,0.20588235294117646,0.24705882352941178
