var1,var2,var3,var4,var5,var6
0.055944055944055944,0.09090909090909091,0.16083916083916083,0.18181818181818182,0.1888111888111888,0.32167832167832167
