var1,var2,var3,var4,var5,var6
0.030042918454935622,0.05150214592274678,0.11158798283261803,0.2145922746781116,0.2317596566523605,0.3605150214592275
