var1,var2,var3,var4,var5,var6
0.027906976744186046,0.12558139534883722,0.13953488372093023,0.18604651162790697,0.23255813953488372,0.28837209302325584
