var1,var2,var3,var4,var5,var6
0.037037037037037035,0.05555555555555555,0.08641975308641975,0.2037037037037037,0.22839506172839505,0.3888888888888889
