var1,var2,var3,var4,var5,var6
0.045112781954887216,0.12030075187969924,0.13533834586466165,0.15037593984962405,0.20300751879699247,0.3458646616541353
