var1,var2,var3,var4,var5,var6
0.03676470588235294,0.051470588235294115,0.13970588235294118,0.23529411764705882,0.25735294117647056,0.27941176470588236
