var1,var2,var3,var4,var5,var6
0.028368794326241134,0.05673758865248227,0.1276595744680851,0.19858156028368795,0.24822695035460993,0.3404255319148936
