var1,var2,var3,var4,var5,var6
0.07253886010362694,0.10362694300518134,0.13471502590673576,0.18652849740932642,0.22279792746113988,0.27979274611398963
