var1,var2,var3,var4,var5,var6
0.06626506024096386,0.0783132530120482,0.10240963855421686,0.12048192771084337,0.24096385542168675,0.39156626506024095
