var1,var2,var3,var4,var5,var6
0.02142857142857143,0.07142857142857142,0.14285714285714285,0.20714285714285716,0.25,0.30714285714285716
