var1,var2,var3,var4,var5,var6
0.03125,0.0625,0.125,0.19791666666666666,0.25,0.3333333333333333
