var1,var2,var3,var4,var5,var6
0.08695652173913043,0.0966183574879227,0.13526570048309178,0.1497584541062802,0.25120772946859904,0.28019323671497587
