var1,var2,var3,var4,var5,var6
0.05426356589147287,0.09302325581395349,0.13178294573643412,0.15503875968992248,0.20155038759689922,0.3643410852713178
