var1,var2,var3,var4,var5,var6
0.03827751196172249,0.11004784688995216,0.12440191387559808,0.21052631578947367,0.22966507177033493,0.28708133971291866
