var1,var2,var3,var4,var5,var6
0.05202312138728324,0.06936416184971098,0.10404624277456648,0.15028901734104047,0.23121387283236994,0.3930635838150289
