var1,var2,var3,var4,var5,var6
0.08588957055214724,0.1165644171779141,0.13496932515337423,0.15337423312883436,0.2331288343558282,0.27607361963190186
