var1,var2,var3,var4,var5,var6
0.0297029702970297,0.0594059405940594,0.07920792079207921,0.1485148514851485,0.21782178217821782,0.46534653465346537
