var1,var2,var3,var4,var5,var6
0.05263157894736842,0.05741626794258373,0.1339712918660287,0.16267942583732056,0.28708133971291866,0.3062200956937799
