var1,var2,var3,var4,var5,var6
0.018404907975460124,0.09815950920245399,0.13496932515337423,0.2085889570552147,0.2392638036809816,0.3006134969325153
