var1,var2,var3,var4,var5,var6
0.01818181818181818,0.048484848484848485,0.1696969696969697,0.18181818181818182,0.2545454545454545,0.32727272727272727
