var1,var2,var3,var4,var5,var6
0.011976047904191617,0.1497005988023952,0.16766467065868262,0.18562874251497005,0.2215568862275449,0.2634730538922156
