var1,var2,var3,var4,var5,var6
0.029239766081871343,0.04678362573099415,0.08771929824561403,0.23391812865497075,0.23976608187134502,0.36257309941520466
