var1,var2,var3,var4,var5,var6
0.058394160583941604,0.0948905109489051,0.1386861313868613,0.1678832116788321,0.1897810218978102,0.35036496350364965
