var1,var2,var3,var4,var5,var6
0.024875621890547265,0.08955223880597014,0.09950248756218906,0.1691542288557214,0.2885572139303483,0.3283582089552239
