var1,var2,var3,var4,var5,var6
0.03902439024390244,0.13170731707317074,0.14634146341463414,0.2048780487804878,0.22439024390243903,0.25365853658536586
