var1,var2,var3,var4,var5,var6
0.022900763358778626,0.030534351145038167,0.09923664122137404,0.16030534351145037,0.22137404580152673,0.46564885496183206
