var1,var2,var3,var4,var5,var6
0.057971014492753624,0.12560386473429952,0.14009661835748793,0.15458937198067632,0.1642512077294686,0.357487922705314
