var1,var2,var3,var4,var5,var6
0.01904761904761905,0.05714285714285714,0.09523809523809523,0.1619047619047619,0.22857142857142856,0.4380952380952381
