var1,var2,var3,var4,var5,var6
0.049773755656108594,0.15384615384615385,0.16289592760180996,0.18552036199095023,0.2171945701357466,0.23076923076923078
