var1,var2,var3,var4,var5,var6
0.07746478873239436,0.11267605633802817,0.1267605633802817,0.15492957746478872,0.19718309859154928,0.33098591549295775
