var1,var2,var3,var4,var5,var6
0.06622516556291391,0.07947019867549669,0.08609271523178808,0.13245033112582782,0.304635761589404,0.33112582781456956
