var1,var2,var3,var4,var5,var6
0.02962962962962963,0.08888888888888889,0.13333333333333333,0.18518518518518517,0.2074074074074074,0.35555555555555557
