var1,var2,var3,var4,var5,var6
0.06306306306306306,0.0990990990990991,0.12612612612612611,0.18018018018018017,0.1981981981981982,0.3333333333333333
