var1,var2,var3,var4,var5,var6
0.0912863070539419,0.12863070539419086,0.14937759336099585,0.17427385892116182,0.2074688796680498,0.24896265560165975
