var1,var2,var3,var4,var5,var6
0.012269938650306749,0.13496932515337423,0.15337423312883436,0.19631901840490798,0.2331288343558282,0.26993865030674846
