var1,var2,var3,var4,var5,var6
0.03333333333333333,0.08,0.12666666666666668,0.23333333333333334,0.25333333333333335,0.2733333333333333
