var1,var2,var3,var4,var5,var6
0.04072398190045249,0.07239819004524888,0.09049773755656108,0.2081447963800905,0.26244343891402716,0.3257918552036199
