var1,var2,var3,var4,var5,var6
0.042328042328042326,0.10582010582010581,0.1693121693121693,0.17989417989417988,0.23809523809523808,0.26455026455026454
