var1,var2,var3,var4,var5,var6
0.03592814371257485,0.0718562874251497,0.1317365269461078,0.2155688622754491,0.24550898203592814,0.2994011976047904
