var1,var2,var3,var4,var5,var6
0.06299212598425197,0.07086614173228346,0.11023622047244094,0.23622047244094488,0.25196850393700787,0.2677165354330709
