var1,var2,var3,var4,var5,var6
0.07017543859649122,0.08187134502923976,0.16374269005847952,0.1871345029239766,0.2046783625730994,0.29239766081871343
