var1,var2,var3,var4,var5,var6
0.10810810810810811,0.11351351351351352,0.12972972972972974,0.15135135135135136,0.1783783783783784,0.31891891891891894
