var1,var2,var3,var4,var5,var6
0.08854166666666667,0.13020833333333334,0.13541666666666666,0.15625,0.19270833333333334,0.296875
