var1,var2,var3,var4,var5,var6
0.03067484662576687,0.09202453987730061,0.09815950920245399,0.22699386503067484,0.2392638036809816,0.3128834355828221
