var1,var2,var3,var4,var5,var6
0.05970149253731343,0.10945273631840796,0.17412935323383086,0.1890547263681592,0.19900497512437812,0.26865671641791045
