var1,var2,var3,var4,var5,var6
0.031914893617021274,0.0797872340425532,0.09042553191489362,0.13297872340425532,0.324468085106383,0.3404255319148936
