var1,var2,var3,var4,var5,var6
0.017391304347826087,0.0782608695652174,0.10434782608695652,0.1565217391304348,0.20869565217391303,0.43478260869565216
