var1,var2,var3,var4,var5,var6
0.06666666666666667,0.08888888888888889,0.13333333333333333,0.17777777777777778,0.2518518518518518,0.2814814814814815
