var1,var2,var3,var4,var5,var6
0.0234375,0.046875,0.1328125,0.171875,0.1875,0.4375
