var1,var2,var3,var4,var5,var6
0.018867924528301886,0.050314465408805034,0.07547169811320754,0.16352201257861634,0.29559748427672955,0.39622641509433965
