var1,var2,var3,var4,var5,var6
0.031007751937984496,0.06201550387596899,0.18604651162790697,0.20155038759689922,0.20930232558139536,0.31007751937984496
