var1,var2,var3,var4,var5,var6
0.061855670103092786,0.10309278350515463,0.1134020618556701,0.14432989690721648,0.2268041237113402,0.35051546391752575
