var1,var2,var3,var4,var5,var6
0.026143790849673203,0.0718954248366013,0.10457516339869281,0.16993464052287582,0.23529411764705882,0.39215686274509803
