var1,var2,var3,var4,var5,var6
0.0821917808219178,0.0867579908675799,0.1004566210045662,0.2191780821917808,0.228310502283105,0.2831050228310502
