var1,var2,var3,var4,var5,var6
0.0782122905027933,0.1005586592178771,0.11731843575418995,0.1340782122905028,0.27932960893854747,0.2905027932960894
