var1,var2,var3,var4,var5,var6
0.03355704697986577,0.08053691275167785,0.14093959731543623,0.22818791946308725,0.2483221476510067,0.2684563758389262
