var1,var2,var3,var4,var5,var6
0.026737967914438502,0.0427807486631016,0.12299465240641712,0.2192513368983957,0.25668449197860965,0.3315508021390374
