var1,var2,var3,var4,var5,var6
0.046242774566473986,0.06936416184971098,0.12138728323699421,0.15028901734104047,0.2774566473988439,0.3352601156069364
