var1,var2,var3,var4,var5,var6
0.045112781954887216,0.09022556390977443,0.09774436090225563,0.16541353383458646,0.22556390977443608,0.37593984962406013
