var1,var2,var3,var4,var5,var6
0.046948356807511735,0.06572769953051644,0.13615023474178403,0.16901408450704225,0.2535211267605634,0.3286384976525822
