var1,var2,var3,var4,var5,var6
0.06766917293233082,0.11278195488721804,0.12030075187969924,0.15789473684210525,0.17293233082706766,0.3684210526315789
