var1,var2,var3,var4,var5,var6
0.03355704697986577,0.10738255033557047,0.1476510067114094,0.16778523489932887,0.2483221476510067,0.2953020134228188
