var1,var2,var3,var4,var5,var6
0.053231939163498096,0.09125475285171103,0.09885931558935361,0.21673003802281368,0.2585551330798479,0.2813688212927757
