var1,var2,var3,var4,var5,var6
0.04294478527607362,0.06748466257668712,0.10429447852760736,0.1901840490797546,0.2392638036809816,0.3558282208588957
