var1,var2,var3,var4,var5,var6
0.04065040650406504,0.0975609756097561,0.10569105691056911,0.17073170731707318,0.2845528455284553,0.3008130081300813
