var1,var2,var3,var4,var5,var6
0.034722222222222224,0.09722222222222222,0.1597222222222222,0.18055555555555555,0.22916666666666666,0.2986111111111111
