var1,var2,var3,var4,var5,var6
0.07179487179487179,0.09743589743589744,0.14358974358974358,0.18461538461538463,0.20512820512820512,0.29743589743589743
