var1,var2,var3,var4,var5,var6
0.06201550387596899,0.06976744186046512,0.10852713178294573,0.21705426356589147,0.23255813953488372,0.31007751937984496
