var1,var2,var3,var4,var5,var6
0.06134969325153374,0.08588957055214724,0.17177914110429449,0.1901840490797546,0.22085889570552147,0.26993865030674846
