var1,var2,var3,var4,var5,var6
0.07344632768361582,0.07909604519774012,0.1016949152542373,0.12994350282485875,0.2994350282485876,0.3163841807909605
