var1,var2,var3,var4,var5,var6
0.060085836909871244,0.06866952789699571,0.09871244635193133,0.1459227467811159,0.2575107296137339,0.36909871244635195
