var1,var2,var3,var4,var5,var6
0.013071895424836602,0.0718954248366013,0.1111111111111111,0.16339869281045752,0.2549019607843137,0.38562091503267976
