var1,var2,var3,var4,var5,var6
0.03864734299516908,0.10144927536231885,0.12560386473429952,0.2222222222222222,0.2318840579710145,0.28019323671497587
