var1,var2,var3,var4,var5,var6
0.05714285714285714,0.08,0.14285714285714285,0.18857142857142858,0.21714285714285714,0.3142857142857143
