var1,var2,var3,var4,var5,var6
0.06622516556291391,0.08609271523178808,0.09271523178807947,0.11920529801324503,0.1986754966887417,0.4370860927152318
