var1,var2,var3,var4,var5,var6
0.11413043478260869,0.13043478260869565,0.14673913043478262,0.16847826086956522,0.19021739130434784,0.25
