var1,var2,var3,var4,var5,var6
0.037037037037037035,0.08994708994708994,0.164021164021164,0.19047619047619047,0.20634920634920634,0.31216931216931215
