var1,var2,var3,var4,var5,var6
0.04316546762589928,0.07194244604316546,0.18705035971223022,0.2014388489208633,0.20863309352517986,0.28776978417266186
