var1,var2,var3,var4,var5,var6
0.04778156996587031,0.15358361774744028,0.17064846416382254,0.17747440273037543,0.21160409556313994,0.23890784982935154
