var1,var2,var3,var4,var5,var6
0.01990049751243781,0.029850746268656716,0.1044776119402985,0.19900497512437812,0.2885572139303483,0.3582089552238806
