var1,var2,var3,var4,var5,var6
0.02242152466367713,0.08071748878923767,0.17488789237668162,0.19282511210762332,0.24663677130044842,0.2825112107623318
