var1,var2,var3,var4,var5,var6
0.05649717514124294,0.12429378531073447,0.15254237288135594,0.2033898305084746,0.22598870056497175,0.23728813559322035
