var1,var2,var3,var4,var5,var6
0.04580152671755725,0.11450381679389313,0.1297709923664122,0.1450381679389313,0.2366412213740458,0.3282442748091603
