var1,var2,var3,var4,var5,var6
0.04678362573099415,0.0935672514619883,0.10526315789473684,0.1695906432748538,0.2573099415204678,0.32748538011695905
