var1,var2,var3,var4,var5,var6
0.03546099290780142,0.11347517730496454,0.1347517730496454,0.1773049645390071,0.20567375886524822,0.3333333333333333
