var1,var2,var3,var4,var5,var6
0.013793103448275862,0.027586206896551724,0.10344827586206896,0.15172413793103448,0.30344827586206896,0.4
