var1,var2,var3,var4,var5,var6
0.05056179775280899,0.08426966292134831,0.11235955056179775,0.1404494382022472,0.2696629213483146,0.34269662921348315
