var1,var2,var3,var4,var5,var6
0.01652892561983471,0.06611570247933884,0.11570247933884298,0.1487603305785124,0.2066115702479339,0.4462809917355372
