var1,var2,var3,var4,var5,var6
0.03508771929824561,0.05263157894736842,0.14035087719298245,0.19883040935672514,0.24561403508771928,0.32748538011695905
