var1,var2,var3,var4,var5,var6
0.02040816326530612,0.08163265306122448,0.09523809523809523,0.12244897959183673,0.30612244897959184,0.3741496598639456
