var1,var2,var3,var4,var5,var6
0.05925925925925926,0.07407407407407407,0.1037037037037037,0.1259259259259259,0.2074074074074074,0.42962962962962964
