var1,var2,var3,var4,var5,var6
0.01639344262295082,0.07650273224043716,0.18032786885245902,0.1912568306010929,0.2459016393442623,0.2896174863387978
