var1,var2,var3,var4,var5,var6
0.02717391304347826,0.07608695652173914,0.08695652173913043,0.21195652173913043,0.27717391304347827,0.32065217391304346
