var1,var2,var3,var4,var5,var6
0.017241379310344827,0.05747126436781609,0.16666666666666666,0.21264367816091953,0.2471264367816092,0.2988505747126437
