var1,var2,var3,var4,var5,var6
0.02608695652173913,0.043478260869565216,0.14782608695652175,0.22608695652173913,0.23478260869565218,0.3217391304347826
