var1,var2,var3,var4,var5,var6
0.032432432432432434,0.10810810810810811,0.15675675675675677,0.17297297297297298,0.2594594594594595,0.2702702702702703
