var1,var2,var3,var4,var5,var6
0.05755395683453238,0.07913669064748201,0.10071942446043165,0.14388489208633093,0.17266187050359713,0.4460431654676259
