var1,var2,var3,var4,var5,var6
0.043859649122807015,0.06140350877192982,0.09649122807017543,0.14912280701754385,0.23684210526315788,0.41228070175438597
