var1,var2,var3,var4,var5,var6
0.02912621359223301,0.05825242718446602,0.0970873786407767,0.14563106796116504,0.1650485436893204,0.5048543689320388
