var1,var2,var3,var4,var5,var6
0.04405286343612335,0.09691629955947137,0.16299559471365638,0.18061674008810572,0.22026431718061673,0.29515418502202645
