var1,var2,var3,var4,var5,var6
0.020134228187919462,0.040268456375838924,0.1476510067114094,0.21476510067114093,0.24161073825503357,0.33557046979865773
