var1,var2,var3,var4,var5,var6
0.07142857142857142,0.12857142857142856,0.1523809523809524,0.16666666666666666,0.19523809523809524,0.2857142857142857
