var1,var2,var3,var4,var5,var6
0.03088803088803089,0.04633204633204633,0.13513513513513514,0.16216216216216217,0.2857142857142857,0.33976833976833976
