var1,var2,var3,var4,var5,var6
0.01764705882352941,0.047058823529411764,0.14705882352941177,0.1588235294117647,0.2529411764705882,0.3764705882352941
