var1,var2,var3,var4,var5,var6
0.06276150627615062,0.100418410041841,0.11715481171548117,0.19246861924686193,0.24267782426778242,0.28451882845188287
