var1,var2,var3,var4,var5,var6
0.07065217391304347,0.09239130434782608,0.11413043478260869,0.13043478260869565,0.2826086956521739,0.30978260869565216
