var1,var2,var3,var4,var5,var6
0.015957446808510637,0.11170212765957446,0.14893617021276595,0.19148936170212766,0.25,0.28191489361702127
