var1,var2,var3,var4,var5,var6
0.012658227848101266,0.056962025316455694,0.14556962025316456,0.16455696202531644,0.2468354430379747,0.37341772151898733
