var1,var2,var3,var4,var5,var6
0.08133971291866028,0.09569377990430622,0.12440191387559808,0.14354066985645933,0.20095693779904306,0.35406698564593303
