var1,var2,var3,var4,var5,var6
0.041884816753926704,0.11518324607329843,0.14659685863874344,0.17277486910994763,0.2513089005235602,0.27225130890052357
