var1,var2,var3,var4,var5,var6
0.06629834254143646,0.07734806629834254,0.1878453038674033,0.20441988950276244,0.22099447513812154,0.2430939226519337
