var1,var2,var3,var4,var5,var6
0.08178438661710037,0.10408921933085502,0.13382899628252787,0.1449814126394052,0.17100371747211895,0.3643122676579926
