var1,var2,var3,var4,var5,var6
0.041666666666666664,0.07291666666666667,0.09375,0.13020833333333334,0.3177083333333333,0.34375
