var1,var2,var3,var4,var5,var6
0.05291005291005291,0.07407407407407407,0.1111111111111111,0.17989417989417988,0.24338624338624337,0.3386243386243386
