var1,var2,var3,var4,var5,var6
0.012121212121212121,0.03636363636363636,0.10303030303030303,0.20606060606060606,0.2787878787878788,0.36363636363636365
