var1,var2,var3,var4,var5,var6
0.019138755980861243,0.028708133971291867,0.11961722488038277,0.1722488038277512,0.2966507177033493,0.36363636363636365
