var1,var2,var3,var4,var5,var6
0.03355704697986577,0.12080536912751678,0.1610738255033557,0.18791946308724833,0.2080536912751678,0.28859060402684567
