var1,var2,var3,var4,var5,var6
0.06542056074766354,0.07476635514018691,0.08411214953271028,0.102803738317757,0.27102803738317754,0.40186915887850466
