var1,var2,var3,var4,var5,var6
0.02843601895734597,0.07582938388625593,0.09004739336492891,0.13270142180094788,0.33175355450236965,0.3412322274881517
