var1,var2,var3,var4,var5,var6
0.025806451612903226,0.08387096774193549,0.12903225806451613,0.2064516129032258,0.2709677419354839,0.2838709677419355
