var1,var2,var3,var4,var5,var6
0.020202020202020204,0.04040404040404041,0.09090909090909091,0.20202020202020202,0.2828282828282828,0.36363636363636365
