var1,var2,var3,var4,var5,var6
0.023696682464454975,0.04739336492890995,0.13270142180094788,0.15165876777251186,0.21800947867298578,0.4265402843601896
