var1,var2,var3,var4,var5,var6
0.03286384976525822,0.09389671361502347,0.13145539906103287,0.1784037558685446,0.24413145539906103,0.3192488262910798
