var1,var2,var3,var4,var5,var6
0.028169014084507043,0.0892018779342723,0.10328638497652583,0.14084507042253522,0.30985915492957744,0.3286384976525822
