var1,var2,var3,var4,var5,var6
0.05161290322580645,0.09032258064516129,0.12903225806451613,0.2064516129032258,0.23225806451612904,0.2903225806451613
