var1,var2,var3,var4,var5,var6
0.03088803088803089,0.07722007722007722,0.18146718146718147,0.2084942084942085,0.22393822393822393,0.277992277992278
