var1,var2,var3,var4,var5,var6
0.05228758169934641,0.0915032679738562,0.13071895424836602,0.16339869281045752,0.24836601307189543,0.3137254901960784
