var1,var2,var3,var4,var5,var6
0.019417475728155338,0.038834951456310676,0.17475728155339806,0.18446601941747573,0.2524271844660194,0.3300970873786408
