var1,var2,var3,var4,var5,var6
0.06306306306306306,0.09009009009009009,0.10810810810810811,0.18018018018018017,0.25225225225225223,0.3063063063063063
