var1,var2,var3,var4,var5,var6
0.024844720496894408,0.049689440993788817,0.062111801242236024,0.18633540372670807,0.2670807453416149,0.40993788819875776
