var1,var2,var3,var4,var5,var6
0.046242774566473986,0.057803468208092484,0.06358381502890173,0.19653179190751446,0.2774566473988439,0.3583815028901734
