var1,var2,var3,var4,var5,var6
0.01935483870967742,0.06451612903225806,0.07741935483870968,0.2064516129032258,0.25806451612903225,0.3741935483870968
