var1,var2,var3,var4,var5,var6
0.03867403314917127,0.08839779005524862,0.12154696132596685,0.143646408839779,0.2983425414364641,0.30939226519337015
