var1,var2,var3,var4,var5,var6
0.03773584905660377,0.10377358490566038,0.1320754716981132,0.16037735849056603,0.1792452830188679,0.3867924528301887
