var1,var2,var3,var4,var5,var6
0.05309734513274336,0.07079646017699115,0.1415929203539823,0.17699115044247787,0.2743362831858407,0.2831858407079646
