var1,var2,var3,var4,var5,var6
0.05194805194805195,0.09090909090909091,0.09523809523809523,0.16017316017316016,0.29004329004329005,0.3116883116883117
