var1,var2,var3,var4,var5,var6
0.07692307692307693,0.10650887573964497,0.1301775147928994,0.16568047337278108,0.21301775147928995,0.3076923076923077
