var1,var2,var3,var4,var5,var6
0.031446540880503145,0.06289308176100629,0.0880503144654088,0.20125786163522014,0.3018867924528302,0.31446540880503143
