var1,var2,var3,var4,var5,var6
0.03636363636363636,0.13333333333333333,0.14545454545454545,0.18787878787878787,0.20606060606060606,0.2909090909090909
