var1,var2,var3,var4,var5,var6
0.009009009009009009,0.07207207207207207,0.09009009009009009,0.21621621621621623,0.25225225225225223,0.36036036036036034
