var1,var2,var3,var4,var5,var6
0.011560693641618497,0.13872832369942195,0.16184971098265896,0.19653179190751446,0.23699421965317918,0.2543352601156069
