var1,var2,var3,var4,var5,var6
0.024844720496894408,0.07453416149068323,0.14285714285714285,0.17391304347826086,0.2608695652173913,0.32298136645962733
