var1,var2,var3,var4,var5,var6
0.04093567251461988,0.07017543859649122,0.0935672514619883,0.1286549707602339,0.32748538011695905,0.3391812865497076
