var1,var2,var3,var4,var5,var6
0.022598870056497175,0.05649717514124294,0.12429378531073447,0.13559322033898305,0.288135593220339,0.3728813559322034
