var1,var2,var3,var4,var5,var6
0.012121212121212121,0.07878787878787878,0.12121212121212122,0.21818181818181817,0.2545454545454545,0.3151515151515151
