var1,var2,var3,var4,var5,var6
0.09667673716012085,0.10876132930513595,0.1691842900302115,0.1782477341389728,0.21148036253776434,0.23564954682779457
