var1,var2,var3,var4,var5,var6
0.04433497536945813,0.09852216748768473,0.15763546798029557,0.17733990147783252,0.19704433497536947,0.3251231527093596
