var1,var2,var3,var4,var5,var6
0.013245033112582781,0.09271523178807947,0.1456953642384106,0.18543046357615894,0.2582781456953642,0.304635761589404
