var1,var2,var3,var4,var5,var6
0.012738853503184714,0.05732484076433121,0.08917197452229299,0.16560509554140126,0.27388535031847133,0.4012738853503185
