var1,var2,var3,var4,var5,var6
0.023668639053254437,0.047337278106508875,0.13609467455621302,0.16568047337278108,0.2603550295857988,0.3668639053254438
