var1,var2,var3,var4,var5,var6
0.03015075376884422,0.10552763819095477,0.1507537688442211,0.19095477386934673,0.23115577889447236,0.2914572864321608
