var1,var2,var3,var4,var5,var6
0.058394160583941604,0.072992700729927,0.11678832116788321,0.20437956204379562,0.25547445255474455,0.291970802919708
