var1,var2,var3,var4,var5,var6
0.058823529411764705,0.1092436974789916,0.11764705882352941,0.14285714285714285,0.2773109243697479,0.29411764705882354
