var1,var2,var3,var4,var5,var6
0.03755868544600939,0.09389671361502347,0.1643192488262911,0.1784037558685446,0.22535211267605634,0.3004694835680751
