var1,var2,var3,var4,var5,var6
0.05917159763313609,0.08284023668639054,0.10059171597633136,0.1301775147928994,0.2958579881656805,0.33136094674556216
