var1,var2,var3,var4,var5,var6
0.014598540145985401,0.051094890510948905,0.072992700729927,0.17518248175182483,0.32116788321167883,0.36496350364963503
