var1,var2,var3,var4,var5,var6
0.03208556149732621,0.0427807486631016,0.1443850267379679,0.16042780748663102,0.27807486631016043,0.3422459893048128
