var1,var2,var3,var4,var5,var6
0.0457516339869281,0.06535947712418301,0.0718954248366013,0.20261437908496732,0.23529411764705882,0.3790849673202614
