var1,var2,var3,var4,var5,var6
0.03940886699507389,0.12807881773399016,0.13793103448275862,0.1921182266009852,0.21674876847290642,0.2857142857142857
