var1,var2,var3,var4,var5,var6
0.06030150753768844,0.08040201005025126,0.11055276381909548,0.1507537688442211,0.17587939698492464,0.4221105527638191
