var1,var2,var3,var4,var5,var6
0.032432432432432434,0.07567567567567568,0.14054054054054055,0.15135135135135136,0.25405405405405407,0.34594594594594597
