var1,var2,var3,var4,var5,var6
0.03508771929824561,0.08187134502923976,0.14035087719298245,0.15204678362573099,0.23976608187134502,0.3508771929824561
