var1,var2,var3,var4,var5,var6
0.015228426395939087,0.08121827411167512,0.09137055837563451,0.1319796954314721,0.3096446700507614,0.37055837563451777
