var1,var2,var3,var4,var5,var6
0.0594059405940594,0.0891089108910891,0.10891089108910891,0.12871287128712872,0.24752475247524752,0.36633663366336633
