var1,var2,var3,var4,var5,var6
0.06779661016949153,0.12429378531073447,0.1694915254237288,0.2033898305084746,0.21468926553672316,0.22033898305084745
