var1,var2,var3,var4,var5,var6
0.04081632653061224,0.061224489795918366,0.08163265306122448,0.22448979591836735,0.2789115646258503,0.3129251700680272
