var1,var2,var3,var4,var5,var6
0.04945054945054945,0.0989010989010989,0.13736263736263737,0.16483516483516483,0.25824175824175827,0.29120879120879123
