var1,var2,var3,var4,var5,var6
0.06153846153846154,0.08205128205128205,0.11282051282051282,0.18974358974358974,0.2153846153846154,0.3384615384615385
