var1,var2,var3,var4,var5,var6
0.023809523809523808,0.047619047619047616,0.1746031746031746,0.21428571428571427,0.23015873015873015,0.30952380952380953
