var1,var2,var3,var4,var5,var6
0.02262443438914027,0.09954751131221719,0.15384615384615385,0.2081447963800905,0.24434389140271492,0.27149321266968324
