var1,var2,var3,var4,var5,var6
0.047244094488188976,0.09448818897637795,0.15748031496062992,0.16535433070866143,0.1732283464566929,0.36220472440944884
