var1,var2,var3,var4,var5,var6
0.048484848484848485,0.06060606060606061,0.10303030303030303,0.19393939393939394,0.2787878787878788,0.3151515151515151
