var1,var2,var3,var4,var5,var6
0.03389830508474576,0.096045197740113,0.1638418079096045,0.1807909604519774,0.20903954802259886,0.3163841807909605
