var1,var2,var3,var4,var5,var6
0.07425742574257425,0.09405940594059406,0.12376237623762376,0.16336633663366337,0.20297029702970298,0.3415841584158416
