var1,var2,var3,var4,var5,var6
0.014388489208633094,0.02877697841726619,0.1223021582733813,0.15827338129496402,0.302158273381295,0.37410071942446044
