var1,var2,var3,var4,var5,var6
0.01694915254237288,0.04519774011299435,0.14124293785310735,0.20903954802259886,0.24858757062146894,0.3389830508474576
