var1,var2,var3,var4,var5,var6
0.08040201005025126,0.10050251256281408,0.16080402010050251,0.19597989949748743,0.21105527638190955,0.25125628140703515
