var1,var2,var3,var4,var5,var6
0.11267605633802817,0.1267605633802817,0.15023474178403756,0.18779342723004694,0.20657276995305165,0.215962441314554
