var1,var2,var3,var4,var5,var6
0.07092198581560284,0.09929078014184398,0.14184397163120568,0.19858156028368795,0.23404255319148937,0.2553191489361702
