var1,var2,var3,var4,var5,var6
0.027210884353741496,0.08163265306122448,0.09523809523809523,0.1836734693877551,0.19047619047619047,0.4217687074829932
