var1,var2,var3,var4,var5,var6
0.015957446808510637,0.10638297872340426,0.13829787234042554,0.18617021276595744,0.25,0.30319148936170215
