var1,var2,var3,var4,var5,var6
0.059574468085106386,0.11063829787234042,0.14042553191489363,0.20425531914893616,0.23829787234042554,0.24680851063829787
