var1,var2,var3,var4,var5,var6
0.06289308176100629,0.11949685534591195,0.12578616352201258,0.14465408805031446,0.1949685534591195,0.3522012578616352
