var1,var2,var3,var4,var5,var6
0.09302325581395349,0.13953488372093023,0.14728682170542637,0.18604651162790697,0.20930232558139536,0.2248062015503876
