var1,var2,var3,var4,var5,var6
0.013986013986013986,0.06993006993006994,0.11888111888111888,0.16783216783216784,0.2937062937062937,0.3356643356643357
