var1,var2,var3,var4,var5,var6
0.09486166007905138,0.10276679841897234,0.16996047430830039,0.18181818181818182,0.2134387351778656,0.23715415019762845
