var1,var2,var3,var4,var5,var6
0.06086956521739131,0.0782608695652174,0.11304347826086956,0.16521739130434782,0.26956521739130435,0.3130434782608696
