var1,var2,var3,var4,var5,var6
0.02631578947368421,0.12631578947368421,0.14736842105263157,0.18421052631578946,0.23684210526315788,0.2789473684210526
