var1,var2,var3,var4,var5,var6
0.0440251572327044,0.06289308176100629,0.09433962264150944,0.2138364779874214,0.22012578616352202,0.36477987421383645
