var1,var2,var3,var4,var5,var6
0.05394190871369295,0.07883817427385892,0.14937759336099585,0.16597510373443983,0.26556016597510373,0.2863070539419087
