var1,var2,var3,var4,var5,var6
0.07514450867052024,0.11560693641618497,0.12716763005780346,0.16184971098265896,0.20809248554913296,0.31213872832369943
