var1,var2,var3,var4,var5,var6
0.047337278106508875,0.07100591715976332,0.15384615384615385,0.21893491124260356,0.2485207100591716,0.2603550295857988
