var1,var2,var3,var4,var5,var6
0.0962566844919786,0.13368983957219252,0.16042780748663102,0.1925133689839572,0.20320855614973263,0.21390374331550802
