var1,var2,var3,var4,var5,var6
0.034482758620689655,0.11822660098522167,0.13793103448275862,0.15763546798029557,0.24630541871921183,0.3054187192118227
