var1,var2,var3,var4,var5,var6
0.030303030303030304,0.07272727272727272,0.11515151515151516,0.24242424242424243,0.2606060606060606,0.2787878787878788
