var1,var2,var3,var4,var5,var6
0.031746031746031744,0.07407407407407407,0.12698412698412698,0.19047619047619047,0.23809523809523808,0.3386243386243386
