var1,var2,var3,var4,var5,var6
0.03731343283582089,0.1044776119402985,0.1791044776119403,0.20149253731343283,0.22388059701492538,0.2537313432835821
