var1,var2,var3,var4,var5,var6
0.04225352112676056,0.08450704225352113,0.14553990610328638,0.22535211267605634,0.23943661971830985,0.26291079812206575
