var1,var2,var3,var4,var5,var6
0.059880239520958084,0.08383233532934131,0.1317365269461078,0.17365269461077845,0.2275449101796407,0.32335329341317365
