var1,var2,var3,var4,var5,var6
0.022222222222222223,0.0962962962962963,0.14074074074074075,0.17037037037037037,0.22962962962962963,0.34074074074074073
