var1,var2,var3,var4,var5,var6
0.02142857142857143,0.04285714285714286,0.12142857142857143,0.17857142857142858,0.19285714285714287,0.44285714285714284
