var1,var2,var3,var4,var5,var6
0.0663265306122449,0.09693877551020408,0.15816326530612246,0.17346938775510204,0.20918367346938777,0.29591836734693877
