var1,var2,var3,var4,var5,var6
0.08968609865470852,0.11210762331838565,0.14349775784753363,0.19730941704035873,0.21524663677130046,0.242152466367713
