var1,var2,var3,var4,var5,var6
0.01910828025477707,0.03184713375796178,0.10191082802547771,0.20382165605095542,0.29936305732484075,0.34394904458598724
