var1,var2,var3,var4,var5,var6
0.01932367149758454,0.04830917874396135,0.08695652173913043,0.1932367149758454,0.2560386473429952,0.3961352657004831
