var1,var2,var3,var4,var5,var6
0.047244094488188976,0.06299212598425197,0.11811023622047244,0.14960629921259844,0.2992125984251969,0.3228346456692913
