var1,var2,var3,var4,var5,var6
0.02717391304347826,0.07065217391304347,0.1793478260869565,0.1956521739130435,0.21739130434782608,0.30978260869565216
