var1,var2,var3,var4,var5,var6
0.05687203791469194,0.06635071090047394,0.08530805687203792,0.21800947867298578,0.25118483412322273,0.3222748815165877
