var1,var2,var3,var4,var5,var6
0.10423452768729642,0.13029315960912052,0.1465798045602606,0.16938110749185667,0.18241042345276873,0.2671009771986971
