var1,var2,var3,var4,var5,var6
0.044642857142857144,0.08035714285714286,0.11607142857142858,0.1875,0.2767857142857143,0.29464285714285715
