var1,var2,var3,var4,var5,var6
0.023668639053254437,0.04142011834319527,0.1301775147928994,0.14201183431952663,0.30177514792899407,0.3609467455621302
