var1,var2,var3,var4,var5,var6
0.056074766355140186,0.09345794392523364,0.11214953271028037,0.1308411214953271,0.17757009345794392,0.42990654205607476
