var1,var2,var3,var4,var5,var6
0.04411764705882353,0.13970588235294118,0.14705882352941177,0.17647058823529413,0.23529411764705882,0.25735294117647056
