var1,var2,var3,var4,var5,var6
0.03940886699507389,0.04926108374384237,0.10837438423645321,0.12807881773399016,0.33004926108374383,0.3448275862068966
