var1,var2,var3,var4,var5,var6
0.034482758620689655,0.12413793103448276,0.16551724137931034,0.1793103448275862,0.23448275862068965,0.2620689655172414
