var1,var2,var3,var4,var5,var6
0.016260162601626018,0.024390243902439025,0.0975609756097561,0.1951219512195122,0.2601626016260163,0.4065040650406504
