var1,var2,var3,var4,var5,var6
0.04371584699453552,0.07650273224043716,0.12568306010928962,0.18579234972677597,0.24043715846994534,0.32786885245901637
