var1,var2,var3,var4,var5,var6
0.020942408376963352,0.05759162303664921,0.08376963350785341,0.2356020942408377,0.2670157068062827,0.33507853403141363
