var1,var2,var3,var4,var5,var6
0.025380710659898477,0.07106598984771574,0.1319796954314721,0.15228426395939088,0.25380710659898476,0.36548223350253806
