var1,var2,var3,var4,var5,var6
0.030120481927710843,0.08433734939759036,0.12650602409638553,0.1686746987951807,0.2710843373493976,0.3192771084337349
