var1,var2,var3,var4,var5,var6
0.0650887573964497,0.07692307692307693,0.08284023668639054,0.1834319526627219,0.27218934911242604,0.31952662721893493
