var1,var2,var3,var4,var5,var6
0.013245033112582781,0.0728476821192053,0.10596026490066225,0.2251655629139073,0.2781456953642384,0.304635761589404
