var1,var2,var3,var4,var5,var6
0.055299539170506916,0.07373271889400922,0.10138248847926268,0.17050691244239632,0.1935483870967742,0.4055299539170507
