var1,var2,var3,var4,var5,var6
0.0273224043715847,0.04371584699453552,0.07650273224043716,0.20765027322404372,0.273224043715847,0.37158469945355194
