var1,var2,var3,var4,var5,var6
0.025380710659898477,0.07106598984771574,0.10152284263959391,0.19289340101522842,0.28426395939086296,0.3248730964467005
