var1,var2,var3,var4,var5,var6
0.05583756345177665,0.08121827411167512,0.10152284263959391,0.1218274111675127,0.2436548223350254,0.39593908629441626
