var1,var2,var3,var4,var5,var6
0.05741626794258373,0.09569377990430622,0.15789473684210525,0.19138755980861244,0.23444976076555024,0.2631578947368421
