var1,var2,var3,var4,var5,var6
0.018957345971563982,0.08530805687203792,0.15639810426540285,0.18009478672985782,0.2559241706161137,0.3033175355450237
