var1,var2,var3,var4,var5,var6
0.1,0.12631578947368421,0.15263157894736842,0.16842105263157894,0.21578947368421053,0.23684210526315788
