var1,var2,var3,var4,var5,var6
0.03592814371257485,0.059880239520958084,0.08383233532934131,0.1317365269461078,0.31736526946107785,0.3712574850299401
