var1,var2,var3,var4,var5,var6
0.0457516339869281,0.0784313725490196,0.16993464052287582,0.1830065359477124,0.23529411764705882,0.2875816993464052
