var1,var2,var3,var4,var5,var6
0.015267175572519083,0.07633587786259542,0.16793893129770993,0.19083969465648856,0.21374045801526717,0.33587786259541985
