var1,var2,var3,var4,var5,var6
0.06779661016949153,0.0847457627118644,0.1807909604519774,0.2033898305084746,0.22598870056497175,0.23728813559322035
