var1,var2,var3,var4,var5,var6
0.024844720496894408,0.09937888198757763,0.14285714285714285,0.18633540372670807,0.2484472049689441,0.2981366459627329
