var1,var2,var3,var4,var5,var6
0.05913978494623656,0.11827956989247312,0.14516129032258066,0.20967741935483872,0.21505376344086022,0.25268817204301075
