var1,var2,var3,var4,var5,var6
0.08227848101265822,0.10759493670886076,0.1518987341772152,0.1962025316455696,0.21518987341772153,0.2468354430379747
