var1,var2,var3,var4,var5,var6
0.0761904761904762,0.10476190476190476,0.14285714285714285,0.1523809523809524,0.1619047619047619,0.3619047619047619
