var1,var2,var3,var4,var5,var6
0.0830188679245283,0.12075471698113208,0.1471698113207547,0.15849056603773584,0.2188679245283019,0.27169811320754716
