var1,var2,var3,var4,var5,var6
0.024096385542168676,0.0963855421686747,0.14457831325301204,0.18072289156626506,0.24899598393574296,0.30522088353413657
