var1,var2,var3,var4,var5,var6
0.02531645569620253,0.08860759493670886,0.12658227848101267,0.22784810126582278,0.24472573839662448,0.2869198312236287
