var1,var2,var3,var4,var5,var6
0.07547169811320754,0.10062893081761007,0.11320754716981132,0.15723270440251572,0.25157232704402516,0.3018867924528302
