var1,var2,var3,var4,var5,var6
0.06060606060606061,0.07272727272727272,0.1393939393939394,0.15757575757575756,0.26666666666666666,0.30303030303030304
