var1,var2,var3,var4,var5,var6
0.0335195530726257,0.09497206703910614,0.10614525139664804,0.17318435754189945,0.22346368715083798,0.3687150837988827
