var1,var2,var3,var4,var5,var6
0.022727272727272728,0.09090909090909091,0.1590909090909091,0.20454545454545456,0.24242424242424243,0.2803030303030303
