var1,var2,var3,var4,var5,var6
0.09424083769633508,0.11518324607329843,0.16230366492146597,0.18848167539267016,0.19895287958115182,0.24083769633507854
