var1,var2,var3,var4,var5,var6
0.0273224043715847,0.04371584699453552,0.1092896174863388,0.12021857923497267,0.30601092896174864,0.39344262295081966
