var1,var2,var3,var4,var5,var6
0.019230769230769232,0.0625,0.11057692307692307,0.1875,0.27403846153846156,0.34615384615384615
