var1,var2,var3,var4,var5,var6
0.045112781954887216,0.07518796992481203,0.12781954887218044,0.16541353383458646,0.18045112781954886,0.40601503759398494
