var1,var2,var3,var4,var5,var6
0.030534351145038167,0.04580152671755725,0.06870229007633588,0.15267175572519084,0.3053435114503817,0.3969465648854962
