var1,var2,var3,var4,var5,var6
0.024844720496894408,0.06832298136645963,0.12422360248447205,0.20496894409937888,0.2111801242236025,0.36645962732919257
