var1,var2,var3,var4,var5,var6
0.028037383177570093,0.08878504672897196,0.09813084112149532,0.205607476635514,0.21962616822429906,0.3598130841121495
