var1,var2,var3,var4,var5,var6
0.02702702702702703,0.09009009009009009,0.12612612612612611,0.18018018018018017,0.23423423423423423,0.34234234234234234
