var1,var2,var3,var4,var5,var6
0.10071942446043165,0.1223021582733813,0.1366906474820144,0.14388489208633093,0.17266187050359713,0.3237410071942446
