var1,var2,var3,var4,var5,var6
0.033962264150943396,0.045283018867924525,0.1811320754716981,0.18867924528301888,0.2641509433962264,0.28679245283018867
