var1,var2,var3,var4,var5,var6
0.059880239520958084,0.1317365269461078,0.1377245508982036,0.15568862275449102,0.20359281437125748,0.31137724550898205
