var1,var2,var3,var4,var5,var6
0.022388059701492536,0.05970149253731343,0.07462686567164178,0.23134328358208955,0.26119402985074625,0.35074626865671643
