var1,var2,var3,var4,var5,var6
0.04895104895104895,0.07692307692307693,0.11888111888111888,0.17482517482517482,0.2727272727272727,0.3076923076923077
