var1,var2,var3,var4,var5,var6
0.031055900621118012,0.08074534161490683,0.10559006211180125,0.16149068322981366,0.2795031055900621,0.3416149068322981
