var1,var2,var3,var4,var5,var6
0.03619909502262444,0.05429864253393665,0.1583710407239819,0.17194570135746606,0.25339366515837103,0.3257918552036199
