var1,var2,var3,var4,var5,var6
0.012578616352201259,0.03773584905660377,0.10062893081761007,0.1761006289308176,0.3081761006289308,0.36477987421383645
