var1,var2,var3,var4,var5,var6
0.07586206896551724,0.11724137931034483,0.1310344827586207,0.18620689655172415,0.2206896551724138,0.2689655172413793
