var1,var2,var3,var4,var5,var6
0.048109965635738834,0.13058419243986255,0.16494845360824742,0.18213058419243985,0.20618556701030927,0.26804123711340205
