var1,var2,var3,var4,var5,var6
0.0776255707762557,0.1187214611872146,0.1461187214611872,0.182648401826484,0.228310502283105,0.2465753424657534
