var1,var2,var3,var4,var5,var6
0.03870967741935484,0.05161290322580645,0.07741935483870968,0.18064516129032257,0.2645161290322581,0.3870967741935484
