var1,var2,var3,var4,var5,var6
0.1044776119402985,0.12935323383084577,0.13930348258706468,0.17412935323383086,0.1890547263681592,0.263681592039801
