var1,var2,var3,var4,var5,var6
0.03463203463203463,0.12554112554112554,0.1471861471861472,0.18614718614718614,0.20346320346320346,0.30303030303030304
