var1,var2,var3,var4,var5,var6
0.02962962962962963,0.0962962962962963,0.11851851851851852,0.17037037037037037,0.2740740740740741,0.3111111111111111
