var1,var2,var3,var4,var5,var6
0.051470588235294115,0.11764705882352941,0.125,0.16176470588235295,0.19852941176470587,0.34558823529411764
