var1,var2,var3,var4,var5,var6
0.01935483870967742,0.05161290322580645,0.11612903225806452,0.18064516129032257,0.23870967741935484,0.3935483870967742
