var1,var2,var3,var4,var5,var6
0.02512562814070352,0.07035175879396985,0.1306532663316583,0.19095477386934673,0.24120603015075376,0.3417085427135678
