var1,var2,var3,var4,var5,var6
0.015463917525773196,0.06701030927835051,0.16494845360824742,0.20618556701030927,0.26288659793814434,0.28350515463917525
