var1,var2,var3,var4,var5,var6
0.039473684210526314,0.07894736842105263,0.09210526315789473,0.125,0.3223684210526316,0.34210526315789475
