var1,var2,var3,var4,var5,var6
0.027210884353741496,0.034013605442176874,0.10884353741496598,0.19047619047619047,0.24489795918367346,0.3945578231292517
