var1,var2,var3,var4,var5,var6
0.015544041450777202,0.08290155440414508,0.13471502590673576,0.15544041450777202,0.25906735751295334,0.35233160621761656
