var1,var2,var3,var4,var5,var6
0.032432432432432434,0.0918918918918919,0.16756756756756758,0.1945945945945946,0.23243243243243245,0.2810810810810811
