var1,var2,var3,var4,var5,var6
0.03278688524590164,0.06557377049180328,0.14754098360655737,0.16393442622950818,0.24043715846994534,0.34972677595628415
