var1,var2,var3,var4,var5,var6
0.03225806451612903,0.09032258064516129,0.11612903225806452,0.15483870967741936,0.25161290322580643,0.3548387096774194
