var1,var2,var3,var4,var5,var6
0.0213903743315508,0.0427807486631016,0.13903743315508021,0.19786096256684493,0.23529411764705882,0.36363636363636365
