var1,var2,var3,var4,var5,var6
0.08870967741935484,0.10483870967741936,0.12903225806451613,0.1532258064516129,0.16129032258064516,0.3629032258064516
