var1,var2,var3,var4,var5,var6
0.027210884353741496,0.05442176870748299,0.07482993197278912,0.20408163265306123,0.272108843537415,0.3673469387755102
