var1,var2,var3,var4,var5,var6
0.05945945945945946,0.07567567567567568,0.08648648648648649,0.0972972972972973,0.32432432432432434,0.3567567567567568
