var1,var2,var3,var4,var5,var6
0.03208556149732621,0.06417112299465241,0.0855614973262032,0.18716577540106952,0.21390374331550802,0.41711229946524064
