var1,var2,var3,var4,var5,var6
0.03278688524590164,0.10382513661202186,0.12568306010928962,0.1912568306010929,0.20765027322404372,0.33879781420765026
