var1,var2,var3,var4,var5,var6
0.025396825396825397,0.044444444444444446,0.13015873015873017,0.14603174603174604,0.2984126984126984,0.35555555555555557
