var1,var2,var3,var4,var5,var6
0.0330188679245283,0.1179245283018868,0.17452830188679244,0.18867924528301888,0.2169811320754717,0.2688679245283019
