var1,var2,var3,var4,var5,var6
0.04790419161676647,0.10778443113772455,0.1377245508982036,0.1497005988023952,0.19161676646706588,0.3652694610778443
