var1,var2,var3,var4,var5,var6
0.06802721088435375,0.08163265306122448,0.12244897959183673,0.16326530612244897,0.22448979591836735,0.3401360544217687
