var1,var2,var3,var4,var5,var6
0.051094890510948905,0.058394160583941604,0.072992700729927,0.1386861313868613,0.25547445255474455,0.4233576642335766
