var1,var2,var3,var4,var5,var6
0.013071895424836602,0.058823529411764705,0.0784313725490196,0.1568627450980392,0.19607843137254902,0.49673202614379086
