var1,var2,var3,var4,var5,var6
0.029787234042553193,0.11063829787234042,0.1276595744680851,0.16170212765957448,0.26382978723404255,0.30638297872340425
