var1,var2,var3,var4,var5,var6
0.012422360248447204,0.07453416149068323,0.13664596273291926,0.18633540372670807,0.22981366459627328,0.36024844720496896
