var1,var2,var3,var4,var5,var6
0.029585798816568046,0.05917159763313609,0.10650887573964497,0.15976331360946747,0.20118343195266272,0.4437869822485207
