var1,var2,var3,var4,var5,var6
0.015267175572519083,0.05343511450381679,0.16030534351145037,0.19083969465648856,0.25190839694656486,0.3282442748091603
