var1,var2,var3,var4,var5,var6
0.0625,0.11805555555555555,0.1388888888888889,0.1597222222222222,0.1875,0.3333333333333333
