var1,var2,var3,var4,var5,var6
0.06557377049180328,0.13114754098360656,0.16393442622950818,0.18032786885245902,0.20765027322404372,0.25136612021857924
