var1,var2,var3,var4,var5,var6
0.022058823529411766,0.08088235294117647,0.125,0.23529411764705882,0.25,0.2867647058823529
