var1,var2,var3,var4,var5,var6
0.04739336492890995,0.08530805687203792,0.10426540284360189,0.17061611374407584,0.22274881516587677,0.3696682464454976
