var1,var2,var3,var4,var5,var6
0.034782608695652174,0.05217391304347826,0.12173913043478261,0.16521739130434782,0.19130434782608696,0.43478260869565216
