var1,var2,var3,var4,var5,var6
0.012422360248447204,0.08695652173913043,0.09316770186335403,0.14906832298136646,0.3105590062111801,0.34782608695652173
