var1,var2,var3,var4,var5,var6
0.05092592592592592,0.08796296296296297,0.09259259259259259,0.16203703703703703,0.2962962962962963,0.3101851851851852
