var1,var2,var3,var4,var5,var6
0.012738853503184714,0.044585987261146494,0.12738853503184713,0.16560509554140126,0.22929936305732485,0.42038216560509556
