var1,var2,var3,var4,var5,var6
0.026905829596412557,0.1031390134529148,0.12556053811659193,0.19730941704035873,0.242152466367713,0.30493273542600896
