var1,var2,var3,var4,var5,var6
0.023668639053254437,0.10650887573964497,0.11834319526627218,0.15384615384615385,0.2781065088757396,0.31952662721893493
