var1,var2,var3,var4,var5,var6
0.05,0.13125,0.14375,0.16875,0.2375,0.26875
