var1,var2,var3,var4,var5,var6
0.0625,0.09134615384615384,0.15865384615384615,0.17307692307692307,0.20673076923076922,0.3076923076923077
