var1,var2,var3,var4,var5,var6
0.024539877300613498,0.07975460122699386,0.12269938650306748,0.17177914110429449,0.24539877300613497,0.3558282208588957
