var1,var2,var3,var4,var5,var6
0.02040816326530612,0.06802721088435375,0.09523809523809523,0.1564625850340136,0.2789115646258503,0.38095238095238093
