var1,var2,var3,var4,var5,var6
0.05429864253393665,0.1085972850678733,0.14027149321266968,0.19909502262443438,0.23529411764705882,0.26244343891402716
