var1,var2,var3,var4,var5,var6
0.07751937984496124,0.08527131782945736,0.10852713178294573,0.13178294573643412,0.26356589147286824,0.3333333333333333
