var1,var2,var3,var4,var5,var6
0.029069767441860465,0.040697674418604654,0.12209302325581395,0.13953488372093023,0.29651162790697677,0.37209302325581395
