var1,var2,var3,var4,var5,var6
0.011560693641618497,0.05202312138728324,0.09248554913294797,0.21965317919075145,0.2774566473988439,0.3468208092485549
