var1,var2,var3,var4,var5,var6
0.03686635944700461,0.059907834101382486,0.16589861751152074,0.2073732718894009,0.25806451612903225,0.271889400921659
