var1,var2,var3,var4,var5,var6
0.012145748987854251,0.145748987854251,0.1700404858299595,0.1862348178137652,0.22672064777327935,0.2591093117408907
