var1,var2,var3,var4,var5,var6
0.051470588235294115,0.09558823529411764,0.11029411764705882,0.16911764705882354,0.27205882352941174,0.3014705882352941
