var1,var2,var3,var4,var5,var6
0.05181347150259067,0.12435233160621761,0.13989637305699482,0.14507772020725387,0.18652849740932642,0.35233160621761656
