var1,var2,var3,var4,var5,var6
0.023952095808383235,0.07784431137724551,0.09580838323353294,0.17964071856287425,0.2275449101796407,0.39520958083832336
