var1,var2,var3,var4,var5,var6
0.04294478527607362,0.0736196319018405,0.10429447852760736,0.12269938650306748,0.26380368098159507,0.39263803680981596
