var1,var2,var3,var4,var5,var6
0.031007751937984496,0.10077519379844961,0.10852713178294573,0.14728682170542637,0.26356589147286824,0.3488372093023256
