var1,var2,var3,var4,var5,var6
0.09737827715355805,0.10486891385767791,0.1647940074906367,0.1760299625468165,0.21722846441947566,0.2397003745318352
