var1,var2,var3,var4,var5,var6
0.043795620437956206,0.058394160583941604,0.072992700729927,0.18248175182481752,0.21897810218978103,0.4233576642335766
