var1,var2,var3,var4,var5,var6
0.008888888888888889,0.11555555555555555,0.15555555555555556,0.20444444444444446,0.2311111111111111,0.28444444444444444
