var1,var2,var3,var4,var5,var6
0.09239130434782608,0.10326086956521739,0.13043478260869565,0.16847826086956522,0.19021739130434784,0.31521739130434784
