var1,var2,var3,var4,var5,var6
0.04411764705882353,0.07352941176470588,0.10294117647058823,0.19117647058823528,0.22549019607843138,0.3627450980392157
