var1,var2,var3,var4,var5,var6
0.033816425120772944,0.13526570048309178,0.1642512077294686,0.178743961352657,0.2028985507246377,0.28502415458937197
