var1,var2,var3,var4,var5,var6
0.08482142857142858,0.12053571428571429,0.13839285714285715,0.17857142857142858,0.22767857142857142,0.25
