var1,var2,var3,var4,var5,var6
0.04142011834319527,0.05917159763313609,0.15976331360946747,0.17159763313609466,0.26627218934911245,0.30177514792899407
