var1,var2,var3,var4,var5,var6
0.011695906432748537,0.04093567251461988,0.14035087719298245,0.17543859649122806,0.2573099415204678,0.3742690058479532
