var1,var2,var3,var4,var5,var6
0.028901734104046242,0.08092485549132948,0.12138728323699421,0.16184971098265896,0.2658959537572254,0.34104046242774566
