var1,var2,var3,var4,var5,var6
0.05025125628140704,0.06532663316582915,0.1407035175879397,0.20100502512562815,0.23115577889447236,0.31155778894472363
