var1,var2,var3,var4,var5,var6
0.026737967914438502,0.0855614973262032,0.16042780748663102,0.22459893048128343,0.23529411764705882,0.26737967914438504
