var1,var2,var3,var4,var5,var6
0.03550295857988166,0.08284023668639054,0.10059171597633136,0.1301775147928994,0.27218934911242604,0.378698224852071
