var1,var2,var3,var4,var5,var6
0.03296703296703297,0.13186813186813187,0.15384615384615385,0.18315018315018314,0.24175824175824176,0.2564102564102564
