var1,var2,var3,var4,var5,var6
0.023255813953488372,0.09302325581395349,0.10852713178294573,0.12403100775193798,0.17054263565891473,0.4806201550387597
