var1,var2,var3,var4,var5,var6
0.022099447513812154,0.055248618784530384,0.1712707182320442,0.2154696132596685,0.23204419889502761,0.30386740331491713
