var1,var2,var3,var4,var5,var6
0.058823529411764705,0.0784313725490196,0.11764705882352941,0.1568627450980392,0.2875816993464052,0.3006535947712418
