var1,var2,var3,var4,var5,var6
0.00975609756097561,0.08780487804878048,0.15609756097560976,0.18536585365853658,0.25853658536585367,0.3024390243902439
