var1,var2,var3,var4,var5,var6
0.05150214592274678,0.08583690987124463,0.18454935622317598,0.2017167381974249,0.2317596566523605,0.2446351931330472
