var1,var2,var3,var4,var5,var6
0.0335195530726257,0.05027932960893855,0.12290502793296089,0.2122905027932961,0.2681564245810056,0.3128491620111732
