var1,var2,var3,var4,var5,var6
0.08144796380090498,0.11764705882352941,0.13122171945701358,0.17194570135746606,0.22624434389140272,0.27149321266968324
