var1,var2,var3,var4,var5,var6
0.04932735426008968,0.07174887892376682,0.08071748878923767,0.242152466367713,0.2600896860986547,0.29596412556053814
