var1,var2,var3,var4,var5,var6
0.05027932960893855,0.0782122905027933,0.1340782122905028,0.16759776536312848,0.27932960893854747,0.2905027932960894
