var1,var2,var3,var4,var5,var6
0.040268456375838924,0.04697986577181208,0.11409395973154363,0.24161073825503357,0.26174496644295303,0.2953020134228188
