var1,var2,var3,var4,var5,var6
0.052980132450331126,0.07947019867549669,0.10596026490066225,0.11920529801324503,0.24503311258278146,0.3973509933774834
