var1,var2,var3,var4,var5,var6
0.021621621621621623,0.08108108108108109,0.14054054054054055,0.15135135135135136,0.20540540540540542,0.4
