var1,var2,var3,var4,var5,var6
0.052434456928838954,0.09737827715355805,0.12359550561797752,0.14232209737827714,0.27715355805243447,0.30711610486891383
