var1,var2,var3,var4,var5,var6
0.01015228426395939,0.06091370558375635,0.09137055837563451,0.2233502538071066,0.26903553299492383,0.34517766497461927
