var1,var2,var3,var4,var5,var6
0.027932960893854747,0.0335195530726257,0.1340782122905028,0.2122905027932961,0.22346368715083798,0.3687150837988827
