var1,var2,var3,var4,var5,var6
0.027972027972027972,0.06993006993006994,0.08391608391608392,0.11888111888111888,0.27972027972027974,0.4195804195804196
