var1,var2,var3,var4,var5,var6
0.01809954751131222,0.03619909502262444,0.12217194570135746,0.18099547511312217,0.2895927601809955,0.35294117647058826
