var1,var2,var3,var4,var5,var6
0.05504587155963303,0.07339449541284404,0.09174311926605505,0.11926605504587157,0.2018348623853211,0.45871559633027525
