var1,var2,var3,var4,var5,var6
0.0949367088607595,0.11392405063291139,0.14556962025316456,0.17721518987341772,0.22151898734177214,0.2468354430379747
