var1,var2,var3,var4,var5,var6
0.02247191011235955,0.07303370786516854,0.08426966292134831,0.2247191011235955,0.24157303370786518,0.3539325842696629
