var1,var2,var3,var4,var5,var6
0.0706713780918728,0.13427561837455831,0.15547703180212014,0.17667844522968199,0.20848056537102475,0.254416961130742
