var1,var2,var3,var4,var5,var6
0.03468208092485549,0.08092485549132948,0.09248554913294797,0.1329479768786127,0.2543352601156069,0.4046242774566474
