var1,var2,var3,var4,var5,var6
0.010810810810810811,0.04864864864864865,0.17297297297297298,0.20540540540540542,0.23783783783783785,0.32432432432432434
