var1,var2,var3,var4,var5,var6
0.019801980198019802,0.06930693069306931,0.10891089108910891,0.16831683168316833,0.24752475247524752,0.38613861386138615
