var1,var2,var3,var4,var5,var6
0.041237113402061855,0.061855670103092786,0.1134020618556701,0.12371134020618557,0.20618556701030927,0.4536082474226804
