var1,var2,var3,var4,var5,var6
0.0472972972972973,0.08108108108108109,0.11486486486486487,0.14189189189189189,0.18243243243243243,0.43243243243243246
