var1,var2,var3,var4,var5,var6
0.049689440993788817,0.07453416149068323,0.16149068322981366,0.19875776397515527,0.21739130434782608,0.2981366459627329
