var1,var2,var3,var4,var5,var6
0.05027932960893855,0.08379888268156424,0.12849162011173185,0.19553072625698323,0.2346368715083799,0.30726256983240224
