var1,var2,var3,var4,var5,var6
0.03664921465968586,0.06282722513089005,0.14659685863874344,0.19895287958115182,0.24083769633507854,0.31413612565445026
