var1,var2,var3,var4,var5,var6
0.04519774011299435,0.06779661016949153,0.12429378531073447,0.15819209039548024,0.2655367231638418,0.3389830508474576
