var1,var2,var3,var4,var5,var6
0.029239766081871343,0.04093567251461988,0.14035087719298245,0.1871345029239766,0.26900584795321636,0.3333333333333333
