var1,var2,var3,var4,var5,var6
0.04932735426008968,0.06278026905829596,0.15695067264573992,0.17488789237668162,0.2645739910313901,0.2914798206278027
