var1,var2,var3,var4,var5,var6
0.050955414012738856,0.12738853503184713,0.1464968152866242,0.17197452229299362,0.21019108280254778,0.2929936305732484
