var1,var2,var3,var4,var5,var6
0.018633540372670808,0.08074534161490683,0.11180124223602485,0.18012422360248448,0.18633540372670807,0.422360248447205
