var1,var2,var3,var4,var5,var6
0.04975124378109453,0.06467661691542288,0.11940298507462686,0.208955223880597,0.26865671641791045,0.2885572139303483
