var1,var2,var3,var4,var5,var6
0.015503875968992248,0.046511627906976744,0.09302325581395349,0.16279069767441862,0.20155038759689922,0.4806201550387597
