var1,var2,var3,var4,var5,var6
0.09361702127659574,0.14468085106382977,0.16170212765957448,0.17446808510638298,0.19574468085106383,0.2297872340425532
