var1,var2,var3,var4,var5,var6
0.025806451612903226,0.12903225806451613,0.14838709677419354,0.1935483870967742,0.24516129032258063,0.25806451612903225
