var1,var2,var3,var4,var5,var6
0.02666666666666667,0.04,0.05333333333333334,0.13333333333333333,0.24,0.5066666666666667
