var1,var2,var3,var4,var5,var6
0.030864197530864196,0.043209876543209874,0.14814814814814814,0.20987654320987653,0.22839506172839505,0.3395061728395062
