var1,var2,var3,var4,var5,var6
0.06918238993710692,0.10062893081761007,0.11320754716981132,0.22012578616352202,0.2389937106918239,0.2578616352201258
