var1,var2,var3,var4,var5,var6
0.09302325581395349,0.12209302325581395,0.1686046511627907,0.18604651162790697,0.20348837209302326,0.22674418604651161
