var1,var2,var3,var4,var5,var6
0.030927835051546393,0.041237113402061855,0.08247422680412371,0.18556701030927836,0.24742268041237114,0.41237113402061853
