var1,var2,var3,var4,var5,var6
0.023923444976076555,0.11004784688995216,0.14354066985645933,0.18181818181818182,0.24401913875598086,0.2966507177033493
