var1,var2,var3,var4,var5,var6
0.07741935483870968,0.0967741935483871,0.14193548387096774,0.15483870967741936,0.2064516129032258,0.3225806451612903
