var1,var2,var3,var4,var5,var6
0.017094017094017096,0.08547008547008547,0.13675213675213677,0.17094017094017094,0.23076923076923078,0.358974358974359
