var1,var2,var3,var4,var5,var6
0.044444444444444446,0.07407407407407407,0.1037037037037037,0.17037037037037037,0.2074074074074074,0.4
