var1,var2,var3,var4,var5,var6
0.03643724696356275,0.09716599190283401,0.1700404858299595,0.17813765182186234,0.23481781376518218,0.2834008097165992
