var1,var2,var3,var4,var5,var6
0.05641025641025641,0.07179487179487179,0.13333333333333333,0.22564102564102564,0.2358974358974359,0.27692307692307694
