var1,var2,var3,var4,var5,var6
0.031088082901554404,0.09326424870466321,0.14507772020725387,0.17098445595854922,0.25906735751295334,0.3005181347150259
