var1,var2,var3,var4,var5,var6
0.044585987261146494,0.05732484076433121,0.14012738853503184,0.17834394904458598,0.21019108280254778,0.36942675159235666
