var1,var2,var3,var4,var5,var6
0.014218009478672985,0.07582938388625593,0.16113744075829384,0.21800947867298578,0.24644549763033174,0.2843601895734597
