var1,var2,var3,var4,var5,var6
0.06572769953051644,0.08450704225352113,0.09389671361502347,0.11737089201877934,0.3004694835680751,0.3380281690140845
