var1,var2,var3,var4,var5,var6
0.057971014492753624,0.06763285024154589,0.09178743961352658,0.14492753623188406,0.2995169082125604,0.33816425120772947
