var1,var2,var3,var4,var5,var6
0.062111801242236024,0.08695652173913043,0.12422360248447205,0.2236024844720497,0.2360248447204969,0.2670807453416149
