var1,var2,var3,var4,var5,var6
0.09848484848484848,0.12878787878787878,0.1590909090909091,0.18181818181818182,0.19696969696969696,0.23484848484848486
