var1,var2,var3,var4,var5,var6
0.037914691943127965,0.08530805687203792,0.10426540284360189,0.22274881516587677,0.23696682464454977,0.3127962085308057
