var1,var2,var3,var4,var5,var6
0.030927835051546393,0.10824742268041238,0.15979381443298968,0.17010309278350516,0.25773195876288657,0.27319587628865977
