var1,var2,var3,var4,var5,var6
0.047337278106508875,0.07692307692307693,0.10650887573964497,0.14792899408284024,0.2781065088757396,0.3431952662721893
