var1,var2,var3,var4,var5,var6
0.044444444444444446,0.07555555555555556,0.10666666666666667,0.20444444444444446,0.2222222222222222,0.3466666666666667
