var1,var2,var3,var4,var5,var6
0.03088803088803089,0.05405405405405406,0.1274131274131274,0.14671814671814673,0.30115830115830117,0.33976833976833976
