var1,var2,var3,var4,var5,var6
0.03676470588235294,0.051470588235294115,0.13970588235294118,0.22058823529411764,0.2647058823529412,0.2867647058823529
