var1,var2,var3,var4,var5,var6
0.09803921568627451,0.11764705882352941,0.13071895424836602,0.16993464052287582,0.20915032679738563,0.27450980392156865
