var1,var2,var3,var4,var5,var6
0.028985507246376812,0.07729468599033816,0.12560386473429952,0.16908212560386474,0.1932367149758454,0.4057971014492754
