var1,var2,var3,var4,var5,var6
0.07006369426751592,0.08917197452229299,0.10191082802547771,0.17834394904458598,0.25477707006369427,0.3057324840764331
