var1,var2,var3,var4,var5,var6
0.024539877300613498,0.06748466257668712,0.0736196319018405,0.2085889570552147,0.294478527607362,0.3312883435582822
