var1,var2,var3,var4,var5,var6
0.03870967741935484,0.04516129032258064,0.10967741935483871,0.14193548387096774,0.3225806451612903,0.3419354838709677
