var1,var2,var3,var4,var5,var6
0.06521739130434782,0.125,0.15760869565217392,0.20652173913043478,0.21195652173913043,0.23369565217391305
