var1,var2,var3,var4,var5,var6
0.047337278106508875,0.07100591715976332,0.1242603550295858,0.21893491124260356,0.2603550295857988,0.2781065088757396
