var1,var2,var3,var4,var5,var6
0.07441860465116279,0.09302325581395349,0.12093023255813953,0.15813953488372093,0.20930232558139536,0.34418604651162793
