var1,var2,var3,var4,var5,var6
0.043243243243243246,0.08648648648648649,0.11891891891891893,0.14054054054054055,0.25405405405405407,0.3567567567567568
