var1,var2,var3,var4,var5,var6
0.04149377593360996,0.0995850622406639,0.16597510373443983,0.1908713692946058,0.21991701244813278,0.2821576763485477
