var1,var2,var3,var4,var5,var6
0.09146341463414634,0.12804878048780488,0.1524390243902439,0.1951219512195122,0.2073170731707317,0.22560975609756098
