var1,var2,var3,var4,var5,var6
0.03067484662576687,0.0736196319018405,0.08588957055214724,0.19631901840490798,0.294478527607362,0.31901840490797545
