var1,var2,var3,var4,var5,var6
0.013574660633484163,0.12217194570135746,0.17647058823529413,0.18552036199095023,0.22171945701357465,0.28054298642533937
