var1,var2,var3,var4,var5,var6
0.016216216216216217,0.11891891891891893,0.16216216216216217,0.20540540540540542,0.23783783783783785,0.2594594594594595
