var1,var2,var3,var4,var5,var6
0.027210884353741496,0.08843537414965986,0.09523809523809523,0.16326530612244897,0.20408163265306123,0.4217687074829932
