var1,var2,var3,var4,var5,var6
0.0718954248366013,0.0915032679738562,0.12418300653594772,0.1568627450980392,0.2222222222222222,0.3333333333333333
