var1,var2,var3,var4,var5,var6
0.0223463687150838,0.1340782122905028,0.15083798882681565,0.2122905027932961,0.22346368715083798,0.2569832402234637
