var1,var2,var3,var4,var5,var6
0.03550295857988166,0.09467455621301775,0.11242603550295859,0.14201183431952663,0.2958579881656805,0.31952662721893493
