var1,var2,var3,var4,var5,var6
0.032467532467532464,0.05194805194805195,0.13636363636363635,0.18181818181818182,0.2532467532467532,0.34415584415584416
