var1,var2,var3,var4,var5,var6
0.06965174129353234,0.11442786069651742,0.1691542288557214,0.1791044776119403,0.208955223880597,0.25870646766169153
