var1,var2,var3,var4,var5,var6
0.029239766081871343,0.04678362573099415,0.0935672514619883,0.21052631578947367,0.29239766081871343,0.32748538011695905
