var1,var2,var3,var4,var5,var6
0.013422818791946308,0.06711409395973154,0.16778523489932887,0.19463087248322147,0.2684563758389262,0.28859060402684567
