var1,var2,var3,var4,var5,var6
0.03164556962025317,0.05063291139240506,0.11392405063291139,0.15822784810126583,0.27848101265822783,0.3670886075949367
