var1,var2,var3,var4,var5,var6
0.0718562874251497,0.08982035928143713,0.11976047904191617,0.1317365269461078,0.2754491017964072,0.31137724550898205
