var1,var2,var3,var4,var5,var6
0.049079754601226995,0.06748466257668712,0.17177914110429449,0.19631901840490798,0.2085889570552147,0.3067484662576687
