var1,var2,var3,var4,var5,var6
0.047337278106508875,0.11242603550295859,0.11834319526627218,0.14201183431952663,0.2485207100591716,0.33136094674556216
