var1,var2,var3,var4,var5,var6
0.034334763948497854,0.060085836909871244,0.07725321888412018,0.19742489270386265,0.22746781115879827,0.4034334763948498
