var1,var2,var3,var4,var5,var6
0.03980099502487562,0.0945273631840796,0.13930348258706468,0.16417910447761194,0.22388059701492538,0.3383084577114428
