var1,var2,var3,var4,var5,var6
0.05917159763313609,0.08284023668639054,0.10650887573964497,0.1834319526627219,0.23668639053254437,0.33136094674556216
