var1,var2,var3,var4,var5,var6
0.029585798816568046,0.10650887573964497,0.14201183431952663,0.20118343195266272,0.22485207100591717,0.2958579881656805
