var1,var2,var3,var4,var5,var6
0.032467532467532464,0.045454545454545456,0.09740259740259741,0.19480519480519481,0.2532467532467532,0.37662337662337664
