var1,var2,var3,var4,var5,var6
0.06179775280898876,0.08426966292134831,0.15730337078651685,0.19101123595505617,0.20786516853932585,0.29775280898876405
