var1,var2,var3,var4,var5,var6
0.05454545454545454,0.1,0.10909090909090909,0.13636363636363635,0.17272727272727273,0.42727272727272725
