var1,var2,var3,var4,var5,var6
0.06037735849056604,0.14339622641509434,0.15849056603773584,0.1660377358490566,0.2,0.27169811320754716
