var1,var2,var3,var4,var5,var6
0.018867924528301886,0.03773584905660377,0.1069182389937107,0.15723270440251572,0.3081761006289308,0.3710691823899371
