var1,var2,var3,var4,var5,var6
0.04316546762589928,0.050359712230215826,0.1366906474820144,0.19424460431654678,0.20863309352517986,0.3669064748201439
