var1,var2,var3,var4,var5,var6
0.06358381502890173,0.14450867052023122,0.16184971098265896,0.1791907514450867,0.2138728323699422,0.23699421965317918
