var1,var2,var3,var4,var5,var6
0.013605442176870748,0.10884353741496598,0.14965986394557823,0.1836734693877551,0.23129251700680273,0.3129251700680272
