var1,var2,var3,var4,var5,var6
0.03636363636363636,0.07272727272727272,0.15757575757575756,0.1696969696969697,0.22424242424242424,0.3393939393939394
