var1,var2,var3,var4,var5,var6
0.029940119760479042,0.10778443113772455,0.11976047904191617,0.1317365269461078,0.2874251497005988,0.32335329341317365
