var1,var2,var3,var4,var5,var6
0.014184397163120567,0.07092198581560284,0.1702127659574468,0.19858156028368795,0.2198581560283688,0.3262411347517731
