var1,var2,var3,var4,var5,var6
0.10909090909090909,0.13818181818181818,0.16,0.17454545454545456,0.2,0.21818181818181817
