var1,var2,var3,var4,var5,var6
0.07174887892376682,0.08968609865470852,0.16591928251121077,0.21076233183856502,0.21973094170403587,0.242152466367713
