var1,var2,var3,var4,var5,var6
0.0784313725490196,0.10457516339869281,0.12418300653594772,0.20915032679738563,0.2222222222222222,0.26143790849673204
