var1,var2,var3,var4,var5,var6
0.034482758620689655,0.06896551724137931,0.08620689655172414,0.19827586206896552,0.27586206896551724,0.33620689655172414
