var1,var2,var3,var4,var5,var6
0.07042253521126761,0.07746478873239436,0.11971830985915492,0.21830985915492956,0.23943661971830985,0.2746478873239437
