var1,var2,var3,var4,var5,var6
0.04145077720207254,0.07253886010362694,0.13471502590673576,0.17098445595854922,0.19689119170984457,0.38341968911917096
