var1,var2,var3,var4,var5,var6
0.022988505747126436,0.08045977011494253,0.09195402298850575,0.13793103448275862,0.1839080459770115,0.4827586206896552
