var1,var2,var3,var4,var5,var6
0.02577319587628866,0.03608247422680412,0.10824742268041238,0.18041237113402062,0.30412371134020616,0.34536082474226804
