var1,var2,var3,var4,var5,var6
0.03319502074688797,0.0912863070539419,0.14107883817427386,0.15767634854771784,0.23651452282157676,0.34024896265560167
