var1,var2,var3,var4,var5,var6
0.05732484076433121,0.08917197452229299,0.11464968152866242,0.1592356687898089,0.2802547770700637,0.29936305732484075
