var1,var2,var3,var4,var5,var6
0.029556650246305417,0.12807881773399016,0.17733990147783252,0.19704433497536947,0.21182266009852216,0.2561576354679803
