var1,var2,var3,var4,var5,var6
0.055900621118012424,0.07453416149068323,0.13664596273291926,0.17391304347826086,0.19875776397515527,0.36024844720496896
