var1,var2,var3,var4,var5,var6
0.10486891385767791,0.1348314606741573,0.14232209737827714,0.16853932584269662,0.18726591760299627,0.26217228464419473
