var1,var2,var3,var4,var5,var6
0.029069767441860465,0.08139534883720931,0.11627906976744186,0.19186046511627908,0.21511627906976744,0.36627906976744184
