var1,var2,var3,var4,var5,var6
0.02830188679245283,0.07547169811320754,0.12264150943396226,0.14150943396226415,0.1792452830188679,0.4528301886792453
