var1,var2,var3,var4,var5,var6
0.033112582781456956,0.06622516556291391,0.11258278145695365,0.2185430463576159,0.2582781456953642,0.31125827814569534
