var1,var2,var3,var4,var5,var6
0.01762114537444934,0.06607929515418502,0.16740088105726872,0.19383259911894274,0.23788546255506607,0.31718061674008813
