var1,var2,var3,var4,var5,var6
0.0694980694980695,0.13127413127413126,0.15444015444015444,0.1776061776061776,0.21235521235521235,0.2548262548262548
