var1,var2,var3,var4,var5,var6
0.025157232704402517,0.08176100628930817,0.12578616352201258,0.14465408805031446,0.2641509433962264,0.3584905660377358
