var1,var2,var3,var4,var5,var6
0.05853658536585366,0.07317073170731707,0.14634146341463414,0.22439024390243903,0.24390243902439024,0.25365853658536586
