var1,var2,var3,var4,var5,var6
0.027649769585253458,0.07373271889400922,0.12903225806451613,0.1935483870967742,0.271889400921659,0.30414746543778803
