var1,var2,var3,var4,var5,var6
0.015957446808510637,0.06914893617021277,0.15425531914893617,0.19680851063829788,0.2712765957446808,0.2925531914893617
