var1,var2,var3,var4,var5,var6
0.0380952380952381,0.0761904761904762,0.1523809523809524,0.17142857142857143,0.18095238095238095,0.38095238095238093
