var1,var2,var3,var4,var5,var6
0.03980099502487562,0.11442786069651742,0.14925373134328357,0.1691542288557214,0.23880597014925373,0.2885572139303483
