var1,var2,var3,var4,var5,var6
0.03829787234042553,0.059574468085106386,0.1276595744680851,0.19574468085106383,0.23829787234042554,0.3404255319148936
