var1,var2,var3,var4,var5,var6
0.020689655172413793,0.05517241379310345,0.09655172413793103,0.20689655172413793,0.27586206896551724,0.3448275862068966
