var1,var2,var3,var4,var5,var6
0.06349206349206349,0.09523809523809523,0.1111111111111111,0.19047619047619047,0.2328042328042328,0.30687830687830686
