var1,var2,var3,var4,var5,var6
0.009302325581395349,0.07441860465116279,0.14883720930232558,0.1813953488372093,0.26976744186046514,0.31627906976744186
