var1,var2,var3,var4,var5,var6
0.07518796992481203,0.09022556390977443,0.12030075187969924,0.18045112781954886,0.20300751879699247,0.3308270676691729
