var1,var2,var3,var4,var5,var6
0.049079754601226995,0.1411042944785276,0.15950920245398773,0.17791411042944785,0.2147239263803681,0.25766871165644173
