var1,var2,var3,var4,var5,var6
0.03968253968253968,0.15079365079365079,0.15873015873015872,0.18253968253968253,0.20634920634920634,0.2619047619047619
