var1,var2,var3,var4,var5,var6
0.11764705882352941,0.1437908496732026,0.1568627450980392,0.16993464052287582,0.1895424836601307,0.2222222222222222
