var1,var2,var3,var4,var5,var6
0.04329004329004329,0.07792207792207792,0.09956709956709957,0.1471861471861472,0.17316017316017315,0.4588744588744589
