var1,var2,var3,var4,var5,var6
0.05454545454545454,0.08484848484848485,0.09090909090909091,0.1696969696969697,0.19393939393939394,0.40606060606060607
