var1,var2,var3,var4,var5,var6
0.015037593984962405,0.03007518796992481,0.14285714285714285,0.19548872180451127,0.2556390977443609,0.3609022556390977
