var1,var2,var3,var4,var5,var6
0.024875621890547265,0.07960199004975124,0.11442786069651742,0.14925373134328357,0.2835820895522388,0.3482587064676617
