var1,var2,var3,var4,var5,var6
0.0182648401826484,0.0502283105022831,0.1643835616438356,0.2009132420091324,0.228310502283105,0.3378995433789954
