var1,var2,var3,var4,var5,var6
0.06040268456375839,0.08053691275167785,0.09395973154362416,0.18791946308724833,0.22818791946308725,0.348993288590604
