var1,var2,var3,var4,var5,var6
0.024390243902439025,0.07804878048780488,0.13658536585365855,0.2048780487804878,0.23414634146341465,0.32195121951219513
