var1,var2,var3,var4,var5,var6
0.03225806451612903,0.04516129032258064,0.10967741935483871,0.12903225806451613,0.2903225806451613,0.3935483870967742
