var1,var2,var3,var4,var5,var6
0.07692307692307693,0.09467455621301775,0.11242603550295859,0.17751479289940827,0.20118343195266272,0.33727810650887574
