var1,var2,var3,var4,var5,var6
0.024539877300613498,0.049079754601226995,0.08588957055214724,0.1656441717791411,0.22085889570552147,0.4539877300613497
