var1,var2,var3,var4,var5,var6
0.020512820512820513,0.10256410256410256,0.16923076923076924,0.20512820512820512,0.2205128205128205,0.28205128205128205
