var1,var2,var3,var4,var5,var6
0.023121387283236993,0.11560693641618497,0.12138728323699421,0.1676300578034682,0.2543352601156069,0.3179190751445087
