var1,var2,var3,var4,var5,var6
0.01904761904761905,0.11428571428571428,0.18095238095238095,0.19047619047619047,0.22857142857142856,0.26666666666666666
