var1,var2,var3,var4,var5,var6
0.0335195530726257,0.055865921787709494,0.09497206703910614,0.13966480446927373,0.329608938547486,0.3463687150837989
