var1,var2,var3,var4,var5,var6
0.03404255319148936,0.0851063829787234,0.1702127659574468,0.2127659574468085,0.225531914893617,0.2723404255319149
