var1,var2,var3,var4,var5,var6
0.045112781954887216,0.08270676691729323,0.11278195488721804,0.14285714285714285,0.2631578947368421,0.3533834586466165
