var1,var2,var3,var4,var5,var6
0.009345794392523364,0.07476635514018691,0.09345794392523364,0.18691588785046728,0.29906542056074764,0.3364485981308411
