var1,var2,var3,var4,var5,var6
0.02127659574468085,0.05106382978723404,0.13617021276595745,0.19148936170212766,0.25957446808510637,0.3404255319148936
