var1,var2,var3,var4,var5,var6
0.06091370558375635,0.08629441624365482,0.16243654822335024,0.19289340101522842,0.2131979695431472,0.28426395939086296
