var1,var2,var3,var4,var5,var6
0.040268456375838924,0.053691275167785234,0.11409395973154363,0.1342281879194631,0.2953020134228188,0.3624161073825503
