var1,var2,var3,var4,var5,var6
0.06282722513089005,0.08900523560209424,0.14659685863874344,0.19895287958115182,0.23036649214659685,0.27225130890052357
