var1,var2,var3,var4,var5,var6
0.08450704225352113,0.13380281690140844,0.14788732394366197,0.18309859154929578,0.2112676056338028,0.23943661971830985
