var1,var2,var3,var4,var5,var6
0.06550218340611354,0.09606986899563319,0.13973799126637554,0.1572052401746725,0.18340611353711792,0.35807860262008734
