var1,var2,var3,var4,var5,var6
0.0547945205479452,0.0958904109589041,0.1461187214611872,0.182648401826484,0.2191780821917808,0.3013698630136986
