var1,var2,var3,var4,var5,var6
0.011494252873563218,0.07471264367816093,0.11494252873563218,0.19540229885057472,0.25287356321839083,0.3505747126436782
