var1,var2,var3,var4,var5,var6
0.06936416184971098,0.09826589595375723,0.12138728323699421,0.12716763005780346,0.2832369942196532,0.30057803468208094
