var1,var2,var3,var4,var5,var6
0.023391812865497075,0.05847953216374269,0.06432748538011696,0.2222222222222222,0.26900584795321636,0.36257309941520466
