var1,var2,var3,var4,var5,var6
0.09170305676855896,0.11790393013100436,0.13100436681222707,0.15283842794759825,0.22707423580786026,0.2794759825327511
