var1,var2,var3,var4,var5,var6
0.03349282296650718,0.10526315789473684,0.16267942583732056,0.18181818181818182,0.20095693779904306,0.3157894736842105
