var1,var2,var3,var4,var5,var6
0.05365853658536585,0.12682926829268293,0.13658536585365855,0.18536585365853658,0.2146341463414634,0.28292682926829266
