var1,var2,var3,var4,var5,var6
0.029850746268656716,0.1253731343283582,0.16417910447761194,0.1791044776119403,0.24477611940298508,0.25671641791044775
