var1,var2,var3,var4,var5,var6
0.05714285714285714,0.06857142857142857,0.09142857142857143,0.19428571428571428,0.22285714285714286,0.3657142857142857
