var1,var2,var3,var4,var5,var6
0.06273062730627306,0.11070110701107011,0.13284132841328414,0.1918819188191882,0.22878228782287824,0.2730627306273063
