var1,var2,var3,var4,var5,var6
0.027149321266968326,0.09502262443438914,0.1085972850678733,0.17194570135746606,0.18099547511312217,0.416289592760181
