var1,var2,var3,var4,var5,var6
0.11398963730569948,0.12953367875647667,0.14507772020725387,0.16580310880829016,0.21761658031088082,0.22797927461139897
