var1,var2,var3,var4,var5,var6
0.018633540372670808,0.10559006211180125,0.16770186335403728,0.17391304347826086,0.22981366459627328,0.30434782608695654
