var1,var2,var3,var4,var5,var6
0.05263157894736842,0.09022556390977443,0.10526315789473684,0.11278195488721804,0.18796992481203006,0.45112781954887216
