var1,var2,var3,var4,var5,var6
0.027972027972027972,0.055944055944055944,0.16783216783216784,0.18181818181818182,0.25874125874125875,0.3076923076923077
