var1,var2,var3,var4,var5,var6
0.0670391061452514,0.0893854748603352,0.1452513966480447,0.16201117318435754,0.24581005586592178,0.2905027932960894
