var1,var2,var3,var4,var5,var6
0.038834951456310676,0.04854368932038835,0.05825242718446602,0.1553398058252427,0.3106796116504854,0.3883495145631068
