var1,var2,var3,var4,var5,var6
0.046242774566473986,0.06936416184971098,0.15028901734104047,0.1676300578034682,0.2774566473988439,0.28901734104046245
