var1,var2,var3,var4,var5,var6
0.02,0.06,0.12,0.19333333333333333,0.26,0.3466666666666667
