var1,var2,var3,var4,var5,var6
0.021739130434782608,0.050724637681159424,0.12318840579710146,0.2028985507246377,0.2826086956521739,0.3188405797101449
