var1,var2,var3,var4,var5,var6
0.013986013986013986,0.027972027972027972,0.06993006993006994,0.22377622377622378,0.2727272727272727,0.3916083916083916
