var1,var2,var3,var4,var5,var6
0.0374331550802139,0.058823529411764705,0.10695187165775401,0.1711229946524064,0.2727272727272727,0.35294117647058826
