var1,var2,var3,var4,var5,var6
0.014814814814814815,0.07407407407407407,0.0962962962962963,0.1037037037037037,0.2814814814814815,0.42962962962962964
