var1,var2,var3,var4,var5,var6
0.024242424242424242,0.09090909090909091,0.12727272727272726,0.18787878787878787,0.20606060606060606,0.36363636363636365
