var1,var2,var3,var4,var5,var6
0.03125,0.0546875,0.078125,0.2109375,0.2265625,0.3984375
