var1,var2,var3,var4,var5,var6
0.032679738562091505,0.12418300653594772,0.13071895424836602,0.1503267973856209,0.19607843137254902,0.3660130718954248
