var1,var2,var3,var4,var5,var6
0.039301310043668124,0.09606986899563319,0.11353711790393013,0.18340611353711792,0.25327510917030566,0.314410480349345
