var1,var2,var3,var4,var5,var6
0.0472972972972973,0.07432432432432433,0.14864864864864866,0.18243243243243243,0.20270270270270271,0.34459459459459457
