var1,var2,var3,var4,var5,var6
0.022641509433962263,0.08679245283018867,0.12075471698113208,0.2188679245283019,0.27169811320754716,0.2792452830188679
