var1,var2,var3,var4,var5,var6
0.034934497816593885,0.056768558951965066,0.18340611353711792,0.1965065502183406,0.2445414847161572,0.2838427947598253
