var1,var2,var3,var4,var5,var6
0.04093567251461988,0.0935672514619883,0.10526315789473684,0.14035087719298245,0.16374269005847952,0.45614035087719296
