var1,var2,var3,var4,var5,var6
0.03164556962025317,0.10126582278481013,0.12025316455696203,0.13924050632911392,0.26582278481012656,0.34177215189873417
