var1,var2,var3,var4,var5,var6
0.03496503496503497,0.055944055944055944,0.08391608391608392,0.11188811188811189,0.2937062937062937,0.4195804195804196
