var1,var2,var3,var4,var5,var6
0.055299539170506916,0.12442396313364056,0.1382488479262673,0.18433179723502305,0.2119815668202765,0.2857142857142857
