var1,var2,var3,var4,var5,var6
0.044444444444444446,0.07111111111111111,0.09777777777777778,0.17333333333333334,0.2311111111111111,0.38222222222222224
