var1,var2,var3,var4,var5,var6
0.06626506024096386,0.10240963855421686,0.12048192771084337,0.15060240963855423,0.25903614457831325,0.30120481927710846
