var1,var2,var3,var4,var5,var6
0.09523809523809523,0.12244897959183673,0.1360544217687075,0.14965986394557823,0.19727891156462585,0.29931972789115646
