var1,var2,var3,var4,var5,var6
0.047244094488188976,0.11023622047244094,0.1732283464566929,0.1889763779527559,0.2125984251968504,0.2677165354330709
