var1,var2,var3,var4,var5,var6
0.02142857142857143,0.07857142857142857,0.10714285714285714,0.1357142857142857,0.30714285714285716,0.35
