var1,var2,var3,var4,var5,var6
0.010582010582010581,0.0582010582010582,0.13756613756613756,0.1693121693121693,0.26455026455026454,0.35978835978835977
