var1,var2,var3,var4,var5,var6
0.07079646017699115,0.07964601769911504,0.09734513274336283,0.18584070796460178,0.22123893805309736,0.34513274336283184
