var1,var2,var3,var4,var5,var6
0.014492753623188406,0.06763285024154589,0.1642512077294686,0.21256038647342995,0.25120772946859904,0.2898550724637681
