var1,var2,var3,var4,var5,var6
0.049689440993788817,0.08695652173913043,0.12422360248447205,0.18633540372670807,0.2670807453416149,0.2857142857142857
