var1,var2,var3,var4,var5,var6
0.018404907975460124,0.04294478527607362,0.1656441717791411,0.20245398773006135,0.26993865030674846,0.3006134969325153
