var1,var2,var3,var4,var5,var6
0.012422360248447204,0.037267080745341616,0.11180124223602485,0.17391304347826086,0.30434782608695654,0.36024844720496896
