var1,var2,var3,var4,var5,var6
0.053156146179401995,0.09966777408637874,0.13953488372093023,0.2159468438538206,0.23255813953488372,0.2591362126245847
