var1,var2,var3,var4,var5,var6
0.0658682634730539,0.08383233532934131,0.10778443113772455,0.16766467065868262,0.2634730538922156,0.31137724550898205
