var1,var2,var3,var4,var5,var6
0.043478260869565216,0.11413043478260869,0.1358695652173913,0.1956521739130435,0.21195652173913043,0.29891304347826086
