var1,var2,var3,var4,var5,var6
0.05286343612334802,0.10572687224669604,0.11894273127753303,0.2026431718061674,0.24669603524229075,0.27312775330396477
