var1,var2,var3,var4,var5,var6
0.031007751937984496,0.11627906976744186,0.15503875968992248,0.17054263565891473,0.21705426356589147,0.31007751937984496
