var1,var2,var3,var4,var5,var6
0.05263157894736842,0.05847953216374269,0.1286549707602339,0.15204678362573099,0.23391812865497075,0.3742690058479532
