var1,var2,var3,var4,var5,var6
0.016483516483516484,0.08241758241758242,0.09340659340659341,0.13736263736263737,0.31868131868131866,0.3516483516483517
