var1,var2,var3,var4,var5,var6
0.046511627906976744,0.08372093023255814,0.14418604651162792,0.19534883720930232,0.26046511627906976,0.26976744186046514
