var1,var2,var3,var4,var5,var6
0.05555555555555555,0.12345679012345678,0.1419753086419753,0.16049382716049382,0.2037037037037037,0.3148148148148148
