var1,var2,var3,var4,var5,var6
0.03225806451612903,0.06451612903225806,0.17419354838709677,0.2129032258064516,0.23225806451612904,0.2838709677419355
