var1,var2,var3,var4,var5,var6
0.10526315789473684,0.11483253588516747,0.15311004784688995,0.18181818181818182,0.20095693779904306,0.24401913875598086
