var1,var2,var3,var4,var5,var6
0.05113636363636364,0.07386363636363637,0.08522727272727272,0.18181818181818182,0.29545454545454547,0.3125
