var1,var2,var3,var4,var5,var6
0.09326424870466321,0.10880829015544041,0.13471502590673576,0.15544041450777202,0.16580310880829016,0.34196891191709844
