var1,var2,var3,var4,var5,var6
0.08264462809917356,0.10743801652892562,0.1322314049586777,0.1652892561983471,0.18181818181818182,0.3305785123966942
