var1,var2,var3,var4,var5,var6
0.024844720496894408,0.06832298136645963,0.14906832298136646,0.19875776397515527,0.2608695652173913,0.2981366459627329
