var1,var2,var3,var4,var5,var6
0.029850746268656716,0.03482587064676617,0.11940298507462686,0.12935323383084577,0.31840796019900497,0.3681592039800995
