var1,var2,var3,var4,var5,var6
0.029556650246305417,0.06896551724137931,0.10837438423645321,0.2019704433497537,0.23645320197044334,0.35467980295566504
