var1,var2,var3,var4,var5,var6
0.06091370558375635,0.1319796954314721,0.16751269035532995,0.18781725888324874,0.2182741116751269,0.233502538071066
