var1,var2,var3,var4,var5,var6
0.049079754601226995,0.07975460122699386,0.147239263803681,0.17177914110429449,0.24539877300613497,0.3067484662576687
