var1,var2,var3,var4,var5,var6
0.04878048780487805,0.07317073170731707,0.12804878048780488,0.18292682926829268,0.22560975609756098,0.34146341463414637
