var1,var2,var3,var4,var5,var6
0.019704433497536946,0.04926108374384237,0.10837438423645321,0.18719211822660098,0.2512315270935961,0.3842364532019704
