var1,var2,var3,var4,var5,var6
0.012903225806451613,0.03870967741935484,0.15483870967741936,0.2,0.25806451612903225,0.33548387096774196
