var1,var2,var3,var4,var5,var6
0.01744186046511628,0.06395348837209303,0.11627906976744186,0.1686046511627907,0.2616279069767442,0.37209302325581395
