var1,var2,var3,var4,var5,var6
0.026881720430107527,0.03763440860215054,0.05913978494623656,0.22043010752688172,0.26344086021505375,0.3924731182795699
