var1,var2,var3,var4,var5,var6
0.011428571428571429,0.04,0.11428571428571428,0.13714285714285715,0.30857142857142855,0.38857142857142857
