var1,var2,var3,var4,var5,var6
0.047244094488188976,0.07874015748031496,0.13385826771653545,0.2283464566929134,0.2440944881889764,0.2677165354330709
