var1,var2,var3,var4,var5,var6
0.015463917525773196,0.08247422680412371,0.13402061855670103,0.211340206185567,0.2422680412371134,0.31443298969072164
