var1,var2,var3,var4,var5,var6
0.07432432432432433,0.08783783783783784,0.12162162162162163,0.14864864864864866,0.25,0.31756756756756754
