var1,var2,var3,var4,var5,var6
0.03389830508474576,0.04519774011299435,0.05649717514124294,0.21468926553672316,0.2542372881355932,0.3954802259887006
