var1,var2,var3,var4,var5,var6
0.05622489959839357,0.07228915662650602,0.10040160642570281,0.20883534136546184,0.23293172690763053,0.3293172690763052
