var1,var2,var3,var4,var5,var6
0.10138248847926268,0.11059907834101383,0.12903225806451613,0.15668202764976957,0.17972350230414746,0.3225806451612903
