var1,var2,var3,var4,var5,var6
0.06993006993006994,0.1048951048951049,0.16083916083916083,0.16783216783216784,0.1888111888111888,0.3076923076923077
