var1,var2,var3,var4,var5,var6
0.061224489795918366,0.09523809523809523,0.10884353741496598,0.14965986394557823,0.25170068027210885,0.3333333333333333
