var1,var2,var3,var4,var5,var6
0.05128205128205128,0.07179487179487179,0.15897435897435896,0.2205128205128205,0.24615384615384617,0.2512820512820513
