var1,var2,var3,var4,var5,var6
0.03940886699507389,0.059113300492610835,0.06896551724137931,0.1724137931034483,0.22660098522167488,0.43349753694581283
