var1,var2,var3,var4,var5,var6
0.05389221556886228,0.1317365269461078,0.1437125748502994,0.19161676646706588,0.2275449101796407,0.25149700598802394
