var1,var2,var3,var4,var5,var6
0.06818181818181818,0.08522727272727272,0.11363636363636363,0.125,0.14772727272727273,0.4602272727272727
