var1,var2,var3,var4,var5,var6
0.022727272727272728,0.06060606060606061,0.12121212121212122,0.16666666666666666,0.19696969696969696,0.4318181818181818
