var1,var2,var3,var4,var5,var6
0.04145077720207254,0.08290155440414508,0.12953367875647667,0.23316062176165803,0.24352331606217617,0.2694300518134715
