var1,var2,var3,var4,var5,var6
0.03404255319148936,0.14042553191489363,0.16170212765957448,0.2,0.2170212765957447,0.24680851063829787
