var1,var2,var3,var4,var5,var6
0.07407407407407407,0.10493827160493827,0.14814814814814814,0.2037037037037037,0.22839506172839505,0.24074074074074073
