var1,var2,var3,var4,var5,var6
0.0299625468164794,0.10486891385767791,0.1647940074906367,0.19850187265917604,0.21722846441947566,0.2846441947565543
