var1,var2,var3,var4,var5,var6
0.015748031496062992,0.05511811023622047,0.11023622047244094,0.2047244094488189,0.23622047244094488,0.3779527559055118
