var1,var2,var3,var4,var5,var6
0.06201550387596899,0.08527131782945736,0.13953488372093023,0.18604651162790697,0.21705426356589147,0.31007751937984496
