var1,var2,var3,var4,var5,var6
0.030534351145038167,0.09923664122137404,0.10687022900763359,0.15267175572519084,0.2748091603053435,0.33587786259541985
