var1,var2,var3,var4,var5,var6
0.041379310344827586,0.04827586206896552,0.15172413793103448,0.16551724137931034,0.2620689655172414,0.3310344827586207
