var1,var2,var3,var4,var5,var6
0.1095890410958904,0.13013698630136986,0.15753424657534246,0.18493150684931506,0.1917808219178082,0.22602739726027396
