var1,var2,var3,var4,var5,var6
0.08900523560209424,0.10471204188481675,0.14659685863874344,0.15706806282722513,0.2198952879581152,0.28272251308900526
