var1,var2,var3,var4,var5,var6
0.03508771929824561,0.07017543859649122,0.14035087719298245,0.20175438596491227,0.21929824561403508,0.3333333333333333
