var1,var2,var3,var4,var5,var6
0.019867549668874173,0.039735099337748346,0.052980132450331126,0.2185430463576159,0.2847682119205298,0.3841059602649007
