var1,var2,var3,var4,var5,var6
0.12639405204460966,0.137546468401487,0.15613382899628253,0.16356877323420074,0.1970260223048327,0.21933085501858737
