var1,var2,var3,var4,var5,var6
0.12269938650306748,0.13496932515337423,0.147239263803681,0.17177914110429449,0.20245398773006135,0.22085889570552147
