var1,var2,var3,var4,var5,var6
0.012738853503184714,0.14012738853503184,0.16560509554140126,0.1910828025477707,0.2356687898089172,0.25477707006369427
