var1,var2,var3,var4,var5,var6
0.08530805687203792,0.10426540284360189,0.14691943127962084,0.2037914691943128,0.21800947867298578,0.24170616113744076
