var1,var2,var3,var4,var5,var6
0.033816425120772944,0.05314009661835749,0.17391304347826086,0.19806763285024154,0.21256038647342995,0.3285024154589372
