var1,var2,var3,var4,var5,var6
0.050314465408805034,0.05660377358490566,0.0880503144654088,0.22641509433962265,0.25157232704402516,0.3270440251572327
