var1,var2,var3,var4,var5,var6
0.023952095808383235,0.059880239520958084,0.07784431137724551,0.2155688622754491,0.2275449101796407,0.39520958083832336
