var1,var2,var3,var4,var5,var6
0.025510204081632654,0.10714285714285714,0.11224489795918367,0.17857142857142858,0.27040816326530615,0.30612244897959184
