var1,var2,var3,var4,var5,var6
0.031496062992125984,0.07874015748031496,0.10236220472440945,0.14173228346456693,0.25984251968503935,0.3858267716535433
