var1,var2,var3,var4,var5,var6
0.03482587064676617,0.09950248756218906,0.14925373134328357,0.1890547263681592,0.208955223880597,0.31840796019900497
