var1,var2,var3,var4,var5,var6
0.11229946524064172,0.13368983957219252,0.1443850267379679,0.1711229946524064,0.18716577540106952,0.25133689839572193
