var1,var2,var3,var4,var5,var6
0.023391812865497075,0.07017543859649122,0.11695906432748537,0.19298245614035087,0.2222222222222222,0.3742690058479532
