var1,var2,var3,var4,var5,var6
0.08866995073891626,0.10344827586206896,0.1477832512315271,0.15763546798029557,0.2315270935960591,0.270935960591133
