var1,var2,var3,var4,var5,var6
0.018957345971563982,0.07582938388625593,0.0995260663507109,0.15165876777251186,0.3127962085308057,0.3412322274881517
