var1,var2,var3,var4,var5,var6
0.10218978102189781,0.11678832116788321,0.12408759124087591,0.18248175182481752,0.2116788321167883,0.26277372262773724
