var1,var2,var3,var4,var5,var6
0.018433179723502304,0.10138248847926268,0.1382488479262673,0.16589861751152074,0.2626728110599078,0.31336405529953915
