var1,var2,var3,var4,var5,var6
0.039735099337748346,0.052980132450331126,0.16556291390728478,0.2119205298013245,0.23178807947019867,0.2980132450331126
