var1,var2,var3,var4,var5,var6
0.040268456375838924,0.06711409395973154,0.08053691275167785,0.174496644295302,0.19463087248322147,0.4429530201342282
