var1,var2,var3,var4,var5,var6
0.028708133971291867,0.09090909090909091,0.1291866028708134,0.14354066985645933,0.2679425837320574,0.3397129186602871
