var1,var2,var3,var4,var5,var6
0.06511627906976744,0.08372093023255814,0.11162790697674418,0.11627906976744186,0.24186046511627907,0.3813953488372093
