var1,var2,var3,var4,var5,var6
0.02575107296137339,0.0944206008583691,0.12875536480686695,0.14163090128755365,0.26609442060085836,0.34334763948497854
