var1,var2,var3,var4,var5,var6
0.015748031496062992,0.10236220472440945,0.13385826771653545,0.2047244094488189,0.25984251968503935,0.28346456692913385
