var1,var2,var3,var4,var5,var6
0.05945945945945946,0.07027027027027027,0.16216216216216217,0.1783783783783784,0.21621621621621623,0.31351351351351353
