var1,var2,var3,var4,var5,var6
0.08333333333333333,0.10119047619047619,0.13690476190476192,0.19047619047619047,0.23214285714285715,0.25595238095238093
