var1,var2,var3,var4,var5,var6
0.014184397163120567,0.04964539007092199,0.09929078014184398,0.15602836879432624,0.3262411347517731,0.3546099290780142
