var1,var2,var3,var4,var5,var6
0.02054794520547945,0.07534246575342465,0.10273972602739725,0.13013698630136986,0.3150684931506849,0.3561643835616438
