var1,var2,var3,var4,var5,var6
0.023809523809523808,0.11904761904761904,0.16666666666666666,0.20634920634920634,0.23809523809523808,0.24603174603174602
