var1,var2,var3,var4,var5,var6
0.01694915254237288,0.06779661016949153,0.15819209039548024,0.2033898305084746,0.24858757062146894,0.3050847457627119
