var1,var2,var3,var4,var5,var6
0.025210084033613446,0.04201680672268908,0.058823529411764705,0.18487394957983194,0.31932773109243695,0.3697478991596639
