var1,var2,var3,var4,var5,var6
0.01775147928994083,0.05917159763313609,0.08875739644970414,0.13609467455621302,0.3076923076923077,0.3905325443786982
