var1,var2,var3,var4,var5,var6
0.05649717514124294,0.0903954802259887,0.11299435028248588,0.15819209039548024,0.24293785310734464,0.3389830508474576
