var1,var2,var3,var4,var5,var6
0.0392156862745098,0.05228758169934641,0.06535947712418301,0.12418300653594772,0.2875816993464052,0.43137254901960786
