var1,var2,var3,var4,var5,var6
0.0670391061452514,0.11173184357541899,0.1564245810055866,0.18435754189944134,0.2346368715083799,0.24581005586592178
