var1,var2,var3,var4,var5,var6
0.016666666666666666,0.06666666666666667,0.16111111111111112,0.20555555555555555,0.21666666666666667,0.3333333333333333
