var1,var2,var3,var4,var5,var6
0.03888888888888889,0.12222222222222222,0.1388888888888889,0.18888888888888888,0.21666666666666667,0.29444444444444445
