var1,var2,var3,var4,var5,var6
0.05521472392638037,0.0736196319018405,0.08588957055214724,0.2085889570552147,0.25766871165644173,0.31901840490797545
