var1,var2,var3,var4,var5,var6
0.041474654377880185,0.11981566820276497,0.12903225806451613,0.2119815668202765,0.22580645161290322,0.271889400921659
