var1,var2,var3,var4,var5,var6
0.02912621359223301,0.05825242718446602,0.10679611650485436,0.14563106796116504,0.18446601941747573,0.47572815533980584
