var1,var2,var3,var4,var5,var6
0.03076923076923077,0.08205128205128205,0.09743589743589744,0.15384615384615385,0.3076923076923077,0.3282051282051282
