var1,var2,var3,var4,var5,var6
0.0650887573964497,0.09467455621301775,0.11242603550295859,0.14792899408284024,0.23668639053254437,0.3431952662721893
