var1,var2,var3,var4,var5,var6
0.05217391304347826,0.09565217391304348,0.12173913043478261,0.1391304347826087,0.24347826086956523,0.34782608695652173
