var1,var2,var3,var4,var5,var6
0.02830188679245283,0.07547169811320754,0.11320754716981132,0.1792452830188679,0.27358490566037735,0.330188679245283
