var1,var2,var3,var4,var5,var6
0.026455026455026454,0.037037037037037035,0.12698412698412698,0.1693121693121693,0.26455026455026454,0.37566137566137564
