var1,var2,var3,var4,var5,var6
0.027522935779816515,0.07339449541284404,0.08256880733944955,0.09174311926605505,0.25688073394495414,0.46788990825688076
