var1,var2,var3,var4,var5,var6
0.02304147465437788,0.055299539170506916,0.11981566820276497,0.1935483870967742,0.2857142857142857,0.3225806451612903
