var1,var2,var3,var4,var5,var6
0.057291666666666664,0.07291666666666667,0.171875,0.21354166666666666,0.22395833333333334,0.2604166666666667
