var1,var2,var3,var4,var5,var6
0.061224489795918366,0.09523809523809523,0.10884353741496598,0.1360544217687075,0.272108843537415,0.32653061224489793
