var1,var2,var3,var4,var5,var6
0.0457516339869281,0.10457516339869281,0.11764705882352941,0.1568627450980392,0.24836601307189543,0.32679738562091504
