var1,var2,var3,var4,var5,var6
0.04477611940298507,0.05970149253731343,0.1417910447761194,0.1791044776119403,0.23134328358208955,0.34328358208955223
