var1,var2,var3,var4,var5,var6
0.05,0.1,0.11428571428571428,0.15714285714285714,0.2785714285714286,0.3
