var1,var2,var3,var4,var5,var6
0.031578947368421054,0.042105263157894736,0.10526315789473684,0.18947368421052632,0.21052631578947367,0.42105263157894735
