var1,var2,var3,var4,var5,var6
0.045714285714285714,0.06285714285714286,0.08,0.13714285714285715,0.24,0.4342857142857143
