var1,var2,var3,var4,var5,var6
0.024390243902439025,0.04878048780487805,0.08130081300813008,0.11382113821138211,0.2764227642276423,0.45528455284552843
