var1,var2,var3,var4,var5,var6
0.02127659574468085,0.09929078014184398,0.14184397163120568,0.19858156028368795,0.23404255319148937,0.3049645390070922
