var1,var2,var3,var4,var5,var6
0.03286384976525822,0.11267605633802817,0.14084507042253522,0.1596244131455399,0.215962441314554,0.3380281690140845
