var1,var2,var3,var4,var5,var6
0.03755868544600939,0.0892018779342723,0.14084507042253522,0.15492957746478872,0.2347417840375587,0.3427230046948357
