var1,var2,var3,var4,var5,var6
0.0423728813559322,0.05084745762711865,0.11864406779661017,0.1440677966101695,0.2796610169491525,0.3644067796610169
