var1,var2,var3,var4,var5,var6
0.05314009661835749,0.07729468599033816,0.11594202898550725,0.18357487922705315,0.24154589371980675,0.3285024154589372
