var1,var2,var3,var4,var5,var6
0.10555555555555556,0.11666666666666667,0.14444444444444443,0.17222222222222222,0.18888888888888888,0.2722222222222222
