var1,var2,var3,var4,var5,var6
0.04838709677419355,0.11290322580645161,0.12903225806451613,0.1532258064516129,0.25,0.3064516129032258
