var1,var2,var3,var4,var5,var6
0.024539877300613498,0.0736196319018405,0.12269938650306748,0.20245398773006135,0.2822085889570552,0.294478527607362
