var1,var2,var3,var4,var5,var6
0.017699115044247787,0.07079646017699115,0.10619469026548672,0.20353982300884957,0.23008849557522124,0.37168141592920356
