var1,var2,var3,var4,var5,var6
0.09523809523809523,0.12454212454212454,0.14652014652014653,0.1794871794871795,0.1978021978021978,0.2564102564102564
