var1,var2,var3,var4,var5,var6
0.048458149779735685,0.12334801762114538,0.14977973568281938,0.18502202643171806,0.23788546255506607,0.2555066079295154
