var1,var2,var3,var4,var5,var6
0.013793103448275862,0.06896551724137931,0.0896551724137931,0.2206896551724138,0.2482758620689655,0.3586206896551724
