var1,var2,var3,var4,var5,var6
0.01818181818181818,0.06060606060606061,0.15151515151515152,0.18181818181818182,0.26666666666666666,0.3212121212121212
