var1,var2,var3,var4,var5,var6
0.04784688995215311,0.11004784688995216,0.11483253588516747,0.19138755980861244,0.24880382775119617,0.28708133971291866
