var1,var2,var3,var4,var5,var6
0.06626506024096386,0.10843373493975904,0.13253012048192772,0.18674698795180722,0.22289156626506024,0.28313253012048195
