var1,var2,var3,var4,var5,var6
0.03208556149732621,0.0748663101604278,0.13368983957219252,0.1497326203208556,0.27807486631016043,0.3315508021390374
