var1,var2,var3,var4,var5,var6
0.013793103448275862,0.13793103448275862,0.1793103448275862,0.18620689655172415,0.20689655172413793,0.27586206896551724
