var1,var2,var3,var4,var5,var6
0.051094890510948905,0.08029197080291971,0.10948905109489052,0.145985401459854,0.18248175182481752,0.4306569343065693
