var1,var2,var3,var4,var5,var6
0.0546448087431694,0.08196721311475409,0.14207650273224043,0.17486338797814208,0.24043715846994534,0.30601092896174864
