var1,var2,var3,var4,var5,var6
0.021621621621621623,0.07027027027027027,0.10810810810810811,0.1945945945945946,0.22702702702702704,0.3783783783783784
