var1,var2,var3,var4,var5,var6
0.0498220640569395,0.060498220640569395,0.10676156583629894,0.19217081850533807,0.2846975088967972,0.30604982206405695
