var1,var2,var3,var4,var5,var6
0.08074534161490683,0.09316770186335403,0.11801242236024845,0.13664596273291926,0.16770186335403728,0.40372670807453415
