var1,var2,var3,var4,var5,var6
0.050505050505050504,0.0707070707070707,0.10101010101010101,0.20202020202020202,0.24242424242424243,0.3333333333333333
