var1,var2,var3,var4,var5,var6
0.03305785123966942,0.049586776859504134,0.09917355371900827,0.12396694214876033,0.2644628099173554,0.4297520661157025
