var1,var2,var3,var4,var5,var6
0.03389830508474576,0.05649717514124294,0.15819209039548024,0.2033898305084746,0.2655367231638418,0.2824858757062147
