var1,var2,var3,var4,var5,var6
0.12154696132596685,0.13259668508287292,0.143646408839779,0.16574585635359115,0.20994475138121546,0.2265193370165746
