var1,var2,var3,var4,var5,var6
0.040983606557377046,0.07377049180327869,0.08196721311475409,0.1885245901639344,0.29508196721311475,0.319672131147541
