var1,var2,var3,var4,var5,var6
0.048484848484848485,0.06666666666666667,0.09696969696969697,0.21818181818181817,0.2787878787878788,0.2909090909090909
