var1,var2,var3,var4,var5,var6
0.05202312138728324,0.06936416184971098,0.17341040462427745,0.2023121387283237,0.2138728323699422,0.28901734104046245
