var1,var2,var3,var4,var5,var6
0.03592814371257485,0.11976047904191617,0.12574850299401197,0.2155688622754491,0.2275449101796407,0.2754491017964072
