var1,var2,var3,var4,var5,var6
0.03225806451612903,0.05161290322580645,0.12903225806451613,0.21935483870967742,0.22580645161290322,0.3419354838709677
