var1,var2,var3,var4,var5,var6
0.044585987261146494,0.07643312101910828,0.11464968152866242,0.15286624203821655,0.21656050955414013,0.39490445859872614
