var1,var2,var3,var4,var5,var6
0.078125,0.12109375,0.17578125,0.1875,0.21484375,0.22265625
