var1,var2,var3,var4,var5,var6
0.07017543859649122,0.11842105263157894,0.15350877192982457,0.17543859649122806,0.2149122807017544,0.2675438596491228
