var1,var2,var3,var4,var5,var6
0.03278688524590164,0.0546448087431694,0.16939890710382513,0.18032786885245902,0.273224043715847,0.2896174863387978
