var1,var2,var3,var4,var5,var6
0.042735042735042736,0.08547008547008547,0.13675213675213677,0.19658119658119658,0.23076923076923078,0.3076923076923077
