var1,var2,var3,var4,var5,var6
0.01834862385321101,0.09174311926605505,0.12844036697247707,0.1651376146788991,0.24770642201834864,0.3486238532110092
