var1,var2,var3,var4,var5,var6
0.05263157894736842,0.0935672514619883,0.16374269005847952,0.17543859649122806,0.23976608187134502,0.27485380116959063
