var1,var2,var3,var4,var5,var6
0.027906976744186046,0.13953488372093023,0.15348837209302327,0.20465116279069767,0.21395348837209302,0.26046511627906976
