var1,var2,var3,var4,var5,var6
0.02127659574468085,0.09042553191489362,0.12234042553191489,0.19680851063829788,0.2553191489361702,0.31382978723404253
