var1,var2,var3,var4,var5,var6
0.10457516339869281,0.11764705882352941,0.13725490196078433,0.1568627450980392,0.19607843137254902,0.2875816993464052
