var1,var2,var3,var4,var5,var6
0.05128205128205128,0.06153846153846154,0.13333333333333333,0.15384615384615385,0.2564102564102564,0.3435897435897436
