var1,var2,var3,var4,var5,var6
0.025157232704402517,0.08176100628930817,0.12578616352201258,0.20125786163522014,0.27672955974842767,0.2893081761006289
