var1,var2,var3,var4,var5,var6
0.049689440993788817,0.062111801242236024,0.15527950310559005,0.19254658385093168,0.2608695652173913,0.2795031055900621
