var1,var2,var3,var4,var5,var6
0.03278688524590164,0.06557377049180328,0.16393442622950818,0.21311475409836064,0.25136612021857924,0.273224043715847
