var1,var2,var3,var4,var5,var6
0.055944055944055944,0.08391608391608392,0.14685314685314685,0.16783216783216784,0.26573426573426573,0.27972027972027974
