var1,var2,var3,var4,var5,var6
0.028368794326241134,0.09219858156028368,0.11347517730496454,0.22695035460992907,0.24113475177304963,0.2978723404255319
