var1,var2,var3,var4,var5,var6
0.09053497942386832,0.10699588477366255,0.12757201646090535,0.18930041152263374,0.2222222222222222,0.26337448559670784
