var1,var2,var3,var4,var5,var6
0.03731343283582089,0.1044776119402985,0.13432835820895522,0.15671641791044777,0.2462686567164179,0.3208955223880597
