var1,var2,var3,var4,var5,var6
0.06310679611650485,0.09223300970873786,0.11165048543689321,0.14563106796116504,0.2815533980582524,0.3058252427184466
