var1,var2,var3,var4,var5,var6
0.027649769585253458,0.06451612903225806,0.1152073732718894,0.15668202764976957,0.2764976958525346,0.35944700460829493
