var1,var2,var3,var4,var5,var6
0.010582010582010581,0.031746031746031744,0.08465608465608465,0.2328042328042328,0.2698412698412698,0.37037037037037035
