var1,var2,var3,var4,var5,var6
0.027972027972027972,0.06293706293706294,0.15384615384615385,0.2097902097902098,0.2517482517482518,0.2937062937062937
