var1,var2,var3,var4,var5,var6
0.05714285714285714,0.06857142857142857,0.17714285714285713,0.19428571428571428,0.22857142857142856,0.2742857142857143
