var1,var2,var3,var4,var5,var6
0.05161290322580645,0.07741935483870968,0.1032258064516129,0.16774193548387098,0.1870967741935484,0.4129032258064516
