var1,var2,var3,var4,var5,var6
0.03571428571428571,0.09183673469387756,0.11224489795918367,0.20918367346938777,0.27040816326530615,0.28061224489795916
