var1,var2,var3,var4,var5,var6
0.03418803418803419,0.1111111111111111,0.13675213675213677,0.1623931623931624,0.23076923076923078,0.3247863247863248
