var1,var2,var3,var4,var5,var6
0.02702702702702703,0.04054054054054054,0.12837837837837837,0.18243243243243243,0.23648648648648649,0.38513513513513514
