var1,var2,var3,var4,var5,var6
0.027932960893854747,0.0335195530726257,0.11173184357541899,0.1787709497206704,0.3016759776536313,0.3463687150837989
