var1,var2,var3,var4,var5,var6
0.033112582781456956,0.052980132450331126,0.09271523178807947,0.152317880794702,0.1986754966887417,0.47019867549668876
