var1,var2,var3,var4,var5,var6
0.03875968992248062,0.07751937984496124,0.13178294573643412,0.13953488372093023,0.18604651162790697,0.4263565891472868
