var1,var2,var3,var4,var5,var6
0.020100502512562814,0.08040201005025126,0.09547738693467336,0.1507537688442211,0.31155778894472363,0.3417085427135678
