var1,var2,var3,var4,var5,var6
0.02247191011235955,0.06179775280898876,0.1348314606741573,0.20786516853932585,0.2640449438202247,0.3089887640449438
