var1,var2,var3,var4,var5,var6
0.05627705627705628,0.12121212121212122,0.15584415584415584,0.18181818181818182,0.19913419913419914,0.2857142857142857
