var1,var2,var3,var4,var5,var6
0.06289308176100629,0.07547169811320754,0.10062893081761007,0.16981132075471697,0.20125786163522014,0.389937106918239
