var1,var2,var3,var4,var5,var6
0.041379310344827586,0.06896551724137931,0.10344827586206896,0.16551724137931034,0.30344827586206896,0.31724137931034485
