var1,var2,var3,var4,var5,var6
0.01910828025477707,0.03821656050955414,0.06369426751592357,0.17834394904458598,0.28662420382165604,0.4140127388535032
