var1,var2,var3,var4,var5,var6
0.031496062992125984,0.11023622047244094,0.18110236220472442,0.1889763779527559,0.23622047244094488,0.25196850393700787
