var1,var2,var3,var4,var5,var6
0.03816793893129771,0.07633587786259542,0.13740458015267176,0.1984732824427481,0.22900763358778625,0.32061068702290074
