var1,var2,var3,var4,var5,var6
0.04830917874396135,0.12077294685990338,0.14492753623188406,0.178743961352657,0.19806763285024154,0.30917874396135264
