var1,var2,var3,var4,var5,var6
0.022598870056497175,0.04519774011299435,0.07909604519774012,0.21468926553672316,0.24293785310734464,0.3954802259887006
