var1,var2,var3,var4,var5,var6
0.035211267605633804,0.04929577464788732,0.07746478873239436,0.16901408450704225,0.23943661971830985,0.4295774647887324
