var1,var2,var3,var4,var5,var6
0.011363636363636364,0.08522727272727272,0.11931818181818182,0.21022727272727273,0.26136363636363635,0.3125
