var1,var2,var3,var4,var5,var6
0.06130268199233716,0.08812260536398467,0.11494252873563218,0.21839080459770116,0.24904214559386972,0.2681992337164751
