var1,var2,var3,var4,var5,var6
0.11330049261083744,0.12807881773399016,0.15763546798029557,0.16748768472906403,0.18719211822660098,0.24630541871921183
