var1,var2,var3,var4,var5,var6
0.08411214953271028,0.11214953271028037,0.1308411214953271,0.14953271028037382,0.22429906542056074,0.29906542056074764
