var1,var2,var3,var4,var5,var6
0.07518796992481203,0.09022556390977443,0.10526315789473684,0.13533834586466165,0.23308270676691728,0.3609022556390977
