var1,var2,var3,var4,var5,var6
0.07655502392344497,0.09090909090909091,0.14354066985645933,0.19617224880382775,0.22488038277511962,0.2679425837320574
