var1,var2,var3,var4,var5,var6
0.0784313725490196,0.11764705882352941,0.13725490196078433,0.1568627450980392,0.20915032679738563,0.3006535947712418
