var1,var2,var3,var4,var5,var6
0.021621621621621623,0.05945945945945946,0.16216216216216217,0.21621621621621623,0.24864864864864866,0.2918918918918919
