var1,var2,var3,var4,var5,var6
0.019736842105263157,0.08552631578947369,0.125,0.1513157894736842,0.28289473684210525,0.3355263157894737
