var1,var2,var3,var4,var5,var6
0.0599250936329588,0.0749063670411985,0.18726591760299627,0.20599250936329588,0.21722846441947566,0.2546816479400749
