var1,var2,var3,var4,var5,var6
0.04878048780487805,0.07317073170731707,0.0975609756097561,0.11382113821138211,0.2926829268292683,0.37398373983739835
