var1,var2,var3,var4,var5,var6
0.0738255033557047,0.09395973154362416,0.10738255033557047,0.174496644295302,0.2550335570469799,0.2953020134228188
