var1,var2,var3,var4,var5,var6
0.03592814371257485,0.04790419161676647,0.0718562874251497,0.20359281437125748,0.25748502994011974,0.38323353293413176
