var1,var2,var3,var4,var5,var6
0.03314917127071823,0.10497237569060773,0.16022099447513813,0.16574585635359115,0.2265193370165746,0.30939226519337015
