var1,var2,var3,var4,var5,var6
0.031496062992125984,0.12598425196850394,0.13385826771653545,0.2047244094488189,0.2204724409448819,0.28346456692913385
