var1,var2,var3,var4,var5,var6
0.015503875968992248,0.06201550387596899,0.09302325581395349,0.17829457364341086,0.23255813953488372,0.4186046511627907
