var1,var2,var3,var4,var5,var6
0.09929078014184398,0.12056737588652482,0.1702127659574468,0.18439716312056736,0.19858156028368795,0.22695035460992907
