var1,var2,var3,var4,var5,var6
0.031007751937984496,0.06201550387596899,0.10852713178294573,0.17829457364341086,0.24806201550387597,0.37209302325581395
