var1,var2,var3,var4,var5,var6
0.040268456375838924,0.06711409395973154,0.11409395973154363,0.20134228187919462,0.21476510067114093,0.3624161073825503
