var1,var2,var3,var4,var5,var6
0.04790419161676647,0.059880239520958084,0.0658682634730539,0.16766467065868262,0.2874251497005988,0.3712574850299401
