var1,var2,var3,var4,var5,var6
0.08717948717948718,0.11282051282051282,0.14358974358974358,0.15384615384615385,0.22564102564102564,0.27692307692307694
