var1,var2,var3,var4,var5,var6
0.011428571428571429,0.07428571428571429,0.18285714285714286,0.2,0.24,0.2914285714285714
