var1,var2,var3,var4,var5,var6
0.03048780487804878,0.08536585365853659,0.10975609756097561,0.20121951219512196,0.25,0.3231707317073171
