var1,var2,var3,var4,var5,var6
0.03553299492385787,0.13705583756345177,0.15736040609137056,0.20304568527918782,0.2131979695431472,0.25380710659898476
