var1,var2,var3,var4,var5,var6
0.017142857142857144,0.07428571428571429,0.1657142857142857,0.21142857142857144,0.21714285714285714,0.3142857142857143
