var1,var2,var3,var4,var5,var6
0.02586206896551724,0.06896551724137931,0.11206896551724138,0.14655172413793102,0.19827586206896552,0.4482758620689655
