var1,var2,var3,var4,var5,var6
0.058823529411764705,0.11764705882352941,0.13445378151260504,0.15126050420168066,0.24369747899159663,0.29411764705882354
