var1,var2,var3,var4,var5,var6
0.014184397163120567,0.07092198581560284,0.12056737588652482,0.15602836879432624,0.2978723404255319,0.3404255319148936
