var1,var2,var3,var4,var5,var6
0.06825938566552901,0.11604095563139932,0.15017064846416384,0.20136518771331058,0.22525597269624573,0.23890784982935154
