var1,var2,var3,var4,var5,var6
0.06504065040650407,0.10569105691056911,0.14634146341463414,0.17886178861788618,0.22764227642276422,0.2764227642276423
