var1,var2,var3,var4,var5,var6
0.02197802197802198,0.08791208791208792,0.10622710622710622,0.16117216117216118,0.29304029304029305,0.32967032967032966
