var1,var2,var3,var4,var5,var6
0.06486486486486487,0.10810810810810811,0.15675675675675677,0.20540540540540542,0.22702702702702704,0.23783783783783785
