var1,var2,var3,var4,var5,var6
0.058823529411764705,0.06722689075630252,0.11764705882352941,0.21008403361344538,0.25210084033613445,0.29411764705882354
