var1,var2,var3,var4,var5,var6
0.03684210526315789,0.07894736842105263,0.16842105263157894,0.18421052631578946,0.24210526315789474,0.2894736842105263
