var1,var2,var3,var4,var5,var6
0.10970464135021098,0.14345991561181434,0.1518987341772152,0.16877637130801687,0.20675105485232068,0.21940928270042195
