var1,var2,var3,var4,var5,var6
0.09420289855072464,0.11594202898550725,0.12318840579710146,0.15217391304347827,0.18840579710144928,0.32608695652173914
