var1,var2,var3,var4,var5,var6
0.017543859649122806,0.08187134502923976,0.11695906432748537,0.19298245614035087,0.25146198830409355,0.3391812865497076
