var1,var2,var3,var4,var5,var6
0.06486486486486487,0.08648648648648649,0.11891891891891893,0.1891891891891892,0.21621621621621623,0.32432432432432434
