var1,var2,var3,var4,var5,var6
0.03783783783783784,0.07027027027027027,0.16756756756756758,0.1891891891891892,0.25405405405405407,0.2810810810810811
