var1,var2,var3,var4,var5,var6
0.056074766355140186,0.102803738317757,0.11214953271028037,0.1308411214953271,0.22429906542056074,0.37383177570093457
