var1,var2,var3,var4,var5,var6
0.06153846153846154,0.11282051282051282,0.14871794871794872,0.18461538461538463,0.20512820512820512,0.28717948717948716
