var1,var2,var3,var4,var5,var6
0.026845637583892617,0.040268456375838924,0.12751677852348994,0.18791946308724833,0.28187919463087246,0.33557046979865773
