var1,var2,var3,var4,var5,var6
0.03314917127071823,0.10497237569060773,0.12154696132596685,0.16022099447513813,0.19889502762430938,0.3812154696132597
