var1,var2,var3,var4,var5,var6
0.04081632653061224,0.08979591836734693,0.1469387755102041,0.17142857142857143,0.2653061224489796,0.2857142857142857
