var1,var2,var3,var4,var5,var6
0.057971014492753624,0.0966183574879227,0.1111111111111111,0.14492753623188406,0.2608695652173913,0.3285024154589372
