var1,var2,var3,var4,var5,var6
0.0594059405940594,0.09900990099009901,0.1188118811881188,0.13861386138613863,0.24752475247524752,0.33663366336633666
