var1,var2,var3,var4,var5,var6
0.058394160583941604,0.08759124087591241,0.1678832116788321,0.18248175182481752,0.21897810218978103,0.2846715328467153
