var1,var2,var3,var4,var5,var6
0.008849557522123894,0.08849557522123894,0.12389380530973451,0.23008849557522124,0.24778761061946902,0.3008849557522124
