var1,var2,var3,var4,var5,var6
0.015748031496062992,0.031496062992125984,0.11023622047244094,0.2204724409448819,0.2283464566929134,0.3937007874015748
