var1,var2,var3,var4,var5,var6
0.025806451612903226,0.05161290322580645,0.08387096774193549,0.23225806451612904,0.24516129032258063,0.36129032258064514
