var1,var2,var3,var4,var5,var6
0.04807692307692308,0.057692307692307696,0.0673076923076923,0.16346153846153846,0.3173076923076923,0.34615384615384615
