var1,var2,var3,var4,var5,var6
0.053811659192825115,0.11210762331838565,0.12556053811659193,0.2062780269058296,0.23318385650224216,0.26905829596412556
