var1,var2,var3,var4,var5,var6
0.018633540372670808,0.049689440993788817,0.11180124223602485,0.13664596273291926,0.32298136645962733,0.36024844720496896
