var1,var2,var3,var4,var5,var6
0.06716417910447761,0.08208955223880597,0.09701492537313433,0.1865671641791045,0.26119402985074625,0.30597014925373134
