var1,var2,var3,var4,var5,var6
0.022222222222222223,0.044444444444444446,0.14814814814814814,0.2,0.2740740740740741,0.3111111111111111
