var1,var2,var3,var4,var5,var6
0.04780876494023904,0.10358565737051793,0.1394422310756972,0.16733067729083664,0.2549800796812749,0.2868525896414343
