var1,var2,var3,var4,var5,var6
0.0425531914893617,0.06382978723404255,0.0851063829787234,0.1702127659574468,0.3120567375886525,0.3262411347517731
