var1,var2,var3,var4,var5,var6
0.023121387283236993,0.08670520231213873,0.09826589595375723,0.17341040462427745,0.23121387283236994,0.3872832369942196
