var1,var2,var3,var4,var5,var6
0.03317535545023697,0.11374407582938388,0.16113744075829384,0.21800947867298578,0.22748815165876776,0.24644549763033174
