var1,var2,var3,var4,var5,var6
0.020161290322580645,0.04838709677419355,0.11693548387096774,0.14919354838709678,0.2903225806451613,0.375
