var1,var2,var3,var4,var5,var6
0.012145748987854251,0.0728744939271255,0.1700404858299595,0.20242914979757085,0.2591093117408907,0.2834008097165992
