var1,var2,var3,var4,var5,var6
0.06382978723404255,0.09219858156028368,0.10638297872340426,0.14184397163120568,0.16312056737588654,0.4326241134751773
