var1,var2,var3,var4,var5,var6
0.05789473684210526,0.09473684210526316,0.10526315789473684,0.1736842105263158,0.24736842105263157,0.32105263157894737
