var1,var2,var3,var4,var5,var6
0.02459016393442623,0.06557377049180328,0.10655737704918032,0.13934426229508196,0.23770491803278687,0.4262295081967213
