var1,var2,var3,var4,var5,var6
0.05102040816326531,0.12755102040816327,0.14795918367346939,0.18877551020408162,0.21428571428571427,0.27040816326530615
