var1,var2,var3,var4,var5,var6
0.06349206349206349,0.07407407407407407,0.08465608465608465,0.18518518518518517,0.2751322751322751,0.31746031746031744
