var1,var2,var3,var4,var5,var6
0.012578616352201259,0.07547169811320754,0.12578616352201258,0.16352201257861634,0.22012578616352202,0.4025157232704403
