var1,var2,var3,var4,var5,var6
0.04081632653061224,0.07346938775510205,0.16326530612244897,0.17551020408163265,0.24489795918367346,0.3020408163265306
