var1,var2,var3,var4,var5,var6
0.06363636363636363,0.08181818181818182,0.1,0.12727272727272726,0.23636363636363636,0.39090909090909093
