var1,var2,var3,var4,var5,var6
0.009852216748768473,0.13793103448275862,0.1724137931034483,0.18719211822660098,0.23645320197044334,0.2561576354679803
