var1,var2,var3,var4,var5,var6
0.03428571428571429,0.09714285714285714,0.12,0.16,0.2857142857142857,0.3028571428571429
