var1,var2,var3,var4,var5,var6
0.012578616352201259,0.03773584905660377,0.14465408805031446,0.18867924528301888,0.2641509433962264,0.3522012578616352
