var1,var2,var3,var4,var5,var6
0.0379746835443038,0.06962025316455696,0.17088607594936708,0.1962025316455696,0.25316455696202533,0.2721518987341772
