var1,var2,var3,var4,var5,var6
0.033112582781456956,0.11920529801324503,0.17218543046357615,0.18543046357615894,0.2251655629139073,0.26490066225165565
