var1,var2,var3,var4,var5,var6
0.09251101321585903,0.1145374449339207,0.15859030837004406,0.1762114537444934,0.21145374449339208,0.24669603524229075
