var1,var2,var3,var4,var5,var6
0.03017241379310345,0.14224137931034483,0.15948275862068967,0.1853448275862069,0.23706896551724138,0.24568965517241378
