var1,var2,var3,var4,var5,var6
0.034722222222222224,0.04861111111111111,0.18055555555555555,0.2013888888888889,0.2222222222222222,0.3125
