var1,var2,var3,var4,var5,var6
0.04265402843601896,0.0995260663507109,0.13270142180094788,0.20853080568720378,0.22274881516587677,0.2938388625592417
