var1,var2,var3,var4,var5,var6
0.07772020725388601,0.11917098445595854,0.15025906735751296,0.17098445595854922,0.20725388601036268,0.27461139896373055
