var1,var2,var3,var4,var5,var6
0.017094017094017096,0.07692307692307693,0.08547008547008547,0.13675213675213677,0.24786324786324787,0.4358974358974359
