var1,var2,var3,var4,var5,var6
0.029197080291970802,0.058394160583941604,0.0948905109489051,0.2116788321167883,0.291970802919708,0.31386861313868614
