var1,var2,var3,var4,var5,var6
0.05714285714285714,0.07857142857142857,0.12142857142857143,0.18571428571428572,0.22142857142857142,0.3357142857142857
