var1,var2,var3,var4,var5,var6
0.0196078431372549,0.06535947712418301,0.0784313725490196,0.20261437908496732,0.24183006535947713,0.39215686274509803
