var1,var2,var3,var4,var5,var6
0.030534351145038167,0.05343511450381679,0.16793893129770993,0.183206106870229,0.22900763358778625,0.33587786259541985
