var1,var2,var3,var4,var5,var6
0.026455026455026454,0.06349206349206349,0.12698412698412698,0.21164021164021163,0.26455026455026454,0.30687830687830686
