var1,var2,var3,var4,var5,var6
0.041025641025641026,0.09230769230769231,0.14358974358974358,0.15897435897435896,0.26666666666666666,0.29743589743589743
