var1,var2,var3,var4,var5,var6
0.020512820512820513,0.07179487179487179,0.1794871794871795,0.19487179487179487,0.22564102564102564,0.3076923076923077
