var1,var2,var3,var4,var5,var6
0.04195804195804196,0.06293706293706294,0.0979020979020979,0.18181818181818182,0.2517482517482518,0.36363636363636365
