var1,var2,var3,var4,var5,var6
0.05179282868525897,0.0796812749003984,0.11155378486055777,0.15139442231075698,0.2948207171314741,0.3107569721115538
