var1,var2,var3,var4,var5,var6
0.04048582995951417,0.0931174089068826,0.12550607287449392,0.19433198380566802,0.2631578947368421,0.2834008097165992
