var1,var2,var3,var4,var5,var6
0.05660377358490566,0.07547169811320754,0.10062893081761007,0.12578616352201258,0.2389937106918239,0.4025157232704403
