var1,var2,var3,var4,var5,var6
0.023696682464454975,0.05687203791469194,0.08530805687203792,0.16113744075829384,0.27488151658767773,0.3981042654028436
