var1,var2,var3,var4,var5,var6
0.03167420814479638,0.049773755656108594,0.17647058823529413,0.19909502262443438,0.25339366515837103,0.2895927601809955
