var1,var2,var3,var4,var5,var6
0.023668639053254437,0.13609467455621302,0.15384615384615385,0.1952662721893491,0.23076923076923078,0.2603550295857988
