var1,var2,var3,var4,var5,var6
0.03587443946188341,0.06278026905829596,0.1031390134529148,0.18385650224215247,0.29596412556053814,0.3183856502242152
