var1,var2,var3,var4,var5,var6
0.039647577092511016,0.09691629955947137,0.10572687224669604,0.18502202643171806,0.22026431718061673,0.3524229074889868
