var1,var2,var3,var4,var5,var6
0.021621621621621623,0.08108108108108109,0.14054054054054055,0.21621621621621623,0.24864864864864866,0.2918918918918919
