var1,var2,var3,var4,var5,var6
0.08888888888888889,0.09777777777777778,0.12444444444444444,0.1688888888888889,0.19111111111111112,0.3288888888888889
