var1,var2,var3,var4,var5,var6
0.028169014084507043,0.06572769953051644,0.18309859154929578,0.19248826291079812,0.22535211267605634,0.3051643192488263
