var1,var2,var3,var4,var5,var6
0.01809954751131222,0.09049773755656108,0.13574660633484162,0.1493212669683258,0.26244343891402716,0.3438914027149321
