var1,var2,var3,var4,var5,var6
0.061068702290076333,0.10687022900763359,0.1297709923664122,0.183206106870229,0.21374045801526717,0.3053435114503817
