var1,var2,var3,var4,var5,var6
0.075,0.10714285714285714,0.16071428571428573,0.19642857142857142,0.22142857142857142,0.2392857142857143
