var1,var2,var3,var4,var5,var6
0.05090909090909091,0.11272727272727273,0.13090909090909092,0.20363636363636364,0.23272727272727273,0.2690909090909091
