var1,var2,var3,var4,var5,var6
0.02142857142857143,0.02857142857142857,0.15,0.20714285714285716,0.25,0.34285714285714286
