var1,var2,var3,var4,var5,var6
0.08904109589041095,0.1232876712328767,0.15753424657534246,0.19863013698630136,0.2054794520547945,0.22602739726027396
