var1,var2,var3,var4,var5,var6
0.011834319526627219,0.05325443786982249,0.10650887573964497,0.14201183431952663,0.25443786982248523,0.4319526627218935
