var1,var2,var3,var4,var5,var6
0.02040816326530612,0.06802721088435375,0.14965986394557823,0.20408163265306123,0.23129251700680273,0.32653061224489793
