var1,var2,var3,var4,var5,var6
0.03864734299516908,0.14009661835748793,0.15458937198067632,0.18357487922705315,0.2318840579710145,0.25120772946859904
