var1,var2,var3,var4,var5,var6
0.056338028169014086,0.09859154929577464,0.14084507042253522,0.16901408450704225,0.26291079812206575,0.27230046948356806
