var1,var2,var3,var4,var5,var6
0.049689440993788817,0.07453416149068323,0.08695652173913043,0.19875776397515527,0.21739130434782608,0.37267080745341613
