var1,var2,var3,var4,var5,var6
0.07079646017699115,0.10619469026548672,0.1415929203539823,0.168141592920354,0.23008849557522124,0.2831858407079646
