var1,var2,var3,var4,var5,var6
0.00851063829787234,0.1276595744680851,0.1574468085106383,0.20425531914893616,0.2297872340425532,0.2723404255319149
