var1,var2,var3,var4,var5,var6
0.021645021645021644,0.08658008658008658,0.1038961038961039,0.1645021645021645,0.2857142857142857,0.33766233766233766
