var1,var2,var3,var4,var5,var6
0.061224489795918366,0.08843537414965986,0.14285714285714285,0.17687074829931973,0.19727891156462585,0.3333333333333333
