var1,var2,var3,var4,var5,var6
0.059574468085106386,0.10638297872340426,0.15319148936170213,0.18723404255319148,0.23829787234042554,0.2553191489361702
