var1,var2,var3,var4,var5,var6
0.08205128205128205,0.09230769230769231,0.11794871794871795,0.15384615384615385,0.2564102564102564,0.29743589743589743
