var1,var2,var3,var4,var5,var6
0.019417475728155338,0.038834951456310676,0.06796116504854369,0.17475728155339806,0.3106796116504854,0.3883495145631068
