var1,var2,var3,var4,var5,var6
0.031746031746031744,0.07936507936507936,0.08994708994708994,0.13227513227513227,0.2751322751322751,0.3915343915343915
