var1,var2,var3,var4,var5,var6
0.017142857142857144,0.11428571428571428,0.13714285714285715,0.2,0.22857142857142856,0.3028571428571429
