var1,var2,var3,var4,var5,var6
0.0364963503649635,0.08759124087591241,0.16058394160583941,0.1897810218978102,0.25547445255474455,0.27007299270072993
