var1,var2,var3,var4,var5,var6
0.014598540145985401,0.051094890510948905,0.072992700729927,0.23357664233576642,0.26277372262773724,0.36496350364963503
