var1,var2,var3,var4,var5,var6
0.04854368932038835,0.05825242718446602,0.06796116504854369,0.1553398058252427,0.24271844660194175,0.42718446601941745
