var1,var2,var3,var4,var5,var6
0.055248618784530384,0.09944751381215469,0.11049723756906077,0.13812154696132597,0.287292817679558,0.30939226519337015
