var1,var2,var3,var4,var5,var6
0.014388489208633094,0.06474820143884892,0.14388489208633093,0.16546762589928057,0.18705035971223022,0.4244604316546763
