var1,var2,var3,var4,var5,var6
0.04060913705583756,0.09137055837563451,0.15228426395939088,0.15736040609137056,0.2639593908629442,0.29441624365482233
