var1,var2,var3,var4,var5,var6
0.07092198581560284,0.1276595744680851,0.14184397163120568,0.18439716312056736,0.19148936170212766,0.28368794326241137
