var1,var2,var3,var4,var5,var6
0.02097902097902098,0.055944055944055944,0.0979020979020979,0.13986013986013987,0.27972027972027974,0.40559440559440557
