var1,var2,var3,var4,var5,var6
0.022727272727272728,0.07575757575757576,0.11363636363636363,0.20454545454545456,0.25,0.3333333333333333
