var1,var2,var3,var4,var5,var6
0.023696682464454975,0.08530805687203792,0.11848341232227488,0.1848341232227488,0.27488151658767773,0.3127962085308057
