var1,var2,var3,var4,var5,var6
0.06293706293706294,0.09090909090909091,0.1048951048951049,0.13986013986013987,0.17482517482517482,0.42657342657342656
