var1,var2,var3,var4,var5,var6
0.06091370558375635,0.1065989847715736,0.14720812182741116,0.17258883248730963,0.18781725888324874,0.3248730964467005
