var1,var2,var3,var4,var5,var6
0.019704433497536946,0.054187192118226604,0.07881773399014778,0.22660098522167488,0.27586206896551724,0.3448275862068966
