var1,var2,var3,var4,var5,var6
0.06043956043956044,0.07142857142857142,0.09340659340659341,0.10989010989010989,0.2692307692307692,0.3956043956043956
