var1,var2,var3,var4,var5,var6
0.02631578947368421,0.09210526315789473,0.13596491228070176,0.19736842105263158,0.23684210526315788,0.31140350877192985
