var1,var2,var3,var4,var5,var6
0.017391304347826087,0.0782608695652174,0.11304347826086956,0.1391304347826087,0.24347826086956523,0.40869565217391307
