var1,var2,var3,var4,var5,var6
0.024242424242424242,0.06666666666666667,0.15757575757575756,0.17575757575757575,0.2727272727272727,0.30303030303030304
