var1,var2,var3,var4,var5,var6
0.02926829268292683,0.0975609756097561,0.16585365853658537,0.2048780487804878,0.2146341463414634,0.28780487804878047
