var1,var2,var3,var4,var5,var6
0.055900621118012424,0.07453416149068323,0.08695652173913043,0.13664596273291926,0.2732919254658385,0.37267080745341613
