var1,var2,var3,var4,var5,var6
0.06989247311827956,0.11290322580645161,0.16666666666666666,0.1935483870967742,0.20430107526881722,0.25268817204301075
