var1,var2,var3,var4,var5,var6
0.03619909502262444,0.11312217194570136,0.14479638009049775,0.16289592760180996,0.22624434389140272,0.3167420814479638
