var1,var2,var3,var4,var5,var6
0.017699115044247787,0.061946902654867256,0.10619469026548672,0.19469026548672566,0.2920353982300885,0.3274336283185841
