var1,var2,var3,var4,var5,var6
0.028708133971291867,0.10047846889952153,0.12440191387559808,0.21052631578947367,0.2583732057416268,0.27751196172248804
