var1,var2,var3,var4,var5,var6
0.0273972602739726,0.07534246575342465,0.08904109589041095,0.13013698630136986,0.3287671232876712,0.3493150684931507
