var1,var2,var3,var4,var5,var6
0.017142857142857144,0.08,0.11428571428571428,0.1657142857142857,0.2571428571428571,0.3657142857142857
