var1,var2,var3,var4,var5,var6
0.029940119760479042,0.0718562874251497,0.11976047904191617,0.1437125748502994,0.23952095808383234,0.39520958083832336
