var1,var2,var3,var4,var5,var6
0.03496503496503497,0.0979020979020979,0.15384615384615385,0.18181818181818182,0.2097902097902098,0.32167832167832167
