var1,var2,var3,var4,var5,var6
0.019417475728155338,0.038834951456310676,0.07766990291262135,0.17475728155339806,0.2815533980582524,0.4077669902912621
