var1,var2,var3,var4,var5,var6
0.02040816326530612,0.05442176870748299,0.14285714285714285,0.19047619047619047,0.23129251700680273,0.36054421768707484
