var1,var2,var3,var4,var5,var6
0.030456852791878174,0.09644670050761421,0.1319796954314721,0.14720812182741116,0.25380710659898476,0.3401015228426396
