var1,var2,var3,var4,var5,var6
0.031088082901554404,0.06217616580310881,0.14507772020725387,0.16580310880829016,0.24352331606217617,0.35233160621761656
