var1,var2,var3,var4,var5,var6
0.04142011834319527,0.07100591715976332,0.1301775147928994,0.15384615384615385,0.21893491124260356,0.38461538461538464
