var1,var2,var3,var4,var5,var6
0.05128205128205128,0.14743589743589744,0.16025641025641027,0.17307692307692307,0.21794871794871795,0.25
