var1,var2,var3,var4,var5,var6
0.018691588785046728,0.06542056074766354,0.07476635514018691,0.16822429906542055,0.3177570093457944,0.35514018691588783
