var1,var2,var3,var4,var5,var6
0.10441767068273092,0.1285140562248996,0.14859437751004015,0.1686746987951807,0.18072289156626506,0.26907630522088355
