var1,var2,var3,var4,var5,var6
0.046948356807511735,0.11737089201877934,0.1596244131455399,0.20187793427230047,0.22065727699530516,0.2535211267605634
