var1,var2,var3,var4,var5,var6
0.08900523560209424,0.11518324607329843,0.1518324607329843,0.16753926701570682,0.21465968586387435,0.2617801047120419
