var1,var2,var3,var4,var5,var6
0.053475935828877004,0.06417112299465241,0.0962566844919786,0.15508021390374332,0.18181818181818182,0.44919786096256686
