var1,var2,var3,var4,var5,var6
0.020942408376963352,0.05235602094240838,0.15706806282722513,0.19895287958115182,0.2774869109947644,0.2931937172774869
