var1,var2,var3,var4,var5,var6
0.07246376811594203,0.11594202898550725,0.15942028985507245,0.17391304347826086,0.20772946859903382,0.27053140096618356
