var1,var2,var3,var4,var5,var6
0.018867924528301886,0.050314465408805034,0.06289308176100629,0.22641509433962265,0.25157232704402516,0.389937106918239
