var1,var2,var3,var4,var5,var6
0.05913978494623656,0.08064516129032258,0.0913978494623656,0.23655913978494625,0.25268817204301075,0.27956989247311825
