var1,var2,var3,var4,var5,var6
0.02912621359223301,0.05825242718446602,0.11650485436893204,0.1650485436893204,0.18446601941747573,0.44660194174757284
