var1,var2,var3,var4,var5,var6
0.01948051948051948,0.08441558441558442,0.16883116883116883,0.19480519480519481,0.24025974025974026,0.2922077922077922
