var1,var2,var3,var4,var5,var6
0.03821656050955414,0.050955414012738856,0.06369426751592357,0.14012738853503184,0.29936305732484075,0.40764331210191085
