var1,var2,var3,var4,var5,var6
0.026143790849673203,0.05228758169934641,0.1568627450980392,0.20261437908496732,0.27450980392156865,0.2875816993464052
