var1,var2,var3,var4,var5,var6
0.05172413793103448,0.07471264367816093,0.13793103448275862,0.16666666666666666,0.22413793103448276,0.3448275862068966
