var1,var2,var3,var4,var5,var6
0.010869565217391304,0.07065217391304347,0.10326086956521739,0.20652173913043478,0.24456521739130435,0.3641304347826087
