var1,var2,var3,var4,var5,var6
0.10062893081761007,0.11949685534591195,0.12578616352201258,0.16981132075471697,0.20125786163522014,0.2830188679245283
