var1,var2,var3,var4,var5,var6
0.03347280334728033,0.13389121338912133,0.14225941422594143,0.20920502092050208,0.2217573221757322,0.2594142259414226
