var1,var2,var3,var4,var5,var6
0.012578616352201259,0.03773584905660377,0.0880503144654088,0.1761006289308176,0.2830188679245283,0.4025157232704403
