var1,var2,var3,var4,var5,var6
0.01744186046511628,0.0755813953488372,0.16279069767441862,0.21511627906976744,0.25,0.27906976744186046
