var1,var2,var3,var4,var5,var6
0.05235602094240838,0.06806282722513089,0.18324607329842932,0.2094240837696335,0.2198952879581152,0.2670157068062827
