var1,var2,var3,var4,var5,var6
0.022222222222222223,0.0962962962962963,0.1259259259259259,0.13333333333333333,0.21481481481481482,0.4074074074074074
