var1,var2,var3,var4,var5,var6
0.025423728813559324,0.03389830508474576,0.11016949152542373,0.16101694915254236,0.288135593220339,0.3813559322033898
