var1,var2,var3,var4,var5,var6
0.09615384615384616,0.1346153846153846,0.15384615384615385,0.17307692307692307,0.20512820512820512,0.23717948717948717
