var1,var2,var3,var4,var5,var6
0.046153846153846156,0.12307692307692308,0.13333333333333333,0.19487179487179487,0.2358974358974359,0.26666666666666666
