var1,var2,var3,var4,var5,var6
0.02510460251046025,0.058577405857740586,0.1506276150627615,0.1589958158995816,0.26778242677824265,0.3389121338912134
