var1,var2,var3,var4,var5,var6
0.027972027972027972,0.1048951048951049,0.14685314685314685,0.16083916083916083,0.21678321678321677,0.34265734265734266
