var1,var2,var3,var4,var5,var6
0.016260162601626018,0.032520325203252036,0.0975609756097561,0.21138211382113822,0.25203252032520324,0.3902439024390244
