var1,var2,var3,var4,var5,var6
0.04225352112676056,0.1056338028169014,0.11971830985915492,0.14084507042253522,0.176056338028169,0.4154929577464789
