var1,var2,var3,var4,var5,var6
0.027210884353741496,0.06802721088435375,0.08163265306122448,0.16326530612244897,0.2789115646258503,0.38095238095238093
