var1,var2,var3,var4,var5,var6
0.05759162303664921,0.08376963350785341,0.14659685863874344,0.18848167539267016,0.25654450261780104,0.2670157068062827
