var1,var2,var3,var4,var5,var6
0.02040816326530612,0.05442176870748299,0.10884353741496598,0.1360544217687075,0.30612244897959184,0.3741496598639456
