var1,var2,var3,var4,var5,var6
0.0903954802259887,0.1016949152542373,0.12429378531073447,0.14124293785310735,0.24858757062146894,0.2937853107344633
