var1,var2,var3,var4,var5,var6
0.027972027972027972,0.07692307692307693,0.09090909090909091,0.13286713286713286,0.27972027972027974,0.3916083916083916
