var1,var2,var3,var4,var5,var6
0.08484848484848485,0.13333333333333333,0.14545454545454545,0.18181818181818182,0.20606060606060606,0.24848484848484848
