var1,var2,var3,var4,var5,var6
0.04602510460251046,0.08368200836820083,0.11297071129707113,0.15481171548117154,0.23430962343096234,0.3682008368200837
