var1,var2,var3,var4,var5,var6
0.021164021164021163,0.0582010582010582,0.14814814814814814,0.19047619047619047,0.2751322751322751,0.30687830687830686
