var1,var2,var3,var4,var5,var6
0.06572769953051644,0.07511737089201878,0.11737089201877934,0.22535211267605634,0.24413145539906103,0.27230046948356806
