var1,var2,var3,var4,var5,var6
0.012578616352201259,0.06289308176100629,0.1761006289308176,0.1949685534591195,0.2641509433962264,0.2893081761006289
