var1,var2,var3,var4,var5,var6
0.091324200913242,0.1187214611872146,0.1324200913242009,0.1963470319634703,0.2146118721461187,0.2465753424657534
