var1,var2,var3,var4,var5,var6
0.042735042735042736,0.05982905982905983,0.11965811965811966,0.15384615384615385,0.23931623931623933,0.38461538461538464
