var1,var2,var3,var4,var5,var6
0.032679738562091505,0.13725490196078433,0.16339869281045752,0.20261437908496732,0.2222222222222222,0.24183006535947713
