var1,var2,var3,var4,var5,var6
0.025806451612903226,0.07096774193548387,0.14193548387096774,0.15483870967741936,0.2064516129032258,0.4
