var1,var2,var3,var4,var5,var6
0.06060606060606061,0.13333333333333333,0.15151515151515152,0.15757575757575756,0.24242424242424243,0.2545454545454545
