var1,var2,var3,var4,var5,var6
0.037037037037037035,0.044444444444444446,0.08888888888888889,0.1037037037037037,0.2814814814814815,0.4444444444444444
