var1,var2,var3,var4,var5,var6
0.050955414012738856,0.10191082802547771,0.12101910828025478,0.14012738853503184,0.16560509554140126,0.42038216560509556
