var1,var2,var3,var4,var5,var6
0.009852216748768473,0.029556650246305417,0.08866995073891626,0.22660098522167488,0.270935960591133,0.37438423645320196
