var1,var2,var3,var4,var5,var6
0.022857142857142857,0.09714285714285714,0.14857142857142858,0.21714285714285714,0.22857142857142856,0.2857142857142857
