var1,var2,var3,var4,var5,var6
0.032520325203252036,0.04878048780487805,0.06504065040650407,0.1951219512195122,0.2845528455284553,0.37398373983739835
