var1,var2,var3,var4,var5,var6
0.06486486486486487,0.08648648648648649,0.10810810810810811,0.14054054054054055,0.2756756756756757,0.32432432432432434
