var1,var2,var3,var4,var5,var6
0.03076923076923077,0.09230769230769231,0.16923076923076924,0.20512820512820512,0.22564102564102564,0.27692307692307694
