var1,var2,var3,var4,var5,var6
0.09486166007905138,0.1225296442687747,0.17391304347826086,0.18181818181818182,0.1976284584980237,0.22924901185770752
