var1,var2,var3,var4,var5,var6
0.01990049751243781,0.029850746268656716,0.10945273631840796,0.13432835820895522,0.25870646766169153,0.44776119402985076
