var1,var2,var3,var4,var5,var6
0.11594202898550725,0.12560386473429952,0.1642512077294686,0.178743961352657,0.1932367149758454,0.2222222222222222
