var1,var2,var3,var4,var5,var6
0.11612903225806452,0.14193548387096774,0.15483870967741936,0.16774193548387098,0.2,0.21935483870967742
