var1,var2,var3,var4,var5,var6
0.022727272727272728,0.06818181818181818,0.13636363636363635,0.16666666666666666,0.25,0.3560606060606061
