var1,var2,var3,var4,var5,var6
0.061224489795918366,0.08163265306122448,0.08843537414965986,0.17687074829931973,0.19047619047619047,0.4013605442176871
