var1,var2,var3,var4,var5,var6
0.03333333333333333,0.08666666666666667,0.11333333333333333,0.19333333333333333,0.24,0.3333333333333333
