var1,var2,var3,var4,var5,var6
0.055900621118012424,0.08695652173913043,0.09937888198757763,0.13664596273291926,0.22981366459627328,0.391304347826087
