var1,var2,var3,var4,var5,var6
0.04522613065326633,0.06030150753768844,0.1306532663316583,0.21105527638190955,0.23115577889447236,0.32160804020100503
