var1,var2,var3,var4,var5,var6
0.01834862385321101,0.06880733944954129,0.11926605504587157,0.2018348623853211,0.24770642201834864,0.3440366972477064
