var1,var2,var3,var4,var5,var6
0.013793103448275862,0.09655172413793103,0.11724137931034483,0.16551724137931034,0.2896551724137931,0.31724137931034485
