var1,var2,var3,var4,var5,var6
0.0738255033557047,0.1476510067114094,0.1610738255033557,0.174496644295302,0.20134228187919462,0.24161073825503357
