var1,var2,var3,var4,var5,var6
0.07947019867549669,0.09933774834437085,0.10596026490066225,0.1456953642384106,0.2781456953642384,0.2913907284768212
