var1,var2,var3,var4,var5,var6
0.05426356589147287,0.06201550387596899,0.08527131782945736,0.15503875968992248,0.1937984496124031,0.4496124031007752
