var1,var2,var3,var4,var5,var6
0.017964071856287425,0.0718562874251497,0.08383233532934131,0.2275449101796407,0.2754491017964072,0.32335329341317365
