var1,var2,var3,var4,var5,var6
0.022222222222222223,0.044444444444444446,0.15555555555555556,0.21481481481481482,0.24444444444444444,0.31851851851851853
