var1,var2,var3,var4,var5,var6
0.100418410041841,0.12552301255230125,0.13389121338912133,0.17154811715481172,0.19246861924686193,0.27615062761506276
