var1,var2,var3,var4,var5,var6
0.03007518796992481,0.06015037593984962,0.07518796992481203,0.14285714285714285,0.22556390977443608,0.46616541353383456
