var1,var2,var3,var4,var5,var6
0.03361344537815126,0.05042016806722689,0.09243697478991597,0.10084033613445378,0.25210084033613445,0.47058823529411764
