var1,var2,var3,var4,var5,var6
0.02654867256637168,0.07079646017699115,0.12389380530973451,0.1592920353982301,0.17699115044247787,0.4424778761061947
