var1,var2,var3,var4,var5,var6
0.027777777777777776,0.06944444444444445,0.08333333333333333,0.1875,0.3055555555555556,0.3263888888888889
