var1,var2,var3,var4,var5,var6
0.1095890410958904,0.1278538812785388,0.1461187214611872,0.1689497716894977,0.182648401826484,0.2648401826484018
