var1,var2,var3,var4,var5,var6
0.013245033112582781,0.08609271523178808,0.13245033112582782,0.1986754966887417,0.26490066225165565,0.304635761589404
