var1,var2,var3,var4,var5,var6
0.02702702702702703,0.04054054054054054,0.13513513513513514,0.16666666666666666,0.28378378378378377,0.34684684684684686
