var1,var2,var3,var4,var5,var6
0.04830917874396135,0.10628019323671498,0.12560386473429952,0.1497584541062802,0.24154589371980675,0.3285024154589372
