var1,var2,var3,var4,var5,var6
0.027586206896551724,0.041379310344827586,0.15862068965517243,0.19310344827586207,0.2482758620689655,0.3310344827586207
