var1,var2,var3,var4,var5,var6
0.03488372093023256,0.06395348837209303,0.18023255813953487,0.19767441860465115,0.25,0.27325581395348836
