var1,var2,var3,var4,var5,var6
0.10566037735849057,0.11320754716981132,0.1509433962264151,0.1811320754716981,0.2037735849056604,0.24528301886792453
