var1,var2,var3,var4,var5,var6
0.03827751196172249,0.12440191387559808,0.13875598086124402,0.21052631578947367,0.22966507177033493,0.2583732057416268
