var1,var2,var3,var4,var5,var6
0.014598540145985401,0.06569343065693431,0.08759124087591241,0.11678832116788321,0.2773722627737226,0.43795620437956206
