var1,var2,var3,var4,var5,var6
0.024539877300613498,0.049079754601226995,0.147239263803681,0.15950920245398773,0.22699386503067484,0.39263803680981596
