var1,var2,var3,var4,var5,var6
0.03048780487804878,0.042682926829268296,0.06707317073170732,0.23170731707317074,0.25,0.3780487804878049
