var1,var2,var3,var4,var5,var6
0.027210884353741496,0.061224489795918366,0.10884353741496598,0.16326530612244897,0.21768707482993196,0.4217687074829932
