var1,var2,var3,var4,var5,var6
0.062111801242236024,0.12422360248447205,0.13664596273291926,0.2111801242236025,0.22981366459627328,0.2360248447204969
