var1,var2,var3,var4,var5,var6
0.07614213197969544,0.1116751269035533,0.17258883248730963,0.19289340101522842,0.20304568527918782,0.2436548223350254
