var1,var2,var3,var4,var5,var6
0.03827751196172249,0.06698564593301436,0.1339712918660287,0.15789473684210525,0.2583732057416268,0.3444976076555024
