var1,var2,var3,var4,var5,var6
0.025157232704402517,0.08176100628930817,0.10062893081761007,0.20125786163522014,0.25157232704402516,0.33962264150943394
