var1,var2,var3,var4,var5,var6
0.04419889502762431,0.08839779005524862,0.143646408839779,0.16022099447513813,0.26519337016574585,0.2983425414364641
