var1,var2,var3,var4,var5,var6
0.028985507246376812,0.11594202898550725,0.14009661835748793,0.18357487922705315,0.24154589371980675,0.2898550724637681
