var1,var2,var3,var4,var5,var6
0.09326424870466321,0.10362694300518134,0.11398963730569948,0.16062176165803108,0.23834196891191708,0.29015544041450775
