var1,var2,var3,var4,var5,var6
0.010256410256410256,0.046153846153846156,0.09230769230769231,0.15384615384615385,0.28717948717948716,0.41025641025641024
