var1,var2,var3,var4,var5,var6
0.04310344827586207,0.08620689655172414,0.11206896551724138,0.13793103448275862,0.21551724137931033,0.4051724137931034
