var1,var2,var3,var4,var5,var6
0.061611374407582936,0.0947867298578199,0.10426540284360189,0.17061611374407584,0.21800947867298578,0.35071090047393366
