var1,var2,var3,var4,var5,var6
0.020689655172413793,0.06896551724137931,0.12413793103448276,0.1793103448275862,0.2620689655172414,0.3448275862068966
