var1,var2,var3,var4,var5,var6
0.1004566210045662,0.1187214611872146,0.1461187214611872,0.1598173515981735,0.1917808219178082,0.2831050228310502
