var1,var2,var3,var4,var5,var6
0.02631578947368421,0.09649122807017543,0.14912280701754385,0.19298245614035087,0.20175438596491227,0.3333333333333333
