var1,var2,var3,var4,var5,var6
0.0670391061452514,0.0782122905027933,0.1340782122905028,0.17318435754189945,0.22346368715083798,0.3240223463687151
