var1,var2,var3,var4,var5,var6
0.02158273381294964,0.07194244604316546,0.11510791366906475,0.1223021582733813,0.31654676258992803,0.35251798561151076
