var1,var2,var3,var4,var5,var6
0.025380710659898477,0.06091370558375635,0.1319796954314721,0.16243654822335024,0.20304568527918782,0.41624365482233505
