var1,var2,var3,var4,var5,var6
0.03355704697986577,0.053691275167785234,0.12080536912751678,0.18791946308724833,0.28187919463087246,0.3221476510067114
