var1,var2,var3,var4,var5,var6
0.06629834254143646,0.07734806629834254,0.10497237569060773,0.15469613259668508,0.27624309392265195,0.32044198895027626
