var1,var2,var3,var4,var5,var6
0.07262569832402235,0.09497206703910614,0.12849162011173185,0.1564245810055866,0.21787709497206703,0.329608938547486
