var1,var2,var3,var4,var5,var6
0.03902439024390244,0.1073170731707317,0.12195121951219512,0.17560975609756097,0.1951219512195122,0.36097560975609755
