var1,var2,var3,var4,var5,var6
0.02097902097902098,0.06993006993006994,0.1258741258741259,0.22377622377622378,0.23776223776223776,0.32167832167832167
