var1,var2,var3,var4,var5,var6
0.02631578947368421,0.05263157894736842,0.13157894736842105,0.16666666666666666,0.2631578947368421,0.35964912280701755
