var1,var2,var3,var4,var5,var6
0.07738095238095238,0.10714285714285714,0.13690476190476192,0.19642857142857142,0.22023809523809523,0.2619047619047619
