var1,var2,var3,var4,var5,var6
0.006802721088435374,0.027210884353741496,0.12244897959183673,0.16326530612244897,0.29931972789115646,0.38095238095238093
