var1,var2,var3,var4,var5,var6
0.0962566844919786,0.11764705882352941,0.1497326203208556,0.18181818181818182,0.19786096256684493,0.25668449197860965
