var1,var2,var3,var4,var5,var6
0.03867403314917127,0.06077348066298342,0.12154696132596685,0.14917127071823205,0.2265193370165746,0.40331491712707185
