var1,var2,var3,var4,var5,var6
0.017777777777777778,0.057777777777777775,0.10666666666666667,0.19555555555555557,0.24,0.38222222222222224
