var1,var2,var3,var4,var5,var6
0.05847953216374269,0.07017543859649122,0.14035087719298245,0.15789473684210525,0.23391812865497075,0.3391812865497076
