var1,var2,var3,var4,var5,var6
0.015810276679841896,0.05928853754940711,0.1422924901185771,0.17391304347826086,0.25296442687747034,0.3557312252964427
