var1,var2,var3,var4,var5,var6
0.10526315789473684,0.1118421052631579,0.16447368421052633,0.17763157894736842,0.19736842105263158,0.24342105263157895
