var1,var2,var3,var4,var5,var6
0.03076923076923077,0.046153846153846156,0.12307692307692308,0.19487179487179487,0.27692307692307694,0.3282051282051282
