var1,var2,var3,var4,var5,var6
0.02962962962962963,0.05185185185185185,0.07407407407407407,0.14814814814814814,0.2814814814814815,0.4148148148148148
