var1,var2,var3,var4,var5,var6
0.031413612565445025,0.11518324607329843,0.16230366492146597,0.2094240837696335,0.2198952879581152,0.2617801047120419
