var1,var2,var3,var4,var5,var6
0.09405940594059406,0.12871287128712872,0.14356435643564355,0.18316831683168316,0.20297029702970298,0.24752475247524752
