var1,var2,var3,var4,var5,var6
0.037037037037037035,0.08465608465608465,0.15343915343915343,0.20634920634920634,0.24867724867724866,0.2698412698412698
