var1,var2,var3,var4,var5,var6
0.04516129032258064,0.07741935483870968,0.1032258064516129,0.12903225806451613,0.14193548387096774,0.5032258064516129
