var1,var2,var3,var4,var5,var6
0.058823529411764705,0.11764705882352941,0.15966386554621848,0.20168067226890757,0.226890756302521,0.23529411764705882
