var1,var2,var3,var4,var5,var6
0.022727272727272728,0.045454545454545456,0.12272727272727273,0.18636363636363637,0.2590909090909091,0.36363636363636365
