var1,var2,var3,var4,var5,var6
0.04895104895104895,0.06993006993006994,0.13986013986013987,0.18181818181818182,0.1958041958041958,0.36363636363636365
