var1,var2,var3,var4,var5,var6
0.04371584699453552,0.060109289617486336,0.08743169398907104,0.22950819672131148,0.25136612021857924,0.32786885245901637
