var1,var2,var3,var4,var5,var6
0.0319634703196347,0.045662100456621,0.1004566210045662,0.182648401826484,0.2648401826484018,0.3744292237442922
