var1,var2,var3,var4,var5,var6
0.06936416184971098,0.09248554913294797,0.1791907514450867,0.19653179190751446,0.2254335260115607,0.23699421965317918
