var1,var2,var3,var4,var5,var6
0.021052631578947368,0.042105263157894736,0.08421052631578947,0.18947368421052632,0.30526315789473685,0.35789473684210527
