var1,var2,var3,var4,var5,var6
0.05853658536585366,0.09268292682926829,0.14634146341463414,0.2,0.22926829268292684,0.2731707317073171
