var1,var2,var3,var4,var5,var6
0.02666666666666667,0.05333333333333334,0.1288888888888889,0.14222222222222222,0.3022222222222222,0.3466666666666667
