var1,var2,var3,var4,var5,var6
0.027972027972027972,0.03496503496503497,0.13986013986013987,0.15384615384615385,0.22377622377622378,0.4195804195804196
