var1,var2,var3,var4,var5,var6
0.027972027972027972,0.055944055944055944,0.0979020979020979,0.13986013986013987,0.3006993006993007,0.3776223776223776
