var1,var2,var3,var4,var5,var6
0.04926108374384237,0.059113300492610835,0.07881773399014778,0.2019704433497537,0.21674876847290642,0.39408866995073893
