var1,var2,var3,var4,var5,var6
0.025477707006369428,0.07643312101910828,0.14012738853503184,0.20382165605095542,0.2229299363057325,0.33121019108280253
