var1,var2,var3,var4,var5,var6
0.12807881773399016,0.13793103448275862,0.15270935960591134,0.16748768472906403,0.19704433497536947,0.21674876847290642
