var1,var2,var3,var4,var5,var6
0.10407239819004525,0.11764705882352941,0.167420814479638,0.17194570135746606,0.19004524886877827,0.248868778280543
