var1,var2,var3,var4,var5,var6
0.04,0.11333333333333333,0.18,0.19333333333333333,0.22666666666666666,0.24666666666666667
