var1,var2,var3,var4,var5,var6
0.05325443786982249,0.07692307692307693,0.08875739644970414,0.17159763313609466,0.24260355029585798,0.3668639053254438
