var1,var2,var3,var4,var5,var6
0.049019607843137254,0.058823529411764705,0.11764705882352941,0.18627450980392157,0.21568627450980393,0.37254901960784315
