var1,var2,var3,var4,var5,var6
0.031413612565445025,0.05235602094240838,0.08900523560209424,0.16753926701570682,0.28272251308900526,0.3769633507853403
