var1,var2,var3,var4,var5,var6
0.01990049751243781,0.06965174129353234,0.1044776119402985,0.15920398009950248,0.30845771144278605,0.3383084577114428
