var1,var2,var3,var4,var5,var6
0.04979253112033195,0.08713692946058091,0.15767634854771784,0.1991701244813278,0.2157676348547718,0.29045643153526973
