var1,var2,var3,var4,var5,var6
0.04827586206896552,0.06896551724137931,0.13793103448275862,0.1793103448275862,0.2413793103448276,0.32413793103448274
