var1,var2,var3,var4,var5,var6
0.07924528301886792,0.10566037735849057,0.17358490566037735,0.19622641509433963,0.2188679245283019,0.22641509433962265
