var1,var2,var3,var4,var5,var6
0.06569343065693431,0.072992700729927,0.16058394160583941,0.17518248175182483,0.20437956204379562,0.32116788321167883
