var1,var2,var3,var4,var5,var6
0.06437768240343347,0.10300429184549356,0.12017167381974249,0.1630901287553648,0.2317596566523605,0.31759656652360513
