var1,var2,var3,var4,var5,var6
0.02843601895734597,0.11374407582938388,0.17061611374407584,0.18009478672985782,0.2037914691943128,0.3033175355450237
