var1,var2,var3,var4,var5,var6
0.023715415019762844,0.08695652173913043,0.18181818181818182,0.20948616600790515,0.22134387351778656,0.2766798418972332
