var1,var2,var3,var4,var5,var6
0.015748031496062992,0.07874015748031496,0.10236220472440945,0.15748031496062992,0.2992125984251969,0.3464566929133858
