var1,var2,var3,var4,var5,var6
0.10424710424710425,0.13127413127413126,0.16216216216216217,0.16988416988416988,0.18532818532818532,0.2471042471042471
