var1,var2,var3,var4,var5,var6
0.02158273381294964,0.10071942446043165,0.17266187050359713,0.2014388489208633,0.2446043165467626,0.2589928057553957
