var1,var2,var3,var4,var5,var6
0.015267175572519083,0.05343511450381679,0.07633587786259542,0.15267175572519084,0.25190839694656486,0.45038167938931295
