var1,var2,var3,var4,var5,var6
0.02654867256637168,0.10619469026548672,0.12389380530973451,0.21238938053097345,0.24778761061946902,0.2831858407079646
