var1,var2,var3,var4,var5,var6
0.10945273631840796,0.12935323383084577,0.14925373134328357,0.18407960199004975,0.19900497512437812,0.22885572139303484
