var1,var2,var3,var4,var5,var6
0.01485148514851485,0.07425742574257425,0.16336633663366337,0.20297029702970298,0.25742574257425743,0.2871287128712871
