var1,var2,var3,var4,var5,var6
0.08917197452229299,0.10828025477707007,0.15286624203821655,0.16560509554140126,0.17834394904458598,0.3057324840764331
