var1,var2,var3,var4,var5,var6
0.02197802197802198,0.05128205128205128,0.13186813186813187,0.1391941391941392,0.2967032967032967,0.358974358974359
