var1,var2,var3,var4,var5,var6
0.044642857142857144,0.07142857142857142,0.08928571428571429,0.19642857142857142,0.25,0.3482142857142857
