var1,var2,var3,var4,var5,var6
0.021739130434782608,0.07246376811594203,0.13043478260869565,0.21014492753623187,0.2391304347826087,0.32608695652173914
