var1,var2,var3,var4,var5,var6
0.02912621359223301,0.05339805825242718,0.06796116504854369,0.22815533980582525,0.24757281553398058,0.3737864077669903
