var1,var2,var3,var4,var5,var6
0.03162055335968379,0.08695652173913043,0.1067193675889328,0.15810276679841898,0.23715415019762845,0.3794466403162055
