var1,var2,var3,var4,var5,var6
0.03424657534246575,0.0684931506849315,0.15753424657534246,0.2054794520547945,0.21232876712328766,0.3219178082191781
