var1,var2,var3,var4,var5,var6
0.045662100456621,0.091324200913242,0.1141552511415525,0.2191780821917808,0.2465753424657534,0.2831050228310502
