var1,var2,var3,var4,var5,var6
0.08552631578947369,0.09868421052631579,0.11842105263157894,0.13815789473684212,0.25,0.3092105263157895
