var1,var2,var3,var4,var5,var6
0.0234375,0.046875,0.078125,0.2265625,0.2421875,0.3828125
