var1,var2,var3,var4,var5,var6
0.09734513274336283,0.10619469026548672,0.12389380530973451,0.1415929203539823,0.17699115044247787,0.35398230088495575
