var1,var2,var3,var4,var5,var6
0.044444444444444446,0.05925925925925926,0.14074074074074075,0.16296296296296298,0.2518518518518518,0.34074074074074073
