var1,var2,var3,var4,var5,var6
0.08376963350785341,0.09424083769633508,0.1099476439790576,0.13612565445026178,0.2513089005235602,0.32460732984293195
