var1,var2,var3,var4,var5,var6
0.031446540880503145,0.0880503144654088,0.13836477987421383,0.1761006289308176,0.27672955974842767,0.2893081761006289
