var1,var2,var3,var4,var5,var6
0.047337278106508875,0.09467455621301775,0.11834319526627218,0.15976331360946747,0.28402366863905326,0.2958579881656805
