var1,var2,var3,var4,var5,var6
0.04020100502512563,0.05025125628140704,0.10050251256281408,0.11557788944723618,0.31155778894472363,0.38190954773869346
