var1,var2,var3,var4,var5,var6
0.024793388429752067,0.049586776859504134,0.08264462809917356,0.1652892561983471,0.30578512396694213,0.371900826446281
