var1,var2,var3,var4,var5,var6
0.06896551724137931,0.11494252873563218,0.14559386973180077,0.1685823754789272,0.20306513409961685,0.2988505747126437
