var1,var2,var3,var4,var5,var6
0.05847953216374269,0.08187134502923976,0.11695906432748537,0.13450292397660818,0.2807017543859649,0.32748538011695905
