var1,var2,var3,var4,var5,var6
0.051094890510948905,0.11678832116788321,0.13138686131386862,0.2116788321167883,0.23357664233576642,0.25547445255474455
