var1,var2,var3,var4,var5,var6
0.05660377358490566,0.1320754716981132,0.15723270440251572,0.1761006289308176,0.1949685534591195,0.2830188679245283
