var1,var2,var3,var4,var5,var6
0.024193548387096774,0.12903225806451613,0.14516129032258066,0.18548387096774194,0.23387096774193547,0.28225806451612906
