var1,var2,var3,var4,var5,var6
0.075,0.125,0.15,0.175,0.21666666666666667,0.25833333333333336
