var1,var2,var3,var4,var5,var6
0.03553299492385787,0.06091370558375635,0.15228426395939088,0.17258883248730963,0.2233502538071066,0.3553299492385787
