var1,var2,var3,var4,var5,var6
0.013824884792626729,0.055299539170506916,0.07373271889400922,0.2119815668202765,0.2488479262672811,0.39631336405529954
