var1,var2,var3,var4,var5,var6
0.05291005291005291,0.06878306878306878,0.14814814814814814,0.2328042328042328,0.24338624338624337,0.25396825396825395
