var1,var2,var3,var4,var5,var6
0.09821428571428571,0.10714285714285714,0.14285714285714285,0.16964285714285715,0.19642857142857142,0.2857142857142857
