var1,var2,var3,var4,var5,var6
0.033112582781456956,0.052980132450331126,0.1390728476821192,0.1986754966887417,0.2119205298013245,0.36423841059602646
