var1,var2,var3,var4,var5,var6
0.030837004405286344,0.07048458149779736,0.12334801762114538,0.16740088105726872,0.2643171806167401,0.3436123348017621
