var1,var2,var3,var4,var5,var6
0.0427807486631016,0.11764705882352941,0.13903743315508021,0.1925133689839572,0.24598930481283424,0.2620320855614973
