var1,var2,var3,var4,var5,var6
0.06474820143884892,0.07194244604316546,0.11510791366906475,0.15827338129496402,0.28776978417266186,0.302158273381295
