var1,var2,var3,var4,var5,var6
0.04132231404958678,0.05785123966942149,0.08264462809917356,0.10743801652892562,0.2975206611570248,0.4132231404958678
