var1,var2,var3,var4,var5,var6
0.012552301255230125,0.06694560669456066,0.1589958158995816,0.19246861924686193,0.27615062761506276,0.2928870292887029
