var1,var2,var3,var4,var5,var6
0.052132701421800945,0.14691943127962084,0.16113744075829384,0.1943127962085308,0.21800947867298578,0.22748815165876776
