var1,var2,var3,var4,var5,var6
0.04672897196261682,0.06542056074766354,0.102803738317757,0.1308411214953271,0.22429906542056074,0.42990654205607476
