var1,var2,var3,var4,var5,var6
0.03663003663003663,0.10622710622710622,0.12454212454212454,0.20512820512820512,0.2564102564102564,0.27106227106227104
