var1,var2,var3,var4,var5,var6
0.06486486486486487,0.08648648648648649,0.11891891891891893,0.2,0.22702702702702704,0.3027027027027027
