var1,var2,var3,var4,var5,var6
0.0223463687150838,0.1005586592178771,0.18435754189944134,0.18994413407821228,0.24581005586592178,0.2569832402234637
