var1,var2,var3,var4,var5,var6
0.029197080291970802,0.08029197080291971,0.145985401459854,0.20437956204379562,0.24817518248175183,0.291970802919708
