var1,var2,var3,var4,var5,var6
0.019305019305019305,0.04633204633204633,0.13127413127413126,0.16216216216216217,0.2702702702702703,0.37065637065637064
