var1,var2,var3,var4,var5,var6
0.09395973154362416,0.11409395973154363,0.1342281879194631,0.18791946308724833,0.20134228187919462,0.2684563758389262
