var1,var2,var3,var4,var5,var6
0.04830917874396135,0.12560386473429952,0.14009661835748793,0.1932367149758454,0.2318840579710145,0.2608695652173913
