var1,var2,var3,var4,var5,var6
0.07589285714285714,0.125,0.17410714285714285,0.18303571428571427,0.21428571428571427,0.22767857142857142
