var1,var2,var3,var4,var5,var6
0.01951219512195122,0.07804878048780488,0.16585365853658537,0.21951219512195122,0.23414634146341465,0.28292682926829266
