var1,var2,var3,var4,var5,var6
0.07692307692307693,0.08284023668639054,0.11242603550295859,0.14201183431952663,0.24260355029585798,0.3431952662721893
