var1,var2,var3,var4,var5,var6
0.06976744186046512,0.09302325581395349,0.10852713178294573,0.17054263565891473,0.21705426356589147,0.34108527131782945
