var1,var2,var3,var4,var5,var6
0.06369426751592357,0.14012738853503184,0.1592356687898089,0.18471337579617833,0.19745222929936307,0.25477707006369427
