var1,var2,var3,var4,var5,var6
0.03636363636363636,0.06060606060606061,0.08484848484848485,0.18787878787878787,0.20606060606060606,0.42424242424242425
