var1,var2,var3,var4,var5,var6
0.0421455938697318,0.06130268199233716,0.13793103448275862,0.1532567049808429,0.24521072796934865,0.36015325670498083
