var1,var2,var3,var4,var5,var6
0.0392156862745098,0.12418300653594772,0.13071895424836602,0.1503267973856209,0.22875816993464052,0.32679738562091504
