var1,var2,var3,var4,var5,var6
0.04975124378109453,0.08955223880597014,0.16417910447761194,0.1890547263681592,0.19900497512437812,0.30845771144278605
