var1,var2,var3,var4,var5,var6
0.10555555555555556,0.12777777777777777,0.15,0.18888888888888888,0.2,0.22777777777777777
