var1,var2,var3,var4,var5,var6
0.04864864864864865,0.12432432432432433,0.15135135135135136,0.1783783783783784,0.23243243243243245,0.2648648648648649
