var1,var2,var3,var4,var5,var6
0.08866995073891626,0.1330049261083744,0.14285714285714285,0.16748768472906403,0.22660098522167488,0.2413793103448276
