var1,var2,var3,var4,var5,var6
0.0234375,0.0390625,0.125,0.1953125,0.25,0.3671875
