var1,var2,var3,var4,var5,var6
0.03875968992248062,0.12403100775193798,0.15503875968992248,0.18604651162790697,0.20930232558139536,0.2868217054263566
