var1,var2,var3,var4,var5,var6
0.03211009174311927,0.05504587155963303,0.10091743119266056,0.23394495412844038,0.25229357798165136,0.3256880733944954
