var1,var2,var3,var4,var5,var6
0.023952095808383235,0.11976047904191617,0.16167664670658682,0.17964071856287425,0.25149700598802394,0.2634730538922156
