var1,var2,var3,var4,var5,var6
0.04824561403508772,0.14035087719298245,0.15350877192982457,0.18421052631578946,0.2236842105263158,0.25
