var1,var2,var3,var4,var5,var6
0.025,0.125,0.175,0.19166666666666668,0.225,0.25833333333333336
