var1,var2,var3,var4,var5,var6
0.07526881720430108,0.0913978494623656,0.12903225806451613,0.1774193548387097,0.20967741935483872,0.3172043010752688
