var1,var2,var3,var4,var5,var6
0.043243243243243246,0.12432432432432433,0.17297297297297298,0.1837837837837838,0.1945945945945946,0.2810810810810811
