var1,var2,var3,var4,var5,var6
0.0660377358490566,0.08490566037735849,0.10377358490566038,0.14150943396226415,0.2358490566037736,0.36792452830188677
