var1,var2,var3,var4,var5,var6
0.03763440860215054,0.10215053763440861,0.15591397849462366,0.1827956989247312,0.23118279569892472,0.2903225806451613
