var1,var2,var3,var4,var5,var6
0.019417475728155338,0.02912621359223301,0.11650485436893204,0.17475728155339806,0.21359223300970873,0.44660194174757284
