var1,var2,var3,var4,var5,var6
0.04827586206896552,0.08275862068965517,0.11724137931034483,0.23448275862068965,0.25517241379310346,0.2620689655172414
