var1,var2,var3,var4,var5,var6
0.043209876543209874,0.08641975308641975,0.09259259259259259,0.15432098765432098,0.2962962962962963,0.3271604938271605
