var1,var2,var3,var4,var5,var6
0.03954802259887006,0.05649717514124294,0.1016949152542373,0.12429378531073447,0.2711864406779661,0.4067796610169492
