var1,var2,var3,var4,var5,var6
0.043668122270742356,0.07860262008733625,0.10043668122270742,0.17467248908296942,0.28820960698689957,0.314410480349345
