var1,var2,var3,var4,var5,var6
0.015544041450777202,0.10362694300518134,0.12435233160621761,0.17616580310880828,0.25906735751295334,0.32124352331606215
