var1,var2,var3,var4,var5,var6
0.06557377049180328,0.13114754098360656,0.16393442622950818,0.17486338797814208,0.2185792349726776,0.2459016393442623
