var1,var2,var3,var4,var5,var6
0.08968609865470852,0.12556053811659193,0.14798206278026907,0.17937219730941703,0.19730941704035873,0.2600896860986547
