var1,var2,var3,var4,var5,var6
0.048484848484848485,0.08484848484848485,0.10303030303030303,0.15757575757575756,0.23030303030303031,0.37575757575757573
