var1,var2,var3,var4,var5,var6
0.07692307692307693,0.12307692307692308,0.13846153846153847,0.16923076923076924,0.22564102564102564,0.26666666666666666
