var1,var2,var3,var4,var5,var6
0.0365296803652968,0.1050228310502283,0.1598173515981735,0.2009132420091324,0.2237442922374429,0.273972602739726
