var1,var2,var3,var4,var5,var6
0.017045454545454544,0.14204545454545456,0.1534090909090909,0.19886363636363635,0.23295454545454544,0.2556818181818182
