var1,var2,var3,var4,var5,var6
0.018604651162790697,0.046511627906976744,0.07441860465116279,0.20465116279069767,0.2558139534883721,0.4
