var1,var2,var3,var4,var5,var6
0.017045454545454544,0.0625,0.10795454545454546,0.19886363636363635,0.25,0.36363636363636365
