var1,var2,var3,var4,var5,var6
0.04132231404958678,0.06611570247933884,0.12396694214876033,0.17355371900826447,0.2066115702479339,0.3884297520661157
