var1,var2,var3,var4,var5,var6
0.043137254901960784,0.14901960784313725,0.16470588235294117,0.18823529411764706,0.21176470588235294,0.24313725490196078
