var1,var2,var3,var4,var5,var6
0.015267175572519083,0.030534351145038167,0.1297709923664122,0.16793893129770993,0.2900763358778626,0.366412213740458
