var1,var2,var3,var4,var5,var6
0.029411764705882353,0.051470588235294115,0.15441176470588236,0.16176470588235295,0.22794117647058823,0.375
