var1,var2,var3,var4,var5,var6
0.03821656050955414,0.08917197452229299,0.16560509554140126,0.19745222929936307,0.24203821656050956,0.267515923566879
