var1,var2,var3,var4,var5,var6
0.038461538461538464,0.08791208791208792,0.13736263736263737,0.19230769230769232,0.25824175824175827,0.2857142857142857
