var1,var2,var3,var4,var5,var6
0.05825242718446602,0.06796116504854369,0.11650485436893204,0.1553398058252427,0.23300970873786409,0.36893203883495146
