var1,var2,var3,var4,var5,var6
0.022857142857142857,0.06857142857142857,0.10285714285714286,0.18857142857142858,0.25142857142857145,0.3657142857142857
