var1,var2,var3,var4,var5,var6
0.020512820512820513,0.05641025641025641,0.14358974358974358,0.2153846153846154,0.26666666666666666,0.29743589743589743
