var1,var2,var3,var4,var5,var6
0.058394160583941604,0.08759124087591241,0.10218978102189781,0.11678832116788321,0.2846715328467153,0.35036496350364965
