var1,var2,var3,var4,var5,var6
0.06666666666666667,0.08205128205128205,0.14358974358974358,0.18461538461538463,0.20512820512820512,0.31794871794871793
