var1,var2,var3,var4,var5,var6
0.015037593984962405,0.045112781954887216,0.13533834586466165,0.15789473684210525,0.21052631578947367,0.43609022556390975
