var1,var2,var3,var4,var5,var6
0.02857142857142857,0.05714285714285714,0.06666666666666667,0.13333333333333333,0.26666666666666666,0.44761904761904764
