var1,var2,var3,var4,var5,var6
0.013986013986013986,0.06993006993006994,0.09090909090909091,0.13986013986013987,0.32167832167832167,0.36363636363636365
