var1,var2,var3,var4,var5,var6
0.03333333333333333,0.05,0.13333333333333333,0.15833333333333333,0.2,0.425
