var1,var2,var3,var4,var5,var6
0.057971014492753624,0.07246376811594203,0.10144927536231885,0.15458937198067632,0.2898550724637681,0.32367149758454106
