var1,var2,var3,var4,var5,var6
0.03067484662576687,0.04294478527607362,0.15950920245398773,0.19631901840490798,0.27607361963190186,0.294478527607362
