var1,var2,var3,var4,var5,var6
0.022058823529411766,0.058823529411764705,0.10294117647058823,0.19117647058823528,0.2647058823529412,0.3602941176470588
