var1,var2,var3,var4,var5,var6
0.020833333333333332,0.0625,0.09027777777777778,0.1597222222222222,0.2361111111111111,0.4305555555555556
