var1,var2,var3,var4,var5,var6
0.04081632653061224,0.08163265306122448,0.09523809523809523,0.11564625850340136,0.29931972789115646,0.3673469387755102
