var1,var2,var3,var4,var5,var6
0.022556390977443608,0.07518796992481203,0.14285714285714285,0.17293233082706766,0.18796992481203006,0.39849624060150374
