var1,var2,var3,var4,var5,var6
0.022900763358778626,0.04580152671755725,0.07633587786259542,0.15267175572519084,0.2824427480916031,0.4198473282442748
