var1,var2,var3,var4,var5,var6
0.018867924528301886,0.06289308176100629,0.12578616352201258,0.1761006289308176,0.2893081761006289,0.3270440251572327
