var1,var2,var3,var4,var5,var6
0.022556390977443608,0.06015037593984962,0.07518796992481203,0.18796992481203006,0.2932330827067669,0.3609022556390977
