var1,var2,var3,var4,var5,var6
0.059113300492610835,0.08866995073891626,0.10837438423645321,0.15763546798029557,0.2413793103448276,0.3448275862068966
