var1,var2,var3,var4,var5,var6
0.017543859649122806,0.08187134502923976,0.1286549707602339,0.15204678362573099,0.2222222222222222,0.39766081871345027
