var1,var2,var3,var4,var5,var6
0.031746031746031744,0.09523809523809523,0.15873015873015872,0.1746031746031746,0.2328042328042328,0.30687830687830686
