var1,var2,var3,var4,var5,var6
0.01702127659574468,0.11914893617021277,0.16595744680851063,0.20425531914893616,0.2297872340425532,0.26382978723404255
