var1,var2,var3,var4,var5,var6
0.029556650246305417,0.054187192118226604,0.15763546798029557,0.16748768472906403,0.24630541871921183,0.3448275862068966
