var1,var2,var3,var4,var5,var6
0.0546875,0.078125,0.15625,0.1875,0.2265625,0.296875
