var1,var2,var3,var4,var5,var6
0.07547169811320754,0.13836477987421383,0.1509433962264151,0.18238993710691823,0.20125786163522014,0.25157232704402516
