var1,var2,var3,var4,var5,var6
0.026490066225165563,0.039735099337748346,0.10596026490066225,0.1986754966887417,0.271523178807947,0.3576158940397351
