var1,var2,var3,var4,var5,var6
0.0297029702970297,0.04950495049504951,0.09900990099009901,0.15841584158415842,0.24752475247524752,0.4158415841584158
