var1,var2,var3,var4,var5,var6
0.025906735751295335,0.05181347150259067,0.13989637305699482,0.17616580310880828,0.24352331606217617,0.3626943005181347
