var1,var2,var3,var4,var5,var6
0.02834008097165992,0.10526315789473684,0.15384615384615385,0.1700404858299595,0.25101214574898784,0.291497975708502
