var1,var2,var3,var4,var5,var6
0.024539877300613498,0.10429447852760736,0.13496932515337423,0.1656441717791411,0.25153374233128833,0.31901840490797545
