var1,var2,var3,var4,var5,var6
0.05925925925925926,0.07407407407407407,0.08888888888888889,0.1925925925925926,0.2740740740740741,0.3111111111111111
