var1,var2,var3,var4,var5,var6
0.01639344262295082,0.07650273224043716,0.1092896174863388,0.19672131147540983,0.25136612021857924,0.34972677595628415
