var1,var2,var3,var4,var5,var6
0.025477707006369428,0.06369426751592357,0.1464968152866242,0.19745222929936307,0.27388535031847133,0.2929936305732484
