var1,var2,var3,var4,var5,var6
0.011560693641618497,0.046242774566473986,0.08092485549132948,0.19653179190751446,0.26011560693641617,0.4046242774566474
