var1,var2,var3,var4,var5,var6
0.017391304347826087,0.06956521739130435,0.10434782608695652,0.1391304347826087,0.3217391304347826,0.34782608695652173
