var1,var2,var3,var4,var5,var6
0.054901960784313725,0.13333333333333333,0.16470588235294117,0.20392156862745098,0.21176470588235294,0.23137254901960785
