var1,var2,var3,var4,var5,var6
0.07655502392344497,0.12440191387559808,0.14354066985645933,0.16267942583732056,0.19617224880382775,0.2966507177033493
