var1,var2,var3,var4,var5,var6
0.03864734299516908,0.0966183574879227,0.11594202898550725,0.15942028985507245,0.18357487922705315,0.4057971014492754
