var1,var2,var3,var4,var5,var6
0.0718562874251497,0.10778443113772455,0.12574850299401197,0.15568862275449102,0.23952095808383234,0.2994011976047904
