var1,var2,var3,var4,var5,var6
0.027210884353741496,0.04081632653061224,0.10204081632653061,0.20408163265306123,0.2857142857142857,0.3401360544217687
