var1,var2,var3,var4,var5,var6
0.08383233532934131,0.10778443113772455,0.1377245508982036,0.20359281437125748,0.2155688622754491,0.25149700598802394
