var1,var2,var3,var4,var5,var6
0.08108108108108109,0.0990990990990991,0.10810810810810811,0.16216216216216217,0.21621621621621623,0.3333333333333333
