var1,var2,var3,var4,var5,var6
0.022222222222222223,0.044444444444444446,0.1259259259259259,0.21481481481481482,0.28888888888888886,0.3037037037037037
