var1,var2,var3,var4,var5,var6
0.02727272727272727,0.09090909090909091,0.13636363636363635,0.17272727272727273,0.18181818181818182,0.39090909090909093
