var1,var2,var3,var4,var5,var6
0.047619047619047616,0.06878306878306878,0.10582010582010581,0.21164021164021163,0.2751322751322751,0.291005291005291
