var1,var2,var3,var4,var5,var6
0.06329113924050633,0.09282700421940929,0.16877637130801687,0.2109704641350211,0.22784810126582278,0.23628691983122363
