var1,var2,var3,var4,var5,var6
0.024539877300613498,0.06134969325153374,0.0736196319018405,0.18404907975460122,0.27607361963190186,0.3803680981595092
