var1,var2,var3,var4,var5,var6
0.05223880597014925,0.08208955223880597,0.11940298507462686,0.1865671641791045,0.208955223880597,0.35074626865671643
