var1,var2,var3,var4,var5,var6
0.03902439024390244,0.0975609756097561,0.15609756097560976,0.2097560975609756,0.22439024390243903,0.2731707317073171
