var1,var2,var3,var4,var5,var6
0.06896551724137931,0.08866995073891626,0.1477832512315271,0.1625615763546798,0.24630541871921183,0.2857142857142857
