var1,var2,var3,var4,var5,var6
0.056074766355140186,0.09345794392523364,0.11214953271028037,0.14018691588785046,0.18691588785046728,0.411214953271028
