var1,var2,var3,var4,var5,var6
0.01652892561983471,0.03305785123966942,0.08264462809917356,0.19834710743801653,0.30578512396694213,0.36363636363636365
