var1,var2,var3,var4,var5,var6
0.026490066225165563,0.09271523178807947,0.16556291390728478,0.2052980132450331,0.24503311258278146,0.26490066225165565
