var1,var2,var3,var4,var5,var6
0.01948051948051948,0.05194805194805195,0.07792207792207792,0.24025974025974026,0.2532467532467532,0.35714285714285715
