var1,var2,var3,var4,var5,var6
0.030456852791878174,0.050761421319796954,0.12690355329949238,0.18274111675126903,0.28426395939086296,0.3248730964467005
