var1,var2,var3,var4,var5,var6
0.0392156862745098,0.10457516339869281,0.12418300653594772,0.1830065359477124,0.19607843137254902,0.35294117647058826
