var1,var2,var3,var4,var5,var6
0.047058823529411764,0.10588235294117647,0.14705882352941177,0.17647058823529413,0.22941176470588234,0.29411764705882354
