var1,var2,var3,var4,var5,var6
0.058394160583941604,0.08029197080291971,0.16058394160583941,0.1897810218978102,0.23357664233576642,0.2773722627737226
