var1,var2,var3,var4,var5,var6
0.022727272727272728,0.06060606060606061,0.14393939393939395,0.1590909090909091,0.21212121212121213,0.4015151515151515
