var1,var2,var3,var4,var5,var6
0.04878048780487805,0.0975609756097561,0.11382113821138211,0.17886178861788618,0.25203252032520324,0.3089430894308943
