var1,var2,var3,var4,var5,var6
0.0855614973262032,0.11764705882352941,0.1711229946524064,0.18716577540106952,0.21390374331550802,0.22459893048128343
