var1,var2,var3,var4,var5,var6
0.05185185185185185,0.11851851851851852,0.13333333333333333,0.14814814814814814,0.23703703703703705,0.3111111111111111
