var1,var2,var3,var4,var5,var6
0.12,0.13333333333333333,0.15555555555555556,0.17777777777777778,0.18666666666666668,0.22666666666666666
