var1,var2,var3,var4,var5,var6
0.05641025641025641,0.12307692307692308,0.13333333333333333,0.16923076923076924,0.21025641025641026,0.3076923076923077
