var1,var2,var3,var4,var5,var6
0.01904761904761905,0.05714285714285714,0.06666666666666667,0.11428571428571428,0.26666666666666666,0.47619047619047616
