var1,var2,var3,var4,var5,var6
0.022222222222222223,0.044444444444444446,0.08888888888888889,0.14814814814814814,0.26666666666666666,0.42962962962962964
