var1,var2,var3,var4,var5,var6
0.012903225806451613,0.07741935483870968,0.1032258064516129,0.12903225806451613,0.3161290322580645,0.36129032258064514
