var1,var2,var3,var4,var5,var6
0.03389830508474576,0.05649717514124294,0.14689265536723164,0.1864406779661017,0.2824858757062147,0.2937853107344633
