var1,var2,var3,var4,var5,var6
0.017964071856287425,0.07784431137724551,0.10778443113772455,0.17365269461077845,0.19760479041916168,0.4251497005988024
