var1,var2,var3,var4,var5,var6
0.022556390977443608,0.07518796992481203,0.09022556390977443,0.10526315789473684,0.2781954887218045,0.42857142857142855
