var1,var2,var3,var4,var5,var6
0.07784431137724551,0.09580838323353294,0.10778443113772455,0.11976047904191617,0.2694610778443114,0.32934131736526945
