var1,var2,var3,var4,var5,var6
0.019230769230769232,0.12179487179487179,0.17307692307692307,0.1987179487179487,0.22435897435897437,0.26282051282051283
