var1,var2,var3,var4,var5,var6
0.015789473684210527,0.14210526315789473,0.1736842105263158,0.17894736842105263,0.23157894736842105,0.2578947368421053
