var1,var2,var3,var4,var5,var6
0.024489795918367346,0.05714285714285714,0.1469387755102041,0.15510204081632653,0.27346938775510204,0.34285714285714286
