var1,var2,var3,var4,var5,var6
0.03731343283582089,0.11194029850746269,0.12686567164179105,0.1865671641791045,0.2462686567164179,0.291044776119403
