var1,var2,var3,var4,var5,var6
0.03305785123966942,0.05785123966942149,0.06611570247933884,0.1322314049586777,0.2975206611570248,0.4132231404958678
