var1,var2,var3,var4,var5,var6
0.04790419161676647,0.059880239520958084,0.08383233532934131,0.19760479041916168,0.2275449101796407,0.38323353293413176
