var1,var2,var3,var4,var5,var6
0.04430379746835443,0.08860759493670886,0.10759493670886076,0.20253164556962025,0.2721518987341772,0.2848101265822785
