var1,var2,var3,var4,var5,var6
0.07792207792207792,0.1038961038961039,0.14285714285714285,0.17316017316017315,0.23376623376623376,0.2683982683982684
