var1,var2,var3,var4,var5,var6
0.04477611940298507,0.11940298507462686,0.14925373134328357,0.1791044776119403,0.24875621890547264,0.25870646766169153
