var1,var2,var3,var4,var5,var6
0.03208556149732621,0.11764705882352941,0.13903743315508021,0.1443850267379679,0.20320855614973263,0.36363636363636365
