var1,var2,var3,var4,var5,var6
0.027906976744186046,0.08837209302325581,0.12093023255813953,0.22325581395348837,0.26046511627906976,0.27906976744186046
