var1,var2,var3,var4,var5,var6
0.01639344262295082,0.05737704918032787,0.13114754098360656,0.1557377049180328,0.23770491803278687,0.4016393442622951
