var1,var2,var3,var4,var5,var6
0.0449438202247191,0.056179775280898875,0.11235955056179775,0.14606741573033707,0.1797752808988764,0.4606741573033708
