var1,var2,var3,var4,var5,var6
0.04285714285714286,0.10714285714285714,0.12142857142857143,0.1357142857142857,0.2785714285714286,0.3142857142857143
