var1,var2,var3,var4,var5,var6
0.07909604519774012,0.096045197740113,0.13559322033898305,0.15819209039548024,0.192090395480226,0.3389830508474576
