var1,var2,var3,var4,var5,var6
0.03867403314917127,0.06629834254143646,0.13259668508287292,0.15469613259668508,0.2430939226519337,0.36464088397790057
