var1,var2,var3,var4,var5,var6
0.016666666666666666,0.08333333333333333,0.10555555555555556,0.1388888888888889,0.3055555555555556,0.35
