var1,var2,var3,var4,var5,var6
0.06060606060606061,0.08484848484848485,0.11515151515151516,0.21818181818181817,0.2545454545454545,0.26666666666666666
