var1,var2,var3,var4,var5,var6
0.06951871657754011,0.10695187165775401,0.12834224598930483,0.16042780748663102,0.22459893048128343,0.31016042780748665
