var1,var2,var3,var4,var5,var6
0.05,0.1,0.12777777777777777,0.17222222222222222,0.26666666666666666,0.2833333333333333
