var1,var2,var3,var4,var5,var6
0.022099447513812154,0.0718232044198895,0.13259668508287292,0.20994475138121546,0.26519337016574585,0.2983425414364641
