var1,var2,var3,var4,var5,var6
0.017316017316017316,0.12121212121212122,0.14285714285714285,0.2077922077922078,0.23376623376623376,0.27705627705627706
