var1,var2,var3,var4,var5,var6
0.0196078431372549,0.1111111111111111,0.1437908496732026,0.1830065359477124,0.2222222222222222,0.3202614379084967
