var1,var2,var3,var4,var5,var6
0.09467455621301775,0.11834319526627218,0.14201183431952663,0.15976331360946747,0.1893491124260355,0.2958579881656805
