var1,var2,var3,var4,var5,var6
0.01935483870967742,0.05806451612903226,0.18064516129032257,0.1935483870967742,0.22580645161290322,0.3225806451612903
