var1,var2,var3,var4,var5,var6
0.014778325123152709,0.07881773399014778,0.08866995073891626,0.12807881773399016,0.31527093596059114,0.37438423645320196
