var1,var2,var3,var4,var5,var6
0.04065040650406504,0.04878048780487805,0.06504065040650407,0.16260162601626016,0.24390243902439024,0.43902439024390244
