var1,var2,var3,var4,var5,var6
0.02702702702702703,0.07207207207207207,0.14414414414414414,0.16216216216216217,0.1981981981981982,0.3963963963963964
