var1,var2,var3,var4,var5,var6
0.05442176870748299,0.09523809523809523,0.10884353741496598,0.11564625850340136,0.272108843537415,0.35374149659863946
