var1,var2,var3,var4,var5,var6
0.023529411764705882,0.06470588235294118,0.11176470588235295,0.17058823529411765,0.27647058823529413,0.35294117647058826
