var1,var2,var3,var4,var5,var6
0.053475935828877004,0.06951871657754011,0.10695187165775401,0.22459893048128343,0.23529411764705882,0.31016042780748665
