var1,var2,var3,var4,var5,var6
0.04032258064516129,0.056451612903225805,0.11290322580645161,0.22580645161290322,0.25806451612903225,0.3064516129032258
