var1,var2,var3,var4,var5,var6
0.023622047244094488,0.12598425196850394,0.16535433070866143,0.18110236220472442,0.2283464566929134,0.2755905511811024
