var1,var2,var3,var4,var5,var6
0.024154589371980676,0.12560386473429952,0.1642512077294686,0.2028985507246377,0.21256038647342995,0.27053140096618356
