var1,var2,var3,var4,var5,var6
0.012578616352201259,0.0440251572327044,0.0880503144654088,0.1509433962264151,0.2893081761006289,0.41509433962264153
