var1,var2,var3,var4,var5,var6
0.013986013986013986,0.0979020979020979,0.16083916083916083,0.2097902097902098,0.23776223776223776,0.27972027972027974
