var1,var2,var3,var4,var5,var6
0.036036036036036036,0.06306306306306306,0.07207207207207207,0.1981981981981982,0.2882882882882883,0.34234234234234234
