var1,var2,var3,var4,var5,var6
0.0842911877394636,0.11494252873563218,0.14559386973180077,0.16091954022988506,0.19540229885057472,0.2988505747126437
