var1,var2,var3,var4,var5,var6
0.07253886010362694,0.08290155440414508,0.11398963730569948,0.16580310880829016,0.18134715025906736,0.38341968911917096
