var1,var2,var3,var4,var5,var6
0.05913978494623656,0.13440860215053763,0.15053763440860216,0.1774193548387097,0.1989247311827957,0.27956989247311825
