var1,var2,var3,var4,var5,var6
0.09053497942386832,0.11522633744855967,0.16049382716049382,0.18930041152263374,0.19753086419753085,0.24691358024691357
