var1,var2,var3,var4,var5,var6
0.024193548387096774,0.06451612903225806,0.12096774193548387,0.1774193548387097,0.28225806451612906,0.33064516129032256
