var1,var2,var3,var4,var5,var6
0.021164021164021163,0.031746031746031744,0.1111111111111111,0.19047619047619047,0.2857142857142857,0.35978835978835977
