var1,var2,var3,var4,var5,var6
0.044444444444444446,0.10222222222222223,0.12444444444444444,0.21333333333333335,0.2311111111111111,0.28444444444444444
