var1,var2,var3,var4,var5,var6
0.029940119760479042,0.03592814371257485,0.08383233532934131,0.2155688622754491,0.2874251497005988,0.3473053892215569
