var1,var2,var3,var4,var5,var6
0.04519774011299435,0.05649717514124294,0.1807909604519774,0.1977401129943503,0.24858757062146894,0.2711864406779661
