var1,var2,var3,var4,var5,var6
0.07462686567164178,0.11940298507462686,0.12935323383084577,0.13930348258706468,0.22885572139303484,0.30845771144278605
