var1,var2,var3,var4,var5,var6
0.03225806451612903,0.05161290322580645,0.15483870967741936,0.18064516129032257,0.2709677419354839,0.3096774193548387
