var1,var2,var3,var4,var5,var6
0.045454545454545456,0.07386363636363637,0.09090909090909091,0.19886363636363635,0.26704545454545453,0.32386363636363635
