var1,var2,var3,var4,var5,var6
0.009478672985781991,0.07582938388625593,0.16113744075829384,0.1943127962085308,0.26540284360189575,0.2938388625592417
