var1,var2,var3,var4,var5,var6
0.04145077720207254,0.07253886010362694,0.09326424870466321,0.15544041450777202,0.2538860103626943,0.38341968911917096
