var1,var2,var3,var4,var5,var6
0.06521739130434782,0.08152173913043478,0.11413043478260869,0.17391304347826086,0.20108695652173914,0.3641304347826087
