var1,var2,var3,var4,var5,var6
0.06763285024154589,0.09178743961352658,0.11594202898550725,0.1497584541062802,0.2608695652173913,0.3140096618357488
