var1,var2,var3,var4,var5,var6
0.03375527426160337,0.1350210970464135,0.14345991561181434,0.189873417721519,0.20253164556962025,0.29535864978902954
