var1,var2,var3,var4,var5,var6
0.0427807486631016,0.06951871657754011,0.10695187165775401,0.12299465240641712,0.3048128342245989,0.35294117647058826
