var1,var2,var3,var4,var5,var6
0.0273972602739726,0.04794520547945205,0.136986301369863,0.19863013698630136,0.2671232876712329,0.3219178082191781
