var1,var2,var3,var4,var5,var6
0.09049773755656108,0.11764705882352941,0.16289592760180996,0.18552036199095023,0.2171945701357466,0.22624434389140272
