var1,var2,var3,var4,var5,var6
0.06382978723404255,0.09574468085106383,0.1276595744680851,0.13829787234042554,0.18085106382978725,0.39361702127659576
