var1,var2,var3,var4,var5,var6
0.056910569105691054,0.06910569105691057,0.13008130081300814,0.15853658536585366,0.2804878048780488,0.3048780487804878
