var1,var2,var3,var4,var5,var6
0.042328042328042326,0.1164021164021164,0.12169312169312169,0.17989417989417988,0.26455026455026454,0.2751322751322751
