var1,var2,var3,var4,var5,var6
0.041916167664670656,0.10778443113772455,0.17964071856287425,0.20359281437125748,0.2275449101796407,0.23952095808383234
