var1,var2,var3,var4,var5,var6
0.08,0.10857142857142857,0.12571428571428572,0.16,0.25142857142857145,0.2742857142857143
