var1,var2,var3,var4,var5,var6
0.016260162601626018,0.032520325203252036,0.10569105691056911,0.16260162601626016,0.2926829268292683,0.3902439024390244
