var1,var2,var3,var4,var5,var6
0.028985507246376812,0.07971014492753623,0.11594202898550725,0.21014492753623187,0.2536231884057971,0.3115942028985507
