var1,var2,var3,var4,var5,var6
0.024390243902439025,0.07926829268292683,0.11585365853658537,0.22560975609756098,0.24390243902439024,0.31097560975609756
