var1,var2,var3,var4,var5,var6
0.05025125628140704,0.1306532663316583,0.1507537688442211,0.16080402010050251,0.23618090452261306,0.271356783919598
