var1,var2,var3,var4,var5,var6
0.05228758169934641,0.0784313725490196,0.10457516339869281,0.12418300653594772,0.27450980392156865,0.3660130718954248
