var1,var2,var3,var4,var5,var6
0.07973421926910298,0.10631229235880399,0.1461794019933555,0.2059800664451827,0.21926910299003322,0.2425249169435216
