var1,var2,var3,var4,var5,var6
0.04929577464788732,0.14084507042253522,0.15492957746478872,0.19718309859154928,0.21830985915492956,0.23943661971830985
