var1,var2,var3,var4,var5,var6
0.022556390977443608,0.045112781954887216,0.15037593984962405,0.18796992481203006,0.24060150375939848,0.3533834586466165
