var1,var2,var3,var4,var5,var6
0.06918238993710692,0.0880503144654088,0.10062893081761007,0.11320754716981132,0.2893081761006289,0.33962264150943394
