var1,var2,var3,var4,var5,var6
0.03468208092485549,0.10404624277456648,0.12716763005780346,0.18497109826589594,0.1907514450867052,0.3583815028901734
