var1,var2,var3,var4,var5,var6
0.03255813953488372,0.10232558139534884,0.1813953488372093,0.19534883720930232,0.2186046511627907,0.26976744186046514
