var1,var2,var3,var4,var5,var6
0.036231884057971016,0.10144927536231885,0.11594202898550725,0.13043478260869565,0.18840579710144928,0.427536231884058
