var1,var2,var3,var4,var5,var6
0.026490066225165563,0.039735099337748346,0.17880794701986755,0.1986754966887417,0.25165562913907286,0.304635761589404
