var1,var2,var3,var4,var5,var6
0.0425531914893617,0.0851063829787234,0.18439716312056736,0.19858156028368795,0.2127659574468085,0.2765957446808511
