var1,var2,var3,var4,var5,var6
0.07100591715976332,0.08284023668639054,0.08875739644970414,0.20118343195266272,0.2603550295857988,0.2958579881656805
