var1,var2,var3,var4,var5,var6
0.0966183574879227,0.10628019323671498,0.17391304347826086,0.178743961352657,0.21256038647342995,0.2318840579710145
