var1,var2,var3,var4,var5,var6
0.026785714285714284,0.05357142857142857,0.09821428571428571,0.21428571428571427,0.25,0.35714285714285715
