var1,var2,var3,var4,var5,var6
0.06635071090047394,0.10900473933649289,0.16113744075829384,0.1895734597156398,0.1990521327014218,0.27488151658767773
