var1,var2,var3,var4,var5,var6
0.04516129032258064,0.07096774193548387,0.0967741935483871,0.2064516129032258,0.2838709677419355,0.2967741935483871
