var1,var2,var3,var4,var5,var6
0.05128205128205128,0.07051282051282051,0.11538461538461539,0.16025641025641027,0.25,0.3525641025641026
