var1,var2,var3,var4,var5,var6
0.04522613065326633,0.11557788944723618,0.1708542713567839,0.19597989949748743,0.21105527638190955,0.2613065326633166
