var1,var2,var3,var4,var5,var6
0.06134969325153374,0.11042944785276074,0.15950920245398773,0.17791411042944785,0.2331288343558282,0.25766871165644173
