var1,var2,var3,var4,var5,var6
0.06369426751592357,0.09554140127388536,0.14012738853503184,0.17834394904458598,0.21656050955414013,0.3057324840764331
