var1,var2,var3,var4,var5,var6
0.03816793893129771,0.061068702290076333,0.07633587786259542,0.22900763358778625,0.2366412213740458,0.35877862595419846
