var1,var2,var3,var4,var5,var6
0.0330188679245283,0.05188679245283019,0.08018867924528301,0.23113207547169812,0.25471698113207547,0.3490566037735849
