var1,var2,var3,var4,var5,var6
0.02403846153846154,0.038461538461538464,0.1346153846153846,0.16826923076923078,0.28365384615384615,0.35096153846153844
