var1,var2,var3,var4,var5,var6
0.020689655172413793,0.05517241379310345,0.1724137931034483,0.18620689655172415,0.2689655172413793,0.296551724137931
