var1,var2,var3,var4,var5,var6
0.04419889502762431,0.06629834254143646,0.11602209944751381,0.1878453038674033,0.2430939226519337,0.3425414364640884
