var1,var2,var3,var4,var5,var6
0.055248618784530384,0.07734806629834254,0.11049723756906077,0.17679558011049723,0.2596685082872928,0.32044198895027626
