var1,var2,var3,var4,var5,var6
0.03546099290780142,0.09219858156028368,0.16312056737588654,0.2127659574468085,0.23404255319148937,0.2624113475177305
