var1,var2,var3,var4,var5,var6
0.05442176870748299,0.10884353741496598,0.14965986394557823,0.1836734693877551,0.21768707482993196,0.2857142857142857
