var1,var2,var3,var4,var5,var6
0.11961722488038277,0.1291866028708134,0.16267942583732056,0.18181818181818182,0.19617224880382775,0.21052631578947367
