var1,var2,var3,var4,var5,var6
0.032520325203252036,0.08943089430894309,0.15447154471544716,0.17886178861788618,0.2032520325203252,0.34146341463414637
