var1,var2,var3,var4,var5,var6
0.07112970711297072,0.09205020920502092,0.17573221757322174,0.200836820083682,0.20920502092050208,0.2510460251046025
