var1,var2,var3,var4,var5,var6
0.052941176470588235,0.07058823529411765,0.15294117647058825,0.18235294117647058,0.21764705882352942,0.3235294117647059
