var1,var2,var3,var4,var5,var6
0.021897810218978103,0.08759124087591241,0.16058394160583941,0.21897810218978103,0.23357664233576642,0.2773722627737226
