var1,var2,var3,var4,var5,var6
0.010810810810810811,0.04864864864864865,0.14054054054054055,0.17297297297297298,0.2594594594594595,0.3675675675675676
