var1,var2,var3,var4,var5,var6
0.039525691699604744,0.04743083003952569,0.12648221343873517,0.19367588932806323,0.2845849802371542,0.308300395256917
