var1,var2,var3,var4,var5,var6
0.025806451612903226,0.03225806451612903,0.11612903225806452,0.24516129032258063,0.25806451612903225,0.3225806451612903
