var1,var2,var3,var4,var5,var6
0.047619047619047616,0.09523809523809523,0.12244897959183673,0.14965986394557823,0.2108843537414966,0.3741496598639456
