var1,var2,var3,var4,var5,var6
0.050955414012738856,0.08280254777070063,0.11464968152866242,0.18471337579617833,0.2611464968152866,0.3057324840764331
