var1,var2,var3,var4,var5,var6
0.05970149253731343,0.1044776119402985,0.11940298507462686,0.14925373134328357,0.24875621890547264,0.31840796019900497
