var1,var2,var3,var4,var5,var6
0.041666666666666664,0.09722222222222222,0.13194444444444445,0.18055555555555555,0.24305555555555555,0.3055555555555556
