var1,var2,var3,var4,var5,var6
0.052884615384615384,0.07692307692307693,0.09134615384615384,0.22596153846153846,0.2548076923076923,0.2980769230769231
