var1,var2,var3,var4,var5,var6
0.03468208092485549,0.046242774566473986,0.10404624277456648,0.16184971098265896,0.3179190751445087,0.3352601156069364
