var1,var2,var3,var4,var5,var6
0.022857142857142857,0.06285714285714286,0.09142857142857143,0.17142857142857143,0.30857142857142855,0.34285714285714286
