var1,var2,var3,var4,var5,var6
0.01702127659574468,0.04680851063829787,0.13617021276595745,0.1702127659574468,0.28085106382978725,0.34893617021276596
