var1,var2,var3,var4,var5,var6
0.04035874439461883,0.1031390134529148,0.12556053811659193,0.21973094170403587,0.23318385650224216,0.27802690582959644
