var1,var2,var3,var4,var5,var6
0.06153846153846154,0.07179487179487179,0.15384615384615385,0.19487179487179487,0.24615384615384617,0.2717948717948718
