var1,var2,var3,var4,var5,var6
0.0546448087431694,0.06557377049180328,0.12568306010928962,0.15846994535519127,0.2896174863387978,0.30601092896174864
