var1,var2,var3,var4,var5,var6
0.030456852791878174,0.07106598984771574,0.09644670050761421,0.1116751269035533,0.3147208121827411,0.3756345177664975
