var1,var2,var3,var4,var5,var6
0.02127659574468085,0.05531914893617021,0.11914893617021277,0.19148936170212766,0.2723404255319149,0.3404255319148936
