var1,var2,var3,var4,var5,var6
0.08870967741935484,0.12096774193548387,0.12903225806451613,0.1532258064516129,0.20161290322580644,0.3064516129032258
