var1,var2,var3,var4,var5,var6
0.05952380952380952,0.07142857142857142,0.09523809523809523,0.23214285714285715,0.2619047619047619,0.27976190476190477
