var1,var2,var3,var4,var5,var6
0.05925925925925926,0.0962962962962963,0.1037037037037037,0.11851851851851852,0.26666666666666666,0.35555555555555557
