var1,var2,var3,var4,var5,var6
0.07975460122699386,0.09815950920245399,0.12269938650306748,0.19631901840490798,0.24539877300613497,0.25766871165644173
