var1,var2,var3,var4,var5,var6
0.053811659192825115,0.06278026905829596,0.11210762331838565,0.20179372197309417,0.26905829596412556,0.3004484304932735
