var1,var2,var3,var4,var5,var6
0.08955223880597014,0.09950248756218906,0.12437810945273632,0.13930348258706468,0.1691542288557214,0.3781094527363184
