var1,var2,var3,var4,var5,var6
0.00975609756097561,0.04878048780487805,0.13170731707317074,0.16585365853658537,0.28292682926829266,0.36097560975609755
