var1,var2,var3,var4,var5,var6
0.03773584905660377,0.07547169811320754,0.10377358490566038,0.12264150943396226,0.24528301886792453,0.41509433962264153
