var1,var2,var3,var4,var5,var6
0.05161290322580645,0.07096774193548387,0.07741935483870968,0.1935483870967742,0.2967741935483871,0.3096774193548387
