var1,var2,var3,var4,var5,var6
0.017964071856287425,0.059880239520958084,0.09580838323353294,0.17964071856287425,0.2994011976047904,0.3473053892215569
