var1,var2,var3,var4,var5,var6
0.0759493670886076,0.10126582278481013,0.12658227848101267,0.1940928270042194,0.24050632911392406,0.2616033755274262
