var1,var2,var3,var4,var5,var6
0.0335195530726257,0.12290502793296089,0.1787709497206704,0.18435754189944134,0.2011173184357542,0.27932960893854747
