var1,var2,var3,var4,var5,var6
0.05405405405405406,0.07207207207207207,0.11711711711711711,0.14414414414414414,0.25225225225225223,0.36036036036036034
