var1,var2,var3,var4,var5,var6
0.0326530612244898,0.0653061224489796,0.12244897959183673,0.20408163265306123,0.27755102040816326,0.2979591836734694
