var1,var2,var3,var4,var5,var6
0.03676470588235294,0.051470588235294115,0.07352941176470588,0.1323529411764706,0.3014705882352941,0.40441176470588236
