var1,var2,var3,var4,var5,var6
0.012738853503184714,0.12738853503184713,0.17197452229299362,0.1910828025477707,0.22929936305732485,0.267515923566879
