var1,var2,var3,var4,var5,var6
0.05405405405405406,0.07432432432432433,0.11486486486486487,0.19594594594594594,0.2635135135135135,0.2972972972972973
