var1,var2,var3,var4,var5,var6
0.04861111111111111,0.125,0.13194444444444445,0.1527777777777778,0.1875,0.3541666666666667
