var1,var2,var3,var4,var5,var6
0.031055900621118012,0.049689440993788817,0.12422360248447205,0.18633540372670807,0.2236024844720497,0.38509316770186336
