var1,var2,var3,var4,var5,var6
0.055944055944055944,0.07692307692307693,0.08391608391608392,0.18181818181818182,0.2937062937062937,0.3076923076923077
