var1,var2,var3,var4,var5,var6
0.03278688524590164,0.07650273224043716,0.12021857923497267,0.1366120218579235,0.30601092896174864,0.32786885245901637
