var1,var2,var3,var4,var5,var6
0.03787878787878788,0.09848484848484848,0.15151515151515152,0.17424242424242425,0.20454545454545456,0.3333333333333333
