var1,var2,var3,var4,var5,var6
0.10810810810810811,0.12972972972972974,0.14594594594594595,0.17297297297297298,0.21621621621621623,0.22702702702702704
