var1,var2,var3,var4,var5,var6
0.12549019607843137,0.13725490196078433,0.1568627450980392,0.16470588235294117,0.2,0.21568627450980393
