var1,var2,var3,var4,var5,var6
0.024390243902439025,0.06504065040650407,0.0975609756097561,0.13008130081300814,0.23577235772357724,0.44715447154471544
