var1,var2,var3,var4,var5,var6
0.03076923076923077,0.05128205128205128,0.14871794871794872,0.19487179487179487,0.2564102564102564,0.31794871794871793
