var1,var2,var3,var4,var5,var6
0.013422818791946308,0.09395973154362416,0.14093959731543623,0.1476510067114094,0.21476510067114093,0.38926174496644295
