var1,var2,var3,var4,var5,var6
0.05472636815920398,0.0945273631840796,0.11940298507462686,0.15422885572139303,0.2537313432835821,0.32338308457711445
