var1,var2,var3,var4,var5,var6
0.027586206896551724,0.05517241379310345,0.12413793103448276,0.16551724137931034,0.2689655172413793,0.3586206896551724
