var1,var2,var3,var4,var5,var6
0.04195804195804196,0.11188811188811189,0.13986013986013987,0.16783216783216784,0.20279720279720279,0.3356643356643357
