var1,var2,var3,var4,var5,var6
0.022641509433962263,0.07924528301886792,0.14339622641509434,0.1509433962264151,0.25660377358490566,0.3471698113207547
