var1,var2,var3,var4,var5,var6
0.09523809523809523,0.12169312169312169,0.13756613756613756,0.1693121693121693,0.17989417989417988,0.2962962962962963
