var1,var2,var3,var4,var5,var6
0.03463203463203463,0.09956709956709957,0.13852813852813853,0.15151515151515152,0.24675324675324675,0.329004329004329
