var1,var2,var3,var4,var5,var6
0.030534351145038167,0.061068702290076333,0.07633587786259542,0.22137404580152673,0.24427480916030533,0.366412213740458
