var1,var2,var3,var4,var5,var6
0.0375,0.10625,0.1375,0.15625,0.25,0.3125
