var1,var2,var3,var4,var5,var6
0.0091324200913242,0.0821917808219178,0.1552511415525114,0.1963470319634703,0.2648401826484018,0.2922374429223744
