var1,var2,var3,var4,var5,var6
0.019867549668874173,0.052980132450331126,0.11258278145695365,0.19205298013245034,0.2582781456953642,0.36423841059602646
