var1,var2,var3,var4,var5,var6
0.03225806451612903,0.09032258064516129,0.14838709677419354,0.1935483870967742,0.25806451612903225,0.27741935483870966
