var1,var2,var3,var4,var5,var6
0.09523809523809523,0.14285714285714285,0.14965986394557823,0.19047619047619047,0.20408163265306123,0.21768707482993196
