var1,var2,var3,var4,var5,var6
0.07329842931937172,0.1099476439790576,0.13612565445026178,0.19895287958115182,0.23036649214659685,0.2513089005235602
