var1,var2,var3,var4,var5,var6
0.027972027972027972,0.08391608391608392,0.13986013986013987,0.14685314685314685,0.26573426573426573,0.3356643356643357
