var1,var2,var3,var4,var5,var6
0.01990049751243781,0.07462686567164178,0.15920398009950248,0.19900497512437812,0.25870646766169153,0.2885572139303483
