var1,var2,var3,var4,var5,var6
0.03286384976525822,0.07511737089201878,0.1267605633802817,0.22065727699530516,0.24413145539906103,0.3004694835680751
