var1,var2,var3,var4,var5,var6
0.038834951456310676,0.07766990291262135,0.1553398058252427,0.20388349514563106,0.21359223300970873,0.3106796116504854
