var1,var2,var3,var4,var5,var6
0.05172413793103448,0.06321839080459771,0.09195402298850575,0.21264367816091953,0.28160919540229884,0.2988505747126437
