var1,var2,var3,var4,var5,var6
0.04519774011299435,0.05649717514124294,0.15819209039548024,0.1807909604519774,0.2711864406779661,0.288135593220339
