var1,var2,var3,var4,var5,var6
0.0784313725490196,0.1411764705882353,0.16470588235294117,0.1843137254901961,0.19607843137254902,0.23529411764705882
