var1,var2,var3,var4,var5,var6
0.02926829268292683,0.08292682926829269,0.17560975609756097,0.18536585365853658,0.22439024390243903,0.3024390243902439
