var1,var2,var3,var4,var5,var6
0.037267080745341616,0.049689440993788817,0.07453416149068323,0.2111801242236025,0.22981366459627328,0.39751552795031053
