var1,var2,var3,var4,var5,var6
0.023622047244094488,0.06299212598425197,0.11023622047244094,0.14173228346456693,0.15748031496062992,0.5039370078740157
