var1,var2,var3,var4,var5,var6
0.03184713375796178,0.050955414012738856,0.07006369426751592,0.1592356687898089,0.28662420382165604,0.4012738853503185
