var1,var2,var3,var4,var5,var6
0.058823529411764705,0.1443850267379679,0.15508021390374332,0.18181818181818182,0.19786096256684493,0.2620320855614973
