var1,var2,var3,var4,var5,var6
0.021897810218978103,0.0364963503649635,0.10948905109489052,0.16058394160583941,0.2773722627737226,0.39416058394160586
