var1,var2,var3,var4,var5,var6
0.022727272727272728,0.045454545454545456,0.10606060606060606,0.1893939393939394,0.2803030303030303,0.3560606060606061
