var1,var2,var3,var4,var5,var6
0.013605442176870748,0.047619047619047616,0.09523809523809523,0.21768707482993196,0.2857142857142857,0.3401360544217687
