var1,var2,var3,var4,var5,var6
0.11464968152866242,0.12738853503184713,0.14012738853503184,0.1910828025477707,0.19745222929936307,0.22929936305732485
