var1,var2,var3,var4,var5,var6
0.04597701149425287,0.07471264367816093,0.14942528735632185,0.1839080459770115,0.26436781609195403,0.28160919540229884
