var1,var2,var3,var4,var5,var6
0.05188679245283019,0.09433962264150944,0.1650943396226415,0.21226415094339623,0.22641509433962265,0.25
