var1,var2,var3,var4,var5,var6
0.030534351145038167,0.07633587786259542,0.1297709923664122,0.1984732824427481,0.21374045801526717,0.3511450381679389
