var1,var2,var3,var4,var5,var6
0.06451612903225806,0.08602150537634409,0.12903225806451613,0.17204301075268819,0.20430107526881722,0.34408602150537637
