var1,var2,var3,var4,var5,var6
0.023668639053254437,0.0650887573964497,0.08284023668639054,0.14201183431952663,0.31952662721893493,0.3668639053254438
