var1,var2,var3,var4,var5,var6
0.02877697841726619,0.10071942446043165,0.11510791366906475,0.17985611510791366,0.2589928057553957,0.31654676258992803
