var1,var2,var3,var4,var5,var6
0.017341040462427744,0.046242774566473986,0.15028901734104047,0.16184971098265896,0.24277456647398843,0.3815028901734104
