var1,var2,var3,var4,var5,var6
0.018957345971563982,0.11374407582938388,0.14691943127962084,0.1990521327014218,0.23696682464454977,0.2843601895734597
