var1,var2,var3,var4,var5,var6
0.0273224043715847,0.03825136612021858,0.09289617486338798,0.24043715846994534,0.26229508196721313,0.33879781420765026
