var1,var2,var3,var4,var5,var6
0.017094017094017096,0.03418803418803419,0.09401709401709402,0.15384615384615385,0.3076923076923077,0.39316239316239315
