var1,var2,var3,var4,var5,var6
0.031496062992125984,0.06299212598425197,0.12598425196850394,0.1732283464566929,0.2283464566929134,0.3779527559055118
