var1,var2,var3,var4,var5,var6
0.025806451612903226,0.06451612903225806,0.08387096774193549,0.1870967741935484,0.2838709677419355,0.3548387096774194
