var1,var2,var3,var4,var5,var6
0.06896551724137931,0.09655172413793103,0.18620689655172415,0.19310344827586207,0.20689655172413793,0.2482758620689655
