var1,var2,var3,var4,var5,var6
0.013245033112582781,0.0728476821192053,0.11258278145695365,0.23841059602649006,0.2582781456953642,0.304635761589404
