var1,var2,var3,var4,var5,var6
0.03076923076923077,0.09230769230769231,0.11538461538461539,0.13076923076923078,0.23076923076923078,0.4
