var1,var2,var3,var4,var5,var6
0.050314465408805034,0.06918238993710692,0.1509433962264151,0.2138364779874214,0.2389937106918239,0.27672955974842767
