var1,var2,var3,var4,var5,var6
0.07174887892376682,0.10762331838565023,0.13452914798206278,0.15246636771300448,0.2556053811659193,0.27802690582959644
