var1,var2,var3,var4,var5,var6
0.05235602094240838,0.07329842931937172,0.11518324607329843,0.16230366492146597,0.28272251308900526,0.31413612565445026
