var1,var2,var3,var4,var5,var6
0.04435483870967742,0.07661290322580645,0.1774193548387097,0.18951612903225806,0.22580645161290322,0.2862903225806452
