var1,var2,var3,var4,var5,var6
0.03508771929824561,0.0935672514619883,0.10526315789473684,0.2222222222222222,0.23976608187134502,0.30409356725146197
