var1,var2,var3,var4,var5,var6
0.03496503496503497,0.0979020979020979,0.11188811188811189,0.16083916083916083,0.2517482517482518,0.34265734265734266
