var1,var2,var3,var4,var5,var6
0.050955414012738856,0.08280254777070063,0.10191082802547771,0.17834394904458598,0.1910828025477707,0.39490445859872614
