var1,var2,var3,var4,var5,var6
0.05365853658536585,0.08292682926829269,0.11219512195121951,0.17560975609756097,0.25365853658536586,0.32195121951219513
