var1,var2,var3,var4,var5,var6
0.02702702702702703,0.10810810810810811,0.12612612612612611,0.17117117117117117,0.22522522522522523,0.34234234234234234
