var1,var2,var3,var4,var5,var6
0.031914893617021274,0.06382978723404255,0.11702127659574468,0.1595744680851064,0.1702127659574468,0.4574468085106383
