var1,var2,var3,var4,var5,var6
0.022598870056497175,0.07344632768361582,0.0903954802259887,0.192090395480226,0.2937853107344633,0.327683615819209
