var1,var2,var3,var4,var5,var6
0.03361344537815126,0.04201680672268908,0.1092436974789916,0.21008403361344538,0.2605042016806723,0.3445378151260504
