var1,var2,var3,var4,var5,var6
0.028169014084507043,0.07042253521126761,0.13145539906103287,0.16901408450704225,0.2535211267605634,0.3474178403755869
