var1,var2,var3,var4,var5,var6
0.013422818791946308,0.026845637583892617,0.11409395973154363,0.20134228187919462,0.28187919463087246,0.3624161073825503
