var1,var2,var3,var4,var5,var6
0.02112676056338028,0.04225352112676056,0.14084507042253522,0.15492957746478872,0.22535211267605634,0.4154929577464789
