var1,var2,var3,var4,var5,var6
0.04316546762589928,0.08633093525179857,0.1079136690647482,0.14388489208633093,0.15827338129496402,0.460431654676259
