var1,var2,var3,var4,var5,var6
0.044585987261146494,0.10191082802547771,0.1337579617834395,0.15286624203821655,0.2484076433121019,0.3184713375796178
