var1,var2,var3,var4,var5,var6
0.017391304347826087,0.06086956521739131,0.12173913043478261,0.17391304347826086,0.20869565217391303,0.41739130434782606
