var1,var2,var3,var4,var5,var6
0.07960199004975124,0.12437810945273632,0.13930348258706468,0.15920398009950248,0.22885572139303484,0.26865671641791045
