var1,var2,var3,var4,var5,var6
0.0851063829787234,0.10638297872340426,0.14468085106382977,0.1829787234042553,0.23404255319148937,0.24680851063829787
