var1,var2,var3,var4,var5,var6
0.05042016806722689,0.09243697478991597,0.10084033613445378,0.16806722689075632,0.20168067226890757,0.3865546218487395
