var1,var2,var3,var4,var5,var6
0.03278688524590164,0.06557377049180328,0.12568306010928962,0.14207650273224043,0.30601092896174864,0.32786885245901637
