var1,var2,var3,var4,var5,var6
0.04093567251461988,0.10526315789473684,0.14035087719298245,0.19883040935672514,0.2222222222222222,0.29239766081871343
