var1,var2,var3,var4,var5,var6
0.060109289617486336,0.10382513661202186,0.1092896174863388,0.13114754098360656,0.2896174863387978,0.30601092896174864
