var1,var2,var3,var4,var5,var6
0.04938271604938271,0.0823045267489712,0.10699588477366255,0.1934156378600823,0.2222222222222222,0.345679012345679
