var1,var2,var3,var4,var5,var6
0.023809523809523808,0.047619047619047616,0.11904761904761904,0.21428571428571427,0.2777777777777778,0.31746031746031744
