var1,var2,var3,var4,var5,var6
0.06986899563318777,0.09170305676855896,0.1222707423580786,0.17467248908296942,0.20087336244541484,0.3406113537117904
