var1,var2,var3,var4,var5,var6
0.019704433497536946,0.12315270935960591,0.15763546798029557,0.20689655172413793,0.21674876847290642,0.27586206896551724
