var1,var2,var3,var4,var5,var6
0.03937007874015748,0.07874015748031496,0.09448818897637795,0.14173228346456693,0.2677165354330709,0.3779527559055118
