var1,var2,var3,var4,var5,var6
0.041176470588235294,0.058823529411764705,0.09411764705882353,0.20588235294117646,0.27647058823529413,0.3235294117647059
