var1,var2,var3,var4,var5,var6
0.06040268456375839,0.08053691275167785,0.11409395973154363,0.12751677852348994,0.28859060402684567,0.3288590604026846
