var1,var2,var3,var4,var5,var6
0.055944055944055944,0.08391608391608392,0.1258741258741259,0.17482517482517482,0.22377622377622378,0.3356643356643357
