var1,var2,var3,var4,var5,var6
0.05945945945945946,0.08648648648648649,0.15135135135135136,0.1837837837837838,0.20540540540540542,0.31351351351351353
