var1,var2,var3,var4,var5,var6
0.07612456747404844,0.09688581314878893,0.1245674740484429,0.15916955017301038,0.2041522491349481,0.3391003460207612
