var1,var2,var3,var4,var5,var6
0.013513513513513514,0.0945945945945946,0.12162162162162163,0.17567567567567569,0.27927927927927926,0.3153153153153153
