var1,var2,var3,var4,var5,var6
0.04126984126984127,0.08888888888888889,0.11428571428571428,0.14603174603174604,0.2984126984126984,0.3111111111111111
