var1,var2,var3,var4,var5,var6
0.02926829268292683,0.06829268292682927,0.13658536585365855,0.18048780487804877,0.28292682926829266,0.3024390243902439
