var1,var2,var3,var4,var5,var6
0.0546448087431694,0.06557377049180328,0.14754098360655737,0.23497267759562843,0.24043715846994534,0.2568306010928962
