var1,var2,var3,var4,var5,var6
0.05,0.07857142857142857,0.12142857142857143,0.17857142857142858,0.21428571428571427,0.35714285714285715
