var1,var2,var3,var4,var5,var6
0.05128205128205128,0.05982905982905983,0.1452991452991453,0.1623931623931624,0.23076923076923078,0.3504273504273504
