var1,var2,var3,var4,var5,var6
0.027649769585253458,0.06451612903225806,0.14285714285714285,0.16589861751152074,0.2764976958525346,0.3225806451612903
