var1,var2,var3,var4,var5,var6
0.03361344537815126,0.05042016806722689,0.16806722689075632,0.17647058823529413,0.23529411764705882,0.33613445378151263
