var1,var2,var3,var4,var5,var6
0.029411764705882353,0.049019607843137254,0.06862745098039216,0.1568627450980392,0.21568627450980393,0.4803921568627451
