var1,var2,var3,var4,var5,var6
0.02112676056338028,0.09154929577464789,0.1056338028169014,0.19014084507042253,0.2676056338028169,0.323943661971831
