var1,var2,var3,var4,var5,var6
0.04294478527607362,0.0736196319018405,0.13496932515337423,0.17177914110429449,0.2822085889570552,0.294478527607362
