var1,var2,var3,var4,var5,var6
0.022900763358778626,0.04580152671755725,0.07633587786259542,0.24427480916030533,0.2595419847328244,0.3511450381679389
