var1,var2,var3,var4,var5,var6
0.05235602094240838,0.06806282722513089,0.10471204188481675,0.1256544502617801,0.3036649214659686,0.34554973821989526
