var1,var2,var3,var4,var5,var6
0.010452961672473868,0.09059233449477352,0.1602787456445993,0.20905923344947736,0.23693379790940766,0.2926829268292683
