var1,var2,var3,var4,var5,var6
0.03980099502487562,0.06965174129353234,0.11940298507462686,0.13930348258706468,0.2935323383084577,0.3383084577114428
