var1,var2,var3,var4,var5,var6
0.06103286384976526,0.11267605633802817,0.13145539906103287,0.16901408450704225,0.215962441314554,0.30985915492957744
