var1,var2,var3,var4,var5,var6
0.03723404255319149,0.10638297872340426,0.14893617021276595,0.20212765957446807,0.22872340425531915,0.2765957446808511
