var1,var2,var3,var4,var5,var6
0.05847953216374269,0.10526315789473684,0.1286549707602339,0.15204678362573099,0.26900584795321636,0.28654970760233917
