var1,var2,var3,var4,var5,var6
0.06077348066298342,0.09392265193370165,0.10497237569060773,0.17679558011049723,0.2430939226519337,0.32044198895027626
