var1,var2,var3,var4,var5,var6
0.09523809523809523,0.11904761904761904,0.15714285714285714,0.18571428571428572,0.20476190476190476,0.23809523809523808
