var1,var2,var3,var4,var5,var6
0.057971014492753624,0.08695652173913043,0.11594202898550725,0.13043478260869565,0.28019323671497587,0.3285024154589372
