var1,var2,var3,var4,var5,var6
0.05194805194805195,0.07142857142857142,0.16233766233766234,0.18831168831168832,0.22077922077922077,0.3051948051948052
