var1,var2,var3,var4,var5,var6
0.057692307692307696,0.13942307692307693,0.16826923076923078,0.18269230769230768,0.20673076923076922,0.24519230769230768
