var1,var2,var3,var4,var5,var6
0.03314917127071823,0.08839779005524862,0.10497237569060773,0.16574585635359115,0.1878453038674033,0.4198895027624309
