var1,var2,var3,var4,var5,var6
0.045662100456621,0.1050228310502283,0.1461187214611872,0.182648401826484,0.2465753424657534,0.273972602739726
