var1,var2,var3,var4,var5,var6
0.046052631578947366,0.09868421052631579,0.1118421052631579,0.17763157894736842,0.26973684210526316,0.29605263157894735
