var1,var2,var3,var4,var5,var6
0.022727272727272728,0.06060606060606061,0.12878787878787878,0.2196969696969697,0.23484848484848486,0.3333333333333333
