var1,var2,var3,var4,var5,var6
0.022099447513812154,0.03314917127071823,0.143646408839779,0.20441988950276244,0.26519337016574585,0.3314917127071823
