var1,var2,var3,var4,var5,var6
0.04504504504504504,0.10810810810810811,0.14414414414414414,0.16216216216216217,0.18018018018018017,0.36036036036036034
