var1,var2,var3,var4,var5,var6
0.087248322147651,0.10738255033557047,0.1342281879194631,0.1476510067114094,0.22818791946308725,0.2953020134228188
