var1,var2,var3,var4,var5,var6
0.04797047970479705,0.15498154981549817,0.16974169741697417,0.17712177121771217,0.2066420664206642,0.24354243542435425
