var1,var2,var3,var4,var5,var6
0.03870967741935484,0.1032258064516129,0.11612903225806452,0.1935483870967742,0.2645161290322581,0.2838709677419355
