var1,var2,var3,var4,var5,var6
0.08888888888888889,0.10666666666666667,0.14666666666666667,0.16,0.18666666666666668,0.3111111111111111
