var1,var2,var3,var4,var5,var6
0.04861111111111111,0.08333333333333333,0.1388888888888889,0.1527777777777778,0.18055555555555555,0.3958333333333333
