var1,var2,var3,var4,var5,var6
0.009950248756218905,0.12935323383084577,0.15920398009950248,0.208955223880597,0.22388059701492538,0.26865671641791045
