var1,var2,var3,var4,var5,var6
0.01990049751243781,0.04975124378109453,0.13432835820895522,0.1691542288557214,0.25870646766169153,0.3681592039800995
