var1,var2,var3,var4,var5,var6
0.037209302325581395,0.04186046511627907,0.13023255813953488,0.14883720930232558,0.28837209302325584,0.35348837209302325
