var1,var2,var3,var4,var5,var6
0.01680672268907563,0.06722689075630252,0.11764705882352941,0.17647058823529413,0.23529411764705882,0.3865546218487395
