var1,var2,var3,var4,var5,var6
0.041379310344827586,0.1103448275862069,0.11724137931034483,0.16551724137931034,0.19310344827586207,0.3724137931034483
