var1,var2,var3,var4,var5,var6
0.034334763948497854,0.07725321888412018,0.13304721030042918,0.1888412017167382,0.27467811158798283,0.2918454935622318
