var1,var2,var3,var4,var5,var6
0.01680672268907563,0.07563025210084033,0.10084033613445378,0.18487394957983194,0.23529411764705882,0.3865546218487395
