var1,var2,var3,var4,var5,var6
0.10344827586206896,0.12315270935960591,0.15270935960591134,0.16748768472906403,0.1921182266009852,0.26108374384236455
