var1,var2,var3,var4,var5,var6
0.06134969325153374,0.13496932515337423,0.147239263803681,0.15950920245398773,0.2392638036809816,0.25766871165644173
