var1,var2,var3,var4,var5,var6
0.06451612903225806,0.09032258064516129,0.12903225806451613,0.18064516129032257,0.25806451612903225,0.27741935483870966
