var1,var2,var3,var4,var5,var6
0.021505376344086023,0.043010752688172046,0.10752688172043011,0.13978494623655913,0.1935483870967742,0.4946236559139785
