var1,var2,var3,var4,var5,var6
0.040697674418604654,0.11627906976744186,0.1511627906976744,0.20348837209302326,0.21511627906976744,0.27325581395348836
