var1,var2,var3,var4,var5,var6
0.07058823529411765,0.11764705882352941,0.12941176470588237,0.1803921568627451,0.2235294117647059,0.2784313725490196
