var1,var2,var3,var4,var5,var6
0.06060606060606061,0.11515151515151516,0.15151515151515152,0.1696969696969697,0.2,0.30303030303030304
