var1,var2,var3,var4,var5,var6
0.02072538860103627,0.031088082901554404,0.11398963730569948,0.20725388601036268,0.26424870466321243,0.3626943005181347
