var1,var2,var3,var4,var5,var6
0.023952095808383235,0.059880239520958084,0.09580838323353294,0.16766467065868262,0.23353293413173654,0.41916167664670656
