var1,var2,var3,var4,var5,var6
0.09881422924901186,0.11067193675889328,0.13438735177865613,0.15019762845849802,0.2134387351778656,0.2924901185770751
