var1,var2,var3,var4,var5,var6
0.0684931506849315,0.1461187214611872,0.1643835616438356,0.182648401826484,0.1917808219178082,0.2465753424657534
