var1,var2,var3,var4,var5,var6
0.025157232704402517,0.03773584905660377,0.11320754716981132,0.16352201257861634,0.2830188679245283,0.37735849056603776
