var1,var2,var3,var4,var5,var6
0.016260162601626018,0.08943089430894309,0.11382113821138211,0.13821138211382114,0.2926829268292683,0.34959349593495936
