var1,var2,var3,var4,var5,var6
0.08917197452229299,0.10828025477707007,0.12101910828025478,0.16560509554140126,0.2229299363057325,0.2929936305732484
