var1,var2,var3,var4,var5,var6
0.04697986577181208,0.08053691275167785,0.174496644295302,0.18120805369127516,0.20134228187919462,0.31543624161073824
