var1,var2,var3,var4,var5,var6
0.02027027027027027,0.06756756756756757,0.16891891891891891,0.20945945945945946,0.25,0.28378378378378377
