var1,var2,var3,var4,var5,var6
0.04712041884816754,0.07329842931937172,0.15706806282722513,0.16753926701570682,0.2094240837696335,0.34554973821989526
