var1,var2,var3,var4,var5,var6
0.026737967914438502,0.10695187165775401,0.1497326203208556,0.1925133689839572,0.20320855614973263,0.32085561497326204
