var1,var2,var3,var4,var5,var6
0.06926406926406926,0.08658008658008658,0.15151515151515152,0.20346320346320346,0.22510822510822512,0.26406926406926406
