var1,var2,var3,var4,var5,var6
0.011428571428571429,0.05142857142857143,0.12571428571428572,0.21142857142857144,0.22857142857142856,0.37142857142857144
