var1,var2,var3,var4,var5,var6
0.05517241379310345,0.06896551724137931,0.0896551724137931,0.1103448275862069,0.2620689655172414,0.41379310344827586
