var1,var2,var3,var4,var5,var6
0.04484304932735426,0.07623318385650224,0.09865470852017937,0.21524663677130046,0.242152466367713,0.32286995515695066
