var1,var2,var3,var4,var5,var6
0.04424778761061947,0.12831858407079647,0.16371681415929204,0.1902654867256637,0.23008849557522124,0.24336283185840707
