var1,var2,var3,var4,var5,var6
0.007407407407407408,0.07407407407407407,0.11851851851851852,0.16296296296296298,0.26666666666666666,0.37037037037037035
