var1,var2,var3,var4,var5,var6
0.03773584905660377,0.09433962264150944,0.11949685534591195,0.13836477987421383,0.2893081761006289,0.32075471698113206
