var1,var2,var3,var4,var5,var6
0.05759162303664921,0.09424083769633508,0.13089005235602094,0.2198952879581152,0.2356020942408377,0.2617801047120419
