var1,var2,var3,var4,var5,var6
0.05128205128205128,0.07692307692307693,0.09230769230769231,0.19487179487179487,0.27692307692307694,0.3076923076923077
