var1,var2,var3,var4,var5,var6
0.05485232067510549,0.0970464135021097,0.11814345991561181,0.13924050632911392,0.2869198312236287,0.3037974683544304
