var1,var2,var3,var4,var5,var6
0.043859649122807015,0.08771929824561403,0.14912280701754385,0.17543859649122806,0.2543859649122807,0.2894736842105263
