var1,var2,var3,var4,var5,var6
0.04929577464788732,0.06338028169014084,0.14788732394366197,0.176056338028169,0.24647887323943662,0.31690140845070425
