var1,var2,var3,var4,var5,var6
0.041884816753926704,0.05235602094240838,0.12041884816753927,0.13612565445026178,0.31413612565445026,0.33507853403141363
