var1,var2,var3,var4,var5,var6
0.03910614525139665,0.055865921787709494,0.16201117318435754,0.18435754189944134,0.2737430167597765,0.2849162011173184
