var1,var2,var3,var4,var5,var6
0.07407407407407407,0.09523809523809523,0.1164021164021164,0.20105820105820105,0.24867724867724866,0.26455026455026454
