var1,var2,var3,var4,var5,var6
0.014150943396226415,0.10849056603773585,0.1650943396226415,0.18396226415094338,0.24528301886792453,0.2830188679245283
