var1,var2,var3,var4,var5,var6
0.020761245674740483,0.09688581314878893,0.17301038062283736,0.20761245674740483,0.22145328719723184,0.28027681660899656
