var1,var2,var3,var4,var5,var6
0.010256410256410256,0.06153846153846154,0.11282051282051282,0.14358974358974358,0.3128205128205128,0.358974358974359
