var1,var2,var3,var4,var5,var6
0.0440251572327044,0.07547169811320754,0.1069182389937107,0.20125786163522014,0.2578616352201258,0.31446540880503143
