var1,var2,var3,var4,var5,var6
0.09248554913294797,0.10982658959537572,0.11560693641618497,0.13872832369942195,0.24277456647398843,0.30057803468208094
