var1,var2,var3,var4,var5,var6
0.036231884057971016,0.050724637681159424,0.10144927536231885,0.18115942028985507,0.2536231884057971,0.37681159420289856
