var1,var2,var3,var4,var5,var6
0.014184397163120567,0.028368794326241134,0.15602836879432624,0.20567375886524822,0.2553191489361702,0.3404255319148936
