var1,var2,var3,var4,var5,var6
0.06504065040650407,0.08130081300813008,0.13008130081300814,0.17073170731707318,0.2601626016260163,0.2926829268292683
