var1,var2,var3,var4,var5,var6
0.03508771929824561,0.07017543859649122,0.08187134502923976,0.1286549707602339,0.28654970760233917,0.39766081871345027
