var1,var2,var3,var4,var5,var6
0.06698564593301436,0.0861244019138756,0.11483253588516747,0.12440191387559808,0.2631578947368421,0.3444976076555024
