var1,var2,var3,var4,var5,var6
0.03389830508474576,0.0903954802259887,0.14689265536723164,0.1977401129943503,0.21468926553672316,0.3163841807909605
