var1,var2,var3,var4,var5,var6
0.055299539170506916,0.10138248847926268,0.1382488479262673,0.16129032258064516,0.25806451612903225,0.2857142857142857
