var1,var2,var3,var4,var5,var6
0.04721030042918455,0.12017167381974249,0.12875536480686695,0.20600858369098712,0.2317596566523605,0.26609442060085836
