var1,var2,var3,var4,var5,var6
0.022222222222222223,0.06666666666666667,0.1111111111111111,0.2074074074074074,0.2222222222222222,0.37037037037037035
