var1,var2,var3,var4,var5,var6
0.06557377049180328,0.07650273224043716,0.1366120218579235,0.16939890710382513,0.25136612021857924,0.3005464480874317
