var1,var2,var3,var4,var5,var6
0.026845637583892617,0.0738255033557047,0.1610738255033557,0.21476510067114093,0.2550335570469799,0.2684563758389262
