var1,var2,var3,var4,var5,var6
0.060240963855421686,0.07228915662650602,0.0963855421686747,0.23493975903614459,0.25301204819277107,0.28313253012048195
