var1,var2,var3,var4,var5,var6
0.02564102564102564,0.06153846153846154,0.1076923076923077,0.18974358974358974,0.28717948717948716,0.3282051282051282
