var1,var2,var3,var4,var5,var6
0.05527638190954774,0.1407035175879397,0.1507537688442211,0.1708542713567839,0.21105527638190955,0.271356783919598
