var1,var2,var3,var4,var5,var6
0.022641509433962263,0.052830188679245285,0.1169811320754717,0.17358490566037735,0.27169811320754716,0.3622641509433962
