var1,var2,var3,var4,var5,var6
0.02027027027027027,0.060810810810810814,0.17567567567567569,0.20945945945945946,0.22297297297297297,0.3108108108108108
