var1,var2,var3,var4,var5,var6
0.09954751131221719,0.12217194570135746,0.17194570135746606,0.18552036199095023,0.19004524886877827,0.23076923076923078
