var1,var2,var3,var4,var5,var6
0.01875,0.0375,0.10625,0.225,0.26875,0.34375
