var1,var2,var3,var4,var5,var6
0.017341040462427744,0.07514450867052024,0.11560693641618497,0.16184971098265896,0.28901734104046245,0.34104046242774566
