var1,var2,var3,var4,var5,var6
0.04460966542750929,0.14869888475836432,0.17100371747211895,0.1821561338289963,0.20817843866171004,0.24535315985130113
