var1,var2,var3,var4,var5,var6
0.05128205128205128,0.14102564102564102,0.16666666666666666,0.1794871794871795,0.2094017094017094,0.25213675213675213
