var1,var2,var3,var4,var5,var6
0.032432432432432434,0.06486486486486487,0.11351351351351352,0.20540540540540542,0.21621621621621623,0.3675675675675676
