var1,var2,var3,var4,var5,var6
0.03535353535353535,0.09595959595959595,0.15656565656565657,0.18181818181818182,0.23737373737373738,0.29292929292929293
