var1,var2,var3,var4,var5,var6
0.08465608465608465,0.1164021164021164,0.12698412698412698,0.15343915343915343,0.2328042328042328,0.2857142857142857
