var1,var2,var3,var4,var5,var6
0.08627450980392157,0.12549019607843137,0.14901960784313725,0.1803921568627451,0.2,0.25882352941176473
