var1,var2,var3,var4,var5,var6
0.015384615384615385,0.08461538461538462,0.11538461538461539,0.2076923076923077,0.26153846153846155,0.3153846153846154
