var1,var2,var3,var4,var5,var6
0.02564102564102564,0.041025641025641026,0.11794871794871795,0.20512820512820512,0.2512820512820513,0.358974358974359
