var1,var2,var3,var4,var5,var6
0.024193548387096774,0.04838709677419355,0.0967741935483871,0.12903225806451613,0.3064516129032258,0.3951612903225806
