var1,var2,var3,var4,var5,var6
0.02926829268292683,0.04878048780487805,0.17560975609756097,0.1902439024390244,0.2731707317073171,0.28292682926829266
