var1,var2,var3,var4,var5,var6
0.019867549668874173,0.07947019867549669,0.10596026490066225,0.11920529801324503,0.25165562913907286,0.423841059602649
