var1,var2,var3,var4,var5,var6
0.02027027027027027,0.05405405405405406,0.14189189189189189,0.1891891891891892,0.25,0.34459459459459457
