var1,var2,var3,var4,var5,var6
0.056962025316455694,0.06329113924050633,0.0949367088607595,0.14556962025316456,0.310126582278481,0.3291139240506329
