var1,var2,var3,var4,var5,var6
0.04265402843601896,0.11848341232227488,0.14218009478672985,0.18009478672985782,0.25118483412322273,0.26540284360189575
