var1,var2,var3,var4,var5,var6
0.08092485549132948,0.08670520231213873,0.10404624277456648,0.2254335260115607,0.23699421965317918,0.2658959537572254
