var1,var2,var3,var4,var5,var6
0.01834862385321101,0.027522935779816515,0.09174311926605505,0.12844036697247707,0.27522935779816515,0.45871559633027525
