var1,var2,var3,var4,var5,var6
0.025974025974025976,0.06493506493506493,0.18181818181818182,0.2012987012987013,0.21428571428571427,0.3116883116883117
