var1,var2,var3,var4,var5,var6
0.0457516339869281,0.0784313725490196,0.10457516339869281,0.1111111111111111,0.24183006535947713,0.41830065359477125
