var1,var2,var3,var4,var5,var6
0.031088082901554404,0.09844559585492228,0.13471502590673576,0.21761658031088082,0.23834196891191708,0.27979274611398963
