var1,var2,var3,var4,var5,var6
0.05847953216374269,0.09941520467836257,0.13450292397660818,0.19883040935672514,0.22807017543859648,0.2807017543859649
