var1,var2,var3,var4,var5,var6
0.028901734104046242,0.046242774566473986,0.15028901734104047,0.17341040462427745,0.24277456647398843,0.3583815028901734
