var1,var2,var3,var4,var5,var6
0.03076923076923077,0.05128205128205128,0.17435897435897435,0.2,0.2153846153846154,0.3282051282051282
