var1,var2,var3,var4,var5,var6
0.049079754601226995,0.11042944785276074,0.1411042944785276,0.15337423312883436,0.2085889570552147,0.3374233128834356
