var1,var2,var3,var4,var5,var6
0.05759162303664921,0.08376963350785341,0.09424083769633508,0.1256544502617801,0.28272251308900526,0.35602094240837695
