var1,var2,var3,var4,var5,var6
0.0196078431372549,0.09019607843137255,0.15294117647058825,0.18823529411764706,0.2549019607843137,0.29411764705882354
