var1,var2,var3,var4,var5,var6
0.08173076923076923,0.1201923076923077,0.1778846153846154,0.18269230769230768,0.21153846153846154,0.22596153846153846
