var1,var2,var3,var4,var5,var6
0.04195804195804196,0.0979020979020979,0.17482517482517482,0.1958041958041958,0.2097902097902098,0.27972027972027974
