var1,var2,var3,var4,var5,var6
0.08641975308641975,0.13168724279835392,0.14814814814814814,0.1646090534979424,0.19753086419753085,0.2716049382716049
