var1,var2,var3,var4,var5,var6
0.06635071090047394,0.10426540284360189,0.1848341232227488,0.1990521327014218,0.21800947867298578,0.22748815165876776
