var1,var2,var3,var4,var5,var6
0.025477707006369428,0.08917197452229299,0.1337579617834395,0.15286624203821655,0.22929936305732485,0.36942675159235666
