var1,var2,var3,var4,var5,var6
0.02358490566037736,0.0660377358490566,0.09905660377358491,0.14622641509433962,0.24056603773584906,0.42452830188679247
