var1,var2,var3,var4,var5,var6
0.012738853503184714,0.03821656050955414,0.08917197452229299,0.20382165605095542,0.2611464968152866,0.39490445859872614
