var1,var2,var3,var4,var5,var6
0.049773755656108594,0.07692307692307693,0.15384615384615385,0.16289592760180996,0.27149321266968324,0.2850678733031674
