var1,var2,var3,var4,var5,var6
0.03208556149732621,0.053475935828877004,0.0748663101604278,0.1657754010695187,0.24598930481283424,0.42780748663101603
