var1,var2,var3,var4,var5,var6
0.07518796992481203,0.08270676691729323,0.09022556390977443,0.19548872180451127,0.2556390977443609,0.3007518796992481
