var1,var2,var3,var4,var5,var6
0.024390243902439025,0.032520325203252036,0.11382113821138211,0.13008130081300814,0.2601626016260163,0.43902439024390244
