var1,var2,var3,var4,var5,var6
0.058394160583941604,0.0948905109489051,0.13138686131386862,0.16058394160583941,0.17518248175182483,0.3795620437956204
