var1,var2,var3,var4,var5,var6
0.07518796992481203,0.09774436090225563,0.14285714285714285,0.15037593984962405,0.18796992481203006,0.3458646616541353
