var1,var2,var3,var4,var5,var6
0.07981220657276995,0.10328638497652583,0.11267605633802817,0.13145539906103287,0.2535211267605634,0.3192488262910798
