var1,var2,var3,var4,var5,var6
0.013215859030837005,0.07929515418502203,0.16740088105726872,0.19383259911894274,0.2555066079295154,0.2907488986784141
