var1,var2,var3,var4,var5,var6
0.013605442176870748,0.047619047619047616,0.06802721088435375,0.23129251700680273,0.272108843537415,0.3673469387755102
