var1,var2,var3,var4,var5,var6
0.0374331550802139,0.053475935828877004,0.06417112299465241,0.23529411764705882,0.26737967914438504,0.3422459893048128
