var1,var2,var3,var4,var5,var6
0.0481283422459893,0.08021390374331551,0.13903743315508021,0.20855614973262032,0.21390374331550802,0.31016042780748665
