var1,var2,var3,var4,var5,var6
0.0427807486631016,0.06417112299465241,0.11229946524064172,0.1711229946524064,0.25668449197860965,0.35294117647058826
