var1,var2,var3,var4,var5,var6
0.029850746268656716,0.11442786069651742,0.15920398009950248,0.19900497512437812,0.208955223880597,0.2885572139303483
