var1,var2,var3,var4,var5,var6
0.03546099290780142,0.05673758865248227,0.09929078014184398,0.16312056737588654,0.23404255319148937,0.41134751773049644
