var1,var2,var3,var4,var5,var6
0.026200873362445413,0.07860262008733625,0.13973799126637554,0.14847161572052403,0.2576419213973799,0.34934497816593885
