var1,var2,var3,var4,var5,var6
0.07432432432432433,0.0945945945945946,0.12162162162162163,0.14864864864864866,0.20270270270270271,0.3581081081081081
