var1,var2,var3,var4,var5,var6
0.08294930875576037,0.10599078341013825,0.14746543778801843,0.20276497695852536,0.22119815668202766,0.23963133640552994
