var1,var2,var3,var4,var5,var6
0.09230769230769231,0.12307692307692308,0.13846153846153847,0.15384615384615385,0.19487179487179487,0.29743589743589743
