var1,var2,var3,var4,var5,var6
0.017391304347826087,0.02608695652173913,0.17391304347826086,0.20869565217391303,0.24347826086956523,0.33043478260869563
