var1,var2,var3,var4,var5,var6
0.06451612903225806,0.08387096774193549,0.14193548387096774,0.2,0.23870967741935484,0.2709677419354839
