var1,var2,var3,var4,var5,var6
0.013986013986013986,0.11888111888111888,0.15384615384615385,0.1958041958041958,0.22377622377622378,0.2937062937062937
