var1,var2,var3,var4,var5,var6
0.0106951871657754,0.11764705882352941,0.1657754010695187,0.18181818181818182,0.24598930481283424,0.27807486631016043
