var1,var2,var3,var4,var5,var6
0.014388489208633094,0.02877697841726619,0.09352517985611511,0.2158273381294964,0.28776978417266186,0.3597122302158273
