var1,var2,var3,var4,var5,var6
0.04216867469879518,0.06626506024096386,0.13253012048192772,0.16265060240963855,0.18072289156626506,0.41566265060240964
