var1,var2,var3,var4,var5,var6
0.041025641025641026,0.09230769230769231,0.17435897435897435,0.21025641025641026,0.2358974358974359,0.24615384615384617
