var1,var2,var3,var4,var5,var6
0.07751937984496124,0.12403100775193798,0.13953488372093023,0.15503875968992248,0.17829457364341086,0.32558139534883723
