var1,var2,var3,var4,var5,var6
0.025,0.06875,0.1375,0.1875,0.225,0.35625
