var1,var2,var3,var4,var5,var6
0.0364963503649635,0.058394160583941604,0.11678832116788321,0.1678832116788321,0.18248175182481752,0.43795620437956206
