var1,var2,var3,var4,var5,var6
0.03067484662576687,0.06134969325153374,0.13496932515337423,0.17791411042944785,0.25766871165644173,0.3374233128834356
