var1,var2,var3,var4,var5,var6
0.04878048780487805,0.1073170731707317,0.13170731707317074,0.16585365853658537,0.18536585365853658,0.36097560975609755
