var1,var2,var3,var4,var5,var6
0.03428571428571429,0.08571428571428572,0.17142857142857143,0.18285714285714286,0.21142857142857144,0.3142857142857143
