var1,var2,var3,var4,var5,var6
0.05714285714285714,0.1306122448979592,0.16326530612244897,0.20408163265306123,0.21224489795918366,0.23265306122448978
