var1,var2,var3,var4,var5,var6
0.09803921568627451,0.11372549019607843,0.14901960784313725,0.16862745098039217,0.21568627450980393,0.2549019607843137
