var1,var2,var3,var4,var5,var6
0.023952095808383235,0.03592814371257485,0.10778443113772455,0.15568862275449102,0.281437125748503,0.39520958083832336
