var1,var2,var3,var4,var5,var6
0.04316546762589928,0.05755395683453238,0.15827338129496402,0.19424460431654678,0.2302158273381295,0.31654676258992803
