var1,var2,var3,var4,var5,var6
0.050955414012738856,0.07643312101910828,0.10191082802547771,0.2229299363057325,0.24203821656050956,0.3057324840764331
