var1,var2,var3,var4,var5,var6
0.013986013986013986,0.06293706293706294,0.06993006993006994,0.15384615384615385,0.2937062937062937,0.40559440559440557
