var1,var2,var3,var4,var5,var6
0.10471204188481675,0.11518324607329843,0.13612565445026178,0.18324607329842932,0.19895287958115182,0.2617801047120419
