var1,var2,var3,var4,var5,var6
0.03361344537815126,0.058823529411764705,0.08403361344537816,0.16806722689075632,0.29411764705882354,0.36134453781512604
