var1,var2,var3,var4,var5,var6
0.050955414012738856,0.10191082802547771,0.1592356687898089,0.21656050955414013,0.22929936305732485,0.24203821656050956
