var1,var2,var3,var4,var5,var6
0.049079754601226995,0.06748466257668712,0.08588957055214724,0.12269938650306748,0.26380368098159507,0.4110429447852761
