var1,var2,var3,var4,var5,var6
0.018292682926829267,0.04878048780487805,0.10975609756097561,0.1524390243902439,0.2865853658536585,0.38414634146341464
