var1,var2,var3,var4,var5,var6
0.06437768240343347,0.10300429184549356,0.18025751072961374,0.19742489270386265,0.2145922746781116,0.24034334763948498
