var1,var2,var3,var4,var5,var6
0.010810810810810811,0.06486486486486487,0.0972972972972973,0.20540540540540542,0.2864864864864865,0.33513513513513515
