var1,var2,var3,var4,var5,var6
0.02247191011235955,0.0449438202247191,0.0898876404494382,0.1797752808988764,0.25842696629213485,0.4044943820224719
