var1,var2,var3,var4,var5,var6
0.09359605911330049,0.13793103448275862,0.1477832512315271,0.15763546798029557,0.19704433497536947,0.2660098522167488
