var1,var2,var3,var4,var5,var6
0.061611374407582936,0.0947867298578199,0.11374407582938388,0.15165876777251186,0.1990521327014218,0.3791469194312796
