var1,var2,var3,var4,var5,var6
0.06382978723404255,0.09574468085106383,0.10638297872340426,0.1276595744680851,0.14893617021276595,0.4574468085106383
