var1,var2,var3,var4,var5,var6
0.05228758169934641,0.0784313725490196,0.10457516339869281,0.1503267973856209,0.2222222222222222,0.39215686274509803
