var1,var2,var3,var4,var5,var6
0.11518324607329843,0.13612565445026178,0.1518324607329843,0.16753926701570682,0.2094240837696335,0.2198952879581152
