var1,var2,var3,var4,var5,var6
0.016260162601626018,0.06504065040650407,0.08943089430894309,0.14634146341463414,0.3252032520325203,0.35772357723577236
