var1,var2,var3,var4,var5,var6
0.0782122905027933,0.12290502793296089,0.15083798882681565,0.18994413407821228,0.2122905027932961,0.24581005586592178
