var1,var2,var3,var4,var5,var6
0.026845637583892617,0.0738255033557047,0.1476510067114094,0.16778523489932887,0.2751677852348993,0.3087248322147651
