var1,var2,var3,var4,var5,var6
0.047058823529411764,0.06470588235294118,0.17058823529411765,0.19411764705882353,0.24705882352941178,0.27647058823529413
