var1,var2,var3,var4,var5,var6
0.028708133971291867,0.11961722488038277,0.14354066985645933,0.21052631578947367,0.22009569377990432,0.27751196172248804
