var1,var2,var3,var4,var5,var6
0.02531645569620253,0.05063291139240506,0.10126582278481013,0.13924050632911392,0.22784810126582278,0.45569620253164556
