var1,var2,var3,var4,var5,var6
0.10880829015544041,0.12435233160621761,0.16580310880829016,0.17616580310880828,0.19689119170984457,0.22797927461139897
