var1,var2,var3,var4,var5,var6
0.042735042735042736,0.10256410256410256,0.11965811965811966,0.13675213675213677,0.20512820512820512,0.39316239316239315
