var1,var2,var3,var4,var5,var6
0.06569343065693431,0.0948905109489051,0.10948905109489052,0.145985401459854,0.24817518248175183,0.3357664233576642
