var1,var2,var3,var4,var5,var6
0.0379746835443038,0.05485232067510549,0.10126582278481013,0.21940928270042195,0.2320675105485232,0.35443037974683544
