var1,var2,var3,var4,var5,var6
0.014084507042253521,0.04929577464788732,0.09859154929577464,0.21830985915492956,0.24647887323943662,0.3732394366197183
