var1,var2,var3,var4,var5,var6
0.05058365758754864,0.0933852140077821,0.12840466926070038,0.20622568093385213,0.245136186770428,0.27626459143968873
