var1,var2,var3,var4,var5,var6
0.051643192488262914,0.09389671361502347,0.15023474178403756,0.16901408450704225,0.20657276995305165,0.3286384976525822
