var1,var2,var3,var4,var5,var6
0.05161290322580645,0.07096774193548387,0.11612903225806452,0.23225806451612904,0.25806451612903225,0.2709677419354839
