var1,var2,var3,var4,var5,var6
0.03773584905660377,0.050314465408805034,0.15723270440251572,0.1761006289308176,0.25157232704402516,0.3270440251572327
