var1,var2,var3,var4,var5,var6
0.031055900621118012,0.09937888198757763,0.14906832298136646,0.18633540372670807,0.2111801242236025,0.32298136645962733
