var1,var2,var3,var4,var5,var6
0.05581395348837209,0.06511627906976744,0.14418604651162792,0.16744186046511628,0.26976744186046514,0.29767441860465116
