var1,var2,var3,var4,var5,var6
0.021164021164021163,0.06878306878306878,0.12698412698412698,0.2222222222222222,0.25396825396825395,0.30687830687830686
