var1,var2,var3,var4,var5,var6
0.015544041450777202,0.031088082901554404,0.10362694300518134,0.21761658031088082,0.2694300518134715,0.3626943005181347
