var1,var2,var3,var4,var5,var6
0.022857142857142857,0.09142857142857143,0.10285714285714286,0.1657142857142857,0.22857142857142856,0.38857142857142857
