var1,var2,var3,var4,var5,var6
0.07027027027027027,0.08108108108108109,0.12972972972972974,0.1891891891891892,0.24324324324324326,0.2864864864864865
