var1,var2,var3,var4,var5,var6
0.03546099290780142,0.04964539007092199,0.12056737588652482,0.2127659574468085,0.24113475177304963,0.3404255319148936
