var1,var2,var3,var4,var5,var6
0.07329842931937172,0.09424083769633508,0.1256544502617801,0.16230366492146597,0.24083769633507854,0.3036649214659686
