var1,var2,var3,var4,var5,var6
0.025906735751295335,0.09326424870466321,0.12435233160621761,0.17616580310880828,0.23834196891191708,0.34196891191709844
