var1,var2,var3,var4,var5,var6
0.05384615384615385,0.07692307692307693,0.14615384615384616,0.18461538461538463,0.19230769230769232,0.34615384615384615
