var1,var2,var3,var4,var5,var6
0.042682926829268296,0.12195121951219512,0.14634146341463414,0.20121951219512196,0.21341463414634146,0.27439024390243905
