var1,var2,var3,var4,var5,var6
0.03940886699507389,0.09359605911330049,0.16748768472906403,0.2019704433497537,0.21674876847290642,0.28078817733990147
