var1,var2,var3,var4,var5,var6
0.02654867256637168,0.09734513274336283,0.10619469026548672,0.21238938053097345,0.25663716814159293,0.3008849557522124
