var1,var2,var3,var4,var5,var6
0.03007518796992481,0.08270676691729323,0.16541353383458646,0.20300751879699247,0.21052631578947367,0.3082706766917293
