var1,var2,var3,var4,var5,var6
0.07065217391304347,0.125,0.16304347826086957,0.17391304347826086,0.19021739130434784,0.27717391304347827
