var1,var2,var3,var4,var5,var6
0.03496503496503497,0.04195804195804196,0.15384615384615385,0.16783216783216784,0.2517482517482518,0.34965034965034963
