var1,var2,var3,var4,var5,var6
0.030927835051546393,0.041237113402061855,0.16494845360824742,0.18556701030927836,0.24742268041237114,0.32989690721649484
