var1,var2,var3,var4,var5,var6
0.04888888888888889,0.06222222222222222,0.13333333333333333,0.14222222222222222,0.29333333333333333,0.32
