var1,var2,var3,var4,var5,var6
0.04424778761061947,0.05309734513274336,0.10619469026548672,0.1415929203539823,0.26548672566371684,0.3893805309734513
