var1,var2,var3,var4,var5,var6
0.046511627906976744,0.06976744186046512,0.07751937984496124,0.17054263565891473,0.26356589147286824,0.37209302325581395
