var1,var2,var3,var4,var5,var6
0.05426356589147287,0.06201550387596899,0.09302325581395349,0.13953488372093023,0.26356589147286824,0.3875968992248062
