var1,var2,var3,var4,var5,var6
0.09059233449477352,0.13937282229965156,0.14634146341463414,0.16376306620209058,0.21602787456445993,0.24390243902439024
