var1,var2,var3,var4,var5,var6
0.03821656050955414,0.05732484076433121,0.14012738853503184,0.16560509554140126,0.24203821656050956,0.35668789808917195
