var1,var2,var3,var4,var5,var6
0.052980132450331126,0.0728476821192053,0.11920529801324503,0.1456953642384106,0.2251655629139073,0.3841059602649007
