var1,var2,var3,var4,var5,var6
0.03680981595092025,0.08588957055214724,0.11042944785276074,0.17177914110429449,0.26993865030674846,0.32515337423312884
