var1,var2,var3,var4,var5,var6
0.09183673469387756,0.10714285714285714,0.15306122448979592,0.16326530612244897,0.20408163265306123,0.28061224489795916
