var1,var2,var3,var4,var5,var6
0.047619047619047616,0.05952380952380952,0.11904761904761904,0.15476190476190477,0.19047619047619047,0.42857142857142855
