var1,var2,var3,var4,var5,var6
0.06470588235294118,0.07058823529411765,0.09411764705882353,0.21764705882352942,0.2529411764705882,0.3
