var1,var2,var3,var4,var5,var6
0.09777777777777778,0.12444444444444444,0.13333333333333333,0.19555555555555557,0.2088888888888889,0.24
