var1,var2,var3,var4,var5,var6
0.035897435897435895,0.13333333333333333,0.15384615384615385,0.17435897435897435,0.24615384615384617,0.2564102564102564
