var1,var2,var3,var4,var5,var6
0.019867549668874173,0.07947019867549669,0.10596026490066225,0.17880794701986755,0.19205298013245034,0.423841059602649
