var1,var2,var3,var4,var5,var6
0.03571428571428571,0.05357142857142857,0.07142857142857142,0.23214285714285715,0.24404761904761904,0.3630952380952381
