var1,var2,var3,var4,var5,var6
0.027586206896551724,0.10344827586206896,0.14482758620689656,0.15862068965517243,0.19310344827586207,0.3724137931034483
