var1,var2,var3,var4,var5,var6
0.048484848484848485,0.06666666666666667,0.09696969696969697,0.15151515151515152,0.20606060606060606,0.4303030303030303
