var1,var2,var3,var4,var5,var6
0.029850746268656716,0.08208955223880597,0.11940298507462686,0.21641791044776118,0.23880597014925373,0.31343283582089554
