var1,var2,var3,var4,var5,var6
0.07329842931937172,0.09424083769633508,0.12041884816753927,0.18848167539267016,0.23036649214659685,0.2931937172774869
