var1,var2,var3,var4,var5,var6
0.01694915254237288,0.06779661016949153,0.11864406779661017,0.1807909604519774,0.2711864406779661,0.3446327683615819
