var1,var2,var3,var4,var5,var6
0.03484320557491289,0.10104529616724739,0.1254355400696864,0.20905923344947736,0.2578397212543554,0.27177700348432055
