var1,var2,var3,var4,var5,var6
0.02631578947368421,0.06842105263157895,0.1,0.18947368421052632,0.25263157894736843,0.3631578947368421
