var1,var2,var3,var4,var5,var6
0.038461538461538464,0.07692307692307693,0.1,0.12307692307692308,0.3153846153846154,0.34615384615384615
