var1,var2,var3,var4,var5,var6
0.04672897196261682,0.06542056074766354,0.09345794392523364,0.12149532710280374,0.27102803738317754,0.40186915887850466
