var1,var2,var3,var4,var5,var6
0.014184397163120567,0.0425531914893617,0.04964539007092199,0.18439716312056736,0.2978723404255319,0.41134751773049644
