var1,var2,var3,var4,var5,var6
0.04430379746835443,0.0759493670886076,0.0949367088607595,0.23417721518987342,0.2468354430379747,0.3037974683544304
