var1,var2,var3,var4,var5,var6
0.05042016806722689,0.08403361344537816,0.10084033613445378,0.11764705882352941,0.14285714285714285,0.5042016806722689
