var1,var2,var3,var4,var5,var6
0.01764705882352941,0.08235294117647059,0.11764705882352941,0.20588235294117646,0.2647058823529412,0.31176470588235294
