var1,var2,var3,var4,var5,var6
0.030534351145038167,0.04580152671755725,0.0916030534351145,0.17557251908396945,0.183206106870229,0.4732824427480916
