var1,var2,var3,var4,var5,var6
0.047337278106508875,0.13609467455621302,0.15976331360946747,0.20118343195266272,0.21301775147928995,0.24260355029585798
