var1,var2,var3,var4,var5,var6
0.012738853503184714,0.08280254777070063,0.11464968152866242,0.21656050955414013,0.267515923566879,0.3057324840764331
