var1,var2,var3,var4,var5,var6
0.009302325581395349,0.04186046511627907,0.08372093023255814,0.23255813953488372,0.26046511627906976,0.37209302325581395
