var1,var2,var3,var4,var5,var6
0.0639269406392694,0.1050228310502283,0.1735159817351598,0.1872146118721461,0.2237442922374429,0.2465753424657534
