var1,var2,var3,var4,var5,var6
0.03592814371257485,0.07784431137724551,0.09580838323353294,0.16766467065868262,0.23952095808383234,0.38323353293413176
