var1,var2,var3,var4,var5,var6
0.028169014084507043,0.07042253521126761,0.18309859154929578,0.19718309859154928,0.22065727699530516,0.3004694835680751
