var1,var2,var3,var4,var5,var6
0.05517241379310345,0.1103448275862069,0.14482758620689656,0.1793103448275862,0.20689655172413793,0.30344827586206896
