var1,var2,var3,var4,var5,var6
0.037267080745341616,0.08695652173913043,0.14906832298136646,0.16149068322981366,0.22981366459627328,0.33540372670807456
