var1,var2,var3,var4,var5,var6
0.11267605633802817,0.11737089201877934,0.13145539906103287,0.1784037558685446,0.18779342723004694,0.27230046948356806
