var1,var2,var3,var4,var5,var6
0.05673758865248227,0.07801418439716312,0.11347517730496454,0.14893617021276595,0.2695035460992908,0.3333333333333333
