var1,var2,var3,var4,var5,var6
0.017467248908296942,0.09170305676855896,0.1572052401746725,0.19213973799126638,0.23580786026200873,0.3056768558951965
