var1,var2,var3,var4,var5,var6
0.06167400881057269,0.13656387665198239,0.14977973568281938,0.1762114537444934,0.2290748898678414,0.24669603524229075
