var1,var2,var3,var4,var5,var6
0.058823529411764705,0.1,0.12941176470588237,0.14705882352941177,0.18235294117647058,0.38235294117647056
