var1,var2,var3,var4,var5,var6
0.026845637583892617,0.0738255033557047,0.12751677852348994,0.19463087248322147,0.2348993288590604,0.3422818791946309
