var1,var2,var3,var4,var5,var6
0.04878048780487805,0.07317073170731707,0.0975609756097561,0.17886178861788618,0.1951219512195122,0.4065040650406504
