var1,var2,var3,var4,var5,var6
0.07171314741035857,0.13147410358565736,0.15139442231075698,0.17131474103585656,0.21912350597609562,0.2549800796812749
