var1,var2,var3,var4,var5,var6
0.023121387283236993,0.07514450867052024,0.10982658959537572,0.24277456647398843,0.26011560693641617,0.28901734104046245
