var1,var2,var3,var4,var5,var6
0.1016949152542373,0.14124293785310735,0.14689265536723164,0.15819209039548024,0.21468926553672316,0.23728813559322035
