var1,var2,var3,var4,var5,var6
0.0189873417721519,0.08227848101265822,0.13291139240506328,0.18354430379746836,0.27848101265822783,0.3037974683544304
