var1,var2,var3,var4,var5,var6
0.06324110671936758,0.11857707509881422,0.1383399209486166,0.16600790513833993,0.2134387351778656,0.30039525691699603
