var1,var2,var3,var4,var5,var6
0.04678362573099415,0.08187134502923976,0.12280701754385964,0.13450292397660818,0.2982456140350877,0.3157894736842105
