var1,var2,var3,var4,var5,var6
0.03980099502487562,0.09950248756218906,0.10945273631840796,0.12935323383084577,0.2736318407960199,0.3482587064676617
