var1,var2,var3,var4,var5,var6
0.02564102564102564,0.0641025641025641,0.08333333333333333,0.16666666666666666,0.28205128205128205,0.3782051282051282
