var1,var2,var3,var4,var5,var6
0.043668122270742356,0.10043668122270742,0.13973799126637554,0.16593886462882096,0.23580786026200873,0.314410480349345
