var1,var2,var3,var4,var5,var6
0.018957345971563982,0.06635071090047394,0.18009478672985782,0.1943127962085308,0.2559241706161137,0.2843601895734597
