var1,var2,var3,var4,var5,var6
0.011560693641618497,0.08670520231213873,0.13872832369942195,0.19653179190751446,0.2658959537572254,0.30057803468208094
