var1,var2,var3,var4,var5,var6
0.0872093023255814,0.11627906976744186,0.12209302325581395,0.14534883720930233,0.18604651162790697,0.3430232558139535
