var1,var2,var3,var4,var5,var6
0.031088082901554404,0.10362694300518134,0.12953367875647667,0.14507772020725387,0.2694300518134715,0.32124352331606215
