var1,var2,var3,var4,var5,var6
0.01818181818181818,0.048484848484848485,0.09696969696969697,0.22424242424242424,0.23030303030303031,0.38181818181818183
