var1,var2,var3,var4,var5,var6
0.057803468208092484,0.09826589595375723,0.1329479768786127,0.1791907514450867,0.18497109826589594,0.3468208092485549
