var1,var2,var3,var4,var5,var6
0.0913978494623656,0.0967741935483871,0.13440860215053763,0.20430107526881722,0.22043010752688172,0.25268817204301075
