var1,var2,var3,var4,var5,var6
0.04580152671755725,0.061068702290076333,0.12213740458015267,0.22137404580152673,0.2595419847328244,0.2900763358778626
