var1,var2,var3,var4,var5,var6
0.043010752688172046,0.10215053763440861,0.12365591397849462,0.16129032258064516,0.1774193548387097,0.3924731182795699
