var1,var2,var3,var4,var5,var6
0.025477707006369428,0.050955414012738856,0.14012738853503184,0.21019108280254778,0.267515923566879,0.3057324840764331
