var1,var2,var3,var4,var5,var6
0.026143790849673203,0.10457516339869281,0.13725490196078433,0.1895424836601307,0.20915032679738563,0.3333333333333333
