var1,var2,var3,var4,var5,var6
0.0755813953488372,0.12209302325581395,0.13953488372093023,0.18023255813953487,0.19186046511627908,0.29069767441860467
