var1,var2,var3,var4,var5,var6
0.03825136612021858,0.0546448087431694,0.13114754098360656,0.15846994535519127,0.2786885245901639,0.33879781420765026
