var1,var2,var3,var4,var5,var6
0.07602339181286549,0.11695906432748537,0.13450292397660818,0.14035087719298245,0.2222222222222222,0.30994152046783624
