var1,var2,var3,var4,var5,var6
0.05714285714285714,0.12571428571428572,0.13714285714285715,0.16,0.21142857142857144,0.30857142857142855
