var1,var2,var3,var4,var5,var6
0.057803468208092484,0.08670520231213873,0.16184971098265896,0.19653179190751446,0.20809248554913296,0.28901734104046245
