var1,var2,var3,var4,var5,var6
0.031578947368421054,0.05263157894736842,0.06315789473684211,0.17894736842105263,0.28421052631578947,0.3894736842105263
