var1,var2,var3,var4,var5,var6
0.03910614525139665,0.0893854748603352,0.09497206703910614,0.16759776536312848,0.2905027932960894,0.31843575418994413
