var1,var2,var3,var4,var5,var6
0.06629834254143646,0.09944751381215469,0.10497237569060773,0.16022099447513813,0.27624309392265195,0.292817679558011
