var1,var2,var3,var4,var5,var6
0.09293680297397769,0.10408921933085502,0.14869888475836432,0.17843866171003717,0.23048327137546468,0.24535315985130113
