var1,var2,var3,var4,var5,var6
0.07975460122699386,0.08588957055214724,0.11042944785276074,0.15950920245398773,0.22085889570552147,0.34355828220858897
