var1,var2,var3,var4,var5,var6
0.055248618784530384,0.08839779005524862,0.11049723756906077,0.12154696132596685,0.292817679558011,0.3314917127071823
