var1,var2,var3,var4,var5,var6
0.023148148148148147,0.10648148148148148,0.11574074074074074,0.18055555555555555,0.26851851851851855,0.3055555555555556
