var1,var2,var3,var4,var5,var6
0.04395604395604396,0.08058608058608059,0.13553113553113552,0.15384615384615385,0.26373626373626374,0.32234432234432236
