var1,var2,var3,var4,var5,var6
0.09848484848484848,0.12878787878787878,0.13636363636363635,0.17424242424242425,0.2196969696969697,0.24242424242424243
