var1,var2,var3,var4,var5,var6
0.06698564593301436,0.12440191387559808,0.15311004784688995,0.16267942583732056,0.22488038277511962,0.2679425837320574
