var1,var2,var3,var4,var5,var6
0.024844720496894408,0.062111801242236024,0.09937888198757763,0.2422360248447205,0.2608695652173913,0.3105590062111801
