var1,var2,var3,var4,var5,var6
0.09032258064516129,0.0967741935483871,0.11612903225806452,0.13548387096774195,0.2645161290322581,0.2967741935483871
