var1,var2,var3,var4,var5,var6
0.03389830508474576,0.05084745762711865,0.13559322033898305,0.21468926553672316,0.2542372881355932,0.3107344632768362
