var1,var2,var3,var4,var5,var6
0.06511627906976744,0.08837209302325581,0.13953488372093023,0.16744186046511628,0.26046511627906976,0.27906976744186046
