var1,var2,var3,var4,var5,var6
0.016194331983805668,0.11336032388663968,0.15789473684210525,0.21052631578947367,0.23481781376518218,0.26720647773279355
