var1,var2,var3,var4,var5,var6
0.05185185185185185,0.08148148148148149,0.14814814814814814,0.17037037037037037,0.1925925925925926,0.35555555555555557
