var1,var2,var3,var4,var5,var6
0.05818181818181818,0.07272727272727272,0.10545454545454545,0.20363636363636364,0.23272727272727273,0.32727272727272727
