var1,var2,var3,var4,var5,var6
0.0736196319018405,0.11042944785276074,0.147239263803681,0.19631901840490798,0.22699386503067484,0.24539877300613497
