var1,var2,var3,var4,var5,var6
0.05291005291005291,0.1164021164021164,0.13227513227513227,0.15343915343915343,0.20105820105820105,0.3439153439153439
