var1,var2,var3,var4,var5,var6
0.042704626334519574,0.09608540925266904,0.11387900355871886,0.16370106761565836,0.2206405693950178,0.36298932384341637
