var1,var2,var3,var4,var5,var6
0.06629834254143646,0.08287292817679558,0.13259668508287292,0.22099447513812154,0.2430939226519337,0.2541436464088398
