var1,var2,var3,var4,var5,var6
0.016216216216216217,0.10810810810810811,0.16216216216216217,0.1837837837837838,0.21621621621621623,0.31351351351351353
