var1,var2,var3,var4,var5,var6
0.06201550387596899,0.07751937984496124,0.10852713178294573,0.15503875968992248,0.20930232558139536,0.3875968992248062
