var1,var2,var3,var4,var5,var6
0.03355704697986577,0.04697986577181208,0.14093959731543623,0.1610738255033557,0.20134228187919462,0.4161073825503356
