var1,var2,var3,var4,var5,var6
0.034782608695652174,0.05217391304347826,0.06956521739130435,0.13043478260869565,0.24347826086956523,0.46956521739130436
