var1,var2,var3,var4,var5,var6
0.034482758620689655,0.06896551724137931,0.15862068965517243,0.18620689655172415,0.2689655172413793,0.2827586206896552
