var1,var2,var3,var4,var5,var6
0.017467248908296942,0.09170305676855896,0.13973799126637554,0.2183406113537118,0.2445414847161572,0.28820960698689957
