var1,var2,var3,var4,var5,var6
0.024390243902439025,0.08130081300813008,0.08943089430894309,0.2032520325203252,0.2764227642276423,0.3252032520325203
