var1,var2,var3,var4,var5,var6
0.022388059701492536,0.07462686567164178,0.08955223880597014,0.12686567164179105,0.3208955223880597,0.3656716417910448
