var1,var2,var3,var4,var5,var6
0.019305019305019305,0.13127413127413126,0.16216216216216217,0.18532818532818532,0.23166023166023167,0.2702702702702703
