var1,var2,var3,var4,var5,var6
0.02857142857142857,0.05714285714285714,0.14285714285714285,0.20952380952380953,0.2571428571428571,0.3047619047619048
