var1,var2,var3,var4,var5,var6
0.041176470588235294,0.07058823529411765,0.12941176470588237,0.18235294117647058,0.22941176470588234,0.34705882352941175
