var1,var2,var3,var4,var5,var6
0.06666666666666667,0.08888888888888889,0.13333333333333333,0.17777777777777778,0.25925925925925924,0.2740740740740741
