var1,var2,var3,var4,var5,var6
0.027777777777777776,0.05555555555555555,0.1388888888888889,0.2037037037037037,0.25,0.32407407407407407
