var1,var2,var3,var4,var5,var6
0.041025641025641026,0.05128205128205128,0.06666666666666667,0.2358974358974359,0.26666666666666666,0.3384615384615385
