var1,var2,var3,var4,var5,var6
0.04929577464788732,0.07746478873239436,0.11971830985915492,0.176056338028169,0.2112676056338028,0.36619718309859156
