var1,var2,var3,var4,var5,var6
0.03763440860215054,0.04838709677419355,0.11827956989247312,0.20967741935483872,0.22580645161290322,0.3602150537634409
