var1,var2,var3,var4,var5,var6
0.07234042553191489,0.1276595744680851,0.15319148936170213,0.19148936170212766,0.2127659574468085,0.2425531914893617
