var1,var2,var3,var4,var5,var6
0.07048458149779736,0.0881057268722467,0.14096916299559473,0.16299559471365638,0.24669603524229075,0.2907488986784141
