var1,var2,var3,var4,var5,var6
0.08396946564885496,0.12213740458015267,0.13740458015267176,0.16030534351145037,0.19083969465648856,0.3053435114503817
