var1,var2,var3,var4,var5,var6
0.055248618784530384,0.06629834254143646,0.09392265193370165,0.16574585635359115,0.2983425414364641,0.32044198895027626
