var1,var2,var3,var4,var5,var6
0.018691588785046728,0.037383177570093455,0.11214953271028037,0.205607476635514,0.2336448598130841,0.3925233644859813
