var1,var2,var3,var4,var5,var6
0.023668639053254437,0.11834319526627218,0.13609467455621302,0.20710059171597633,0.21893491124260356,0.2958579881656805
