var1,var2,var3,var4,var5,var6
0.01818181818181818,0.06363636363636363,0.12727272727272726,0.16363636363636364,0.23636363636363636,0.39090909090909093
