var1,var2,var3,var4,var5,var6
0.028846153846153848,0.057692307692307696,0.09615384615384616,0.16346153846153846,0.2692307692307692,0.38461538461538464
