var1,var2,var3,var4,var5,var6
0.08791208791208792,0.11538461538461539,0.12637362637362637,0.16483516483516483,0.23626373626373626,0.2692307692307692
