var1,var2,var3,var4,var5,var6
0.052132701421800945,0.08530805687203792,0.11374407582938388,0.18009478672985782,0.24644549763033174,0.3222748815165877
