var1,var2,var3,var4,var5,var6
0.043795620437956206,0.058394160583941604,0.1386861313868613,0.16058394160583941,0.23357664233576642,0.36496350364963503
