var1,var2,var3,var4,var5,var6
0.009852216748768473,0.04433497536945813,0.10837438423645321,0.20689655172413793,0.2857142857142857,0.3448275862068966
