var1,var2,var3,var4,var5,var6
0.016260162601626018,0.08130081300813008,0.11382113821138211,0.14634146341463414,0.2032520325203252,0.43902439024390244
