var1,var2,var3,var4,var5,var6
0.061068702290076333,0.07633587786259542,0.0916030534351145,0.16030534351145037,0.1984732824427481,0.4122137404580153
