var1,var2,var3,var4,var5,var6
0.06060606060606061,0.11255411255411256,0.12987012987012986,0.19913419913419914,0.22510822510822512,0.2727272727272727
