var1,var2,var3,var4,var5,var6
0.11004784688995216,0.1339712918660287,0.14354066985645933,0.16267942583732056,0.19138755980861244,0.2583732057416268
