var1,var2,var3,var4,var5,var6
0.05161290322580645,0.06451612903225806,0.09032258064516129,0.16774193548387098,0.2129032258064516,0.4129032258064516
