var1,var2,var3,var4,var5,var6
0.049019607843137254,0.06862745098039216,0.12745098039215685,0.13725490196078433,0.22549019607843138,0.39215686274509803
