var1,var2,var3,var4,var5,var6
0.07734806629834254,0.09392265193370165,0.09944751381215469,0.2265193370165746,0.23756906077348067,0.26519337016574585
