var1,var2,var3,var4,var5,var6
0.06091370558375635,0.09644670050761421,0.1116751269035533,0.20304568527918782,0.2436548223350254,0.28426395939086296
