var1,var2,var3,var4,var5,var6
0.03821656050955414,0.07643312101910828,0.15286624203821655,0.16560509554140126,0.27388535031847133,0.2929936305732484
