var1,var2,var3,var4,var5,var6
0.020833333333333332,0.0625,0.09027777777777778,0.19444444444444445,0.2986111111111111,0.3333333333333333
