var1,var2,var3,var4,var5,var6
0.03763440860215054,0.05913978494623656,0.12903225806451613,0.14516129032258066,0.3010752688172043,0.3279569892473118
