var1,var2,var3,var4,var5,var6
0.023952095808383235,0.04790419161676647,0.09580838323353294,0.15568862275449102,0.32934131736526945,0.3473053892215569
