var1,var2,var3,var4,var5,var6
0.08695652173913043,0.0966183574879227,0.14009661835748793,0.15458937198067632,0.2028985507246377,0.3188405797101449
