var1,var2,var3,var4,var5,var6
0.03867403314917127,0.11049723756906077,0.1270718232044199,0.143646408839779,0.20441988950276244,0.3756906077348066
