var1,var2,var3,var4,var5,var6
0.04864864864864865,0.05405405405405406,0.07027027027027027,0.23783783783783785,0.2648648648648649,0.32432432432432434
