var1,var2,var3,var4,var5,var6
0.0784313725490196,0.0915032679738562,0.1568627450980392,0.20261437908496732,0.20915032679738563,0.26143790849673204
