var1,var2,var3,var4,var5,var6
0.028846153846153848,0.04807692307692308,0.125,0.18269230769230768,0.25,0.36538461538461536
