var1,var2,var3,var4,var5,var6
0.062111801242236024,0.13664596273291926,0.14285714285714285,0.19254658385093168,0.2236024844720497,0.2422360248447205
