var1,var2,var3,var4,var5,var6
0.08280254777070063,0.09554140127388536,0.12101910828025478,0.19745222929936307,0.22929936305732485,0.27388535031847133
