var1,var2,var3,var4,var5,var6
0.01990049751243781,0.07960199004975124,0.14925373134328357,0.20398009950248755,0.25870646766169153,0.2885572139303483
