var1,var2,var3,var4,var5,var6
0.049689440993788817,0.062111801242236024,0.09937888198757763,0.18633540372670807,0.2919254658385093,0.3105590062111801
