var1,var2,var3,var4,var5,var6
0.025210084033613446,0.08403361344537816,0.10084033613445378,0.11764705882352941,0.31092436974789917,0.36134453781512604
