var1,var2,var3,var4,var5,var6
0.02926829268292683,0.08292682926829269,0.12682926829268293,0.22439024390243903,0.24390243902439024,0.2926829268292683
