var1,var2,var3,var4,var5,var6
0.008438818565400843,0.1350210970464135,0.1729957805907173,0.18565400843881857,0.23628691983122363,0.2616033755274262
