var1,var2,var3,var4,var5,var6
0.01951219512195122,0.05365853658536585,0.14634146341463414,0.22439024390243903,0.2634146341463415,0.2926829268292683
