var1,var2,var3,var4,var5,var6
0.06293706293706294,0.08391608391608392,0.1958041958041958,0.20279720279720279,0.2097902097902098,0.24475524475524477
