var1,var2,var3,var4,var5,var6
0.021164021164021163,0.09523809523809523,0.12698412698412698,0.15873015873015872,0.2698412698412698,0.328042328042328
