var1,var2,var3,var4,var5,var6
0.06179775280898876,0.11235955056179775,0.15168539325842698,0.19101123595505617,0.20786516853932585,0.2752808988764045
