var1,var2,var3,var4,var5,var6
0.018957345971563982,0.037914691943127965,0.14691943127962084,0.18009478672985782,0.26540284360189575,0.35071090047393366
