var1,var2,var3,var4,var5,var6
0.0440251572327044,0.07547169811320754,0.0880503144654088,0.22012578616352202,0.2389937106918239,0.3333333333333333
