var1,var2,var3,var4,var5,var6
0.028409090909090908,0.07954545454545454,0.09659090909090909,0.21022727272727273,0.23295454545454544,0.3522727272727273
