var1,var2,var3,var4,var5,var6
0.03731343283582089,0.05223880597014925,0.1417910447761194,0.16417910447761194,0.17164179104477612,0.43283582089552236
