var1,var2,var3,var4,var5,var6
0.05687203791469194,0.10426540284360189,0.12322274881516587,0.13270142180094788,0.27488151658767773,0.3080568720379147
