var1,var2,var3,var4,var5,var6
0.0425531914893617,0.11347517730496454,0.1347517730496454,0.1702127659574468,0.19858156028368795,0.3404255319148936
