var1,var2,var3,var4,var5,var6
0.045454545454545456,0.07142857142857142,0.15584415584415584,0.18831168831168832,0.2077922077922078,0.33116883116883117
