var1,var2,var3,var4,var5,var6
0.018018018018018018,0.04504504504504504,0.07207207207207207,0.14414414414414414,0.2702702702702703,0.45045045045045046
