var1,var2,var3,var4,var5,var6
0.020202020202020204,0.04040404040404041,0.0707070707070707,0.1414141414141414,0.2222222222222222,0.5050505050505051
