var1,var2,var3,var4,var5,var6
0.011299435028248588,0.05649717514124294,0.07909604519774012,0.192090395480226,0.2542372881355932,0.4067796610169492
