var1,var2,var3,var4,var5,var6
0.03278688524590164,0.10655737704918032,0.1721311475409836,0.19672131147540983,0.23770491803278687,0.2540983606557377
