var1,var2,var3,var4,var5,var6
0.02617801047120419,0.07329842931937172,0.15706806282722513,0.18848167539267016,0.2513089005235602,0.3036649214659686
