var1,var2,var3,var4,var5,var6
0.059602649006622516,0.10596026490066225,0.17218543046357615,0.1986754966887417,0.2251655629139073,0.23841059602649006
