var1,var2,var3,var4,var5,var6
0.1116751269035533,0.12690355329949238,0.16243654822335024,0.18274111675126903,0.18781725888324874,0.22842639593908629
