var1,var2,var3,var4,var5,var6
0.10038610038610038,0.12355212355212356,0.14671814671814673,0.18146718146718147,0.19305019305019305,0.2548262548262548
