var1,var2,var3,var4,var5,var6
0.10038610038610038,0.13127413127413126,0.16216216216216217,0.17374517374517376,0.2084942084942085,0.22393822393822393
