var1,var2,var3,var4,var5,var6
0.06358381502890173,0.07514450867052024,0.15028901734104047,0.1676300578034682,0.26011560693641617,0.2832369942196532
