var1,var2,var3,var4,var5,var6
0.04145077720207254,0.10362694300518134,0.18134715025906736,0.19689119170984457,0.22797927461139897,0.24870466321243523
