var1,var2,var3,var4,var5,var6
0.023474178403755867,0.08450704225352113,0.13145539906103287,0.1596244131455399,0.18779342723004694,0.4131455399061033
