var1,var2,var3,var4,var5,var6
0.0802675585284281,0.13043478260869565,0.17391304347826086,0.18729096989966554,0.1939799331103679,0.23411371237458195
