var1,var2,var3,var4,var5,var6
0.026737967914438502,0.0748663101604278,0.10695187165775401,0.1925133689839572,0.22994652406417113,0.3689839572192513
