var1,var2,var3,var4,var5,var6
0.047244094488188976,0.07086614173228346,0.14173228346456693,0.15748031496062992,0.1732283464566929,0.4094488188976378
