var1,var2,var3,var4,var5,var6
0.08071748878923767,0.11210762331838565,0.17040358744394618,0.17937219730941703,0.21524663677130046,0.242152466367713
