var1,var2,var3,var4,var5,var6
0.05228758169934641,0.13071895424836602,0.1568627450980392,0.16993464052287582,0.22875816993464052,0.26143790849673204
