var1,var2,var3,var4,var5,var6
0.06486486486486487,0.08108108108108109,0.11891891891891893,0.16216216216216217,0.2702702702702703,0.3027027027027027
