var1,var2,var3,var4,var5,var6
0.031496062992125984,0.08661417322834646,0.12598425196850394,0.14960629921259844,0.25196850393700787,0.3543307086614173
