var1,var2,var3,var4,var5,var6
0.012578616352201259,0.1069182389937107,0.1509433962264151,0.18867924528301888,0.2389937106918239,0.3018867924528302
