var1,var2,var3,var4,var5,var6
0.04878048780487805,0.06504065040650407,0.07317073170731707,0.16260162601626016,0.3089430894308943,0.34146341463414637
