var1,var2,var3,var4,var5,var6
0.034334763948497854,0.1072961373390558,0.15450643776824036,0.1630901287553648,0.24034334763948498,0.30042918454935624
