var1,var2,var3,var4,var5,var6
0.0903954802259887,0.12994350282485875,0.13559322033898305,0.1977401129943503,0.21468926553672316,0.23163841807909605
