var1,var2,var3,var4,var5,var6
0.016216216216216217,0.08648648648648649,0.11351351351351352,0.15675675675675677,0.2810810810810811,0.34594594594594597
