var1,var2,var3,var4,var5,var6
0.044444444444444446,0.08888888888888889,0.11851851851851852,0.2222222222222222,0.24444444444444444,0.2814814814814815
