var1,var2,var3,var4,var5,var6
0.046413502109704644,0.06751054852320675,0.14345991561181434,0.1518987341772152,0.27848101265822783,0.31223628691983124
