var1,var2,var3,var4,var5,var6
0.037037037037037035,0.06349206349206349,0.10582010582010581,0.15343915343915343,0.291005291005291,0.3492063492063492
