var1,var2,var3,var4,var5,var6
0.010810810810810811,0.0918918918918919,0.14054054054054055,0.21621621621621623,0.24864864864864866,0.2918918918918919
