var1,var2,var3,var4,var5,var6
0.019801980198019802,0.039603960396039604,0.1485148514851485,0.1782178217821782,0.25742574257425743,0.3564356435643564
