var1,var2,var3,var4,var5,var6
0.03870967741935484,0.09032258064516129,0.14838709677419354,0.18064516129032257,0.1935483870967742,0.34838709677419355
