var1,var2,var3,var4,var5,var6
0.02877697841726619,0.07194244604316546,0.1079136690647482,0.18705035971223022,0.2733812949640288,0.33093525179856115
