var1,var2,var3,var4,var5,var6
0.034482758620689655,0.05517241379310345,0.13793103448275862,0.16551724137931034,0.2413793103448276,0.36551724137931035
