var1,var2,var3,var4,var5,var6
0.042328042328042326,0.10582010582010581,0.12169312169312169,0.20105820105820105,0.25396825396825395,0.2751322751322751
