var1,var2,var3,var4,var5,var6
0.02040816326530612,0.04081632653061224,0.14285714285714285,0.17006802721088435,0.24489795918367346,0.38095238095238093
