var1,var2,var3,var4,var5,var6
0.021621621621621623,0.0972972972972973,0.14054054054054055,0.1837837837837838,0.22162162162162163,0.33513513513513515
