var1,var2,var3,var4,var5,var6
0.037037037037037035,0.05291005291005291,0.10582010582010581,0.13756613756613756,0.328042328042328,0.3386243386243386
