var1,var2,var3,var4,var5,var6
0.0546448087431694,0.09836065573770492,0.12021857923497267,0.18032786885245902,0.20765027322404372,0.33879781420765026
