var1,var2,var3,var4,var5,var6
0.058577405857740586,0.13389121338912133,0.14644351464435146,0.18828451882845187,0.2175732217573222,0.25523012552301255
