var1,var2,var3,var4,var5,var6
0.008695652173913044,0.1391304347826087,0.17391304347826086,0.19130434782608696,0.20869565217391303,0.2782608695652174
