var1,var2,var3,var4,var5,var6
0.053475935828877004,0.0748663101604278,0.0962566844919786,0.18181818181818182,0.2192513368983957,0.37433155080213903
