var1,var2,var3,var4,var5,var6
0.022598870056497175,0.096045197740113,0.1016949152542373,0.15819209039548024,0.22598870056497175,0.3954802259887006
