var1,var2,var3,var4,var5,var6
0.025974025974025976,0.0735930735930736,0.13852813852813853,0.18181818181818182,0.24242424242424243,0.33766233766233766
