var1,var2,var3,var4,var5,var6
0.11228070175438597,0.12631578947368421,0.15789473684210525,0.16842105263157894,0.20350877192982456,0.23157894736842105
