var1,var2,var3,var4,var5,var6
0.057803468208092484,0.08092485549132948,0.10404624277456648,0.21965317919075145,0.24855491329479767,0.28901734104046245
