var1,var2,var3,var4,var5,var6
0.06707317073170732,0.09146341463414634,0.10365853658536585,0.1524390243902439,0.22560975609756098,0.3597560975609756
