var1,var2,var3,var4,var5,var6
0.028368794326241134,0.10638297872340426,0.1276595744680851,0.1702127659574468,0.2553191489361702,0.3120567375886525
