var1,var2,var3,var4,var5,var6
0.09716599190283401,0.10931174089068826,0.1214574898785425,0.15384615384615385,0.23481781376518218,0.2834008097165992
