var1,var2,var3,var4,var5,var6
0.0392156862745098,0.05228758169934641,0.06535947712418301,0.2222222222222222,0.2549019607843137,0.3660130718954248
