var1,var2,var3,var4,var5,var6
0.02142857142857143,0.07142857142857142,0.15714285714285714,0.19285714285714287,0.22142857142857142,0.3357142857142857
