var1,var2,var3,var4,var5,var6
0.012738853503184714,0.06369426751592357,0.10191082802547771,0.20382165605095542,0.28662420382165604,0.33121019108280253
