var1,var2,var3,var4,var5,var6
0.045112781954887216,0.06766917293233082,0.18045112781954886,0.19548872180451127,0.21052631578947367,0.3007518796992481
