var1,var2,var3,var4,var5,var6
0.017094017094017096,0.03418803418803419,0.08547008547008547,0.17094017094017094,0.3162393162393162,0.37606837606837606
