var1,var2,var3,var4,var5,var6
0.012903225806451613,0.03870967741935484,0.1032258064516129,0.18064516129032257,0.2645161290322581,0.4
