var1,var2,var3,var4,var5,var6
0.08225108225108226,0.12554112554112554,0.15584415584415584,0.17316017316017315,0.22077922077922077,0.24242424242424243
