var1,var2,var3,var4,var5,var6
0.03546099290780142,0.07092198581560284,0.1276595744680851,0.20567375886524822,0.2553191489361702,0.3049645390070922
