var1,var2,var3,var4,var5,var6
0.04060913705583756,0.09137055837563451,0.116751269035533,0.14213197969543148,0.29441624365482233,0.3147208121827411
