var1,var2,var3,var4,var5,var6
0.032679738562091505,0.0457516339869281,0.12418300653594772,0.1830065359477124,0.2875816993464052,0.32679738562091504
