var1,var2,var3,var4,var5,var6
0.05454545454545454,0.12121212121212122,0.13333333333333333,0.15757575757575756,0.23030303030303031,0.30303030303030304
