var1,var2,var3,var4,var5,var6
0.0947867298578199,0.10426540284360189,0.14691943127962084,0.17535545023696683,0.23222748815165878,0.24644549763033174
