var1,var2,var3,var4,var5,var6
0.09701492537313433,0.11194029850746269,0.12686567164179105,0.1791044776119403,0.23134328358208955,0.2537313432835821
