var1,var2,var3,var4,var5,var6
0.04201680672268908,0.11764705882352941,0.13445378151260504,0.16806722689075632,0.2184873949579832,0.31932773109243695
