var1,var2,var3,var4,var5,var6
0.024844720496894408,0.12422360248447205,0.16149068322981366,0.18012422360248448,0.2111801242236025,0.2981366459627329
