var1,var2,var3,var4,var5,var6
0.047337278106508875,0.11242603550295859,0.14792899408284024,0.16568047337278108,0.24260355029585798,0.28402366863905326
