var1,var2,var3,var4,var5,var6
0.031746031746031744,0.06349206349206349,0.1111111111111111,0.15873015873015872,0.2962962962962963,0.3386243386243386
