var1,var2,var3,var4,var5,var6
0.055248618784530384,0.12154696132596685,0.13812154696132597,0.1878453038674033,0.23204419889502761,0.26519337016574585
