var1,var2,var3,var4,var5,var6
0.015503875968992248,0.08527131782945736,0.12403100775193798,0.21705426356589147,0.26356589147286824,0.29457364341085274
