var1,var2,var3,var4,var5,var6
0.02564102564102564,0.10256410256410256,0.1623931623931624,0.1794871794871795,0.23076923076923078,0.29914529914529914
