var1,var2,var3,var4,var5,var6
0.030837004405286344,0.13215859030837004,0.15859030837004406,0.1762114537444934,0.24669603524229075,0.2555066079295154
