var1,var2,var3,var4,var5,var6
0.0440251572327044,0.1069182389937107,0.13836477987421383,0.1761006289308176,0.2578616352201258,0.27672955974842767
