var1,var2,var3,var4,var5,var6
0.08530805687203792,0.11374407582938388,0.16113744075829384,0.1848341232227488,0.21800947867298578,0.23696682464454977
