var1,var2,var3,var4,var5,var6
0.05907172995780591,0.0759493670886076,0.12658227848101267,0.16455696202531644,0.270042194092827,0.3037974683544304
