var1,var2,var3,var4,var5,var6
0.037037037037037035,0.044444444444444446,0.05925925925925926,0.17777777777777778,0.32592592592592595,0.35555555555555557
