var1,var2,var3,var4,var5,var6
0.013422818791946308,0.04697986577181208,0.09395973154362416,0.2348993288590604,0.26174496644295303,0.348993288590604
