var1,var2,var3,var4,var5,var6
0.014598540145985401,0.058394160583941604,0.08759124087591241,0.21897810218978103,0.22627737226277372,0.39416058394160586
