var1,var2,var3,var4,var5,var6
0.04633204633204633,0.05405405405405406,0.07335907335907337,0.23938223938223938,0.2625482625482625,0.32432432432432434
