var1,var2,var3,var4,var5,var6
0.06217616580310881,0.07253886010362694,0.17616580310880828,0.19170984455958548,0.20725388601036268,0.29015544041450775
