var1,var2,var3,var4,var5,var6
0.03007518796992481,0.045112781954887216,0.11278195488721804,0.15037593984962405,0.2857142857142857,0.37593984962406013
