var1,var2,var3,var4,var5,var6
0.025380710659898477,0.08629441624365482,0.15736040609137056,0.18781725888324874,0.23857868020304568,0.30456852791878175
