var1,var2,var3,var4,var5,var6
0.11797752808988764,0.14606741573033707,0.15168539325842698,0.17415730337078653,0.19662921348314608,0.21348314606741572
