var1,var2,var3,var4,var5,var6
0.059113300492610835,0.07389162561576355,0.13793103448275862,0.1724137931034483,0.2561576354679803,0.30049261083743845
