var1,var2,var3,var4,var5,var6
0.06153846153846154,0.09230769230769231,0.1076923076923077,0.23076923076923078,0.2358974358974359,0.2717948717948718
