var1,var2,var3,var4,var5,var6
0.031578947368421054,0.05263157894736842,0.07368421052631578,0.1368421052631579,0.25263157894736843,0.45263157894736844
