var1,var2,var3,var4,var5,var6
0.08866995073891626,0.10344827586206896,0.10837438423645321,0.15763546798029557,0.2561576354679803,0.2857142857142857
