var1,var2,var3,var4,var5,var6
0.06802721088435375,0.08163265306122448,0.10884353741496598,0.11564625850340136,0.24489795918367346,0.38095238095238093
