var1,var2,var3,var4,var5,var6
0.06993006993006994,0.13286713286713286,0.15384615384615385,0.16783216783216784,0.18181818181818182,0.2937062937062937
