var1,var2,var3,var4,var5,var6
0.04,0.09142857142857143,0.10285714285714286,0.14857142857142858,0.24571428571428572,0.37142857142857144
