var1,var2,var3,var4,var5,var6
0.03125,0.08125,0.125,0.18125,0.28125,0.3
