var1,var2,var3,var4,var5,var6
0.0425531914893617,0.12056737588652482,0.1347517730496454,0.14893617021276595,0.2198581560283688,0.3333333333333333
