var1,var2,var3,var4,var5,var6
0.07179487179487179,0.11282051282051282,0.15384615384615385,0.1641025641025641,0.21025641025641026,0.28717948717948716
