var1,var2,var3,var4,var5,var6
0.10047846889952153,0.11483253588516747,0.13875598086124402,0.19138755980861244,0.21052631578947367,0.24401913875598086
