var1,var2,var3,var4,var5,var6
0.06707317073170732,0.0975609756097561,0.11585365853658537,0.1951219512195122,0.25,0.27439024390243905
