var1,var2,var3,var4,var5,var6
0.05202312138728324,0.07514450867052024,0.11560693641618497,0.1791907514450867,0.2658959537572254,0.31213872832369943
