var1,var2,var3,var4,var5,var6
0.022556390977443608,0.08270676691729323,0.16541353383458646,0.21052631578947367,0.2556390977443609,0.2631578947368421
