var1,var2,var3,var4,var5,var6
0.022900763358778626,0.061068702290076333,0.13740458015267176,0.1450381679389313,0.19083969465648856,0.44274809160305345
