var1,var2,var3,var4,var5,var6
0.06060606060606061,0.08484848484848485,0.15151515151515152,0.2,0.23030303030303031,0.2727272727272727
