var1,var2,var3,var4,var5,var6
0.07389162561576355,0.11330049261083744,0.13793103448275862,0.1625615763546798,0.24630541871921183,0.2660098522167488
