var1,var2,var3,var4,var5,var6
0.06896551724137931,0.1103448275862069,0.11724137931034483,0.15172413793103448,0.20689655172413793,0.3448275862068966
