var1,var2,var3,var4,var5,var6
0.09059233449477352,0.11846689895470383,0.16376306620209058,0.18815331010452963,0.1951219512195122,0.24390243902439024
