var1,var2,var3,var4,var5,var6
0.06790123456790123,0.09259259259259259,0.14814814814814814,0.16666666666666666,0.2037037037037037,0.32098765432098764
