var1,var2,var3,var4,var5,var6
0.08196721311475409,0.1092896174863388,0.13114754098360656,0.14207650273224043,0.17486338797814208,0.36065573770491804
