var1,var2,var3,var4,var5,var6
0.013245033112582781,0.046357615894039736,0.11920529801324503,0.15894039735099338,0.2980132450331126,0.36423841059602646
