var1,var2,var3,var4,var5,var6
0.04979253112033195,0.0912863070539419,0.1078838174273859,0.13278008298755187,0.27800829875518673,0.34024896265560167
