var1,var2,var3,var4,var5,var6
0.03409090909090909,0.10227272727272728,0.125,0.1875,0.26704545454545453,0.2840909090909091
