var1,var2,var3,var4,var5,var6
0.023346303501945526,0.14007782101167315,0.17120622568093385,0.17898832684824903,0.23735408560311283,0.2490272373540856
