var1,var2,var3,var4,var5,var6
0.06060606060606061,0.0707070707070707,0.10101010101010101,0.12121212121212122,0.20202020202020202,0.4444444444444444
