var1,var2,var3,var4,var5,var6
0.044585987261146494,0.07643312101910828,0.10191082802547771,0.12738853503184713,0.267515923566879,0.3821656050955414
