var1,var2,var3,var4,var5,var6
0.0106951871657754,0.10695187165775401,0.15508021390374332,0.20320855614973263,0.24598930481283424,0.27807486631016043
