var1,var2,var3,var4,var5,var6
0.03821656050955414,0.07643312101910828,0.08917197452229299,0.10191082802547771,0.31210191082802546,0.3821656050955414
