var1,var2,var3,var4,var5,var6
0.04046242774566474,0.06936416184971098,0.16184971098265896,0.18497109826589594,0.24277456647398843,0.30057803468208094
