var1,var2,var3,var4,var5,var6
0.091324200913242,0.136986301369863,0.1461187214611872,0.1598173515981735,0.2191780821917808,0.2465753424657534
