var1,var2,var3,var4,var5,var6
0.06395348837209303,0.0755813953488372,0.0872093023255814,0.23255813953488372,0.2616279069767442,0.27906976744186046
