var1,var2,var3,var4,var5,var6
0.031413612565445025,0.13612565445026178,0.1518324607329843,0.18848167539267016,0.2094240837696335,0.28272251308900526
