var1,var2,var3,var4,var5,var6
0.07947019867549669,0.09933774834437085,0.11920529801324503,0.13245033112582782,0.1456953642384106,0.423841059602649
