var1,var2,var3,var4,var5,var6
0.1232876712328767,0.1324200913242009,0.1552511415525114,0.182648401826484,0.1963470319634703,0.2100456621004566
