var1,var2,var3,var4,var5,var6
0.0427807486631016,0.12834224598930483,0.15508021390374332,0.21390374331550802,0.22459893048128343,0.23529411764705882
