var1,var2,var3,var4,var5,var6
0.045871559633027525,0.06422018348623854,0.12844036697247707,0.1559633027522936,0.1651376146788991,0.44036697247706424
