var1,var2,var3,var4,var5,var6
0.03763440860215054,0.08064516129032258,0.17204301075268819,0.1881720430107527,0.23655913978494625,0.2849462365591398
