var1,var2,var3,var4,var5,var6
0.033707865168539325,0.0449438202247191,0.11235955056179775,0.1348314606741573,0.2247191011235955,0.449438202247191
