var1,var2,var3,var4,var5,var6
0.043243243243243246,0.12432432432432433,0.15135135135135136,0.1837837837837838,0.23783783783783785,0.2594594594594595
