var1,var2,var3,var4,var5,var6
0.05714285714285714,0.10285714285714286,0.17714285714285713,0.18857142857142858,0.21714285714285714,0.2571428571428571
