var1,var2,var3,var4,var5,var6
0.015037593984962405,0.05263157894736842,0.12030075187969924,0.18045112781954886,0.24060150375939848,0.39097744360902253
