var1,var2,var3,var4,var5,var6
0.06097560975609756,0.13414634146341464,0.1524390243902439,0.17682926829268292,0.23170731707317074,0.24390243902439024
