var1,var2,var3,var4,var5,var6
0.03773584905660377,0.050314465408805034,0.12578616352201258,0.1509433962264151,0.2830188679245283,0.3522012578616352
