var1,var2,var3,var4,var5,var6
0.011695906432748537,0.07017543859649122,0.15204678362573099,0.18128654970760233,0.26900584795321636,0.3157894736842105
