var1,var2,var3,var4,var5,var6
0.07602339181286549,0.08187134502923976,0.11695906432748537,0.17543859649122806,0.2222222222222222,0.32748538011695905
