var1,var2,var3,var4,var5,var6
0.08287292817679558,0.1270718232044199,0.143646408839779,0.19337016574585636,0.22099447513812154,0.23204419889502761
