var1,var2,var3,var4,var5,var6
0.07017543859649122,0.08187134502923976,0.10526315789473684,0.2222222222222222,0.23976608187134502,0.2807017543859649
