var1,var2,var3,var4,var5,var6
0.06282722513089005,0.14136125654450263,0.16753926701570682,0.193717277486911,0.2094240837696335,0.225130890052356
