var1,var2,var3,var4,var5,var6
0.052941176470588235,0.12941176470588237,0.14705882352941177,0.20588235294117646,0.21764705882352942,0.24705882352941178
