var1,var2,var3,var4,var5,var6
0.02054794520547945,0.0273972602739726,0.1095890410958904,0.19863013698630136,0.2945205479452055,0.3493150684931507
