var1,var2,var3,var4,var5,var6
0.016129032258064516,0.04838709677419355,0.12365591397849462,0.1827956989247312,0.27956989247311825,0.34946236559139787
