var1,var2,var3,var4,var5,var6
0.10232558139534884,0.13023255813953488,0.16744186046511628,0.1813953488372093,0.20465116279069767,0.21395348837209302
