var1,var2,var3,var4,var5,var6
0.04195804195804196,0.08391608391608392,0.1048951048951049,0.13986013986013987,0.23776223776223776,0.3916083916083916
