var1,var2,var3,var4,var5,var6
0.11981566820276497,0.14746543778801843,0.15207373271889402,0.16589861751152074,0.20276497695852536,0.2119815668202765
