var1,var2,var3,var4,var5,var6
0.022222222222222223,0.08444444444444445,0.14666666666666667,0.2,0.24444444444444444,0.3022222222222222
