var1,var2,var3,var4,var5,var6
0.028409090909090908,0.09659090909090909,0.16477272727272727,0.17613636363636365,0.25,0.2840909090909091
