var1,var2,var3,var4,var5,var6
0.035856573705179286,0.09561752988047809,0.12749003984063745,0.1752988047808765,0.23904382470119523,0.32669322709163345
