var1,var2,var3,var4,var5,var6
0.031088082901554404,0.05181347150259067,0.07253886010362694,0.17616580310880828,0.2538860103626943,0.41450777202072536
