var1,var2,var3,var4,var5,var6
0.040268456375838924,0.053691275167785234,0.06711409395973154,0.16778523489932887,0.24161073825503357,0.42953020134228187
