var1,var2,var3,var4,var5,var6
0.12422360248447205,0.13043478260869565,0.16149068322981366,0.17391304347826086,0.19254658385093168,0.21739130434782608
