var1,var2,var3,var4,var5,var6
0.035398230088495575,0.07079646017699115,0.12389380530973451,0.20353982300884957,0.21238938053097345,0.35398230088495575
