var1,var2,var3,var4,var5,var6
0.05921052631578947,0.09868421052631579,0.11842105263157894,0.16447368421052633,0.21052631578947367,0.34868421052631576
