var1,var2,var3,var4,var5,var6
0.03940886699507389,0.08866995073891626,0.13793103448275862,0.2019704433497537,0.23645320197044334,0.2955665024630542
