var1,var2,var3,var4,var5,var6
0.0136986301369863,0.04794520547945205,0.1232876712328767,0.19863013698630136,0.2671232876712329,0.3493150684931507
