var1,var2,var3,var4,var5,var6
0.11464968152866242,0.1337579617834395,0.16560509554140126,0.17834394904458598,0.1910828025477707,0.21656050955414013
