var1,var2,var3,var4,var5,var6
0.043478260869565216,0.12608695652173912,0.14347826086956522,0.1956521739130435,0.21739130434782608,0.27391304347826084
