var1,var2,var3,var4,var5,var6
0.03278688524590164,0.04371584699453552,0.1366120218579235,0.18579234972677597,0.25136612021857924,0.34972677595628415
