var1,var2,var3,var4,var5,var6
0.09395973154362416,0.12080536912751678,0.1476510067114094,0.15436241610738255,0.20134228187919462,0.28187919463087246
