var1,var2,var3,var4,var5,var6
0.035398230088495575,0.08849557522123894,0.09734513274336283,0.10619469026548672,0.24778761061946902,0.4247787610619469
