var1,var2,var3,var4,var5,var6
0.05333333333333334,0.09777777777777778,0.1111111111111111,0.13333333333333333,0.26666666666666666,0.3377777777777778
