var1,var2,var3,var4,var5,var6
0.026143790849673203,0.0718954248366013,0.0784313725490196,0.20915032679738563,0.2222222222222222,0.39215686274509803
