var1,var2,var3,var4,var5,var6
0.045714285714285714,0.07428571428571429,0.09142857142857143,0.12571428571428572,0.29714285714285715,0.3657142857142857
