var1,var2,var3,var4,var5,var6
0.034482758620689655,0.05517241379310345,0.09655172413793103,0.1724137931034483,0.2413793103448276,0.4
