var1,var2,var3,var4,var5,var6
0.08284023668639054,0.10059171597633136,0.15384615384615385,0.1893491124260355,0.22485207100591717,0.2485207100591716
