var1,var2,var3,var4,var5,var6
0.08520179372197309,0.09417040358744394,0.12556053811659193,0.14798206278026907,0.2600896860986547,0.28699551569506726
