var1,var2,var3,var4,var5,var6
0.06808510638297872,0.10212765957446808,0.14468085106382977,0.19574468085106383,0.23404255319148937,0.2553191489361702
