var1,var2,var3,var4,var5,var6
0.0915032679738562,0.1111111111111111,0.13071895424836602,0.1830065359477124,0.23529411764705882,0.24836601307189543
