var1,var2,var3,var4,var5,var6
0.02766798418972332,0.07114624505928854,0.09486166007905138,0.18181818181818182,0.2450592885375494,0.3794466403162055
