var1,var2,var3,var4,var5,var6
0.014354066985645933,0.09090909090909091,0.13875598086124402,0.21052631578947367,0.23923444976076555,0.3062200956937799
