var1,var2,var3,var4,var5,var6
0.07407407407407407,0.09523809523809523,0.10582010582010581,0.15873015873015872,0.2698412698412698,0.2962962962962963
