var1,var2,var3,var4,var5,var6
0.05154639175257732,0.08762886597938144,0.12886597938144329,0.15979381443298968,0.27835051546391754,0.29381443298969073
