var1,var2,var3,var4,var5,var6
0.0427807486631016,0.08021390374331551,0.18181818181818182,0.1925133689839572,0.21390374331550802,0.2887700534759358
