var1,var2,var3,var4,var5,var6
0.07453416149068323,0.10559006211180125,0.14906832298136646,0.15527950310559005,0.2484472049689441,0.2670807453416149
