var1,var2,var3,var4,var5,var6
0.04516129032258064,0.05161290322580645,0.09032258064516129,0.16129032258064516,0.3096774193548387,0.3419354838709677
