var1,var2,var3,var4,var5,var6
0.0784313725490196,0.09803921568627451,0.14901960784313725,0.17254901960784313,0.18823529411764706,0.3137254901960784
