var1,var2,var3,var4,var5,var6
0.100418410041841,0.12552301255230125,0.13389121338912133,0.19246861924686193,0.20920502092050208,0.2384937238493724
