var1,var2,var3,var4,var5,var6
0.032520325203252036,0.04878048780487805,0.08943089430894309,0.21138211382113822,0.2764227642276423,0.34146341463414637
