var1,var2,var3,var4,var5,var6
0.034013605442176874,0.09523809523809523,0.14965986394557823,0.17687074829931973,0.20408163265306123,0.3401360544217687
