var1,var2,var3,var4,var5,var6
0.07531380753138076,0.10460251046025104,0.14225941422594143,0.1589958158995816,0.19246861924686193,0.3263598326359833
