var1,var2,var3,var4,var5,var6
0.05063291139240506,0.1350210970464135,0.16455696202531644,0.20253164556962025,0.21940928270042195,0.22784810126582278
