var1,var2,var3,var4,var5,var6
0.035897435897435895,0.06153846153846154,0.08205128205128205,0.22564102564102564,0.27692307692307694,0.31794871794871793
