var1,var2,var3,var4,var5,var6
0.09313725490196079,0.1323529411764706,0.14215686274509803,0.17647058823529413,0.20098039215686275,0.2549019607843137
