var1,var2,var3,var4,var5,var6
0.04790419161676647,0.05389221556886228,0.08383233532934131,0.2155688622754491,0.2874251497005988,0.31137724550898205
