var1,var2,var3,var4,var5,var6
0.03508771929824561,0.1286549707602339,0.14619883040935672,0.19298245614035087,0.2046783625730994,0.29239766081871343
