var1,var2,var3,var4,var5,var6
0.08648648648648649,0.10810810810810811,0.13513513513513514,0.2,0.21621621621621623,0.25405405405405407
