var1,var2,var3,var4,var5,var6
0.022900763358778626,0.04580152671755725,0.10687022900763359,0.12213740458015267,0.3053435114503817,0.3969465648854962
