var1,var2,var3,var4,var5,var6
0.09154929577464789,0.09859154929577464,0.13380281690140844,0.15492957746478872,0.21830985915492956,0.3028169014084507
