var1,var2,var3,var4,var5,var6
0.03361344537815126,0.08403361344537816,0.15966386554621848,0.20168067226890757,0.226890756302521,0.29411764705882354
