var1,var2,var3,var4,var5,var6
0.03296703296703297,0.04945054945054945,0.15384615384615385,0.19230769230769232,0.24725274725274726,0.3241758241758242
