var1,var2,var3,var4,var5,var6
0.02403846153846154,0.10096153846153846,0.11538461538461539,0.1778846153846154,0.27403846153846156,0.3076923076923077
