var1,var2,var3,var4,var5,var6
0.08396946564885496,0.13740458015267176,0.16793893129770993,0.19083969465648856,0.20610687022900764,0.21374045801526717
