var1,var2,var3,var4,var5,var6
0.044642857142857144,0.08928571428571429,0.125,0.15178571428571427,0.20535714285714285,0.38392857142857145
