var1,var2,var3,var4,var5,var6
0.024291497975708502,0.04048582995951417,0.11740890688259109,0.1862348178137652,0.291497975708502,0.340080971659919
