var1,var2,var3,var4,var5,var6
0.044534412955465584,0.09716599190283401,0.15789473684210525,0.17408906882591094,0.23076923076923078,0.29554655870445345
