var1,var2,var3,var4,var5,var6
0.02142857142857143,0.03571428571428571,0.09285714285714286,0.22142857142857142,0.2714285714285714,0.35714285714285715
