var1,var2,var3,var4,var5,var6
0.07253886010362694,0.09844559585492228,0.15544041450777202,0.17616580310880828,0.18652849740932642,0.31088082901554404
