var1,var2,var3,var4,var5,var6
0.029288702928870293,0.06694560669456066,0.12552301255230125,0.17573221757322174,0.2594142259414226,0.34309623430962344
