var1,var2,var3,var4,var5,var6
0.04020100502512563,0.09547738693467336,0.11557788944723618,0.1407035175879397,0.22110552763819097,0.3869346733668342
