var1,var2,var3,var4,var5,var6
0.026785714285714284,0.08035714285714286,0.08928571428571429,0.16071428571428573,0.20535714285714285,0.4375
