var1,var2,var3,var4,var5,var6
0.0374331550802139,0.058823529411764705,0.09090909090909091,0.1925133689839572,0.25668449197860965,0.36363636363636365
