var1,var2,var3,var4,var5,var6
0.05673758865248227,0.0851063829787234,0.1702127659574468,0.19148936170212766,0.2127659574468085,0.28368794326241137
