var1,var2,var3,var4,var5,var6
0.022598870056497175,0.12429378531073447,0.1638418079096045,0.1807909604519774,0.24858757062146894,0.2598870056497175
