var1,var2,var3,var4,var5,var6
0.07567567567567568,0.10270270270270271,0.10810810810810811,0.15135135135135136,0.21621621621621623,0.34594594594594597
