var1,var2,var3,var4,var5,var6
0.062111801242236024,0.07453416149068323,0.19254658385093168,0.19875776397515527,0.2236024844720497,0.2484472049689441
