var1,var2,var3,var4,var5,var6
0.06802721088435375,0.08843537414965986,0.12244897959183673,0.21768707482993196,0.24489795918367346,0.2585034013605442
