var1,var2,var3,var4,var5,var6
0.045454545454545456,0.06363636363636363,0.1,0.15454545454545454,0.22727272727272727,0.4090909090909091
