var1,var2,var3,var4,var5,var6
0.034782608695652174,0.08695652173913043,0.1565217391304348,0.17391304347826086,0.2,0.34782608695652173
