var1,var2,var3,var4,var5,var6
0.030534351145038167,0.061068702290076333,0.11450381679389313,0.13740458015267176,0.32061068702290074,0.33587786259541985
