var1,var2,var3,var4,var5,var6
0.06206896551724138,0.06896551724137931,0.15862068965517243,0.1793103448275862,0.21379310344827587,0.31724137931034485
