var1,var2,var3,var4,var5,var6
0.07106598984771574,0.09644670050761421,0.1218274111675127,0.1319796954314721,0.15228426395939088,0.4263959390862944
