var1,var2,var3,var4,var5,var6
0.025477707006369428,0.06369426751592357,0.14012738853503184,0.15286624203821655,0.2229299363057325,0.39490445859872614
