var1,var2,var3,var4,var5,var6
0.032467532467532464,0.06493506493506493,0.11688311688311688,0.14285714285714285,0.22077922077922077,0.42207792207792205
