var1,var2,var3,var4,var5,var6
0.017857142857142856,0.08035714285714286,0.10714285714285714,0.14285714285714285,0.19642857142857142,0.45535714285714285
