var1,var2,var3,var4,var5,var6
0.02631578947368421,0.08552631578947369,0.125,0.15789473684210525,0.17763157894736842,0.4276315789473684
