var1,var2,var3,var4,var5,var6
0.06315789473684211,0.10526315789473684,0.12631578947368421,0.14736842105263157,0.15789473684210525,0.4
