var1,var2,var3,var4,var5,var6
0.02072538860103627,0.05699481865284974,0.16580310880829016,0.20725388601036268,0.25906735751295334,0.29015544041450775
