var1,var2,var3,var4,var5,var6
0.07692307692307693,0.09954751131221719,0.1085972850678733,0.15384615384615385,0.2171945701357466,0.3438914027149321
