var1,var2,var3,var4,var5,var6
0.031496062992125984,0.05511811023622047,0.12598425196850394,0.14173228346456693,0.28346456692913385,0.36220472440944884
