var1,var2,var3,var4,var5,var6
0.07878787878787878,0.09696969696969697,0.12121212121212122,0.19393939393939394,0.23030303030303031,0.2787878787878788
