var1,var2,var3,var4,var5,var6
0.012903225806451613,0.03870967741935484,0.14838709677419354,0.22580645161290322,0.25806451612903225,0.3161290322580645
