var1,var2,var3,var4,var5,var6
0.044585987261146494,0.07643312101910828,0.15286624203821655,0.16560509554140126,0.1910828025477707,0.36942675159235666
