var1,var2,var3,var4,var5,var6
0.01639344262295082,0.03278688524590164,0.1092896174863388,0.2185792349726776,0.28415300546448086,0.33879781420765026
