var1,var2,var3,var4,var5,var6
0.01652892561983471,0.049586776859504134,0.1322314049586777,0.15702479338842976,0.21487603305785125,0.4297520661157025
