var1,var2,var3,var4,var5,var6
0.0670391061452514,0.11173184357541899,0.1340782122905028,0.1452513966480447,0.24022346368715083,0.3016759776536313
