var1,var2,var3,var4,var5,var6
0.0446927374301676,0.13966480446927373,0.15083798882681565,0.18994413407821228,0.20670391061452514,0.2681564245810056
