var1,var2,var3,var4,var5,var6
0.02,0.1,0.14,0.18,0.24666666666666667,0.31333333333333335
