var1,var2,var3,var4,var5,var6
0.04891304347826087,0.08152173913043478,0.14130434782608695,0.21195652173913043,0.25,0.266304347826087
