var1,var2,var3,var4,var5,var6
0.04,0.08888888888888889,0.10222222222222223,0.11555555555555555,0.3111111111111111,0.3422222222222222
