var1,var2,var3,var4,var5,var6
0.08053691275167785,0.10738255033557047,0.12751677852348994,0.1476510067114094,0.24161073825503357,0.2953020134228188
