var1,var2,var3,var4,var5,var6
0.09944751381215469,0.10497237569060773,0.13259668508287292,0.16574585635359115,0.17679558011049723,0.32044198895027626
