var1,var2,var3,var4,var5,var6
0.02631578947368421,0.03508771929824561,0.14035087719298245,0.23684210526315788,0.2543859649122807,0.30701754385964913
