var1,var2,var3,var4,var5,var6
0.03571428571428571,0.09821428571428571,0.10714285714285714,0.125,0.17857142857142858,0.45535714285714285
