var1,var2,var3,var4,var5,var6
0.05776173285198556,0.09025270758122744,0.1624548736462094,0.21660649819494585,0.22743682310469315,0.24548736462093862
