var1,var2,var3,var4,var5,var6
0.03278688524590164,0.08196721311475409,0.15300546448087432,0.19672131147540983,0.24043715846994534,0.29508196721311475
