var1,var2,var3,var4,var5,var6
0.012658227848101266,0.02531645569620253,0.10126582278481013,0.1518987341772152,0.20253164556962025,0.5063291139240507
