var1,var2,var3,var4,var5,var6
0.021897810218978103,0.072992700729927,0.11678832116788321,0.20437956204379562,0.21897810218978103,0.36496350364963503
