var1,var2,var3,var4,var5,var6
0.028368794326241134,0.0425531914893617,0.10638297872340426,0.15602836879432624,0.28368794326241137,0.3829787234042553
