var1,var2,var3,var4,var5,var6
0.03773584905660377,0.052830188679245285,0.16981132075471697,0.1811320754716981,0.2641509433962264,0.2943396226415094
