var1,var2,var3,var4,var5,var6
0.047244094488188976,0.07086614173228346,0.07874015748031496,0.14173228346456693,0.25196850393700787,0.4094488188976378
