var1,var2,var3,var4,var5,var6
0.07741935483870968,0.1032258064516129,0.14193548387096774,0.16129032258064516,0.23225806451612904,0.2838709677419355
