var1,var2,var3,var4,var5,var6
0.03305785123966942,0.09090909090909091,0.15702479338842976,0.1652892561983471,0.2066115702479339,0.34710743801652894
