var1,var2,var3,var4,var5,var6
0.07048458149779736,0.14977973568281938,0.15859030837004406,0.18061674008810572,0.19383259911894274,0.24669603524229075
