var1,var2,var3,var4,var5,var6
0.05389221556886228,0.11976047904191617,0.1377245508982036,0.16167664670658682,0.23952095808383234,0.2874251497005988
