var1,var2,var3,var4,var5,var6
0.050314465408805034,0.08176100628930817,0.0880503144654088,0.20125786163522014,0.22641509433962265,0.3522012578616352
