var1,var2,var3,var4,var5,var6
0.03305785123966942,0.1115702479338843,0.128099173553719,0.21074380165289255,0.23140495867768596,0.28512396694214875
