var1,var2,var3,var4,var5,var6
0.04864864864864865,0.07567567567567568,0.13513513513513514,0.22162162162162163,0.24324324324324326,0.2756756756756757
