var1,var2,var3,var4,var5,var6
0.04697986577181208,0.0738255033557047,0.1610738255033557,0.18120805369127516,0.26174496644295303,0.2751677852348993
