var1,var2,var3,var4,var5,var6
0.08290155440414508,0.10880829015544041,0.14507772020725387,0.16580310880829016,0.23316062176165803,0.26424870466321243
