var1,var2,var3,var4,var5,var6
0.0582010582010582,0.12698412698412698,0.14285714285714285,0.15873015873015872,0.23809523809523808,0.2751322751322751
