var1,var2,var3,var4,var5,var6
0.044444444444444446,0.06666666666666667,0.08888888888888889,0.2074074074074074,0.28888888888888886,0.3037037037037037
