var1,var2,var3,var4,var5,var6
0.06521739130434782,0.07971014492753623,0.09420289855072464,0.18115942028985507,0.26811594202898553,0.3115942028985507
