var1,var2,var3,var4,var5,var6
0.0449438202247191,0.06741573033707865,0.10861423220973783,0.18726591760299627,0.27715355805243447,0.3146067415730337
