var1,var2,var3,var4,var5,var6
0.05970149253731343,0.12935323383084577,0.15920398009950248,0.1791044776119403,0.21393034825870647,0.25870646766169153
