var1,var2,var3,var4,var5,var6
0.04477611940298507,0.08955223880597014,0.15920398009950248,0.208955223880597,0.23880597014925373,0.25870646766169153
