var1,var2,var3,var4,var5,var6
0.04895104895104895,0.055944055944055944,0.07692307692307693,0.20279720279720279,0.23776223776223776,0.3776223776223776
