var1,var2,var3,var4,var5,var6
0.11229946524064172,0.12299465240641712,0.1443850267379679,0.18716577540106952,0.20320855614973263,0.22994652406417113
