var1,var2,var3,var4,var5,var6
0.029585798816568046,0.08875739644970414,0.14792899408284024,0.1893491124260355,0.23076923076923078,0.3136094674556213
