var1,var2,var3,var4,var5,var6
0.025477707006369428,0.11464968152866242,0.12738853503184713,0.19745222929936307,0.22929936305732485,0.3057324840764331
