var1,var2,var3,var4,var5,var6
0.08021390374331551,0.11229946524064172,0.13903743315508021,0.1657754010695187,0.24064171122994651,0.2620320855614973
