var1,var2,var3,var4,var5,var6
0.08013937282229965,0.10452961672473868,0.1672473867595819,0.20209059233449478,0.21602787456445993,0.22996515679442509
