var1,var2,var3,var4,var5,var6
0.02197802197802198,0.07142857142857142,0.1043956043956044,0.15934065934065933,0.29120879120879123,0.3516483516483517
