var1,var2,var3,var4,var5,var6
0.037037037037037035,0.09259259259259259,0.12037037037037036,0.1388888888888889,0.18518518518518517,0.42592592592592593
