var1,var2,var3,var4,var5,var6
0.029239766081871343,0.0935672514619883,0.17543859649122806,0.19883040935672514,0.24561403508771928,0.2573099415204678
