var1,var2,var3,var4,var5,var6
0.01680672268907563,0.03361344537815126,0.15126050420168066,0.21008403361344538,0.25210084033613445,0.33613445378151263
