var1,var2,var3,var4,var5,var6
0.027874564459930314,0.04878048780487805,0.14285714285714285,0.1602787456445993,0.2787456445993031,0.34146341463414637
