var1,var2,var3,var4,var5,var6
0.03825136612021858,0.13114754098360656,0.15300546448087432,0.18579234972677597,0.24043715846994534,0.25136612021857924
