var1,var2,var3,var4,var5,var6
0.062111801242236024,0.12422360248447205,0.15527950310559005,0.20496894409937888,0.2236024844720497,0.22981366459627328
