var1,var2,var3,var4,var5,var6
0.0635593220338983,0.09322033898305085,0.11440677966101695,0.13559322033898305,0.2838983050847458,0.3093220338983051
