var1,var2,var3,var4,var5,var6
0.06060606060606061,0.08080808080808081,0.1111111111111111,0.12121212121212122,0.16161616161616163,0.46464646464646464
