var1,var2,var3,var4,var5,var6
0.034013605442176874,0.04081632653061224,0.09523809523809523,0.12244897959183673,0.29931972789115646,0.40816326530612246
