var1,var2,var3,var4,var5,var6
0.08121827411167512,0.14213197969543148,0.15736040609137056,0.16243654822335024,0.19289340101522842,0.2639593908629442
