var1,var2,var3,var4,var5,var6
0.03680981595092025,0.049079754601226995,0.06134969325153374,0.22085889570552147,0.2392638036809816,0.39263803680981596
