var1,var2,var3,var4,var5,var6
0.11610486891385768,0.13857677902621723,0.16104868913857678,0.17228464419475656,0.19850187265917604,0.21348314606741572
