var1,var2,var3,var4,var5,var6
0.025157232704402517,0.1069182389937107,0.11949685534591195,0.16981132075471697,0.2138364779874214,0.36477987421383645
