var1,var2,var3,var4,var5,var6
0.03571428571428571,0.05952380952380952,0.07142857142857142,0.08333333333333333,0.2619047619047619,0.4880952380952381
