var1,var2,var3,var4,var5,var6
0.06735751295336788,0.08290155440414508,0.10880829015544041,0.14507772020725387,0.18134715025906736,0.41450777202072536
