var1,var2,var3,var4,var5,var6
0.049689440993788817,0.08695652173913043,0.12422360248447205,0.18012422360248448,0.2236024844720497,0.33540372670807456
