var1,var2,var3,var4,var5,var6
0.05429864253393665,0.12217194570135746,0.1583710407239819,0.18099547511312217,0.19457013574660634,0.2895927601809955
