var1,var2,var3,var4,var5,var6
0.01990049751243781,0.05970149253731343,0.13432835820895522,0.15920398009950248,0.2885572139303483,0.3383084577114428
