var1,var2,var3,var4,var5,var6
0.04371584699453552,0.07650273224043716,0.1366120218579235,0.15300546448087432,0.25136612021857924,0.33879781420765026
