var1,var2,var3,var4,var5,var6
0.028985507246376812,0.04830917874396135,0.178743961352657,0.18840579710144928,0.27053140096618356,0.28502415458937197
