var1,var2,var3,var4,var5,var6
0.045714285714285714,0.05142857142857143,0.07428571428571429,0.19428571428571428,0.30857142857142855,0.32571428571428573
