var1,var2,var3,var4,var5,var6
0.06167400881057269,0.07048458149779736,0.15418502202643172,0.16740088105726872,0.2643171806167401,0.28193832599118945
