var1,var2,var3,var4,var5,var6
0.02072538860103627,0.13471502590673576,0.16580310880829016,0.20207253886010362,0.21761658031088082,0.25906735751295334
