var1,var2,var3,var4,var5,var6
0.04938271604938271,0.06790123456790123,0.12345679012345678,0.16666666666666666,0.2777777777777778,0.3148148148148148
