var1,var2,var3,var4,var5,var6
0.01639344262295082,0.07103825136612021,0.09836065573770492,0.18032786885245902,0.22950819672131148,0.40437158469945356
