var1,var2,var3,var4,var5,var6
0.04946996466431095,0.13074204946996468,0.1696113074204947,0.17667844522968199,0.19081272084805653,0.2826855123674912
