var1,var2,var3,var4,var5,var6
0.08080808080808081,0.09090909090909091,0.1111111111111111,0.1414141414141414,0.18181818181818182,0.3939393939393939
