var1,var2,var3,var4,var5,var6
0.059113300492610835,0.07881773399014778,0.12807881773399016,0.15763546798029557,0.27586206896551724,0.30049261083743845
