var1,var2,var3,var4,var5,var6
0.03389830508474576,0.05084745762711865,0.11016949152542373,0.17796610169491525,0.2457627118644068,0.3813559322033898
