var1,var2,var3,var4,var5,var6
0.07179487179487179,0.08205128205128205,0.1282051282051282,0.19487179487179487,0.2358974358974359,0.28717948717948716
