var1,var2,var3,var4,var5,var6
0.045112781954887216,0.09774436090225563,0.13533834586466165,0.21052631578947367,0.22556390977443608,0.2857142857142857
