var1,var2,var3,var4,var5,var6
0.03636363636363636,0.07272727272727272,0.14545454545454545,0.17272727272727273,0.22727272727272727,0.34545454545454546
