var1,var2,var3,var4,var5,var6
0.015706806282722512,0.07329842931937172,0.17277486910994763,0.193717277486911,0.25654450261780104,0.2879581151832461
