var1,var2,var3,var4,var5,var6
0.028985507246376812,0.07246376811594203,0.1642512077294686,0.18357487922705315,0.24154589371980675,0.30917874396135264
