var1,var2,var3,var4,var5,var6
0.02,0.02666666666666667,0.1,0.15333333333333332,0.30666666666666664,0.3933333333333333
