var1,var2,var3,var4,var5,var6
0.028409090909090908,0.03977272727272727,0.09659090909090909,0.20454545454545456,0.2840909090909091,0.3465909090909091
