var1,var2,var3,var4,var5,var6
0.056179775280898875,0.07865168539325842,0.11235955056179775,0.14606741573033707,0.15730337078651685,0.449438202247191
