var1,var2,var3,var4,var5,var6
0.015873015873015872,0.07407407407407407,0.09523809523809523,0.13756613756613756,0.31216931216931215,0.36507936507936506
