var1,var2,var3,var4,var5,var6
0.03225806451612903,0.06451612903225806,0.08602150537634409,0.12903225806451613,0.25806451612903225,0.43010752688172044
