var1,var2,var3,var4,var5,var6
0.0784313725490196,0.09803921568627451,0.11764705882352941,0.1830065359477124,0.23529411764705882,0.2875816993464052
