var1,var2,var3,var4,var5,var6
0.04316546762589928,0.05755395683453238,0.08633093525179857,0.17266187050359713,0.26618705035971224,0.37410071942446044
