var1,var2,var3,var4,var5,var6
0.05228758169934641,0.058823529411764705,0.1503267973856209,0.16993464052287582,0.21568627450980393,0.35294117647058826
