var1,var2,var3,var4,var5,var6
0.029556650246305417,0.08866995073891626,0.10837438423645321,0.1477832512315271,0.2315270935960591,0.39408866995073893
