var1,var2,var3,var4,var5,var6
0.07692307692307693,0.11764705882352941,0.13574660633484162,0.17194570135746606,0.2171945701357466,0.28054298642533937
