var1,var2,var3,var4,var5,var6
0.06802721088435375,0.09523809523809523,0.1360544217687075,0.14285714285714285,0.19047619047619047,0.3673469387755102
