var1,var2,var3,var4,var5,var6
0.03954802259887006,0.1016949152542373,0.11299435028248588,0.15819209039548024,0.24858757062146894,0.3389830508474576
