var1,var2,var3,var4,var5,var6
0.06224066390041494,0.0912863070539419,0.15767634854771784,0.1908713692946058,0.23651452282157676,0.26141078838174275
