var1,var2,var3,var4,var5,var6
0.037209302325581395,0.08837209302325581,0.10232558139534884,0.19534883720930232,0.21395348837209302,0.3627906976744186
