var1,var2,var3,var4,var5,var6
0.09216589861751152,0.10138248847926268,0.17050691244239632,0.1889400921658986,0.21658986175115208,0.2304147465437788
