var1,var2,var3,var4,var5,var6
0.037267080745341616,0.09316770186335403,0.11801242236024845,0.19875776397515527,0.2670807453416149,0.2857142857142857
