var1,var2,var3,var4,var5,var6
0.08163265306122448,0.12244897959183673,0.1292517006802721,0.16326530612244897,0.19727891156462585,0.30612244897959184
