var1,var2,var3,var4,var5,var6
0.017699115044247787,0.035398230088495575,0.10619469026548672,0.19469026548672566,0.23893805309734514,0.40707964601769914
