var1,var2,var3,var4,var5,var6
0.030120481927710843,0.1144578313253012,0.13855421686746988,0.18072289156626506,0.2289156626506024,0.3072289156626506
