var1,var2,var3,var4,var5,var6
0.05649717514124294,0.07909604519774012,0.11299435028248588,0.1864406779661017,0.2033898305084746,0.3615819209039548
