var1,var2,var3,var4,var5,var6
0.022727272727272728,0.07727272727272727,0.1409090909090909,0.21363636363636362,0.25,0.29545454545454547
