var1,var2,var3,var4,var5,var6
0.03608247422680412,0.07216494845360824,0.15979381443298968,0.19072164948453607,0.24742268041237114,0.29381443298969073
