var1,var2,var3,var4,var5,var6
0.045714285714285714,0.05142857142857143,0.07428571428571429,0.11428571428571428,0.2914285714285714,0.4228571428571429
