var1,var2,var3,var4,var5,var6
0.03902439024390244,0.0975609756097561,0.11219512195121951,0.18536585365853658,0.2048780487804878,0.36097560975609755
