var1,var2,var3,var4,var5,var6
0.032679738562091505,0.0915032679738562,0.11764705882352941,0.1830065359477124,0.2222222222222222,0.35294117647058826
