var1,var2,var3,var4,var5,var6
0.027472527472527472,0.054945054945054944,0.12637362637362637,0.1978021978021978,0.23626373626373626,0.35714285714285715
