var1,var2,var3,var4,var5,var6
0.03260869565217391,0.043478260869565216,0.08695652173913043,0.14130434782608695,0.20652173913043478,0.4891304347826087
