var1,var2,var3,var4,var5,var6
0.05907172995780591,0.0970464135021097,0.14345991561181434,0.16877637130801687,0.2616033755274262,0.270042194092827
