var1,var2,var3,var4,var5,var6
0.07602339181286549,0.0935672514619883,0.14035087719298245,0.15204678362573099,0.17543859649122806,0.36257309941520466
