var1,var2,var3,var4,var5,var6
0.07228915662650602,0.12650602409638553,0.14457831325301204,0.1746987951807229,0.22289156626506024,0.25903614457831325
