var1,var2,var3,var4,var5,var6
0.059322033898305086,0.07627118644067797,0.09322033898305085,0.19491525423728814,0.2627118644067797,0.3135593220338983
