var1,var2,var3,var4,var5,var6
0.09852216748768473,0.10837438423645321,0.15763546798029557,0.18719211822660098,0.21674876847290642,0.2315270935960591
