var1,var2,var3,var4,var5,var6
0.023809523809523808,0.06190476190476191,0.1380952380952381,0.20476190476190476,0.2619047619047619,0.30952380952380953
