var1,var2,var3,var4,var5,var6
0.01744186046511628,0.0872093023255814,0.1686046511627907,0.20930232558139536,0.23255813953488372,0.28488372093023256
