var1,var2,var3,var4,var5,var6
0.022222222222222223,0.1037037037037037,0.14814814814814814,0.1925925925925926,0.2074074074074074,0.32592592592592595
