var1,var2,var3,var4,var5,var6
0.050955414012738856,0.07643312101910828,0.10191082802547771,0.14012738853503184,0.3057324840764331,0.3248407643312102
