var1,var2,var3,var4,var5,var6
0.015810276679841896,0.11462450592885376,0.16600790513833993,0.18972332015810275,0.22134387351778656,0.2924901185770751
