var1,var2,var3,var4,var5,var6
0.030418250950570342,0.06844106463878327,0.1482889733840304,0.19011406844106463,0.24334600760456274,0.3193916349809886
