var1,var2,var3,var4,var5,var6
0.11612903225806452,0.12258064516129032,0.14193548387096774,0.1870967741935484,0.2,0.23225806451612904
