var1,var2,var3,var4,var5,var6
0.01675977653631285,0.0782122905027933,0.16759776536312848,0.18994413407821228,0.2569832402234637,0.2905027932960894
