var1,var2,var3,var4,var5,var6
0.026143790849673203,0.0392156862745098,0.0784313725490196,0.1830065359477124,0.28104575163398693,0.39215686274509803
