var1,var2,var3,var4,var5,var6
0.0196078431372549,0.05228758169934641,0.0915032679738562,0.1503267973856209,0.3006535947712418,0.38562091503267976
