var1,var2,var3,var4,var5,var6
0.052980132450331126,0.09271523178807947,0.11258278145695365,0.15894039735099338,0.17218543046357615,0.4105960264900662
