var1,var2,var3,var4,var5,var6
0.07929515418502203,0.10572687224669604,0.13656387665198239,0.14537444933920704,0.22026431718061673,0.31277533039647576
