var1,var2,var3,var4,var5,var6
0.059880239520958084,0.08383233532934131,0.11976047904191617,0.19760479041916168,0.2155688622754491,0.32335329341317365
