var1,var2,var3,var4,var5,var6
0.018018018018018018,0.05405405405405406,0.06306306306306306,0.1981981981981982,0.2882882882882883,0.3783783783783784
