var1,var2,var3,var4,var5,var6
0.08366533864541832,0.12749003984063745,0.15139442231075698,0.1593625498007968,0.20717131474103587,0.27091633466135456
