var1,var2,var3,var4,var5,var6
0.05806451612903226,0.08387096774193549,0.14838709677419354,0.18064516129032257,0.2129032258064516,0.3161290322580645
