var1,var2,var3,var4,var5,var6
0.029535864978902954,0.05063291139240506,0.10970464135021098,0.17721518987341772,0.270042194092827,0.3628691983122363
