var1,var2,var3,var4,var5,var6
0.041666666666666664,0.08333333333333333,0.1,0.175,0.26666666666666666,0.3333333333333333
