var1,var2,var3,var4,var5,var6
0.04285714285714286,0.12380952380952381,0.13333333333333333,0.19523809523809524,0.22380952380952382,0.28095238095238095
