var1,var2,var3,var4,var5,var6
0.05291005291005291,0.10052910052910052,0.12698412698412698,0.1693121693121693,0.26455026455026454,0.2857142857142857
