var1,var2,var3,var4,var5,var6
0.08108108108108109,0.10810810810810811,0.16216216216216217,0.17117117117117117,0.21621621621621623,0.26126126126126126
