var1,var2,var3,var4,var5,var6
0.05263157894736842,0.10526315789473684,0.13533834586466165,0.16541353383458646,0.2631578947368421,0.2781954887218045
