var1,var2,var3,var4,var5,var6
0.10526315789473684,0.12030075187969924,0.15037593984962405,0.18045112781954886,0.20300751879699247,0.24060150375939848
