var1,var2,var3,var4,var5,var6
0.0189873417721519,0.08860759493670886,0.11392405063291139,0.2088607594936709,0.25949367088607594,0.310126582278481
