var1,var2,var3,var4,var5,var6
0.11585365853658537,0.12195121951219512,0.12804878048780488,0.17073170731707318,0.18902439024390244,0.27439024390243905
