var1,var2,var3,var4,var5,var6
0.01652892561983471,0.05785123966942149,0.09917355371900827,0.1487603305785124,0.18181818181818182,0.49586776859504134
