var1,var2,var3,var4,var5,var6
0.08633093525179857,0.11510791366906475,0.1223021582733813,0.19424460431654678,0.2158273381294964,0.26618705035971224
