var1,var2,var3,var4,var5,var6
0.024691358024691357,0.04938271604938271,0.09876543209876543,0.16049382716049382,0.19753086419753085,0.4691358024691358
