var1,var2,var3,var4,var5,var6
0.023809523809523808,0.07142857142857142,0.11904761904761904,0.15873015873015872,0.2619047619047619,0.36507936507936506
