var1,var2,var3,var4,var5,var6
0.055900621118012424,0.09316770186335403,0.11180124223602485,0.14285714285714285,0.2111801242236025,0.38509316770186336
