var1,var2,var3,var4,var5,var6
0.045662100456621,0.1095890410958904,0.1689497716894977,0.2009132420091324,0.2191780821917808,0.2557077625570776
