var1,var2,var3,var4,var5,var6
0.04405286343612335,0.12334801762114538,0.15859030837004406,0.18061674008810572,0.19383259911894274,0.29955947136563876
