var1,var2,var3,var4,var5,var6
0.026455026455026454,0.05291005291005291,0.1693121693121693,0.17989417989417988,0.24338624338624337,0.328042328042328
