var1,var2,var3,var4,var5,var6
0.02926829268292683,0.07804878048780488,0.11707317073170732,0.17073170731707318,0.2146341463414634,0.3902439024390244
