var1,var2,var3,var4,var5,var6
0.0205761316872428,0.05761316872427984,0.14814814814814814,0.1728395061728395,0.24691358024691357,0.35390946502057613
