var1,var2,var3,var4,var5,var6
0.02702702702702703,0.036036036036036036,0.09009009009009009,0.2072072072072072,0.25225225225225223,0.38738738738738737
