var1,var2,var3,var4,var5,var6
0.012578616352201259,0.11320754716981132,0.13836477987421383,0.2138364779874214,0.23270440251572327,0.2893081761006289
