var1,var2,var3,var4,var5,var6
0.020618556701030927,0.030927835051546393,0.10309278350515463,0.16494845360824742,0.2268041237113402,0.4536082474226804
