var1,var2,var3,var4,var5,var6
0.055944055944055944,0.07692307692307693,0.0979020979020979,0.2097902097902098,0.23776223776223776,0.32167832167832167
