var1,var2,var3,var4,var5,var6
0.08333333333333333,0.08974358974358974,0.10897435897435898,0.20512820512820512,0.23717948717948717,0.27564102564102566
