var1,var2,var3,var4,var5,var6
0.043010752688172046,0.12365591397849462,0.16129032258064516,0.1827956989247312,0.23118279569892472,0.25806451612903225
