var1,var2,var3,var4,var5,var6
0.041666666666666664,0.06944444444444445,0.08333333333333333,0.09722222222222222,0.2361111111111111,0.4722222222222222
