var1,var2,var3,var4,var5,var6
0.06077348066298342,0.09944751381215469,0.143646408839779,0.17679558011049723,0.24861878453038674,0.27071823204419887
