var1,var2,var3,var4,var5,var6
0.048327137546468404,0.08921933085501858,0.11152416356877323,0.21561338289962825,0.2527881040892193,0.2825278810408922
