var1,var2,var3,var4,var5,var6
0.03902439024390244,0.09268292682926829,0.1073170731707317,0.13658536585365855,0.23414634146341465,0.3902439024390244
