var1,var2,var3,var4,var5,var6
0.011834319526627219,0.09467455621301775,0.1301775147928994,0.15384615384615385,0.26627218934911245,0.3431952662721893
