var1,var2,var3,var4,var5,var6
0.03015075376884422,0.06030150753768844,0.07035175879396985,0.1658291457286432,0.2613065326633166,0.4120603015075377
