var1,var2,var3,var4,var5,var6
0.044444444444444446,0.08333333333333333,0.10555555555555556,0.2,0.22777777777777777,0.3388888888888889
