var1,var2,var3,var4,var5,var6
0.06806282722513089,0.10471204188481675,0.16753926701570682,0.18848167539267016,0.23036649214659685,0.24083769633507854
