var1,var2,var3,var4,var5,var6
0.056451612903225805,0.07258064516129033,0.08064516129032258,0.1935483870967742,0.28225806451612906,0.31451612903225806
