var1,var2,var3,var4,var5,var6
0.02843601895734597,0.10900473933649289,0.12322274881516587,0.1990521327014218,0.26540284360189575,0.27488151658767773
