var1,var2,var3,var4,var5,var6
0.03680981595092025,0.11042944785276074,0.1411042944785276,0.15950920245398773,0.2085889570552147,0.34355828220858897
