var1,var2,var3,var4,var5,var6
0.023166023166023165,0.05405405405405406,0.15444015444015444,0.1969111969111969,0.277992277992278,0.29343629343629346
