var1,var2,var3,var4,var5,var6
0.015267175572519083,0.09923664122137404,0.15267175572519084,0.1984732824427481,0.20610687022900764,0.3282442748091603
