var1,var2,var3,var4,var5,var6
0.015267175572519083,0.03816793893129771,0.15267175572519084,0.21374045801526717,0.24427480916030533,0.33587786259541985
