var1,var2,var3,var4,var5,var6
0.027906976744186046,0.07906976744186046,0.10232558139534884,0.11627906976744186,0.3023255813953488,0.37209302325581395
