var1,var2,var3,var4,var5,var6
0.041237113402061855,0.10824742268041238,0.12886597938144329,0.20103092783505155,0.24742268041237114,0.27319587628865977
