var1,var2,var3,var4,var5,var6
0.04516129032258064,0.06451612903225806,0.14838709677419354,0.16129032258064516,0.27741935483870966,0.3032258064516129
