var1,var2,var3,var4,var5,var6
0.03317535545023697,0.12322274881516587,0.14218009478672985,0.1895734597156398,0.23696682464454977,0.27488151658767773
