var1,var2,var3,var4,var5,var6
0.06299212598425197,0.07086614173228346,0.09448818897637795,0.12598425196850394,0.2992125984251969,0.3464566929133858
