var1,var2,var3,var4,var5,var6
0.03910614525139665,0.09497206703910614,0.12290502793296089,0.16759776536312848,0.17318435754189945,0.4022346368715084
