var1,var2,var3,var4,var5,var6
0.024242424242424242,0.07878787878787878,0.1393939393939394,0.15757575757575756,0.26666666666666666,0.3333333333333333
