var1,var2,var3,var4,var5,var6
0.060109289617486336,0.08196721311475409,0.09289617486338798,0.19672131147540983,0.22404371584699453,0.3442622950819672
