var1,var2,var3,var4,var5,var6
0.013986013986013986,0.027972027972027972,0.09090909090909091,0.22377622377622378,0.27972027972027974,0.36363636363636365
