var1,var2,var3,var4,var5,var6
0.017921146953405017,0.08602150537634409,0.11469534050179211,0.17921146953405018,0.27956989247311825,0.3225806451612903
