var1,var2,var3,var4,var5,var6
0.06349206349206349,0.08253968253968254,0.17142857142857143,0.21587301587301588,0.2222222222222222,0.24444444444444444
