var1,var2,var3,var4,var5,var6
0.018867924528301886,0.0660377358490566,0.11320754716981132,0.20754716981132076,0.24528301886792453,0.3490566037735849
