var1,var2,var3,var4,var5,var6
0.05106382978723404,0.11914893617021277,0.14042553191489363,0.18723404255319148,0.20425531914893616,0.2978723404255319
