var1,var2,var3,var4,var5,var6
0.03684210526315789,0.04736842105263158,0.13157894736842105,0.14736842105263157,0.23684210526315788,0.4
