var1,var2,var3,var4,var5,var6
0.035856573705179286,0.055776892430278883,0.11952191235059761,0.1593625498007968,0.24701195219123506,0.38247011952191234
