var1,var2,var3,var4,var5,var6
0.045662100456621,0.0593607305936073,0.1643835616438356,0.2009132420091324,0.2557077625570776,0.273972602739726
