var1,var2,var3,var4,var5,var6
0.05583756345177665,0.10152284263959391,0.14213197969543148,0.16243654822335024,0.18274111675126903,0.3553299492385787
