var1,var2,var3,var4,var5,var6
0.029535864978902954,0.0759493670886076,0.14345991561181434,0.1940928270042194,0.22784810126582278,0.3291139240506329
