var1,var2,var3,var4,var5,var6
0.023952095808383235,0.03592814371257485,0.08383233532934131,0.17964071856287425,0.30538922155688625,0.3712574850299401
