var1,var2,var3,var4,var5,var6
0.052980132450331126,0.0728476821192053,0.09271523178807947,0.1986754966887417,0.2781456953642384,0.304635761589404
