var1,var2,var3,var4,var5,var6
0.03319502074688797,0.12448132780082988,0.16597510373443983,0.1950207468879668,0.2074688796680498,0.27385892116182575
