var1,var2,var3,var4,var5,var6
0.024539877300613498,0.0736196319018405,0.12269938650306748,0.15337423312883436,0.25766871165644173,0.36809815950920244
