var1,var2,var3,var4,var5,var6
0.04242424242424243,0.07272727272727272,0.08484848484848485,0.10909090909090909,0.3151515151515151,0.37575757575757573
