var1,var2,var3,var4,var5,var6
0.02158273381294964,0.04316546762589928,0.14388489208633093,0.2014388489208633,0.2302158273381295,0.3597122302158273
