var1,var2,var3,var4,var5,var6
0.07329842931937172,0.09424083769633508,0.1256544502617801,0.2094240837696335,0.225130890052356,0.27225130890052357
