var1,var2,var3,var4,var5,var6
0.019704433497536946,0.10837438423645321,0.1724137931034483,0.19704433497536947,0.22660098522167488,0.27586206896551724
