var1,var2,var3,var4,var5,var6
0.0684931506849315,0.10273972602739725,0.15753424657534246,0.1780821917808219,0.19863013698630136,0.2945205479452055
