var1,var2,var3,var4,var5,var6
0.017467248908296942,0.0611353711790393,0.10480349344978165,0.13100436681222707,0.31877729257641924,0.36681222707423583
