var1,var2,var3,var4,var5,var6
0.021739130434782608,0.1391304347826087,0.15217391304347827,0.1956521739130435,0.22608695652173913,0.26521739130434785
