var1,var2,var3,var4,var5,var6
0.026881720430107527,0.0913978494623656,0.10752688172043011,0.23118279569892472,0.25268817204301075,0.2903225806451613
