var1,var2,var3,var4,var5,var6
0.02127659574468085,0.0797872340425532,0.09042553191489362,0.2127659574468085,0.2393617021276596,0.35638297872340424
