var1,var2,var3,var4,var5,var6
0.014218009478672985,0.05687203791469194,0.07582938388625593,0.1895734597156398,0.2559241706161137,0.4075829383886256
