var1,var2,var3,var4,var5,var6
0.02185792349726776,0.07650273224043716,0.1366120218579235,0.16393442622950818,0.19672131147540983,0.40437158469945356
