var1,var2,var3,var4,var5,var6
0.02247191011235955,0.0898876404494382,0.11610486891385768,0.149812734082397,0.2846441947565543,0.33707865168539325
