var1,var2,var3,var4,var5,var6
0.016042780748663103,0.09090909090909091,0.11229946524064172,0.15508021390374332,0.27807486631016043,0.34759358288770054
