var1,var2,var3,var4,var5,var6
0.02553191489361702,0.10638297872340426,0.1702127659574468,0.17872340425531916,0.2127659574468085,0.30638297872340425
