var1,var2,var3,var4,var5,var6
0.013422818791946308,0.020134228187919462,0.10738255033557047,0.21476510067114093,0.28187919463087246,0.3624161073825503
