var1,var2,var3,var4,var5,var6
0.05084745762711865,0.0847457627118644,0.10734463276836158,0.1807909604519774,0.24858757062146894,0.327683615819209
