var1,var2,var3,var4,var5,var6
0.06382978723404255,0.1276595744680851,0.15319148936170213,0.2,0.22127659574468084,0.23404255319148937
