var1,var2,var3,var4,var5,var6
0.015503875968992248,0.046511627906976744,0.07751937984496124,0.18604651162790697,0.2713178294573643,0.40310077519379844
