var1,var2,var3,var4,var5,var6
0.023121387283236993,0.06358381502890173,0.07514450867052024,0.23699421965317918,0.2543352601156069,0.3468208092485549
