var1,var2,var3,var4,var5,var6
0.02727272727272727,0.05454545454545454,0.09090909090909091,0.20909090909090908,0.2545454545454545,0.36363636363636365
