var1,var2,var3,var4,var5,var6
0.07462686567164178,0.11194029850746269,0.12686567164179105,0.15671641791044777,0.2537313432835821,0.27611940298507465
