var1,var2,var3,var4,var5,var6
0.08648648648648649,0.0972972972972973,0.14054054054054055,0.17297297297297298,0.21081081081081082,0.2918918918918919
