var1,var2,var3,var4,var5,var6
0.041237113402061855,0.08934707903780069,0.10996563573883161,0.14432989690721648,0.29896907216494845,0.3161512027491409
