var1,var2,var3,var4,var5,var6
0.0364963503649635,0.043795620437956206,0.16058394160583941,0.2116788321167883,0.26277372262773724,0.2846715328467153
