var1,var2,var3,var4,var5,var6
0.032388663967611336,0.08502024291497975,0.10931174089068826,0.21052631578947367,0.27125506072874495,0.291497975708502
