var1,var2,var3,var4,var5,var6
0.05263157894736842,0.14035087719298245,0.16140350877192983,0.2,0.21754385964912282,0.22807017543859648
