var1,var2,var3,var4,var5,var6
0.016574585635359115,0.055248618784530384,0.10497237569060773,0.13812154696132597,0.32044198895027626,0.36464088397790057
