var1,var2,var3,var4,var5,var6
0.0625,0.13942307692307693,0.15865384615384615,0.19230769230769232,0.21634615384615385,0.23076923076923078
