var1,var2,var3,var4,var5,var6
0.05970149253731343,0.08955223880597014,0.1044776119402985,0.15920398009950248,0.23880597014925373,0.3482587064676617
