var1,var2,var3,var4,var5,var6
0.055793991416309016,0.12446351931330472,0.15450643776824036,0.20600858369098712,0.21888412017167383,0.24034334763948498
