var1,var2,var3,var4,var5,var6
0.012903225806451613,0.03870967741935484,0.09032258064516129,0.16774193548387098,0.2903225806451613,0.4
