var1,var2,var3,var4,var5,var6
0.02617801047120419,0.03664921465968586,0.1099476439790576,0.16753926701570682,0.3089005235602094,0.3507853403141361
