var1,var2,var3,var4,var5,var6
0.008968609865470852,0.04484304932735426,0.13004484304932734,0.18834080717488788,0.27802690582959644,0.34977578475336324
