var1,var2,var3,var4,var5,var6
0.1004566210045662,0.1232876712328767,0.1324200913242009,0.1735159817351598,0.1917808219178082,0.2785388127853881
