var1,var2,var3,var4,var5,var6
0.013245033112582781,0.09933774834437085,0.13245033112582782,0.2119205298013245,0.25165562913907286,0.2913907284768212
