var1,var2,var3,var4,var5,var6
0.1004566210045662,0.1415525114155251,0.1643835616438356,0.1735159817351598,0.1917808219178082,0.228310502283105
