var1,var2,var3,var4,var5,var6
0.057971014492753624,0.07246376811594203,0.13526570048309178,0.2318840579710145,0.24154589371980675,0.2608695652173913
