var1,var2,var3,var4,var5,var6
0.03048780487804878,0.06097560975609756,0.0975609756097561,0.23780487804878048,0.25,0.3231707317073171
