var1,var2,var3,var4,var5,var6
0.05521472392638037,0.10429447852760736,0.11042944785276074,0.1901840490797546,0.2331288343558282,0.3067484662576687
