var1,var2,var3,var4,var5,var6
0.06040268456375839,0.06711409395973154,0.09395973154362416,0.174496644295302,0.28187919463087246,0.3221476510067114
