var1,var2,var3,var4,var5,var6
0.04597701149425287,0.09195402298850575,0.10344827586206896,0.16091954022988506,0.1839080459770115,0.41379310344827586
