var1,var2,var3,var4,var5,var6
0.017543859649122806,0.09941520467836257,0.1286549707602339,0.1695906432748538,0.27485380116959063,0.30994152046783624
