var1,var2,var3,var4,var5,var6
0.03361344537815126,0.08403361344537816,0.10084033613445378,0.16806722689075632,0.2773109243697479,0.33613445378151263
