var1,var2,var3,var4,var5,var6
0.03664921465968586,0.05759162303664921,0.10471204188481675,0.2198952879581152,0.28272251308900526,0.29842931937172773
