var1,var2,var3,var4,var5,var6
0.06763285024154589,0.09178743961352658,0.13526570048309178,0.1932367149758454,0.21256038647342995,0.2995169082125604
