var1,var2,var3,var4,var5,var6
0.012269938650306749,0.03680981595092025,0.08588957055214724,0.17177914110429449,0.27607361963190186,0.4171779141104294
