var1,var2,var3,var4,var5,var6
0.08620689655172414,0.1206896551724138,0.13793103448275862,0.1896551724137931,0.21264367816091953,0.25287356321839083
