var1,var2,var3,var4,var5,var6
0.022556390977443608,0.11278195488721804,0.14285714285714285,0.21052631578947367,0.22556390977443608,0.2857142857142857
