var1,var2,var3,var4,var5,var6
0.045454545454545456,0.10606060606060606,0.12878787878787878,0.18181818181818182,0.19696969696969696,0.3409090909090909
