var1,var2,var3,var4,var5,var6
0.0273224043715847,0.06557377049180328,0.17486338797814208,0.18579234972677597,0.26229508196721313,0.28415300546448086
