var1,var2,var3,var4,var5,var6
0.05970149253731343,0.07960199004975124,0.1890547263681592,0.19900497512437812,0.22885572139303484,0.24378109452736318
