var1,var2,var3,var4,var5,var6
0.03864734299516908,0.08695652173913043,0.0966183574879227,0.11594202898550725,0.3188405797101449,0.34299516908212563
