var1,var2,var3,var4,var5,var6
0.03125,0.0859375,0.140625,0.1875,0.203125,0.3515625
