var1,var2,var3,var4,var5,var6
0.06766917293233082,0.07518796992481203,0.09774436090225563,0.15037593984962405,0.18796992481203006,0.42105263157894735
