var1,var2,var3,var4,var5,var6
0.08764940239043825,0.10358565737051793,0.16334661354581673,0.18326693227091634,0.2151394422310757,0.24701195219123506
