var1,var2,var3,var4,var5,var6
0.04895104895104895,0.08391608391608392,0.11188811188811189,0.18181818181818182,0.22377622377622378,0.34965034965034963
