var1,var2,var3,var4,var5,var6
0.01639344262295082,0.08196721311475409,0.16393442622950818,0.19672131147540983,0.2568306010928962,0.28415300546448086
