var1,var2,var3,var4,var5,var6
0.0658682634730539,0.10778443113772455,0.1437125748502994,0.17964071856287425,0.23952095808383234,0.2634730538922156
