var1,var2,var3,var4,var5,var6
0.05202312138728324,0.08092485549132948,0.12716763005780346,0.18497109826589594,0.19653179190751446,0.3583815028901734
