var1,var2,var3,var4,var5,var6
0.019704433497536946,0.13793103448275862,0.16748768472906403,0.19704433497536947,0.21182266009852216,0.2660098522167488
