var1,var2,var3,var4,var5,var6
0.019867549668874173,0.08609271523178808,0.12582781456953643,0.18543046357615894,0.26490066225165565,0.31788079470198677
