var1,var2,var3,var4,var5,var6
0.07853403141361257,0.10471204188481675,0.13089005235602094,0.14659685863874344,0.2198952879581152,0.3193717277486911
