var1,var2,var3,var4,var5,var6
0.07407407407407407,0.08465608465608465,0.18518518518518517,0.20105820105820105,0.21693121693121692,0.23809523809523808
