var1,var2,var3,var4,var5,var6
0.06349206349206349,0.08465608465608465,0.12169312169312169,0.13756613756613756,0.2751322751322751,0.31746031746031744
