var1,var2,var3,var4,var5,var6
0.023809523809523808,0.07936507936507936,0.0873015873015873,0.2222222222222222,0.2698412698412698,0.31746031746031744
