var1,var2,var3,var4,var5,var6
0.01680672268907563,0.058823529411764705,0.10084033613445378,0.15126050420168066,0.24369747899159663,0.42857142857142855
