var1,var2,var3,var4,var5,var6
0.07975460122699386,0.11042944785276074,0.1411042944785276,0.15950920245398773,0.20245398773006135,0.3067484662576687
