var1,var2,var3,var4,var5,var6
0.04895104895104895,0.06293706293706294,0.16083916083916083,0.20279720279720279,0.24475524475524477,0.27972027972027974
