var1,var2,var3,var4,var5,var6
0.06557377049180328,0.07650273224043716,0.12021857923497267,0.16393442622950818,0.23497267759562843,0.33879781420765026
