var1,var2,var3,var4,var5,var6
0.023529411764705882,0.07058823529411765,0.17647058823529413,0.20588235294117646,0.21764705882352942,0.3058823529411765
