var1,var2,var3,var4,var5,var6
0.040983606557377046,0.07377049180327869,0.08196721311475409,0.22950819672131148,0.2540983606557377,0.319672131147541
