var1,var2,var3,var4,var5,var6
0.031914893617021274,0.14361702127659576,0.15425531914893617,0.19680851063829788,0.2127659574468085,0.26063829787234044
