var1,var2,var3,var4,var5,var6
0.01744186046511628,0.0755813953488372,0.10465116279069768,0.1686046511627907,0.22093023255813954,0.4127906976744186
