var1,var2,var3,var4,var5,var6
0.029239766081871343,0.04678362573099415,0.10526315789473684,0.2222222222222222,0.22807017543859648,0.3684210526315789
