var1,var2,var3,var4,var5,var6
0.041025641025641026,0.10256410256410256,0.12307692307692308,0.2153846153846154,0.23076923076923078,0.28717948717948716
