var1,var2,var3,var4,var5,var6
0.12550607287449392,0.1417004048582996,0.14979757085020243,0.1700404858299595,0.1902834008097166,0.22267206477732793
