var1,var2,var3,var4,var5,var6
0.0223463687150838,0.10614525139664804,0.1452513966480447,0.1787709497206704,0.2346368715083799,0.3128491620111732
