var1,var2,var3,var4,var5,var6
0.03680981595092025,0.0736196319018405,0.12269938650306748,0.1656441717791411,0.2085889570552147,0.39263803680981596
