var1,var2,var3,var4,var5,var6
0.05405405405405406,0.10270270270270271,0.12972972972972974,0.1945945945945946,0.21621621621621623,0.3027027027027027
