var1,var2,var3,var4,var5,var6
0.058577405857740586,0.100418410041841,0.12552301255230125,0.16317991631799164,0.20920502092050208,0.34309623430962344
