var1,var2,var3,var4,var5,var6
0.06986899563318777,0.07860262008733625,0.17903930131004367,0.19213973799126638,0.22707423580786026,0.25327510917030566
