var1,var2,var3,var4,var5,var6
0.06285714285714286,0.10285714285714286,0.13714285714285715,0.19428571428571428,0.21714285714285714,0.2857142857142857
