var1,var2,var3,var4,var5,var6
0.021052631578947368,0.042105263157894736,0.08421052631578947,0.16842105263157894,0.30526315789473685,0.37894736842105264
