var1,var2,var3,var4,var5,var6
0.026455026455026454,0.14285714285714285,0.14814814814814814,0.17989417989417988,0.24338624338624337,0.25925925925925924
