var1,var2,var3,var4,var5,var6
0.05426356589147287,0.07751937984496124,0.09302325581395349,0.10852713178294573,0.26356589147286824,0.40310077519379844
