var1,var2,var3,var4,var5,var6
0.0365296803652968,0.136986301369863,0.1598173515981735,0.2009132420091324,0.2100456621004566,0.2557077625570776
