var1,var2,var3,var4,var5,var6
0.03076923076923077,0.08846153846153847,0.10384615384615385,0.2,0.21923076923076923,0.3576923076923077
