var1,var2,var3,var4,var5,var6
0.05825242718446602,0.10194174757281553,0.16990291262135923,0.1941747572815534,0.21844660194174756,0.25728155339805825
