var1,var2,var3,var4,var5,var6
0.01948051948051948,0.05844155844155844,0.12987012987012986,0.2012987012987013,0.22727272727272727,0.36363636363636365
