var1,var2,var3,var4,var5,var6
0.010582010582010581,0.09523809523809523,0.15343915343915343,0.21164021164021163,0.24338624338624337,0.2857142857142857
