var1,var2,var3,var4,var5,var6
0.06707317073170732,0.10365853658536585,0.11585365853658537,0.15853658536585366,0.18902439024390244,0.36585365853658536
