var1,var2,var3,var4,var5,var6
0.07643312101910828,0.09554140127388536,0.15286624203821655,0.17834394904458598,0.21656050955414013,0.2802547770700637
