var1,var2,var3,var4,var5,var6
0.04891304347826087,0.05434782608695652,0.07608695652173914,0.22282608695652173,0.2554347826086957,0.3423913043478261
