var1,var2,var3,var4,var5,var6
0.019801980198019802,0.0297029702970297,0.07920792079207921,0.15841584158415842,0.297029702970297,0.4158415841584158
