var1,var2,var3,var4,var5,var6
0.034013605442176874,0.06802721088435375,0.10884353741496598,0.17006802721088435,0.2653061224489796,0.35374149659863946
