var1,var2,var3,var4,var5,var6
0.05240174672489083,0.06986899563318777,0.1615720524017467,0.18340611353711792,0.2183406113537118,0.314410480349345
