var1,var2,var3,var4,var5,var6
0.03076923076923077,0.08717948717948718,0.09743589743589744,0.2358974358974359,0.2512820512820513,0.29743589743589743
