var1,var2,var3,var4,var5,var6
0.014634146341463415,0.07804878048780488,0.0975609756097561,0.2048780487804878,0.24390243902439024,0.36097560975609755
