var1,var2,var3,var4,var5,var6
0.020242914979757085,0.0728744939271255,0.10526315789473684,0.15384615384615385,0.20242914979757085,0.44534412955465585
