var1,var2,var3,var4,var5,var6
0.037383177570093455,0.07476635514018691,0.1308411214953271,0.14953271028037382,0.19626168224299065,0.411214953271028
