var1,var2,var3,var4,var5,var6
0.09302325581395349,0.12292358803986711,0.17275747508305647,0.17940199335548174,0.2059800664451827,0.22591362126245848
