var1,var2,var3,var4,var5,var6
0.04597701149425287,0.06896551724137931,0.09195402298850575,0.1839080459770115,0.2413793103448276,0.367816091954023
