var1,var2,var3,var4,var5,var6
0.025157232704402517,0.06918238993710692,0.0880503144654088,0.16352201257861634,0.2641509433962264,0.389937106918239
