var1,var2,var3,var4,var5,var6
0.08,0.12571428571428572,0.13142857142857142,0.2,0.22285714285714286,0.24
