var1,var2,var3,var4,var5,var6
0.028409090909090908,0.045454545454545456,0.10227272727272728,0.1875,0.2784090909090909,0.35795454545454547
