var1,var2,var3,var4,var5,var6
0.031088082901554404,0.09844559585492228,0.14507772020725387,0.18652849740932642,0.25906735751295334,0.27979274611398963
