var1,var2,var3,var4,var5,var6
0.07096774193548387,0.11612903225806452,0.16774193548387098,0.1935483870967742,0.21935483870967742,0.23225806451612904
