var1,var2,var3,var4,var5,var6
0.0845771144278607,0.10945273631840796,0.14925373134328357,0.15920398009950248,0.208955223880597,0.2885572139303483
