var1,var2,var3,var4,var5,var6
0.013793103448275862,0.06206896551724138,0.16551724137931034,0.20689655172413793,0.23448275862068965,0.31724137931034485
