var1,var2,var3,var4,var5,var6
0.023668639053254437,0.11834319526627218,0.1242603550295858,0.17159763313609466,0.2603550295857988,0.30177514792899407
