var1,var2,var3,var4,var5,var6
0.06766917293233082,0.12030075187969924,0.15789473684210525,0.19548872180451127,0.21804511278195488,0.24060150375939848
