var1,var2,var3,var4,var5,var6
0.023952095808383235,0.11976047904191617,0.15568862275449102,0.19760479041916168,0.2155688622754491,0.2874251497005988
