var1,var2,var3,var4,var5,var6
0.0335195530726257,0.0782122905027933,0.13966480446927373,0.16759776536312848,0.2569832402234637,0.3240223463687151
