var1,var2,var3,var4,var5,var6
0.09696969696969697,0.12727272727272726,0.15757575757575756,0.1696969696969697,0.20606060606060606,0.24242424242424243
