var1,var2,var3,var4,var5,var6
0.03333333333333333,0.09444444444444444,0.1111111111111111,0.18888888888888888,0.24444444444444444,0.3277777777777778
