var1,var2,var3,var4,var5,var6
0.0427807486631016,0.06417112299465241,0.06951871657754011,0.23529411764705882,0.26737967914438504,0.32085561497326204
