var1,var2,var3,var4,var5,var6
0.026595744680851064,0.07446808510638298,0.1595744680851064,0.19680851063829788,0.25,0.2925531914893617
