var1,var2,var3,var4,var5,var6
0.011695906432748537,0.07602339181286549,0.1286549707602339,0.21052631578947367,0.26900584795321636,0.30409356725146197
