var1,var2,var3,var4,var5,var6
0.029940119760479042,0.10778443113772455,0.1317365269461078,0.15568862275449102,0.25149700598802394,0.32335329341317365
