var1,var2,var3,var4,var5,var6
0.027149321266968326,0.04524886877828054,0.1085972850678733,0.19909502262443438,0.27601809954751133,0.3438914027149321
