var1,var2,var3,var4,var5,var6
0.12244897959183673,0.1360544217687075,0.14965986394557823,0.17006802721088435,0.17687074829931973,0.24489795918367346
