var1,var2,var3,var4,var5,var6
0.05945945945945946,0.08648648648648649,0.0972972972972973,0.21621621621621623,0.24864864864864866,0.2918918918918919
