var1,var2,var3,var4,var5,var6
0.1076923076923077,0.14871794871794872,0.15897435897435896,0.17435897435897435,0.18974358974358974,0.2205128205128205
