var1,var2,var3,var4,var5,var6
0.053475935828877004,0.11764705882352941,0.12834224598930483,0.15508021390374332,0.20320855614973263,0.3422459893048128
