var1,var2,var3,var4,var5,var6
0.03137254901960784,0.09019607843137255,0.10980392156862745,0.22745098039215686,0.24313725490196078,0.2980392156862745
