var1,var2,var3,var4,var5,var6
0.056338028169014086,0.06338028169014084,0.14084507042253522,0.1619718309859155,0.2535211267605634,0.323943661971831
