var1,var2,var3,var4,var5,var6
0.014598540145985401,0.072992700729927,0.08029197080291971,0.22627737226277372,0.2773722627737226,0.3284671532846715
