var1,var2,var3,var4,var5,var6
0.020134228187919462,0.053691275167785234,0.16778523489932887,0.2080536912751678,0.2348993288590604,0.31543624161073824
