var1,var2,var3,var4,var5,var6
0.0547945205479452,0.1232876712328767,0.136986301369863,0.182648401826484,0.2191780821917808,0.2831050228310502
