var1,var2,var3,var4,var5,var6
0.026737967914438502,0.0962566844919786,0.13903743315508021,0.18181818181818182,0.24064171122994651,0.3155080213903743
