var1,var2,var3,var4,var5,var6
0.030120481927710843,0.04819277108433735,0.12650602409638553,0.21084337349397592,0.22289156626506024,0.3614457831325301
