var1,var2,var3,var4,var5,var6
0.05555555555555555,0.09259259259259259,0.1111111111111111,0.12962962962962962,0.2716049382716049,0.3395061728395062
