var1,var2,var3,var4,var5,var6
0.07920792079207921,0.14356435643564355,0.15841584158415842,0.18316831683168316,0.19306930693069307,0.24257425742574257
