var1,var2,var3,var4,var5,var6
0.06349206349206349,0.08465608465608465,0.1164021164021164,0.1693121693121693,0.18518518518518517,0.38095238095238093
