var1,var2,var3,var4,var5,var6
0.057692307692307696,0.07692307692307693,0.16666666666666666,0.17307692307692307,0.21153846153846154,0.3141025641025641
