var1,var2,var3,var4,var5,var6
0.07518796992481203,0.11278195488721804,0.13533834586466165,0.16541353383458646,0.19548872180451127,0.3157894736842105
