var1,var2,var3,var4,var5,var6
0.02654867256637168,0.10619469026548672,0.12389380530973451,0.1415929203539823,0.19469026548672566,0.40707964601769914
