var1,var2,var3,var4,var5,var6
0.022556390977443608,0.07518796992481203,0.09022556390977443,0.19548872180451127,0.24060150375939848,0.37593984962406013
