var1,var2,var3,var4,var5,var6
0.027210884353741496,0.08843537414965986,0.10884353741496598,0.16326530612244897,0.2857142857142857,0.32653061224489793
