var1,var2,var3,var4,var5,var6
0.07960199004975124,0.08955223880597014,0.12437810945273632,0.208955223880597,0.22388059701492538,0.2736318407960199
