var1,var2,var3,var4,var5,var6
0.07100591715976332,0.07692307692307693,0.1301775147928994,0.17751479289940827,0.22485207100591717,0.31952662721893493
