var1,var2,var3,var4,var5,var6
0.016574585635359115,0.07734806629834254,0.15469613259668508,0.22099447513812154,0.2541436464088398,0.27624309392265195
