var1,var2,var3,var4,var5,var6
0.034482758620689655,0.06206896551724138,0.0896551724137931,0.2413793103448276,0.2620689655172414,0.3103448275862069
