var1,var2,var3,var4,var5,var6
0.03550295857988166,0.13609467455621302,0.15384615384615385,0.20710059171597633,0.21893491124260356,0.2485207100591716
