var1,var2,var3,var4,var5,var6
0.01818181818181818,0.048484848484848485,0.12727272727272726,0.1393939393939394,0.2909090909090909,0.37575757575757573
