var1,var2,var3,var4,var5,var6
0.046357615894039736,0.11258278145695365,0.11920529801324503,0.17880794701986755,0.2582781456953642,0.2847682119205298
