var1,var2,var3,var4,var5,var6
0.04265402843601896,0.061611374407582936,0.11374407582938388,0.13744075829383887,0.24644549763033174,0.3981042654028436
