var1,var2,var3,var4,var5,var6
0.01951219512195122,0.05365853658536585,0.15609756097560976,0.1951219512195122,0.2731707317073171,0.3024390243902439
