var1,var2,var3,var4,var5,var6
0.051470588235294115,0.11029411764705882,0.16911764705882354,0.19117647058823528,0.20588235294117646,0.27205882352941174
