var1,var2,var3,var4,var5,var6
0.06072874493927125,0.0728744939271255,0.12955465587044535,0.16194331983805668,0.27530364372469635,0.29959514170040485
