var1,var2,var3,var4,var5,var6
0.08658008658008658,0.12987012987012986,0.1471861471861472,0.18614718614718614,0.19913419913419914,0.2510822510822511
