var1,var2,var3,var4,var5,var6
0.018867924528301886,0.10062893081761007,0.11320754716981132,0.18867924528301888,0.2641509433962264,0.31446540880503143
