var1,var2,var3,var4,var5,var6
0.035398230088495575,0.061946902654867256,0.08849557522123894,0.10619469026548672,0.26548672566371684,0.4424778761061947
