var1,var2,var3,var4,var5,var6
0.04700854700854701,0.08547008547008547,0.10256410256410256,0.2264957264957265,0.25213675213675213,0.2863247863247863
