var1,var2,var3,var4,var5,var6
0.05069124423963134,0.06912442396313365,0.08755760368663594,0.2119815668202765,0.2350230414746544,0.3456221198156682
