var1,var2,var3,var4,var5,var6
0.053691275167785234,0.12080536912751678,0.18120805369127516,0.20134228187919462,0.21476510067114093,0.22818791946308725
