var1,var2,var3,var4,var5,var6
0.03954802259887006,0.11864406779661017,0.14689265536723164,0.1751412429378531,0.24858757062146894,0.2711864406779661
