var1,var2,var3,var4,var5,var6
0.06289308176100629,0.09433962264150944,0.12578616352201258,0.20125786163522014,0.2389937106918239,0.27672955974842767
