var1,var2,var3,var4,var5,var6
0.013888888888888888,0.0763888888888889,0.11805555555555555,0.2152777777777778,0.2638888888888889,0.3125
