var1,var2,var3,var4,var5,var6
0.07741935483870968,0.09032258064516129,0.12903225806451613,0.13548387096774195,0.23225806451612904,0.33548387096774196
