var1,var2,var3,var4,var5,var6
0.03463203463203463,0.09523809523809523,0.12121212121212122,0.13852813852813853,0.26406926406926406,0.3463203463203463
