var1,var2,var3,var4,var5,var6
0.03007518796992481,0.07518796992481203,0.15037593984962405,0.16541353383458646,0.2781954887218045,0.3007518796992481
