var1,var2,var3,var4,var5,var6
0.031914893617021274,0.05851063829787234,0.17553191489361702,0.19680851063829788,0.26063829787234044,0.2765957446808511
