var1,var2,var3,var4,var5,var6
0.02857142857142857,0.0380952380952381,0.09523809523809523,0.14285714285714285,0.21904761904761905,0.47619047619047616
