var1,var2,var3,var4,var5,var6
0.06808510638297872,0.09787234042553192,0.13617021276595745,0.18723404255319148,0.2127659574468085,0.2978723404255319
