var1,var2,var3,var4,var5,var6
0.028708133971291867,0.1339712918660287,0.17703349282296652,0.19138755980861244,0.22966507177033493,0.23923444976076555
