var1,var2,var3,var4,var5,var6
0.024539877300613498,0.12269938650306748,0.18404907975460122,0.19631901840490798,0.22699386503067484,0.24539877300613497
