var1,var2,var3,var4,var5,var6
0.05263157894736842,0.10526315789473684,0.13533834586466165,0.21052631578947367,0.22556390977443608,0.2706766917293233
