var1,var2,var3,var4,var5,var6
0.041237113402061855,0.07216494845360824,0.08247422680412371,0.16494845360824742,0.2268041237113402,0.41237113402061853
