var1,var2,var3,var4,var5,var6
0.06593406593406594,0.0989010989010989,0.12087912087912088,0.15934065934065933,0.25274725274725274,0.3021978021978022
