var1,var2,var3,var4,var5,var6
0.03278688524590164,0.04918032786885246,0.14207650273224043,0.16393442622950818,0.2677595628415301,0.3442622950819672
