var1,var2,var3,var4,var5,var6
0.026785714285714284,0.05357142857142857,0.0625,0.16964285714285715,0.32142857142857145,0.36607142857142855
