var1,var2,var3,var4,var5,var6
0.047244094488188976,0.06299212598425197,0.07874015748031496,0.1732283464566929,0.1968503937007874,0.4409448818897638
