var1,var2,var3,var4,var5,var6
0.027624309392265192,0.11602209944751381,0.1270718232044199,0.16574585635359115,0.2596685082872928,0.30386740331491713
