var1,var2,var3,var4,var5,var6
0.015873015873015872,0.06349206349206349,0.12698412698412698,0.17989417989417988,0.2222222222222222,0.3915343915343915
