var1,var2,var3,var4,var5,var6
0.013986013986013986,0.06993006993006994,0.16083916083916083,0.20279720279720279,0.2517482517482518,0.3006993006993007
