var1,var2,var3,var4,var5,var6
0.06077348066298342,0.07734806629834254,0.143646408839779,0.17679558011049723,0.26519337016574585,0.27624309392265195
