var1,var2,var3,var4,var5,var6
0.04285714285714286,0.05714285714285714,0.15714285714285714,0.19285714285714287,0.22142857142857142,0.32857142857142857
