var1,var2,var3,var4,var5,var6
0.07602339181286549,0.10526315789473684,0.13450292397660818,0.1695906432748538,0.19298245614035087,0.3216374269005848
