var1,var2,var3,var4,var5,var6
0.028368794326241134,0.05673758865248227,0.1347517730496454,0.14184397163120568,0.2978723404255319,0.3404255319148936
