var1,var2,var3,var4,var5,var6
0.011428571428571429,0.10285714285714286,0.14285714285714285,0.18285714285714286,0.25142857142857145,0.30857142857142855
