var1,var2,var3,var4,var5,var6
0.021621621621621623,0.14054054054054055,0.16756756756756758,0.1837837837837838,0.23783783783783785,0.24864864864864866
