var1,var2,var3,var4,var5,var6
0.058823529411764705,0.06470588235294118,0.14705882352941177,0.21764705882352942,0.24705882352941178,0.2647058823529412
