var1,var2,var3,var4,var5,var6
0.0625,0.07291666666666667,0.09895833333333333,0.23958333333333334,0.2552083333333333,0.2708333333333333
