var1,var2,var3,var4,var5,var6
0.05263157894736842,0.08552631578947369,0.125,0.1513157894736842,0.26973684210526316,0.3157894736842105
