var1,var2,var3,var4,var5,var6
0.04678362573099415,0.05847953216374269,0.07602339181286549,0.1871345029239766,0.30409356725146197,0.32748538011695905
