var1,var2,var3,var4,var5,var6
0.03827751196172249,0.14354066985645933,0.15311004784688995,0.18660287081339713,0.20095693779904306,0.27751196172248804
