var1,var2,var3,var4,var5,var6
0.04790419161676647,0.0718562874251497,0.09580838323353294,0.2215568862275449,0.2754491017964072,0.2874251497005988
