var1,var2,var3,var4,var5,var6
0.01652892561983471,0.049586776859504134,0.11570247933884298,0.14049586776859505,0.19834710743801653,0.4793388429752066
