var1,var2,var3,var4,var5,var6
0.037914691943127965,0.06635071090047394,0.13270142180094788,0.15165876777251186,0.2938388625592417,0.3175355450236967
