var1,var2,var3,var4,var5,var6
0.1004566210045662,0.1095890410958904,0.1278538812785388,0.1643835616438356,0.1780821917808219,0.319634703196347
