var1,var2,var3,var4,var5,var6
0.062146892655367235,0.0903954802259887,0.10734463276836158,0.1638418079096045,0.1864406779661017,0.3898305084745763
