var1,var2,var3,var4,var5,var6
0.05803571428571429,0.06696428571428571,0.08928571428571429,0.10267857142857142,0.32142857142857145,0.36160714285714285
