var1,var2,var3,var4,var5,var6
0.04411764705882353,0.10294117647058823,0.11764705882352941,0.1715686274509804,0.25,0.3137254901960784
