var1,var2,var3,var4,var5,var6
0.05128205128205128,0.05860805860805861,0.13553113553113552,0.16117216117216118,0.2857142857142857,0.3076923076923077
