var1,var2,var3,var4,var5,var6
0.023255813953488372,0.06395348837209303,0.09883720930232558,0.20930232558139536,0.23837209302325582,0.36627906976744184
