var1,var2,var3,var4,var5,var6
0.03164556962025317,0.05063291139240506,0.08860759493670886,0.2088607594936709,0.25316455696202533,0.3670886075949367
