var1,var2,var3,var4,var5,var6
0.07582938388625593,0.09004739336492891,0.10426540284360189,0.21800947867298578,0.22748815165876776,0.2843601895734597
