var1,var2,var3,var4,var5,var6
0.03333333333333333,0.05555555555555555,0.1111111111111111,0.12222222222222222,0.24444444444444444,0.43333333333333335
