var1,var2,var3,var4,var5,var6
0.027472527472527472,0.06593406593406594,0.11538461538461539,0.14835164835164835,0.21978021978021978,0.4230769230769231
