var1,var2,var3,var4,var5,var6
0.061855670103092786,0.08247422680412371,0.10309278350515463,0.13402061855670103,0.20618556701030927,0.41237113402061853
