var1,var2,var3,var4,var5,var6
0.05286343612334802,0.07048458149779736,0.18502202643171806,0.19383259911894274,0.21585903083700442,0.28193832599118945
