var1,var2,var3,var4,var5,var6
0.05056179775280899,0.11235955056179775,0.1404494382022472,0.15168539325842698,0.2247191011235955,0.3202247191011236
