var1,var2,var3,var4,var5,var6
0.0273224043715847,0.04371584699453552,0.13114754098360656,0.20765027322404372,0.24043715846994534,0.34972677595628415
