var1,var2,var3,var4,var5,var6
0.03404255319148936,0.09361702127659574,0.15319148936170213,0.2,0.22127659574468084,0.2978723404255319
