var1,var2,var3,var4,var5,var6
0.046948356807511735,0.07511737089201878,0.16901408450704225,0.20657276995305165,0.2300469483568075,0.27230046948356806
