var1,var2,var3,var4,var5,var6
0.05581395348837209,0.08372093023255814,0.12093023255813953,0.13488372093023257,0.27906976744186046,0.32558139534883723
