var1,var2,var3,var4,var5,var6
0.04979253112033195,0.058091286307053944,0.1908713692946058,0.2033195020746888,0.2157676348547718,0.2821576763485477
