var1,var2,var3,var4,var5,var6
0.042735042735042736,0.05128205128205128,0.06837606837606838,0.17094017094017094,0.20512820512820512,0.46153846153846156
