var1,var2,var3,var4,var5,var6
0.0546875,0.078125,0.09375,0.109375,0.234375,0.4296875
