var1,var2,var3,var4,var5,var6
0.0427807486631016,0.0748663101604278,0.0962566844919786,0.16042780748663102,0.2192513368983957,0.40641711229946526
