var1,var2,var3,var4,var5,var6
0.08092485549132948,0.09248554913294797,0.14450867052023122,0.19653179190751446,0.21965317919075145,0.2658959537572254
