var1,var2,var3,var4,var5,var6
0.017777777777777778,0.04888888888888889,0.14222222222222222,0.17777777777777778,0.24888888888888888,0.36444444444444446
