var1,var2,var3,var4,var5,var6
0.02962962962962963,0.08888888888888889,0.1037037037037037,0.1259259259259259,0.23703703703703705,0.4148148148148148
