var1,var2,var3,var4,var5,var6
0.018018018018018018,0.036036036036036036,0.07207207207207207,0.23423423423423423,0.26126126126126126,0.3783783783783784
