var1,var2,var3,var4,var5,var6
0.015037593984962405,0.06015037593984962,0.09022556390977443,0.17293233082706766,0.21052631578947367,0.45112781954887216
