var1,var2,var3,var4,var5,var6
0.014423076923076924,0.10096153846153846,0.15384615384615385,0.21634615384615385,0.23557692307692307,0.27884615384615385
