var1,var2,var3,var4,var5,var6
0.043478260869565216,0.057971014492753624,0.14492753623188406,0.15458937198067632,0.28019323671497587,0.3188405797101449
