var1,var2,var3,var4,var5,var6
0.11055276381909548,0.12562814070351758,0.1708542713567839,0.18090452261306533,0.19095477386934673,0.22110552763819097
