var1,var2,var3,var4,var5,var6
0.05533596837944664,0.13438735177865613,0.1422924901185771,0.16996047430830039,0.23715415019762845,0.2608695652173913
