var1,var2,var3,var4,var5,var6
0.04487179487179487,0.10897435897435898,0.14743589743589744,0.1794871794871795,0.25,0.2692307692307692
