var1,var2,var3,var4,var5,var6
0.08152173913043478,0.09782608695652174,0.1358695652173913,0.17391304347826086,0.22282608695652173,0.28804347826086957
