var1,var2,var3,var4,var5,var6
0.07220216606498195,0.11552346570397112,0.1299638989169675,0.18050541516245489,0.22021660649819494,0.2815884476534296
