var1,var2,var3,var4,var5,var6
0.0392156862745098,0.0784313725490196,0.13725490196078433,0.16993464052287582,0.19607843137254902,0.3790849673202614
