var1,var2,var3,var4,var5,var6
0.04390243902439024,0.0975609756097561,0.11707317073170732,0.2048780487804878,0.25365853658536586,0.28292682926829266
