var1,var2,var3,var4,var5,var6
0.05181347150259067,0.06735751295336788,0.08290155440414508,0.11398963730569948,0.32124352331606215,0.3626943005181347
