var1,var2,var3,var4,var5,var6
0.04666666666666667,0.07333333333333333,0.11333333333333333,0.14666666666666667,0.22666666666666666,0.3933333333333333
