var1,var2,var3,var4,var5,var6
0.02072538860103627,0.06217616580310881,0.12435233160621761,0.13989637305699482,0.3005181347150259,0.35233160621761656
