var1,var2,var3,var4,var5,var6
0.04225352112676056,0.06338028169014084,0.09859154929577464,0.19718309859154928,0.22535211267605634,0.3732394366197183
