var1,var2,var3,var4,var5,var6
0.024390243902439025,0.07317073170731707,0.12195121951219512,0.17886178861788618,0.2682926829268293,0.3333333333333333
