var1,var2,var3,var4,var5,var6
0.046511627906976744,0.09302325581395349,0.11627906976744186,0.12403100775193798,0.23255813953488372,0.3875968992248062
