var1,var2,var3,var4,var5,var6
0.023668639053254437,0.03550295857988166,0.11242603550295859,0.1301775147928994,0.3076923076923077,0.3905325443786982
