var1,var2,var3,var4,var5,var6
0.04081632653061224,0.09523809523809523,0.1292517006802721,0.19047619047619047,0.23809523809523808,0.30612244897959184
