var1,var2,var3,var4,var5,var6
0.03546099290780142,0.05673758865248227,0.0851063829787234,0.1276595744680851,0.22695035460992907,0.46808510638297873
