var1,var2,var3,var4,var5,var6
0.06572769953051644,0.07511737089201878,0.13615023474178403,0.17370892018779344,0.2535211267605634,0.29577464788732394
