var1,var2,var3,var4,var5,var6
0.04878048780487805,0.11707317073170732,0.16097560975609757,0.18536585365853658,0.1951219512195122,0.2926829268292683
