var1,var2,var3,var4,var5,var6
0.0599250936329588,0.12734082397003746,0.14232209737827714,0.19850187265917604,0.23220973782771537,0.2397003745318352
