var1,var2,var3,var4,var5,var6
0.031055900621118012,0.043478260869565216,0.14285714285714285,0.19875776397515527,0.2236024844720497,0.36024844720496896
