var1,var2,var3,var4,var5,var6
0.014492753623188406,0.07971014492753623,0.12318840579710146,0.14492753623188406,0.1956521739130435,0.4420289855072464
