var1,var2,var3,var4,var5,var6
0.048458149779735685,0.14096916299559473,0.16299559471365638,0.1762114537444934,0.22026431718061673,0.2511013215859031
