var1,var2,var3,var4,var5,var6
0.08029197080291971,0.08759124087591241,0.11678832116788321,0.1897810218978102,0.23357664233576642,0.291970802919708
