var1,var2,var3,var4,var5,var6
0.016853932584269662,0.08426966292134831,0.15168539325842698,0.19662921348314608,0.25842696629213485,0.29213483146067415
