var1,var2,var3,var4,var5,var6
0.025210084033613446,0.11764705882352941,0.15126050420168066,0.16806722689075632,0.23529411764705882,0.3025210084033613
