var1,var2,var3,var4,var5,var6
0.03550295857988166,0.11242603550295859,0.15384615384615385,0.15976331360946747,0.24260355029585798,0.2958579881656805
