var1,var2,var3,var4,var5,var6
0.03355704697986577,0.04697986577181208,0.09395973154362416,0.11409395973154363,0.2953020134228188,0.4161073825503356
