var1,var2,var3,var4,var5,var6
0.03496503496503497,0.04895104895104895,0.07692307692307693,0.1888111888111888,0.25874125874125875,0.3916083916083916
