var1,var2,var3,var4,var5,var6
0.021621621621621623,0.07567567567567568,0.12972972972972974,0.16216216216216217,0.2756756756756757,0.33513513513513515
