var1,var2,var3,var4,var5,var6
0.07317073170731707,0.08780487804878048,0.11219512195121951,0.16585365853658537,0.25853658536585367,0.3024390243902439
