var1,var2,var3,var4,var5,var6
0.08053691275167785,0.09395973154362416,0.12751677852348994,0.16778523489932887,0.2550335570469799,0.2751677852348993
