var1,var2,var3,var4,var5,var6
0.014492753623188406,0.07729468599033816,0.14009661835748793,0.178743961352657,0.26570048309178745,0.32367149758454106
