var1,var2,var3,var4,var5,var6
0.014814814814814815,0.044444444444444446,0.1037037037037037,0.1259259259259259,0.26666666666666666,0.4444444444444444
