var1,var2,var3,var4,var5,var6
0.05291005291005291,0.0582010582010582,0.08465608465608465,0.20105820105820105,0.21164021164021163,0.3915343915343915
