var1,var2,var3,var4,var5,var6
0.037267080745341616,0.07453416149068323,0.17391304347826086,0.18633540372670807,0.2360248447204969,0.2919254658385093
