var1,var2,var3,var4,var5,var6
0.031446540880503145,0.06289308176100629,0.11320754716981132,0.13836477987421383,0.2138364779874214,0.44025157232704404
