var1,var2,var3,var4,var5,var6
0.09032258064516129,0.11612903225806452,0.16774193548387098,0.18064516129032257,0.2,0.24516129032258063
