var1,var2,var3,var4,var5,var6
0.014598540145985401,0.058394160583941604,0.10218978102189781,0.1678832116788321,0.23357664233576642,0.4233576642335766
