var1,var2,var3,var4,var5,var6
0.02097902097902098,0.09090909090909091,0.1048951048951049,0.14685314685314685,0.22377622377622378,0.4125874125874126
