var1,var2,var3,var4,var5,var6
0.0735930735930736,0.08225108225108226,0.11255411255411256,0.12554112554112554,0.29004329004329005,0.31601731601731603
