var1,var2,var3,var4,var5,var6
0.02097902097902098,0.0979020979020979,0.1258741258741259,0.1958041958041958,0.2517482517482518,0.3076923076923077
