var1,var2,var3,var4,var5,var6
0.027932960893854747,0.0670391061452514,0.10614525139664804,0.16759776536312848,0.24022346368715083,0.39106145251396646
