var1,var2,var3,var4,var5,var6
0.07392996108949416,0.0933852140077821,0.11284046692607004,0.2178988326848249,0.23346303501945526,0.26848249027237353
