var1,var2,var3,var4,var5,var6
0.010752688172043012,0.0913978494623656,0.13440860215053763,0.20967741935483872,0.24731182795698925,0.3064516129032258
