var1,var2,var3,var4,var5,var6
0.10909090909090909,0.12121212121212122,0.13333333333333333,0.1696969696969697,0.20606060606060606,0.2606060606060606
