var1,var2,var3,var4,var5,var6
0.028037383177570093,0.04672897196261682,0.09345794392523364,0.205607476635514,0.2616822429906542,0.3644859813084112
