var1,var2,var3,var4,var5,var6
0.03314917127071823,0.1270718232044199,0.143646408839779,0.1878453038674033,0.2430939226519337,0.26519337016574585
