var1,var2,var3,var4,var5,var6
0.016216216216216217,0.032432432432432434,0.10810810810810811,0.15135135135135136,0.2972972972972973,0.3945945945945946
