var1,var2,var3,var4,var5,var6
0.007407407407407408,0.1037037037037037,0.16296296296296298,0.17777777777777778,0.2518518518518518,0.2962962962962963
