var1,var2,var3,var4,var5,var6
0.06405693950177936,0.10676156583629894,0.11387900355871886,0.19572953736654805,0.2491103202846975,0.2704626334519573
