var1,var2,var3,var4,var5,var6
0.0967741935483871,0.10599078341013825,0.14285714285714285,0.15668202764976957,0.22119815668202766,0.2764976958525346
