var1,var2,var3,var4,var5,var6
0.024154589371980676,0.13526570048309178,0.15458937198067632,0.21256038647342995,0.2222222222222222,0.25120772946859904
