var1,var2,var3,var4,var5,var6
0.06936416184971098,0.11560693641618497,0.13872832369942195,0.1791907514450867,0.23121387283236994,0.2658959537572254
