var1,var2,var3,var4,var5,var6
0.04291845493562232,0.09871244635193133,0.15450643776824036,0.1759656652360515,0.20600858369098712,0.3218884120171674
