var1,var2,var3,var4,var5,var6
0.06086956521739131,0.08695652173913043,0.1391304347826087,0.1565217391304348,0.19130434782608696,0.3652173913043478
