var1,var2,var3,var4,var5,var6
0.029197080291970802,0.058394160583941604,0.145985401459854,0.1678832116788321,0.21897810218978103,0.3795620437956204
