var1,var2,var3,var4,var5,var6
0.022598870056497175,0.07909604519774012,0.14689265536723164,0.192090395480226,0.2542372881355932,0.3050847457627119
