var1,var2,var3,var4,var5,var6
0.041025641025641026,0.05128205128205128,0.15384615384615385,0.1794871794871795,0.27692307692307694,0.29743589743589743
