var1,var2,var3,var4,var5,var6
0.04868913857677903,0.0898876404494382,0.11235955056179775,0.21722846441947566,0.24719101123595505,0.2846441947565543
