var1,var2,var3,var4,var5,var6
0.043243243243243246,0.11351351351351352,0.12972972972972974,0.1837837837837838,0.24864864864864866,0.2810810810810811
