var1,var2,var3,var4,var5,var6
0.03508771929824561,0.07017543859649122,0.16374269005847952,0.1871345029239766,0.23976608187134502,0.30409356725146197
