var1,var2,var3,var4,var5,var6
0.03550295857988166,0.0650887573964497,0.1893491124260355,0.20118343195266272,0.21301775147928995,0.2958579881656805
