var1,var2,var3,var4,var5,var6
0.03007518796992481,0.10526315789473684,0.15037593984962405,0.16541353383458646,0.21804511278195488,0.3308270676691729
