var1,var2,var3,var4,var5,var6
0.0375,0.11875,0.16875,0.18125,0.2375,0.25625
