var1,var2,var3,var4,var5,var6
0.023255813953488372,0.037209302325581395,0.07441860465116279,0.22325581395348837,0.27906976744186046,0.3627906976744186
