var1,var2,var3,var4,var5,var6
0.016042780748663103,0.053475935828877004,0.1711229946524064,0.21390374331550802,0.23529411764705882,0.31016042780748665
