var1,var2,var3,var4,var5,var6
0.06912442396313365,0.0967741935483871,0.14746543778801843,0.15668202764976957,0.25806451612903225,0.271889400921659
