var1,var2,var3,var4,var5,var6
0.06711409395973154,0.08053691275167785,0.12080536912751678,0.1610738255033557,0.19463087248322147,0.37583892617449666
