var1,var2,var3,var4,var5,var6
0.06557377049180328,0.09836065573770492,0.13114754098360656,0.18032786885245902,0.20765027322404372,0.31693989071038253
