var1,var2,var3,var4,var5,var6
0.07453416149068323,0.09937888198757763,0.12422360248447205,0.16149068322981366,0.21739130434782608,0.32298136645962733
