var1,var2,var3,var4,var5,var6
0.03821656050955414,0.06369426751592357,0.15286624203821655,0.18471337579617833,0.24203821656050956,0.3184713375796178
