var1,var2,var3,var4,var5,var6
0.01951219512195122,0.07804878048780488,0.1073170731707317,0.1951219512195122,0.24878048780487805,0.35121951219512193
