var1,var2,var3,var4,var5,var6
0.04975124378109453,0.06965174129353234,0.12935323383084577,0.15422885572139303,0.27860696517412936,0.31840796019900497
