var1,var2,var3,var4,var5,var6
0.0427807486631016,0.058823529411764705,0.0962566844919786,0.10695187165775401,0.31016042780748665,0.3850267379679144
