var1,var2,var3,var4,var5,var6
0.025,0.05,0.08333333333333333,0.16666666666666666,0.23333333333333334,0.44166666666666665
