var1,var2,var3,var4,var5,var6
0.017699115044247787,0.035398230088495575,0.13274336283185842,0.22123893805309736,0.26548672566371684,0.3274336283185841
