var1,var2,var3,var4,var5,var6
0.06382978723404255,0.0851063829787234,0.10638297872340426,0.19858156028368795,0.23404255319148937,0.3120567375886525
