var1,var2,var3,var4,var5,var6
0.04411764705882353,0.11274509803921569,0.1715686274509804,0.19607843137254902,0.20588235294117646,0.2696078431372549
