var1,var2,var3,var4,var5,var6
0.05741626794258373,0.09569377990430622,0.1674641148325359,0.21052631578947367,0.22966507177033493,0.23923444976076555
