var1,var2,var3,var4,var5,var6
0.05405405405405406,0.12432432432432433,0.14594594594594595,0.1945945945945946,0.22162162162162163,0.2594594594594595
