var1,var2,var3,var4,var5,var6
0.061068702290076333,0.07633587786259542,0.08396946564885496,0.21374045801526717,0.2595419847328244,0.3053435114503817
