var1,var2,var3,var4,var5,var6
0.04487179487179487,0.07051282051282051,0.1282051282051282,0.16025641025641027,0.1794871794871795,0.4166666666666667
