var1,var2,var3,var4,var5,var6
0.023668639053254437,0.03550295857988166,0.13609467455621302,0.17751479289940827,0.2603550295857988,0.3668639053254438
