var1,var2,var3,var4,var5,var6
0.03980099502487562,0.11442786069651742,0.13930348258706468,0.19900497512437812,0.21890547263681592,0.2885572139303483
