var1,var2,var3,var4,var5,var6
0.02127659574468085,0.10638297872340426,0.1773049645390071,0.2127659574468085,0.22695035460992907,0.2553191489361702
