var1,var2,var3,var4,var5,var6
0.05699481865284974,0.06217616580310881,0.16580310880829016,0.20207253886010362,0.21243523316062177,0.3005181347150259
