var1,var2,var3,var4,var5,var6
0.06474820143884892,0.07194244604316546,0.10071942446043165,0.15827338129496402,0.2446043165467626,0.3597122302158273
