var1,var2,var3,var4,var5,var6
0.06806282722513089,0.12041884816753927,0.1518324607329843,0.18324607329842932,0.19895287958115182,0.2774869109947644
