var1,var2,var3,var4,var5,var6
0.024844720496894408,0.062111801242236024,0.12422360248447205,0.16770186335403728,0.2732919254658385,0.34782608695652173
