var1,var2,var3,var4,var5,var6
0.01935483870967742,0.06451612903225806,0.0967741935483871,0.2064516129032258,0.23225806451612904,0.38064516129032255
