var1,var2,var3,var4,var5,var6
0.06993006993006994,0.1258741258741259,0.13986013986013987,0.18181818181818182,0.22377622377622378,0.25874125874125875
