var1,var2,var3,var4,var5,var6
0.026737967914438502,0.0427807486631016,0.10695187165775401,0.22459893048128343,0.25668449197860965,0.3422459893048128
