var1,var2,var3,var4,var5,var6
0.0213903743315508,0.0748663101604278,0.0855614973262032,0.12834224598930483,0.3155080213903743,0.37433155080213903
