var1,var2,var3,var4,var5,var6
0.06134969325153374,0.09815950920245399,0.12269938650306748,0.147239263803681,0.22699386503067484,0.34355828220858897
