var1,var2,var3,var4,var5,var6
0.007194244604316547,0.11510791366906475,0.14388489208633093,0.18705035971223022,0.2302158273381295,0.31654676258992803
