var1,var2,var3,var4,var5,var6
0.038461538461538464,0.11057692307692307,0.12980769230769232,0.1971153846153846,0.25,0.27403846153846156
