var1,var2,var3,var4,var5,var6
0.05333333333333334,0.06666666666666667,0.08,0.10666666666666667,0.21333333333333335,0.48
