var1,var2,var3,var4,var5,var6
0.045112781954887216,0.07518796992481203,0.09774436090225563,0.15037593984962405,0.2857142857142857,0.3458646616541353
