var1,var2,var3,var4,var5,var6
0.03571428571428571,0.12142857142857143,0.15,0.20714285714285716,0.22142857142857142,0.2642857142857143
