var1,var2,var3,var4,var5,var6
0.04477611940298507,0.05970149253731343,0.09950248756218906,0.12935323383084577,0.3283582089552239,0.3383084577114428
