var1,var2,var3,var4,var5,var6
0.0365296803652968,0.0821917808219178,0.136986301369863,0.1461187214611872,0.2511415525114155,0.3470319634703196
