var1,var2,var3,var4,var5,var6
0.03317535545023697,0.0947867298578199,0.14218009478672985,0.1990521327014218,0.20853080568720378,0.3222748815165877
