var1,var2,var3,var4,var5,var6
0.07100591715976332,0.10059171597633136,0.1301775147928994,0.14201183431952663,0.1893491124260355,0.3668639053254438
