var1,var2,var3,var4,var5,var6
0.03608247422680412,0.04639175257731959,0.08762886597938144,0.23195876288659795,0.24742268041237114,0.35051546391752575
