var1,var2,var3,var4,var5,var6
0.0223463687150838,0.0446927374301676,0.1005586592178771,0.20670391061452514,0.24581005586592178,0.37988826815642457
