var1,var2,var3,var4,var5,var6
0.06217616580310881,0.07772020725388601,0.08290155440414508,0.11398963730569948,0.27979274611398963,0.38341968911917096
