var1,var2,var3,var4,var5,var6
0.0472972972972973,0.060810810810810814,0.07432432432432433,0.11486486486486487,0.30405405405405406,0.39864864864864863
