var1,var2,var3,var4,var5,var6
0.006802721088435374,0.05442176870748299,0.14965986394557823,0.16326530612244897,0.272108843537415,0.35374149659863946
