var1,var2,var3,var4,var5,var6
0.030534351145038167,0.12213740458015267,0.13740458015267176,0.1450381679389313,0.24427480916030533,0.32061068702290074
