var1,var2,var3,var4,var5,var6
0.058394160583941604,0.072992700729927,0.08759124087591241,0.1897810218978102,0.2846715328467153,0.30656934306569344
