var1,var2,var3,var4,var5,var6
0.0427807486631016,0.11764705882352941,0.15508021390374332,0.20320855614973263,0.22459893048128343,0.25668449197860965
