var1,var2,var3,var4,var5,var6
0.031746031746031744,0.07407407407407407,0.12698412698412698,0.17989417989417988,0.2698412698412698,0.31746031746031744
