var1,var2,var3,var4,var5,var6
0.055865921787709494,0.12290502793296089,0.13966480446927373,0.16759776536312848,0.2122905027932961,0.3016759776536313
