var1,var2,var3,var4,var5,var6
0.03365384615384615,0.08173076923076923,0.15384615384615385,0.20673076923076922,0.25,0.27403846153846156
