var1,var2,var3,var4,var5,var6
0.029411764705882353,0.08235294117647059,0.10588235294117647,0.14705882352941177,0.29411764705882354,0.3411764705882353
