var1,var2,var3,var4,var5,var6
0.06417112299465241,0.12834224598930483,0.1497326203208556,0.16042780748663102,0.22994652406417113,0.26737967914438504
