var1,var2,var3,var4,var5,var6
0.034013605442176874,0.08163265306122448,0.1360544217687075,0.17687074829931973,0.20408163265306123,0.3673469387755102
