var1,var2,var3,var4,var5,var6
0.056338028169014086,0.11971830985915492,0.14788732394366197,0.19014084507042253,0.22535211267605634,0.2605633802816901
