var1,var2,var3,var4,var5,var6
0.08438818565400844,0.11392405063291139,0.1350210970464135,0.16877637130801687,0.23628691983122363,0.2616033755274262
