var1,var2,var3,var4,var5,var6
0.05,0.12857142857142856,0.15714285714285714,0.18571428571428572,0.22142857142857142,0.2571428571428571
