var1,var2,var3,var4,var5,var6
0.058394160583941604,0.072992700729927,0.08759124087591241,0.1386861313868613,0.23357664233576642,0.40875912408759124
