var1,var2,var3,var4,var5,var6
0.014218009478672985,0.0947867298578199,0.11374407582938388,0.15165876777251186,0.27488151658767773,0.35071090047393366
