var1,var2,var3,var4,var5,var6
0.026200873362445413,0.09606986899563319,0.1615720524017467,0.18340611353711792,0.2445414847161572,0.28820960698689957
