var1,var2,var3,var4,var5,var6
0.022099447513812154,0.055248618784530384,0.18232044198895028,0.19337016574585636,0.2541436464088398,0.292817679558011
