var1,var2,var3,var4,var5,var6
0.09665427509293681,0.12267657992565056,0.17100371747211895,0.17843866171003717,0.20817843866171004,0.22304832713754646
