var1,var2,var3,var4,var5,var6
0.06153846153846154,0.08461538461538462,0.1,0.16923076923076924,0.27692307692307694,0.3076923076923077
