var1,var2,var3,var4,var5,var6
0.02459016393442623,0.04918032786885246,0.13934426229508196,0.1721311475409836,0.18032786885245902,0.4344262295081967
