var1,var2,var3,var4,var5,var6
0.01809954751131222,0.058823529411764705,0.16289592760180996,0.2081447963800905,0.23529411764705882,0.3167420814479638
