var1,var2,var3,var4,var5,var6
0.01932367149758454,0.09178743961352658,0.14009661835748793,0.1932367149758454,0.2463768115942029,0.30917874396135264
