var1,var2,var3,var4,var5,var6
0.02510460251046025,0.11297071129707113,0.1506276150627615,0.19246861924686193,0.23430962343096234,0.28451882845188287
