var1,var2,var3,var4,var5,var6
0.07446808510638298,0.14361702127659576,0.16489361702127658,0.18617021276595744,0.20212765957446807,0.22872340425531915
