var1,var2,var3,var4,var5,var6
0.10697674418604651,0.11627906976744186,0.15813953488372093,0.1813953488372093,0.19534883720930232,0.24186046511627907
