var1,var2,var3,var4,var5,var6
0.02666666666666667,0.06222222222222222,0.10222222222222223,0.17777777777777778,0.3111111111111111,0.32
