var1,var2,var3,var4,var5,var6
0.07194244604316546,0.07913669064748201,0.10071942446043165,0.11510791366906475,0.12949640287769784,0.5035971223021583
