var1,var2,var3,var4,var5,var6
0.021621621621621623,0.07027027027027027,0.17297297297297298,0.1837837837837838,0.23783783783783785,0.31351351351351353
