var1,var2,var3,var4,var5,var6
0.046511627906976744,0.12093023255813953,0.17209302325581396,0.18604651162790697,0.20930232558139536,0.2651162790697674
