var1,var2,var3,var4,var5,var6
0.031055900621118012,0.049689440993788817,0.09937888198757763,0.12422360248447205,0.2795031055900621,0.4161490683229814
