var1,var2,var3,var4,var5,var6
0.0966183574879227,0.13043478260869565,0.1497584541062802,0.15458937198067632,0.1932367149758454,0.2753623188405797
