var1,var2,var3,var4,var5,var6
0.046242774566473986,0.057803468208092484,0.1329479768786127,0.16184971098265896,0.28901734104046245,0.31213872832369943
