var1,var2,var3,var4,var5,var6
0.06716417910447761,0.08955223880597014,0.1044776119402985,0.11940298507462686,0.2537313432835821,0.3656716417910448
