var1,var2,var3,var4,var5,var6
0.03278688524590164,0.07103825136612021,0.13114754098360656,0.2185792349726776,0.26229508196721313,0.28415300546448086
