var1,var2,var3,var4,var5,var6
0.014388489208633094,0.04316546762589928,0.06474820143884892,0.18705035971223022,0.302158273381295,0.38848920863309355
