var1,var2,var3,var4,var5,var6
0.03896103896103896,0.05844155844155844,0.09090909090909091,0.2012987012987013,0.22727272727272727,0.38311688311688313
