var1,var2,var3,var4,var5,var6
0.10396039603960396,0.11386138613861387,0.15841584158415842,0.17326732673267325,0.19306930693069307,0.25742574257425743
