var1,var2,var3,var4,var5,var6
0.08148148148148149,0.14074074074074075,0.15555555555555556,0.18518518518518517,0.2074074074074074,0.22962962962962963
