var1,var2,var3,var4,var5,var6
0.013422818791946308,0.06711409395973154,0.1476510067114094,0.174496644295302,0.2348993288590604,0.3624161073825503
