var1,var2,var3,var4,var5,var6
0.06779661016949153,0.096045197740113,0.11299435028248588,0.14689265536723164,0.2824858757062147,0.2937853107344633
