var1,var2,var3,var4,var5,var6
0.03875968992248062,0.06201550387596899,0.09302325581395349,0.16279069767441862,0.17829457364341086,0.46511627906976744
