var1,var2,var3,var4,var5,var6
0.03389830508474576,0.07909604519774012,0.13559322033898305,0.14689265536723164,0.2542372881355932,0.3502824858757062
