var1,var2,var3,var4,var5,var6
0.0915032679738562,0.10457516339869281,0.12418300653594772,0.1830065359477124,0.23529411764705882,0.26143790849673204
