var1,var2,var3,var4,var5,var6
0.02631578947368421,0.08552631578947369,0.10526315789473684,0.19736842105263158,0.23026315789473684,0.35526315789473684
