var1,var2,var3,var4,var5,var6
0.0111731843575419,0.0670391061452514,0.17318435754189945,0.20670391061452514,0.24581005586592178,0.29608938547486036
