var1,var2,var3,var4,var5,var6
0.034482758620689655,0.04827586206896552,0.07586206896551724,0.2,0.25517241379310346,0.38620689655172413
