var1,var2,var3,var4,var5,var6
0.03821656050955414,0.07643312101910828,0.18471337579617833,0.21019108280254778,0.21656050955414013,0.27388535031847133
