var1,var2,var3,var4,var5,var6
0.024390243902439025,0.07317073170731707,0.08943089430894309,0.17886178861788618,0.3008130081300813,0.3333333333333333
