var1,var2,var3,var4,var5,var6
0.05627705627705628,0.11255411255411256,0.12987012987012986,0.19913419913419914,0.23376623376623376,0.2683982683982684
