var1,var2,var3,var4,var5,var6
0.03773584905660377,0.0880503144654088,0.1069182389937107,0.16352201257861634,0.18867924528301888,0.41509433962264153
