var1,var2,var3,var4,var5,var6
0.0625,0.08035714285714286,0.09821428571428571,0.125,0.25,0.38392857142857145
