var1,var2,var3,var4,var5,var6
0.01910828025477707,0.050955414012738856,0.10191082802547771,0.22929936305732485,0.25477707006369427,0.34394904458598724
