var1,var2,var3,var4,var5,var6
0.04054054054054054,0.06306306306306306,0.0945945945945946,0.21171171171171171,0.23873873873873874,0.35135135135135137
