var1,var2,var3,var4,var5,var6
0.031007751937984496,0.05426356589147287,0.07751937984496124,0.21705426356589147,0.23255813953488372,0.3875968992248062
