var1,var2,var3,var4,var5,var6
0.04032258064516129,0.07258064516129033,0.10483870967741936,0.22580645161290322,0.25,0.3064516129032258
