var1,var2,var3,var4,var5,var6
0.009852216748768473,0.07389162561576355,0.10344827586206896,0.22660098522167488,0.270935960591133,0.31527093596059114
