var1,var2,var3,var4,var5,var6
0.06030150753768844,0.10552763819095477,0.135678391959799,0.17587939698492464,0.20100502512562815,0.32160804020100503
