var1,var2,var3,var4,var5,var6
0.03184713375796178,0.044585987261146494,0.1337579617834395,0.14012738853503184,0.2229299363057325,0.4267515923566879
