var1,var2,var3,var4,var5,var6
0.037037037037037035,0.07407407407407407,0.09259259259259259,0.21604938271604937,0.24074074074074073,0.3395061728395062
