var1,var2,var3,var4,var5,var6
0.07936507936507936,0.12698412698412698,0.14814814814814814,0.15873015873015872,0.2222222222222222,0.26455026455026454
