var1,var2,var3,var4,var5,var6
0.09326424870466321,0.11398963730569948,0.12435233160621761,0.15025906735751296,0.17616580310880828,0.34196891191709844
