var1,var2,var3,var4,var5,var6
0.027210884353741496,0.04081632653061224,0.08163265306122448,0.19047619047619047,0.2653061224489796,0.3945578231292517
