var1,var2,var3,var4,var5,var6
0.027972027972027972,0.03496503496503497,0.09090909090909091,0.23076923076923078,0.2727272727272727,0.34265734265734266
