var1,var2,var3,var4,var5,var6
0.06896551724137931,0.10837438423645321,0.1724137931034483,0.18226600985221675,0.20689655172413793,0.26108374384236455
