var1,var2,var3,var4,var5,var6
0.04487179487179487,0.08974358974358974,0.14743589743589744,0.16025641025641027,0.2692307692307692,0.28846153846153844
