var1,var2,var3,var4,var5,var6
0.03317535545023697,0.07582938388625593,0.16113744075829384,0.17535545023696683,0.26540284360189575,0.2890995260663507
