var1,var2,var3,var4,var5,var6
0.026143790849673203,0.0392156862745098,0.11764705882352941,0.12418300653594772,0.26143790849673204,0.43137254901960786
