var1,var2,var3,var4,var5,var6
0.040268456375838924,0.06040268456375839,0.09395973154362416,0.14093959731543623,0.2080536912751678,0.4563758389261745
