var1,var2,var3,var4,var5,var6
0.07650273224043716,0.13114754098360656,0.14207650273224043,0.16939890710382513,0.18579234972677597,0.29508196721311475
