var1,var2,var3,var4,var5,var6
0.07017543859649122,0.10526315789473684,0.15204678362573099,0.18128654970760233,0.19883040935672514,0.29239766081871343
