var1,var2,var3,var4,var5,var6
0.05025125628140704,0.09045226130653267,0.17587939698492464,0.21105527638190955,0.23115577889447236,0.24120603015075376
