var1,var2,var3,var4,var5,var6
0.015748031496062992,0.06299212598425197,0.12598425196850394,0.1968503937007874,0.28346456692913385,0.31496062992125984
