var1,var2,var3,var4,var5,var6
0.08,0.09714285714285714,0.12571428571428572,0.16,0.26285714285714284,0.2742857142857143
