var1,var2,var3,var4,var5,var6
0.013605442176870748,0.05442176870748299,0.12244897959183673,0.17006802721088435,0.272108843537415,0.3673469387755102
