var1,var2,var3,var4,var5,var6
0.056910569105691054,0.06504065040650407,0.0975609756097561,0.18699186991869918,0.2601626016260163,0.3333333333333333
