var1,var2,var3,var4,var5,var6
0.052980132450331126,0.06622516556291391,0.17218543046357615,0.19205298013245034,0.2119205298013245,0.304635761589404
