var1,var2,var3,var4,var5,var6
0.03546099290780142,0.04964539007092199,0.12056737588652482,0.19148936170212766,0.2695035460992908,0.3333333333333333
