var1,var2,var3,var4,var5,var6
0.0234375,0.0859375,0.09375,0.2265625,0.265625,0.3046875
