var1,var2,var3,var4,var5,var6
0.08783783783783784,0.10135135135135136,0.13513513513513514,0.1554054054054054,0.16216216216216217,0.3581081081081081
