var1,var2,var3,var4,var5,var6
0.02185792349726776,0.07103825136612021,0.08196721311475409,0.19672131147540983,0.30601092896174864,0.3224043715846995
