var1,var2,var3,var4,var5,var6
0.024844720496894408,0.049689440993788817,0.08695652173913043,0.18633540372670807,0.2670807453416149,0.38509316770186336
