var1,var2,var3,var4,var5,var6
0.03592814371257485,0.0718562874251497,0.1317365269461078,0.15568862275449102,0.25748502994011974,0.3473053892215569
