var1,var2,var3,var4,var5,var6
0.03592814371257485,0.08383233532934131,0.09580838323353294,0.15568862275449102,0.24550898203592814,0.38323353293413176
