var1,var2,var3,var4,var5,var6
0.03414634146341464,0.07804878048780488,0.13658536585365855,0.2048780487804878,0.22439024390243903,0.32195121951219513
