var1,var2,var3,var4,var5,var6
0.027624309392265192,0.03867403314917127,0.08839779005524862,0.2265193370165746,0.2430939226519337,0.3756906077348066
