var1,var2,var3,var4,var5,var6
0.037267080745341616,0.043478260869565216,0.062111801242236024,0.13664596273291926,0.2857142857142857,0.43478260869565216
