var1,var2,var3,var4,var5,var6
0.08163265306122448,0.13877551020408163,0.15510204081632653,0.17551020408163265,0.20408163265306123,0.24489795918367346
