var1,var2,var3,var4,var5,var6
0.08187134502923976,0.0935672514619883,0.09941520467836257,0.15204678362573099,0.26900584795321636,0.30409356725146197
