var1,var2,var3,var4,var5,var6
0.06666666666666667,0.09696969696969697,0.11515151515151516,0.20606060606060606,0.23030303030303031,0.28484848484848485
