var1,var2,var3,var4,var5,var6
0.07692307692307693,0.10650887573964497,0.11834319526627218,0.17159763313609466,0.25443786982248523,0.27218934911242604
