var1,var2,var3,var4,var5,var6
0.02127659574468085,0.07092198581560284,0.16312056737588654,0.1773049645390071,0.2624113475177305,0.3049645390070922
