var1,var2,var3,var4,var5,var6
0.0425531914893617,0.12340425531914893,0.14468085106382977,0.19574468085106383,0.2127659574468085,0.28085106382978725
