var1,var2,var3,var4,var5,var6
0.10909090909090909,0.13333333333333333,0.15151515151515152,0.15757575757575756,0.21818181818181817,0.23030303030303031
