var1,var2,var3,var4,var5,var6
0.017341040462427744,0.06936416184971098,0.18497109826589594,0.19653179190751446,0.24277456647398843,0.28901734104046245
