var1,var2,var3,var4,var5,var6
0.07655502392344497,0.0861244019138756,0.1291866028708134,0.21052631578947367,0.22966507177033493,0.2679425837320574
