var1,var2,var3,var4,var5,var6
0.03496503496503497,0.09090909090909091,0.11188811188811189,0.17482517482517482,0.25874125874125875,0.32867132867132864
