var1,var2,var3,var4,var5,var6
0.034013605442176874,0.07482993197278912,0.16326530612244897,0.21768707482993196,0.23129251700680273,0.2789115646258503
