var1,var2,var3,var4,var5,var6
0.007633587786259542,0.12213740458015267,0.15267175572519084,0.1984732824427481,0.21374045801526717,0.3053435114503817
