var1,var2,var3,var4,var5,var6
0.029556650246305417,0.07389162561576355,0.09852216748768473,0.10837438423645321,0.31527093596059114,0.37438423645320196
