var1,var2,var3,var4,var5,var6
0.043478260869565216,0.06956521739130435,0.08695652173913043,0.20869565217391303,0.24347826086956523,0.34782608695652173
