var1,var2,var3,var4,var5,var6
0.01904761904761905,0.06666666666666667,0.13333333333333333,0.20952380952380953,0.26666666666666666,0.3047619047619048
