var1,var2,var3,var4,var5,var6
0.08936170212765958,0.11914893617021277,0.13617021276595745,0.1702127659574468,0.20425531914893616,0.28085106382978725
