var1,var2,var3,var4,var5,var6
0.042328042328042326,0.13227513227513227,0.1693121693121693,0.17989417989417988,0.19047619047619047,0.2857142857142857
