var1,var2,var3,var4,var5,var6
0.012738853503184714,0.05732484076433121,0.14012738853503184,0.17834394904458598,0.267515923566879,0.34394904458598724
