var1,var2,var3,var4,var5,var6
0.011834319526627219,0.04142011834319527,0.11834319526627218,0.15384615384615385,0.28994082840236685,0.38461538461538464
