var1,var2,var3,var4,var5,var6
0.041666666666666664,0.05,0.06666666666666667,0.225,0.25833333333333336,0.35833333333333334
