var1,var2,var3,var4,var5,var6
0.022556390977443608,0.07518796992481203,0.12030075187969924,0.16541353383458646,0.3007518796992481,0.3157894736842105
