var1,var2,var3,var4,var5,var6
0.07692307692307693,0.09467455621301775,0.1242603550295858,0.16568047337278108,0.23668639053254437,0.30177514792899407
