var1,var2,var3,var4,var5,var6
0.05128205128205128,0.1282051282051282,0.13333333333333333,0.18974358974358974,0.2153846153846154,0.28205128205128205
