var1,var2,var3,var4,var5,var6
0.046242774566473986,0.07514450867052024,0.10404624277456648,0.18497109826589594,0.23699421965317918,0.35260115606936415
