var1,var2,var3,var4,var5,var6
0.02512562814070352,0.06030150753768844,0.1457286432160804,0.21608040201005024,0.2562814070351759,0.2964824120603015
