var1,var2,var3,var4,var5,var6
0.014925373134328358,0.08208955223880597,0.11194029850746269,0.1865671641791045,0.27611940298507465,0.3283582089552239
