var1,var2,var3,var4,var5,var6
0.0392156862745098,0.0457516339869281,0.1111111111111111,0.2222222222222222,0.28104575163398693,0.3006535947712418
