var1,var2,var3,var4,var5,var6
0.08733624454148471,0.1222707423580786,0.1572052401746725,0.17903930131004367,0.2183406113537118,0.23580786026200873
