var1,var2,var3,var4,var5,var6
0.08783783783783784,0.0945945945945946,0.1554054054054054,0.20270270270270271,0.22297297297297297,0.23648648648648649
