var1,var2,var3,var4,var5,var6
0.04419889502762431,0.07734806629834254,0.143646408839779,0.1712707182320442,0.2541436464088398,0.30939226519337015
