var1,var2,var3,var4,var5,var6
0.025477707006369428,0.08280254777070063,0.10191082802547771,0.15286624203821655,0.28662420382165604,0.3503184713375796
