var1,var2,var3,var4,var5,var6
0.11374407582938388,0.12796208530805686,0.15165876777251186,0.16113744075829384,0.20853080568720378,0.23696682464454977
