var1,var2,var3,var4,var5,var6
0.025157232704402517,0.06289308176100629,0.16352201257861634,0.18238993710691823,0.27672955974842767,0.2893081761006289
