var1,var2,var3,var4,var5,var6
0.013953488372093023,0.06511627906976744,0.12093023255813953,0.20465116279069767,0.27906976744186046,0.31627906976744186
