var1,var2,var3,var4,var5,var6
0.09259259259259259,0.09876543209876543,0.11728395061728394,0.15432098765432098,0.2345679012345679,0.30246913580246915
