var1,var2,var3,var4,var5,var6
0.051094890510948905,0.072992700729927,0.08759124087591241,0.17518248175182483,0.291970802919708,0.32116788321167883
