var1,var2,var3,var4,var5,var6
0.03864734299516908,0.07729468599033816,0.14492753623188406,0.1642512077294686,0.2753623188405797,0.2995169082125604
