var1,var2,var3,var4,var5,var6
0.016260162601626018,0.04878048780487805,0.11382113821138211,0.13821138211382114,0.24390243902439024,0.43902439024390244
