var1,var2,var3,var4,var5,var6
0.05737704918032787,0.08196721311475409,0.09836065573770492,0.22131147540983606,0.2540983606557377,0.28688524590163933
