var1,var2,var3,var4,var5,var6
0.023952095808383235,0.08982035928143713,0.11976047904191617,0.1317365269461078,0.281437125748503,0.3532934131736527
