var1,var2,var3,var4,var5,var6
0.0297029702970297,0.07920792079207921,0.09900990099009901,0.13861386138613863,0.22772277227722773,0.42574257425742573
