var1,var2,var3,var4,var5,var6
0.04519774011299435,0.05649717514124294,0.0903954802259887,0.1694915254237288,0.3107344632768362,0.327683615819209
