var1,var2,var3,var4,var5,var6
0.05325443786982249,0.07692307692307693,0.17159763313609466,0.1834319526627219,0.1893491124260355,0.3254437869822485
