var1,var2,var3,var4,var5,var6
0.03773584905660377,0.05660377358490566,0.07547169811320754,0.22641509433962265,0.27672955974842767,0.3270440251572327
