var1,var2,var3,var4,var5,var6
0.07860262008733625,0.11353711790393013,0.14410480349344978,0.20087336244541484,0.2183406113537118,0.2445414847161572
