var1,var2,var3,var4,var5,var6
0.029940119760479042,0.0718562874251497,0.16167664670658682,0.18562874251497005,0.2694610778443114,0.281437125748503
