var1,var2,var3,var4,var5,var6
0.06532663316582915,0.09547738693467336,0.1407035175879397,0.17587939698492464,0.20100502512562815,0.32160804020100503
