var1,var2,var3,var4,var5,var6
0.043478260869565216,0.10434782608695652,0.12173913043478261,0.1565217391304348,0.24347826086956523,0.33043478260869563
