var1,var2,var3,var4,var5,var6
0.05555555555555555,0.1111111111111111,0.14285714285714285,0.18253968253968253,0.2222222222222222,0.2857142857142857
