var1,var2,var3,var4,var5,var6
0.08144796380090498,0.09049773755656108,0.13574660633484162,0.15384615384615385,0.19457013574660634,0.3438914027149321
