var1,var2,var3,var4,var5,var6
0.03418803418803419,0.06837606837606838,0.08547008547008547,0.17094017094017094,0.26495726495726496,0.37606837606837606
