var1,var2,var3,var4,var5,var6
0.04868913857677903,0.06741573033707865,0.14232209737827714,0.15730337078651685,0.27715355805243447,0.30711610486891383
