var1,var2,var3,var4,var5,var6
0.01680672268907563,0.06722689075630252,0.11764705882352941,0.21008403361344538,0.2184873949579832,0.3697478991596639
