var1,var2,var3,var4,var5,var6
0.022099447513812154,0.03314917127071823,0.10497237569060773,0.19889502762430938,0.27624309392265195,0.36464088397790057
