var1,var2,var3,var4,var5,var6
0.014814814814814815,0.11851851851851852,0.14814814814814814,0.18518518518518517,0.2222222222222222,0.3111111111111111
