var1,var2,var3,var4,var5,var6
0.015267175572519083,0.05343511450381679,0.07633587786259542,0.22900763358778625,0.2595419847328244,0.366412213740458
