var1,var2,var3,var4,var5,var6
0.011764705882352941,0.052941176470588235,0.1411764705882353,0.21764705882352942,0.2529411764705882,0.3235294117647059
