var1,var2,var3,var4,var5,var6
0.014492753623188406,0.06763285024154589,0.0966183574879227,0.18357487922705315,0.2318840579710145,0.4057971014492754
