var1,var2,var3,var4,var5,var6
0.05442176870748299,0.06802721088435375,0.10884353741496598,0.14965986394557823,0.29931972789115646,0.3197278911564626
