var1,var2,var3,var4,var5,var6
0.017341040462427744,0.06358381502890173,0.09248554913294797,0.2023121387283237,0.2543352601156069,0.3699421965317919
