var1,var2,var3,var4,var5,var6
0.02027027027027027,0.12837837837837837,0.1554054054054054,0.18243243243243243,0.23648648648648649,0.27702702702702703
