var1,var2,var3,var4,var5,var6
0.03286384976525822,0.051643192488262914,0.09389671361502347,0.23943661971830985,0.26291079812206575,0.3192488262910798
