var1,var2,var3,var4,var5,var6
0.023696682464454975,0.05687203791469194,0.0947867298578199,0.24644549763033174,0.2559241706161137,0.3222748815165877
