var1,var2,var3,var4,var5,var6
0.06896551724137931,0.09195402298850575,0.13026819923371646,0.17624521072796934,0.210727969348659,0.3218390804597701
