var1,var2,var3,var4,var5,var6
0.017699115044247787,0.05309734513274336,0.061946902654867256,0.12389380530973451,0.26548672566371684,0.4778761061946903
