var1,var2,var3,var4,var5,var6
0.03816793893129771,0.07633587786259542,0.0916030534351145,0.21374045801526717,0.2595419847328244,0.32061068702290074
