var1,var2,var3,var4,var5,var6
0.06866952789699571,0.1072961373390558,0.15879828326180256,0.1888412017167382,0.2017167381974249,0.27467811158798283
