var1,var2,var3,var4,var5,var6
0.01015228426395939,0.07106598984771574,0.10152284263959391,0.1319796954314721,0.3197969543147208,0.36548223350253806
