var1,var2,var3,var4,var5,var6
0.04519774011299435,0.11864406779661017,0.14689265536723164,0.2033898305084746,0.22598870056497175,0.2598870056497175
