var1,var2,var3,var4,var5,var6
0.10377358490566038,0.14622641509433962,0.1650943396226415,0.17452830188679244,0.19811320754716982,0.21226415094339623
