var1,var2,var3,var4,var5,var6
0.05612244897959184,0.08163265306122448,0.09693877551020408,0.16326530612244897,0.20918367346938777,0.39285714285714285
