var1,var2,var3,var4,var5,var6
0.03829787234042553,0.14893617021276595,0.16170212765957448,0.19148936170212766,0.2127659574468085,0.24680851063829787
