var1,var2,var3,var4,var5,var6
0.05181347150259067,0.09326424870466321,0.11917098445595854,0.15544041450777202,0.17616580310880828,0.40414507772020725
