var1,var2,var3,var4,var5,var6
0.015037593984962405,0.06015037593984962,0.17293233082706766,0.20300751879699247,0.2556390977443609,0.2932330827067669
