var1,var2,var3,var4,var5,var6
0.02962962962962963,0.05925925925925926,0.0962962962962963,0.13333333333333333,0.17777777777777778,0.5037037037037037
