var1,var2,var3,var4,var5,var6
0.03007518796992481,0.08270676691729323,0.09774436090225563,0.16541353383458646,0.24060150375939848,0.38345864661654133
