var1,var2,var3,var4,var5,var6
0.03007518796992481,0.045112781954887216,0.12030075187969924,0.23308270676691728,0.2556390977443609,0.3157894736842105
