var1,var2,var3,var4,var5,var6
0.06965174129353234,0.09950248756218906,0.15920398009950248,0.17412935323383086,0.208955223880597,0.2885572139303483
