var1,var2,var3,var4,var5,var6
0.0374331550802139,0.06417112299465241,0.09090909090909091,0.22994652406417113,0.23529411764705882,0.3422459893048128
