var1,var2,var3,var4,var5,var6
0.02185792349726776,0.08196721311475409,0.12568306010928962,0.18032786885245902,0.2185792349726776,0.37158469945355194
