var1,var2,var3,var4,var5,var6
0.087248322147651,0.10738255033557047,0.12080536912751678,0.1342281879194631,0.174496644295302,0.37583892617449666
