var1,var2,var3,var4,var5,var6
0.019417475728155338,0.08737864077669903,0.0970873786407767,0.1941747572815534,0.23300970873786409,0.36893203883495146
