var1,var2,var3,var4,var5,var6
0.0380952380952381,0.05714285714285714,0.1523809523809524,0.21904761904761905,0.22857142857142856,0.3047619047619048
