var1,var2,var3,var4,var5,var6
0.018404907975460124,0.10429447852760736,0.12883435582822086,0.15337423312883436,0.26993865030674846,0.32515337423312884
