var1,var2,var3,var4,var5,var6
0.027237354085603113,0.10894941634241245,0.17120622568093385,0.17898832684824903,0.21011673151750973,0.3035019455252918
