var1,var2,var3,var4,var5,var6
0.02617801047120419,0.09424083769633508,0.13089005235602094,0.1518324607329843,0.2774869109947644,0.3193717277486911
