var1,var2,var3,var4,var5,var6
0.059880239520958084,0.1377245508982036,0.15568862275449102,0.17365269461077845,0.18562874251497005,0.2874251497005988
