var1,var2,var3,var4,var5,var6
0.03333333333333333,0.06190476190476191,0.11428571428571428,0.20476190476190476,0.28095238095238095,0.3047619047619048
