var1,var2,var3,var4,var5,var6
0.05185185185185185,0.08888888888888889,0.1037037037037037,0.22962962962962963,0.2518518518518518,0.2740740740740741
