var1,var2,var3,var4,var5,var6
0.06060606060606061,0.08484848484848485,0.10909090909090909,0.15757575757575756,0.2,0.3878787878787879
