var1,var2,var3,var4,var5,var6
0.05732484076433121,0.07643312101910828,0.14012738853503184,0.2229299363057325,0.2356687898089172,0.267515923566879
