var1,var2,var3,var4,var5,var6
0.02608695652173913,0.043478260869565216,0.13043478260869565,0.1826086956521739,0.19130434782608696,0.4260869565217391
