var1,var2,var3,var4,var5,var6
0.01762114537444934,0.048458149779735685,0.13215859030837004,0.18502202643171806,0.2555066079295154,0.36123348017621143
