var1,var2,var3,var4,var5,var6
0.052980132450331126,0.10596026490066225,0.13245033112582782,0.1390728476821192,0.1986754966887417,0.3708609271523179
