var1,var2,var3,var4,var5,var6
0.016666666666666666,0.125,0.15833333333333333,0.19166666666666668,0.25,0.25833333333333336
