var1,var2,var3,var4,var5,var6
0.0425531914893617,0.07092198581560284,0.09929078014184398,0.12056737588652482,0.24113475177304963,0.425531914893617
