var1,var2,var3,var4,var5,var6
0.08333333333333333,0.11666666666666667,0.15,0.16666666666666666,0.19444444444444445,0.28888888888888886
