var1,var2,var3,var4,var5,var6
0.060836501901140684,0.07604562737642585,0.12927756653992395,0.1634980988593156,0.2737642585551331,0.2965779467680608
