var1,var2,var3,var4,var5,var6
0.019704433497536946,0.11822660098522167,0.16748768472906403,0.2019704433497537,0.21674876847290642,0.27586206896551724
