var1,var2,var3,var4,var5,var6
0.06993006993006994,0.08391608391608392,0.11888111888111888,0.13986013986013987,0.23776223776223776,0.34965034965034963
