var1,var2,var3,var4,var5,var6
0.010582010582010581,0.047619047619047616,0.14814814814814814,0.21164021164021163,0.2751322751322751,0.30687830687830686
