var1,var2,var3,var4,var5,var6
0.10179640718562874,0.11976047904191617,0.12574850299401197,0.1497005988023952,0.16167664670658682,0.3413173652694611
