var1,var2,var3,var4,var5,var6
0.03787878787878788,0.06818181818181818,0.07575757575757576,0.23484848484848486,0.25,0.3333333333333333
