var1,var2,var3,var4,var5,var6
0.031055900621118012,0.07453416149068323,0.11801242236024845,0.19875776397515527,0.2795031055900621,0.2981366459627329
