var1,var2,var3,var4,var5,var6
0.04878048780487805,0.08130081300813008,0.12195121951219512,0.17886178861788618,0.2764227642276423,0.2926829268292683
