var1,var2,var3,var4,var5,var6
0.06315789473684211,0.08421052631578947,0.09473684210526316,0.10526315789473684,0.21052631578947367,0.4421052631578947
