var1,var2,var3,var4,var5,var6
0.10191082802547771,0.1337579617834395,0.16560509554140126,0.18471337579617833,0.20382165605095542,0.21019108280254778
