var1,var2,var3,var4,var5,var6
0.031413612565445025,0.09947643979057591,0.1256544502617801,0.2094240837696335,0.2617801047120419,0.27225130890052357
