var1,var2,var3,var4,var5,var6
0.06837606837606838,0.10256410256410256,0.13675213675213677,0.19658119658119658,0.2222222222222222,0.27350427350427353
