var1,var2,var3,var4,var5,var6
0.047619047619047616,0.06349206349206349,0.15343915343915343,0.18518518518518517,0.2698412698412698,0.2804232804232804
