var1,var2,var3,var4,var5,var6
0.09569377990430622,0.10047846889952153,0.1339712918660287,0.1722488038277512,0.215311004784689,0.2822966507177033
