var1,var2,var3,var4,var5,var6
0.03619909502262444,0.05429864253393665,0.06334841628959276,0.2081447963800905,0.2398190045248869,0.39819004524886875
