var1,var2,var3,var4,var5,var6
0.016574585635359115,0.04419889502762431,0.11602209944751381,0.1878453038674033,0.292817679558011,0.3425414364640884
