var1,var2,var3,var4,var5,var6
0.044444444444444446,0.05185185185185185,0.17037037037037037,0.2074074074074074,0.22962962962962963,0.2962962962962963
