var1,var2,var3,var4,var5,var6
0.08403361344537816,0.12605042016806722,0.14285714285714285,0.16806722689075632,0.19327731092436976,0.2857142857142857
