var1,var2,var3,var4,var5,var6
0.020618556701030927,0.041237113402061855,0.07216494845360824,0.14432989690721648,0.24742268041237114,0.4742268041237113
