var1,var2,var3,var4,var5,var6
0.07964601769911504,0.10619469026548672,0.12389380530973451,0.13274336283185842,0.168141592920354,0.3893805309734513
