var1,var2,var3,var4,var5,var6
0.05235602094240838,0.09947643979057591,0.10471204188481675,0.23036649214659685,0.24083769633507854,0.27225130890052357
