var1,var2,var3,var4,var5,var6
0.0136986301369863,0.04794520547945205,0.0958904109589041,0.21232876712328766,0.2534246575342466,0.3767123287671233
