var1,var2,var3,var4,var5,var6
0.043478260869565216,0.07453416149068323,0.13664596273291926,0.16149068322981366,0.22981366459627328,0.35403726708074534
