var1,var2,var3,var4,var5,var6
0.019762845849802372,0.04743083003952569,0.15810276679841898,0.18972332015810275,0.2608695652173913,0.3241106719367589
