var1,var2,var3,var4,var5,var6
0.03680981595092025,0.05521472392638037,0.18404907975460122,0.19631901840490798,0.2085889570552147,0.31901840490797545
