var1,var2,var3,var4,var5,var6
0.027888446215139442,0.12749003984063745,0.16733067729083664,0.1752988047808765,0.23904382470119523,0.26294820717131473
