var1,var2,var3,var4,var5,var6
0.030303030303030304,0.03636363636363636,0.11515151515151516,0.13333333333333333,0.3212121212121212,0.36363636363636365
