var1,var2,var3,var4,var5,var6
0.01904761904761905,0.0380952380952381,0.09523809523809523,0.19047619047619047,0.29523809523809524,0.3619047619047619
