var1,var2,var3,var4,var5,var6
0.02631578947368421,0.06578947368421052,0.08552631578947369,0.20394736842105263,0.2565789473684211,0.3618421052631579
