var1,var2,var3,var4,var5,var6
0.010362694300518135,0.031088082901554404,0.10880829015544041,0.15544041450777202,0.3005181347150259,0.39378238341968913
