var1,var2,var3,var4,var5,var6
0.08368200836820083,0.12552301255230125,0.1506276150627615,0.15481171548117154,0.2175732217573222,0.26778242677824265
