var1,var2,var3,var4,var5,var6
0.03759398496240601,0.09774436090225563,0.14285714285714285,0.17293233082706766,0.2631578947368421,0.2857142857142857
