var1,var2,var3,var4,var5,var6
0.02909090909090909,0.06545454545454546,0.13818181818181818,0.18545454545454546,0.28363636363636363,0.29818181818181816
