var1,var2,var3,var4,var5,var6
0.04918032786885246,0.08196721311475409,0.09836065573770492,0.13934426229508196,0.30327868852459017,0.32786885245901637
