var1,var2,var3,var4,var5,var6
0.05389221556886228,0.10778443113772455,0.16766467065868262,0.17365269461077845,0.18562874251497005,0.31137724550898205
