var1,var2,var3,var4,var5,var6
0.03636363636363636,0.09090909090909091,0.13636363636363635,0.15454545454545454,0.18181818181818182,0.4
