var1,var2,var3,var4,var5,var6
0.030534351145038167,0.0916030534351145,0.1297709923664122,0.15267175572519084,0.2595419847328244,0.33587786259541985
