var1,var2,var3,var4,var5,var6
0.021660649819494584,0.1371841155234657,0.17689530685920576,0.18772563176895307,0.23104693140794225,0.24548736462093862
