var1,var2,var3,var4,var5,var6
0.023255813953488372,0.10077519379844961,0.14728682170542637,0.16279069767441862,0.21705426356589147,0.3488372093023256
