var1,var2,var3,var4,var5,var6
0.022900763358778626,0.08396946564885496,0.16793893129770993,0.20610687022900764,0.22137404580152673,0.29770992366412213
