var1,var2,var3,var4,var5,var6
0.018404907975460124,0.049079754601226995,0.05521472392638037,0.2085889570552147,0.26993865030674846,0.3987730061349693
