var1,var2,var3,var4,var5,var6
0.01652892561983471,0.09090909090909091,0.1652892561983471,0.19834710743801653,0.23140495867768596,0.2975206611570248
