var1,var2,var3,var4,var5,var6
0.04,0.05714285714285714,0.10285714285714286,0.21714285714285714,0.2857142857142857,0.29714285714285715
