var1,var2,var3,var4,var5,var6
0.05485232067510549,0.09282700421940929,0.17721518987341772,0.1940928270042194,0.22784810126582278,0.25316455696202533
