var1,var2,var3,var4,var5,var6
0.06470588235294118,0.11176470588235295,0.1411764705882353,0.17058823529411765,0.21176470588235294,0.3
