var1,var2,var3,var4,var5,var6
0.0380952380952381,0.0761904761904762,0.10476190476190476,0.1523809523809524,0.3047619047619048,0.3238095238095238
