var1,var2,var3,var4,var5,var6
0.06060606060606061,0.07272727272727272,0.08484848484848485,0.19393939393939394,0.21212121212121213,0.37575757575757573
