var1,var2,var3,var4,var5,var6
0.032520325203252036,0.04065040650406504,0.06504065040650407,0.22764227642276422,0.2764227642276423,0.35772357723577236
