var1,var2,var3,var4,var5,var6
0.014778325123152709,0.03940886699507389,0.10837438423645321,0.13793103448275862,0.3054187192118227,0.39408866995073893
