var1,var2,var3,var4,var5,var6
0.04072398190045249,0.09954751131221719,0.12669683257918551,0.17194570135746606,0.23529411764705882,0.3257918552036199
