var1,var2,var3,var4,var5,var6
0.018867924528301886,0.050314465408805034,0.11949685534591195,0.20754716981132076,0.27044025157232704,0.3333333333333333
