var1,var2,var3,var4,var5,var6
0.03571428571428571,0.05714285714285714,0.10714285714285714,0.15,0.22857142857142856,0.42142857142857143
