var1,var2,var3,var4,var5,var6
0.06802721088435375,0.08163265306122448,0.08843537414965986,0.10884353741496598,0.29931972789115646,0.35374149659863946
