var1,var2,var3,var4,var5,var6
0.0743801652892562,0.09917355371900827,0.11570247933884298,0.1652892561983471,0.23140495867768596,0.3140495867768595
