var1,var2,var3,var4,var5,var6
0.06369426751592357,0.08917197452229299,0.10191082802547771,0.17197452229299362,0.21656050955414013,0.35668789808917195
