var1,var2,var3,var4,var5,var6
0.030534351145038167,0.07633587786259542,0.09923664122137404,0.13740458015267176,0.25190839694656486,0.40458015267175573
