var1,var2,var3,var4,var5,var6
0.087248322147651,0.10067114093959731,0.1476510067114094,0.16778523489932887,0.2214765100671141,0.2751677852348993
