var1,var2,var3,var4,var5,var6
0.05442176870748299,0.12244897959183673,0.1360544217687075,0.14285714285714285,0.16326530612244897,0.38095238095238093
