var1,var2,var3,var4,var5,var6
0.10071942446043165,0.1223021582733813,0.12949640287769784,0.14388489208633093,0.2158273381294964,0.28776978417266186
