var1,var2,var3,var4,var5,var6
0.07272727272727272,0.12727272727272726,0.14545454545454545,0.16363636363636364,0.22424242424242424,0.26666666666666666
