var1,var2,var3,var4,var5,var6
0.046153846153846156,0.1,0.16153846153846155,0.17692307692307693,0.24615384615384617,0.2692307692307692
