var1,var2,var3,var4,var5,var6
0.07177033492822966,0.07655502392344497,0.12440191387559808,0.16267942583732056,0.2679425837320574,0.2966507177033493
