var1,var2,var3,var4,var5,var6
0.03409090909090909,0.05113636363636364,0.09090909090909091,0.19886363636363635,0.2784090909090909,0.3465909090909091
