var1,var2,var3,var4,var5,var6
0.045454545454545456,0.12987012987012986,0.16233766233766234,0.2012987012987013,0.22077922077922077,0.24025974025974026
