var1,var2,var3,var4,var5,var6
0.029069767441860465,0.09302325581395349,0.13372093023255813,0.1686046511627907,0.18604651162790697,0.38953488372093026
