var1,var2,var3,var4,var5,var6
0.013422818791946308,0.06040268456375839,0.08053691275167785,0.1476510067114094,0.2953020134228188,0.40268456375838924
