var1,var2,var3,var4,var5,var6
0.06285714285714286,0.10285714285714286,0.13142857142857142,0.17714285714285713,0.22285714285714286,0.3028571428571429
