var1,var2,var3,var4,var5,var6
0.015267175572519083,0.03816793893129771,0.12213740458015267,0.183206106870229,0.24427480916030533,0.3969465648854962
