var1,var2,var3,var4,var5,var6
0.03322259136212625,0.07641196013289037,0.11295681063122924,0.132890365448505,0.292358803986711,0.3521594684385382
