var1,var2,var3,var4,var5,var6
0.04419889502762431,0.09944751381215469,0.10497237569060773,0.13812154696132597,0.292817679558011,0.32044198895027626
