var1,var2,var3,var4,var5,var6
0.0392156862745098,0.049019607843137254,0.12745098039215685,0.1568627450980392,0.18627450980392157,0.4411764705882353
