var1,var2,var3,var4,var5,var6
0.050359712230215826,0.07913669064748201,0.08633093525179857,0.15827338129496402,0.2805755395683453,0.34532374100719426
