var1,var2,var3,var4,var5,var6
0.07079646017699115,0.08849557522123894,0.13274336283185842,0.1415929203539823,0.19469026548672566,0.37168141592920356
