var1,var2,var3,var4,var5,var6
0.027210884353741496,0.05442176870748299,0.1292517006802721,0.17687074829931973,0.272108843537415,0.3401360544217687
