var1,var2,var3,var4,var5,var6
0.022900763358778626,0.06870229007633588,0.11450381679389313,0.17557251908396945,0.21374045801526717,0.40458015267175573
