var1,var2,var3,var4,var5,var6
0.047619047619047616,0.07936507936507936,0.15873015873015872,0.1746031746031746,0.25925925925925924,0.2804232804232804
