var1,var2,var3,var4,var5,var6
0.007407407407407408,0.05925925925925926,0.07407407407407407,0.23703703703703705,0.26666666666666666,0.35555555555555557
