var1,var2,var3,var4,var5,var6
0.0845771144278607,0.11940298507462686,0.12437810945273632,0.18407960199004975,0.22885572139303484,0.25870646766169153
