var1,var2,var3,var4,var5,var6
0.07462686567164178,0.08955223880597014,0.18507462686567164,0.19701492537313434,0.21492537313432836,0.23880597014925373
