var1,var2,var3,var4,var5,var6
0.03225806451612903,0.05161290322580645,0.07096774193548387,0.2129032258064516,0.25806451612903225,0.3741935483870968
