var1,var2,var3,var4,var5,var6
0.051094890510948905,0.1386861313868613,0.16058394160583941,0.18248175182481752,0.22627737226277372,0.24087591240875914
