var1,var2,var3,var4,var5,var6
0.041916167664670656,0.11976047904191617,0.16766467065868262,0.18562874251497005,0.2155688622754491,0.2694610778443114
