var1,var2,var3,var4,var5,var6
0.017341040462427744,0.08670520231213873,0.1676300578034682,0.2023121387283237,0.24855491329479767,0.2774566473988439
