var1,var2,var3,var4,var5,var6
0.019867549668874173,0.039735099337748346,0.11920529801324503,0.13245033112582782,0.18543046357615894,0.5033112582781457
