var1,var2,var3,var4,var5,var6
0.023346303501945526,0.054474708171206226,0.12062256809338522,0.1556420233463035,0.3035019455252918,0.3424124513618677
