var1,var2,var3,var4,var5,var6
0.044444444444444446,0.11851851851851852,0.14814814814814814,0.18518518518518517,0.2074074074074074,0.2962962962962963
