var1,var2,var3,var4,var5,var6
0.07746478873239436,0.1056338028169014,0.15492957746478872,0.16901408450704225,0.20422535211267606,0.2887323943661972
