var1,var2,var3,var4,var5,var6
0.056338028169014086,0.07042253521126761,0.09389671361502347,0.12206572769953052,0.27699530516431925,0.38028169014084506
