var1,var2,var3,var4,var5,var6
0.07272727272727272,0.08484848484848485,0.11515151515151516,0.13333333333333333,0.2787878787878788,0.3151515151515151
