var1,var2,var3,var4,var5,var6
0.022222222222222223,0.07111111111111111,0.1511111111111111,0.19555555555555557,0.24888888888888888,0.3111111111111111
