var1,var2,var3,var4,var5,var6
0.07509881422924901,0.11067193675889328,0.17391304347826086,0.1976284584980237,0.2134387351778656,0.22924901185770752
