var1,var2,var3,var4,var5,var6
0.034482758620689655,0.04827586206896552,0.1310344827586207,0.2413793103448276,0.2620689655172414,0.2827586206896552
