var1,var2,var3,var4,var5,var6
0.012578616352201259,0.08176100628930817,0.12578616352201258,0.18867924528301888,0.25157232704402516,0.33962264150943394
