var1,var2,var3,var4,var5,var6
0.024390243902439025,0.032520325203252036,0.08130081300813008,0.21951219512195122,0.2601626016260163,0.3821138211382114
