var1,var2,var3,var4,var5,var6
0.05309734513274336,0.10619469026548672,0.1504424778761062,0.21238938053097345,0.23008849557522124,0.24778761061946902
