var1,var2,var3,var4,var5,var6
0.035175879396984924,0.05527638190954774,0.10050251256281408,0.12562814070351758,0.32160804020100503,0.36180904522613067
