var1,var2,var3,var4,var5,var6
0.04560260586319218,0.09120521172638436,0.10749185667752444,0.22149837133550487,0.254071661237785,0.28013029315960913
