var1,var2,var3,var4,var5,var6
0.061068702290076333,0.07633587786259542,0.1297709923664122,0.15267175572519084,0.2748091603053435,0.3053435114503817
