var1,var2,var3,var4,var5,var6
0.035555555555555556,0.06222222222222222,0.10222222222222223,0.11555555555555555,0.32,0.36444444444444446
