var1,var2,var3,var4,var5,var6
0.024096385542168676,0.03614457831325301,0.07228915662650602,0.12048192771084337,0.24096385542168675,0.5060240963855421
