var1,var2,var3,var4,var5,var6
0.1087866108786611,0.12133891213389121,0.16736401673640167,0.18410041841004185,0.19246861924686193,0.22594142259414227
