var1,var2,var3,var4,var5,var6
0.11377245508982035,0.1377245508982036,0.16167664670658682,0.17964071856287425,0.19760479041916168,0.20958083832335328
