var1,var2,var3,var4,var5,var6
0.03414634146341464,0.06829268292682927,0.15609756097560976,0.1951219512195122,0.24390243902439024,0.3024390243902439
