var1,var2,var3,var4,var5,var6
0.027210884353741496,0.05442176870748299,0.16326530612244897,0.19727891156462585,0.2585034013605442,0.29931972789115646
