var1,var2,var3,var4,var5,var6
0.03592814371257485,0.11976047904191617,0.1317365269461078,0.16167664670658682,0.17964071856287425,0.3712574850299401
