var1,var2,var3,var4,var5,var6
0.09266409266409266,0.10424710424710425,0.16988416988416988,0.1776061776061776,0.21621621621621623,0.23938223938223938
