var1,var2,var3,var4,var5,var6
0.0670391061452514,0.09497206703910614,0.11173184357541899,0.1564245810055866,0.27932960893854747,0.2905027932960894
