var1,var2,var3,var4,var5,var6
0.061068702290076333,0.07633587786259542,0.09923664122137404,0.12213740458015267,0.16793893129770993,0.4732824427480916
