var1,var2,var3,var4,var5,var6
0.09621993127147767,0.12027491408934708,0.1718213058419244,0.17869415807560138,0.20618556701030927,0.2268041237113402
