var1,var2,var3,var4,var5,var6
0.049689440993788817,0.08695652173913043,0.15527950310559005,0.17391304347826086,0.2360248447204969,0.2981366459627329
