var1,var2,var3,var4,var5,var6
0.017316017316017316,0.09090909090909091,0.1471861471861472,0.21645021645021645,0.24242424242424243,0.2857142857142857
