var1,var2,var3,var4,var5,var6
0.06878306878306878,0.12169312169312169,0.13756613756613756,0.164021164021164,0.24338624338624337,0.26455026455026454
