var1,var2,var3,var4,var5,var6
0.06299212598425197,0.07086614173228346,0.11023622047244094,0.12598425196850394,0.2677165354330709,0.36220472440944884
