var1,var2,var3,var4,var5,var6
0.03553299492385787,0.1218274111675127,0.13705583756345177,0.20812182741116753,0.233502538071066,0.2639593908629442
