var1,var2,var3,var4,var5,var6
0.01904761904761905,0.02857142857142857,0.05714285714285714,0.19047619047619047,0.3047619047619048,0.4
