var1,var2,var3,var4,var5,var6
0.015873015873015872,0.0873015873015873,0.11904761904761904,0.14285714285714285,0.1984126984126984,0.4365079365079365
