var1,var2,var3,var4,var5,var6
0.07017543859649122,0.14035087719298245,0.17543859649122806,0.1871345029239766,0.19298245614035087,0.23391812865497075
