var1,var2,var3,var4,var5,var6
0.07100591715976332,0.1301775147928994,0.15384615384615385,0.15976331360946747,0.1893491124260355,0.2958579881656805
