var1,var2,var3,var4,var5,var6
0.0326530612244898,0.11428571428571428,0.15510204081632653,0.2163265306122449,0.22857142857142856,0.2530612244897959
