var1,var2,var3,var4,var5,var6
0.06629834254143646,0.11049723756906077,0.1712707182320442,0.1878453038674033,0.22099447513812154,0.2430939226519337
