var1,var2,var3,var4,var5,var6
0.1016949152542373,0.13559322033898305,0.14689265536723164,0.1638418079096045,0.192090395480226,0.2598870056497175
