var1,var2,var3,var4,var5,var6
0.05673758865248227,0.10638297872340426,0.14893617021276595,0.1702127659574468,0.19148936170212766,0.3262411347517731
