var1,var2,var3,var4,var5,var6
0.07547169811320754,0.0880503144654088,0.12578616352201258,0.1509433962264151,0.22012578616352202,0.33962264150943394
