var1,var2,var3,var4,var5,var6
0.053691275167785234,0.06040268456375839,0.09395973154362416,0.18791946308724833,0.21476510067114093,0.38926174496644295
