var1,var2,var3,var4,var5,var6
0.03314917127071823,0.07734806629834254,0.18232044198895028,0.19889502762430938,0.22099447513812154,0.287292817679558
