var1,var2,var3,var4,var5,var6
0.06993006993006994,0.0979020979020979,0.11188811188811189,0.14685314685314685,0.22377622377622378,0.34965034965034963
