var1,var2,var3,var4,var5,var6
0.062111801242236024,0.09937888198757763,0.11180124223602485,0.18633540372670807,0.22981366459627328,0.3105590062111801
