var1,var2,var3,var4,var5,var6
0.03271028037383177,0.07476635514018691,0.08878504672897196,0.19158878504672897,0.29439252336448596,0.3177570093457944
