var1,var2,var3,var4,var5,var6
0.06451612903225806,0.1032258064516129,0.11612903225806452,0.16129032258064516,0.2064516129032258,0.34838709677419355
