var1,var2,var3,var4,var5,var6
0.02617801047120419,0.08376963350785341,0.11518324607329843,0.15706806282722513,0.2774869109947644,0.3403141361256545
