var1,var2,var3,var4,var5,var6
0.03225806451612903,0.04516129032258064,0.14193548387096774,0.16129032258064516,0.2645161290322581,0.3548387096774194
