var1,var2,var3,var4,var5,var6
0.02040816326530612,0.027210884353741496,0.12244897959183673,0.1360544217687075,0.3129251700680272,0.38095238095238093
