var1,var2,var3,var4,var5,var6
0.04225352112676056,0.06338028169014084,0.08450704225352113,0.18309859154929578,0.19718309859154928,0.4295774647887324
