var1,var2,var3,var4,var5,var6
0.020202020202020204,0.050505050505050504,0.1414141414141414,0.2222222222222222,0.26262626262626265,0.30303030303030304
