var1,var2,var3,var4,var5,var6
0.06779661016949153,0.1423728813559322,0.17627118644067796,0.18305084745762712,0.2,0.2305084745762712
