var1,var2,var3,var4,var5,var6
0.03314917127071823,0.055248618784530384,0.09392265193370165,0.12154696132596685,0.30939226519337015,0.3867403314917127
