var1,var2,var3,var4,var5,var6
0.03389830508474576,0.05084745762711865,0.06779661016949153,0.23728813559322035,0.24858757062146894,0.3615819209039548
