var1,var2,var3,var4,var5,var6
0.0425531914893617,0.07092198581560284,0.10638297872340426,0.18439716312056736,0.2695035460992908,0.3262411347517731
