var1,var2,var3,var4,var5,var6
0.09852216748768473,0.11822660098522167,0.13793103448275862,0.1625615763546798,0.19704433497536947,0.2857142857142857
