var1,var2,var3,var4,var5,var6
0.06918238993710692,0.10062893081761007,0.12578616352201258,0.20125786163522014,0.22012578616352202,0.2830188679245283
