var1,var2,var3,var4,var5,var6
0.03571428571428571,0.08928571428571429,0.11607142857142858,0.14285714285714285,0.21428571428571427,0.4017857142857143
