var1,var2,var3,var4,var5,var6
0.06222222222222222,0.08888888888888889,0.1111111111111111,0.1688888888888889,0.26666666666666666,0.3022222222222222
