var1,var2,var3,var4,var5,var6
0.022857142857142857,0.14857142857142858,0.16,0.19428571428571428,0.22285714285714286,0.25142857142857145
