var1,var2,var3,var4,var5,var6
0.08917197452229299,0.11464968152866242,0.12101910828025478,0.19745222929936307,0.21656050955414013,0.2611464968152866
