var1,var2,var3,var4,var5,var6
0.09411764705882353,0.11764705882352941,0.13725490196078433,0.14901960784313725,0.19607843137254902,0.3058823529411765
