var1,var2,var3,var4,var5,var6
0.028169014084507043,0.08450704225352113,0.14084507042253522,0.18309859154929578,0.27230046948356806,0.29107981220657275
