var1,var2,var3,var4,var5,var6
0.042682926829268296,0.054878048780487805,0.1402439024390244,0.18902439024390244,0.22560975609756098,0.3475609756097561
