var1,var2,var3,var4,var5,var6
0.022598870056497175,0.07344632768361582,0.1016949152542373,0.192090395480226,0.23728813559322035,0.3728813559322034
