var1,var2,var3,var4,var5,var6
0.036585365853658534,0.06097560975609756,0.13414634146341464,0.18902439024390244,0.23780487804878048,0.34146341463414637
