var1,var2,var3,var4,var5,var6
0.031496062992125984,0.11023622047244094,0.14960629921259844,0.16535433070866143,0.2204724409448819,0.3228346456692913
