var1,var2,var3,var4,var5,var6
0.021621621621621623,0.07027027027027027,0.12972972972972974,0.1891891891891892,0.24324324324324326,0.34594594594594597
