var1,var2,var3,var4,var5,var6
0.03428571428571429,0.05714285714285714,0.17142857142857143,0.18857142857142858,0.25142857142857145,0.29714285714285715
