var1,var2,var3,var4,var5,var6
0.05847953216374269,0.07602339181286549,0.10526315789473684,0.14035087719298245,0.17543859649122806,0.4444444444444444
