var1,var2,var3,var4,var5,var6
0.016574585635359115,0.13259668508287292,0.16574585635359115,0.1878453038674033,0.2430939226519337,0.2541436464088398
