var1,var2,var3,var4,var5,var6
0.05641025641025641,0.07179487179487179,0.08717948717948718,0.15384615384615385,0.2205128205128205,0.41025641025641024
