var1,var2,var3,var4,var5,var6
0.014184397163120567,0.09929078014184398,0.1276595744680851,0.19858156028368795,0.20567375886524822,0.3546099290780142
