var1,var2,var3,var4,var5,var6
0.0782122905027933,0.09497206703910614,0.13966480446927373,0.16759776536312848,0.24022346368715083,0.27932960893854747
