var1,var2,var3,var4,var5,var6
0.08387096774193549,0.12903225806451613,0.15483870967741936,0.18064516129032257,0.1935483870967742,0.25806451612903225
