var1,var2,var3,var4,var5,var6
0.03684210526315789,0.13157894736842105,0.1631578947368421,0.18421052631578946,0.21052631578947367,0.2736842105263158
