var1,var2,var3,var4,var5,var6
0.08108108108108109,0.11351351351351352,0.14054054054054055,0.16756756756756758,0.23783783783783785,0.2594594594594595
