var1,var2,var3,var4,var5,var6
0.075,0.1,0.16875,0.1875,0.21875,0.25
