var1,var2,var3,var4,var5,var6
0.04827586206896552,0.09655172413793103,0.16551724137931034,0.1793103448275862,0.2413793103448276,0.2689655172413793
