var1,var2,var3,var4,var5,var6
0.06711409395973154,0.10067114093959731,0.1342281879194631,0.19463087248322147,0.21476510067114093,0.28859060402684567
