var1,var2,var3,var4,var5,var6
0.031088082901554404,0.10362694300518134,0.17616580310880828,0.19689119170984457,0.21761658031088082,0.27461139896373055
