var1,var2,var3,var4,var5,var6
0.08092485549132948,0.10404624277456648,0.14450867052023122,0.16184971098265896,0.23121387283236994,0.2774566473988439
