var1,var2,var3,var4,var5,var6
0.017857142857142856,0.1130952380952381,0.1488095238095238,0.17857142857142858,0.2261904761904762,0.31547619047619047
