var1,var2,var3,var4,var5,var6
0.04739336492890995,0.08530805687203792,0.11374407582938388,0.15639810426540285,0.18009478672985782,0.41706161137440756
