var1,var2,var3,var4,var5,var6
0.031413612565445025,0.041884816753926704,0.16753926701570682,0.18324607329842932,0.2617801047120419,0.31413612565445026
