var1,var2,var3,var4,var5,var6
0.0967741935483871,0.11612903225806452,0.12903225806451613,0.18064516129032257,0.21935483870967742,0.25806451612903225
