var1,var2,var3,var4,var5,var6
0.03557312252964427,0.07905138339920949,0.09486166007905138,0.20553359683794467,0.2608695652173913,0.3241106719367589
