var1,var2,var3,var4,var5,var6
0.03508771929824561,0.0935672514619883,0.10526315789473684,0.12280701754385964,0.2807017543859649,0.36257309941520466
