var1,var2,var3,var4,var5,var6
0.04524886877828054,0.10407239819004525,0.11764705882352941,0.2171945701357466,0.24434389140271492,0.27149321266968324
