var1,var2,var3,var4,var5,var6
0.031413612565445025,0.14136125654450263,0.16230366492146597,0.19895287958115182,0.225130890052356,0.24083769633507854
