var1,var2,var3,var4,var5,var6
0.08163265306122448,0.13877551020408163,0.17142857142857143,0.17959183673469387,0.19591836734693877,0.23265306122448978
