var1,var2,var3,var4,var5,var6
0.027932960893854747,0.0893854748603352,0.13966480446927373,0.21787709497206703,0.2346368715083799,0.2905027932960894
