var1,var2,var3,var4,var5,var6
0.019736842105263157,0.05263157894736842,0.13815789473684212,0.20394736842105263,0.23026315789473684,0.35526315789473684
