var1,var2,var3,var4,var5,var6
0.049689440993788817,0.08695652173913043,0.11801242236024845,0.18633540372670807,0.2422360248447205,0.3167701863354037
