var1,var2,var3,var4,var5,var6
0.09049773755656108,0.1085972850678733,0.11764705882352941,0.14027149321266968,0.24434389140271492,0.2986425339366516
