var1,var2,var3,var4,var5,var6
0.03676470588235294,0.07352941176470588,0.125,0.20588235294117646,0.25,0.3088235294117647
