var1,var2,var3,var4,var5,var6
0.06086956521739131,0.06956521739130435,0.0782608695652174,0.17391304347826086,0.2,0.41739130434782606
