var1,var2,var3,var4,var5,var6
0.020942408376963352,0.05759162303664921,0.15706806282722513,0.16753926701570682,0.24083769633507854,0.35602094240837695
