var1,var2,var3,var4,var5,var6
0.07878787878787878,0.09090909090909091,0.1393939393939394,0.15757575757575756,0.2545454545454545,0.2787878787878788
