var1,var2,var3,var4,var5,var6
0.04980842911877394,0.12260536398467432,0.1532567049808429,0.17624521072796934,0.210727969348659,0.28735632183908044
