var1,var2,var3,var4,var5,var6
0.03184713375796178,0.08280254777070063,0.12101910828025478,0.19745222929936307,0.27388535031847133,0.2929936305732484
