var1,var2,var3,var4,var5,var6
0.023121387283236993,0.12716763005780346,0.17341040462427745,0.2023121387283237,0.23121387283236994,0.24277456647398843
