var1,var2,var3,var4,var5,var6
0.057803468208092484,0.07514450867052024,0.10404624277456648,0.11560693641618497,0.2543352601156069,0.3930635838150289
