var1,var2,var3,var4,var5,var6
0.04519774011299435,0.11299435028248588,0.13559322033898305,0.15254237288135594,0.21468926553672316,0.3389830508474576
