var1,var2,var3,var4,var5,var6
0.07633587786259542,0.0916030534351145,0.10687022900763359,0.1297709923664122,0.13740458015267176,0.4580152671755725
