var1,var2,var3,var4,var5,var6
0.061611374407582936,0.14218009478672985,0.16587677725118483,0.1895734597156398,0.1990521327014218,0.24170616113744076
