var1,var2,var3,var4,var5,var6
0.04,0.06222222222222222,0.08888888888888889,0.11555555555555555,0.3111111111111111,0.38222222222222224
