var1,var2,var3,var4,var5,var6
0.024844720496894408,0.062111801242236024,0.14906832298136646,0.16149068322981366,0.2608695652173913,0.3416149068322981
