var1,var2,var3,var4,var5,var6
0.08433734939759036,0.1144578313253012,0.12650602409638553,0.1686746987951807,0.18674698795180722,0.3192771084337349
