var1,var2,var3,var4,var5,var6
0.03431372549019608,0.05392156862745098,0.12254901960784313,0.18137254901960784,0.2549019607843137,0.35294117647058826
