var1,var2,var3,var4,var5,var6
0.028037383177570093,0.07476635514018691,0.16822429906542055,0.18691588785046728,0.205607476635514,0.3364485981308411
