var1,var2,var3,var4,var5,var6
0.03664921465968586,0.10471204188481675,0.16753926701570682,0.18324607329842932,0.23036649214659685,0.2774869109947644
