var1,var2,var3,var4,var5,var6
0.06711409395973154,0.09395973154362416,0.1342281879194631,0.2080536912751678,0.24161073825503357,0.2550335570469799
