var1,var2,var3,var4,var5,var6
0.050314465408805034,0.12578616352201258,0.13836477987421383,0.1509433962264151,0.15723270440251572,0.37735849056603776
