var1,var2,var3,var4,var5,var6
0.04132231404958678,0.05785123966942149,0.10743801652892562,0.21487603305785125,0.24793388429752067,0.3305785123966942
