var1,var2,var3,var4,var5,var6
0.030303030303030304,0.12121212121212122,0.13131313131313133,0.1414141414141414,0.1919191919191919,0.3838383838383838
