var1,var2,var3,var4,var5,var6
0.06435643564356436,0.09900990099009901,0.14356435643564355,0.21287128712871287,0.22772277227722773,0.2524752475247525
