var1,var2,var3,var4,var5,var6
0.062111801242236024,0.09937888198757763,0.13664596273291926,0.14906832298136646,0.18012422360248448,0.37267080745341613
