var1,var2,var3,var4,var5,var6
0.007194244604316547,0.08633093525179857,0.12949640287769784,0.17266187050359713,0.28776978417266186,0.31654676258992803
