var1,var2,var3,var4,var5,var6
0.042328042328042326,0.1111111111111111,0.14285714285714285,0.1693121693121693,0.20634920634920634,0.328042328042328
