var1,var2,var3,var4,var5,var6
0.03015075376884422,0.09045226130653267,0.1306532663316583,0.1407035175879397,0.2663316582914573,0.3417085427135678
