var1,var2,var3,var4,var5,var6
0.027972027972027972,0.04195804195804196,0.11188811188811189,0.13286713286713286,0.23776223776223776,0.44755244755244755
