var1,var2,var3,var4,var5,var6
0.022058823529411766,0.058823529411764705,0.15441176470588236,0.19852941176470587,0.22794117647058823,0.3382352941176471
