var1,var2,var3,var4,var5,var6
0.04201680672268908,0.08403361344537816,0.09243697478991597,0.20168067226890757,0.2605042016806723,0.31932773109243695
