var1,var2,var3,var4,var5,var6
0.015151515151515152,0.09090909090909091,0.1414141414141414,0.20707070707070707,0.23737373737373738,0.30808080808080807
