var1,var2,var3,var4,var5,var6
0.03553299492385787,0.10152284263959391,0.14720812182741116,0.19289340101522842,0.25380710659898476,0.26903553299492383
