var1,var2,var3,var4,var5,var6
0.05291005291005291,0.10582010582010581,0.14814814814814814,0.2222222222222222,0.2275132275132275,0.24338624338624337
