var1,var2,var3,var4,var5,var6
0.09523809523809523,0.11428571428571428,0.1619047619047619,0.18412698412698414,0.2,0.24444444444444444
