var1,var2,var3,var4,var5,var6
0.06177606177606178,0.07722007722007722,0.10424710424710425,0.11583011583011583,0.277992277992278,0.36293436293436293
