var1,var2,var3,var4,var5,var6
0.12121212121212122,0.1393939393939394,0.14545454545454545,0.1696969696969697,0.18181818181818182,0.24242424242424243
