var1,var2,var3,var4,var5,var6
0.11594202898550725,0.12560386473429952,0.1497584541062802,0.1642512077294686,0.20772946859903382,0.23671497584541062
