var1,var2,var3,var4,var5,var6
0.06896551724137931,0.08374384236453201,0.12807881773399016,0.15763546798029557,0.2561576354679803,0.3054187192118227
