var1,var2,var3,var4,var5,var6
0.0784313725490196,0.11764705882352941,0.1568627450980392,0.1830065359477124,0.21568627450980393,0.24836601307189543
