var1,var2,var3,var4,var5,var6
0.018726591760299626,0.0898876404494382,0.14232209737827714,0.18726591760299627,0.24719101123595505,0.3146067415730337
