var1,var2,var3,var4,var5,var6
0.03982300884955752,0.05752212389380531,0.14601769911504425,0.15486725663716813,0.27876106194690264,0.3230088495575221
