var1,var2,var3,var4,var5,var6
0.014814814814814815,0.05185185185185185,0.1037037037037037,0.22962962962962963,0.25925925925925924,0.34074074074074073
