var1,var2,var3,var4,var5,var6
0.09361702127659574,0.12340425531914893,0.16170212765957448,0.17872340425531916,0.20425531914893616,0.23829787234042554
