var1,var2,var3,var4,var5,var6
0.08494208494208494,0.10424710424710425,0.13127413127413126,0.16988416988416988,0.22393822393822393,0.2857142857142857
