var1,var2,var3,var4,var5,var6
0.0972972972972973,0.11891891891891893,0.13513513513513514,0.15135135135135136,0.1945945945945946,0.3027027027027027
