var1,var2,var3,var4,var5,var6
0.07086614173228346,0.08661417322834646,0.11811023622047244,0.1732283464566929,0.23622047244094488,0.31496062992125984
