var1,var2,var3,var4,var5,var6
0.025806451612903226,0.0967741935483871,0.14838709677419354,0.16774193548387098,0.2129032258064516,0.34838709677419355
