var1,var2,var3,var4,var5,var6
0.03333333333333333,0.08333333333333333,0.10555555555555556,0.22777777777777777,0.24444444444444444,0.3055555555555556
