var1,var2,var3,var4,var5,var6
0.04430379746835443,0.06962025316455696,0.17721518987341772,0.1962025316455696,0.22784810126582278,0.2848101265822785
