var1,var2,var3,var4,var5,var6
0.0374331550802139,0.0962566844919786,0.11764705882352941,0.20320855614973263,0.25668449197860965,0.2887700534759358
