var1,var2,var3,var4,var5,var6
0.03067484662576687,0.049079754601226995,0.12269938650306748,0.13496932515337423,0.2822085889570552,0.3803680981595092
