var1,var2,var3,var4,var5,var6
0.02142857142857143,0.07142857142857142,0.10714285714285714,0.18571428571428572,0.19285714285714287,0.42142857142857143
