var1,var2,var3,var4,var5,var6
0.0335195530726257,0.03910614525139665,0.1340782122905028,0.1787709497206704,0.24581005586592178,0.3687150837988827
