var1,var2,var3,var4,var5,var6
0.032679738562091505,0.0784313725490196,0.0915032679738562,0.1830065359477124,0.23529411764705882,0.3790849673202614
