var1,var2,var3,var4,var5,var6
0.011560693641618497,0.09826589595375723,0.1676300578034682,0.18497109826589594,0.23699421965317918,0.30057803468208094
