var1,var2,var3,var4,var5,var6
0.047619047619047616,0.06802721088435375,0.10884353741496598,0.14965986394557823,0.24489795918367346,0.38095238095238093
