var1,var2,var3,var4,var5,var6
0.06091370558375635,0.10152284263959391,0.17766497461928935,0.18781725888324874,0.2131979695431472,0.25888324873096447
