var1,var2,var3,var4,var5,var6
0.03508771929824561,0.05847953216374269,0.10526315789473684,0.21637426900584794,0.23391812865497075,0.3508771929824561
