var1,var2,var3,var4,var5,var6
0.050955414012738856,0.12101910828025478,0.12738853503184713,0.14012738853503184,0.20382165605095542,0.35668789808917195
