var1,var2,var3,var4,var5,var6
0.06614785992217899,0.10894941634241245,0.1517509727626459,0.17120622568093385,0.21011673151750973,0.2918287937743191
