var1,var2,var3,var4,var5,var6
0.020202020202020204,0.0707070707070707,0.12121212121212122,0.15151515151515152,0.26262626262626265,0.37373737373737376
