var1,var2,var3,var4,var5,var6
0.11914893617021277,0.13191489361702127,0.15319148936170213,0.18723404255319148,0.19574468085106383,0.2127659574468085
