var1,var2,var3,var4,var5,var6
0.024793388429752067,0.049586776859504134,0.06611570247933884,0.1487603305785124,0.23140495867768596,0.4793388429752066
