var1,var2,var3,var4,var5,var6
0.04519774011299435,0.0847457627118644,0.10734463276836158,0.23163841807909605,0.24858757062146894,0.2824858757062147
