var1,var2,var3,var4,var5,var6
0.0440251572327044,0.06918238993710692,0.13836477987421383,0.15723270440251572,0.2578616352201258,0.3333333333333333
