var1,var2,var3,var4,var5,var6
0.022598870056497175,0.07909604519774012,0.15819209039548024,0.192090395480226,0.2655367231638418,0.2824858757062147
