var1,var2,var3,var4,var5,var6
0.06043956043956044,0.09340659340659341,0.14835164835164835,0.16483516483516483,0.24725274725274726,0.2857142857142857
