var1,var2,var3,var4,var5,var6
0.0546875,0.0703125,0.109375,0.1953125,0.21875,0.3515625
