var1,var2,var3,var4,var5,var6
0.06779661016949153,0.0903954802259887,0.12429378531073447,0.13559322033898305,0.20903954802259886,0.3728813559322034
