var1,var2,var3,var4,var5,var6
0.06341463414634146,0.07804878048780488,0.09268292682926829,0.22926829268292684,0.2634146341463415,0.2731707317073171
