var1,var2,var3,var4,var5,var6
0.01675977653631285,0.12849162011173185,0.1564245810055866,0.18994413407821228,0.2122905027932961,0.29608938547486036
