var1,var2,var3,var4,var5,var6
0.039473684210526314,0.06578947368421052,0.07894736842105263,0.19078947368421054,0.3026315789473684,0.3223684210526316
