var1,var2,var3,var4,var5,var6
0.05806451612903226,0.06451612903225806,0.07741935483870968,0.21935483870967742,0.24516129032258063,0.33548387096774196
