var1,var2,var3,var4,var5,var6
0.05063291139240506,0.08860759493670886,0.12658227848101267,0.189873417721519,0.2616033755274262,0.28270042194092826
