var1,var2,var3,var4,var5,var6
0.03389830508474576,0.062146892655367235,0.07909604519774012,0.1694915254237288,0.2542372881355932,0.4011299435028249
