var1,var2,var3,var4,var5,var6
0.04020100502512563,0.09045226130653267,0.1658291457286432,0.19095477386934673,0.22110552763819097,0.2914572864321608
