var1,var2,var3,var4,var5,var6
0.023255813953488372,0.037209302325581395,0.14883720930232558,0.21395348837209302,0.24651162790697675,0.3302325581395349
