var1,var2,var3,var4,var5,var6
0.03571428571428571,0.09285714285714286,0.16428571428571428,0.18571428571428572,0.2357142857142857,0.2857142857142857
