var1,var2,var3,var4,var5,var6
0.056818181818181816,0.07386363636363637,0.16477272727272727,0.17613636363636365,0.2159090909090909,0.3125
