var1,var2,var3,var4,var5,var6
0.032467532467532464,0.08441558441558442,0.1038961038961039,0.2077922077922078,0.2532467532467532,0.3181818181818182
