var1,var2,var3,var4,var5,var6
0.08241758241758242,0.1043956043956044,0.15384615384615385,0.16483516483516483,0.2032967032967033,0.29120879120879123
