var1,var2,var3,var4,var5,var6
0.08,0.10666666666666667,0.14666666666666667,0.2,0.2222222222222222,0.24444444444444444
