var1,var2,var3,var4,var5,var6
0.10276679841897234,0.12648221343873517,0.1422924901185771,0.17786561264822134,0.18972332015810275,0.2608695652173913
