var1,var2,var3,var4,var5,var6
0.0970873786407767,0.12135922330097088,0.1650485436893204,0.1796116504854369,0.2087378640776699,0.22815533980582525
