var1,var2,var3,var4,var5,var6
0.04294478527607362,0.08588957055214724,0.15950920245398773,0.1901840490797546,0.22699386503067484,0.294478527607362
