var1,var2,var3,var4,var5,var6
0.08108108108108109,0.0972972972972973,0.15675675675675677,0.16216216216216217,0.21621621621621623,0.2864864864864865
