var1,var2,var3,var4,var5,var6
0.05517241379310345,0.06896551724137931,0.11724137931034483,0.13793103448275862,0.2896551724137931,0.3310344827586207
