var1,var2,var3,var4,var5,var6
0.057971014492753624,0.07729468599033816,0.178743961352657,0.18840579710144928,0.21256038647342995,0.28502415458937197
