var1,var2,var3,var4,var5,var6
0.012578616352201259,0.0440251572327044,0.11320754716981132,0.13836477987421383,0.3018867924528302,0.389937106918239
