var1,var2,var3,var4,var5,var6
0.1038961038961039,0.11255411255411256,0.1471861471861472,0.19047619047619047,0.2077922077922078,0.23809523809523808
