var1,var2,var3,var4,var5,var6
0.01639344262295082,0.0546448087431694,0.12021857923497267,0.19672131147540983,0.28415300546448086,0.32786885245901637
