var1,var2,var3,var4,var5,var6
0.045871559633027525,0.06422018348623854,0.12844036697247707,0.21100917431192662,0.24770642201834864,0.30275229357798167
