var1,var2,var3,var4,var5,var6
0.0913978494623656,0.11827956989247312,0.13440860215053763,0.15053763440860216,0.1881720430107527,0.3172043010752688
