var1,var2,var3,var4,var5,var6
0.028169014084507043,0.09154929577464789,0.11267605633802817,0.18309859154929578,0.23943661971830985,0.34507042253521125
