var1,var2,var3,var4,var5,var6
0.014218009478672985,0.0947867298578199,0.15165876777251186,0.2132701421800948,0.23696682464454977,0.2890995260663507
