var1,var2,var3,var4,var5,var6
0.03389830508474576,0.05649717514124294,0.07909604519774012,0.2033898305084746,0.2994350282485876,0.327683615819209
