var1,var2,var3,var4,var5,var6
0.08284023668639054,0.10059171597633136,0.14201183431952663,0.16568047337278108,0.23668639053254437,0.27218934911242604
