var1,var2,var3,var4,var5,var6
0.05917159763313609,0.07692307692307693,0.09467455621301775,0.10650887573964497,0.31952662721893493,0.3431952662721893
