var1,var2,var3,var4,var5,var6
0.07909604519774012,0.0847457627118644,0.14689265536723164,0.1807909604519774,0.192090395480226,0.3163841807909605
