var1,var2,var3,var4,var5,var6
0.056338028169014086,0.07042253521126761,0.11267605633802817,0.19718309859154928,0.2347417840375587,0.3286384976525822
