var1,var2,var3,var4,var5,var6
0.024390243902439025,0.11219512195121951,0.17073170731707318,0.18536585365853658,0.2146341463414634,0.2926829268292683
