var1,var2,var3,var4,var5,var6
0.05343511450381679,0.08396946564885496,0.15267175572519084,0.16793893129770993,0.2595419847328244,0.2824427480916031
