var1,var2,var3,var4,var5,var6
0.0106951871657754,0.06417112299465241,0.10160427807486631,0.1497326203208556,0.32085561497326204,0.35294117647058826
