var1,var2,var3,var4,var5,var6
0.007633587786259542,0.04580152671755725,0.12213740458015267,0.183206106870229,0.24427480916030533,0.3969465648854962
