var1,var2,var3,var4,var5,var6
0.031446540880503145,0.10062893081761007,0.16352201257861634,0.2138364779874214,0.2389937106918239,0.25157232704402516
