var1,var2,var3,var4,var5,var6
0.10344827586206896,0.12413793103448276,0.13793103448275862,0.16551724137931034,0.19310344827586207,0.27586206896551724
