var1,var2,var3,var4,var5,var6
0.08275862068965517,0.10344827586206896,0.1103448275862069,0.16551724137931034,0.23448275862068965,0.30344827586206896
