var1,var2,var3,var4,var5,var6
0.11961722488038277,0.13875598086124402,0.15311004784688995,0.1674641148325359,0.20574162679425836,0.215311004784689
