var1,var2,var3,var4,var5,var6
0.03977272727272727,0.09090909090909091,0.11363636363636363,0.21022727272727273,0.26704545454545453,0.2784090909090909
