var1,var2,var3,var4,var5,var6
0.06334841628959276,0.08144796380090498,0.11312217194570136,0.13574660633484162,0.2850678733031674,0.3212669683257919
