var1,var2,var3,var4,var5,var6
0.05303030303030303,0.07575757575757576,0.15151515151515152,0.18181818181818182,0.21212121212121213,0.32575757575757575
