var1,var2,var3,var4,var5,var6
0.021739130434782608,0.057971014492753624,0.06521739130434782,0.16666666666666666,0.2971014492753623,0.391304347826087
