var1,var2,var3,var4,var5,var6
0.06622516556291391,0.0728476821192053,0.1456953642384106,0.19205298013245034,0.24503311258278146,0.2781456953642384
