var1,var2,var3,var4,var5,var6
0.020512820512820513,0.03076923076923077,0.09230769230769231,0.17435897435897435,0.28205128205128205,0.4
