var1,var2,var3,var4,var5,var6
0.08372093023255814,0.09302325581395349,0.10232558139534884,0.22325581395348837,0.2372093023255814,0.26046511627906976
