var1,var2,var3,var4,var5,var6
0.04964539007092199,0.07092198581560284,0.1347517730496454,0.14893617021276595,0.2765957446808511,0.3191489361702128
