var1,var2,var3,var4,var5,var6
0.017094017094017096,0.06837606837606838,0.09401709401709402,0.13675213675213677,0.2905982905982906,0.39316239316239315
