var1,var2,var3,var4,var5,var6
0.06040268456375839,0.08053691275167785,0.1476510067114094,0.174496644295302,0.20134228187919462,0.33557046979865773
