var1,var2,var3,var4,var5,var6
0.03977272727272727,0.09659090909090909,0.16477272727272727,0.18181818181818182,0.23295454545454544,0.2840909090909091
