var1,var2,var3,var4,var5,var6
0.06206896551724138,0.06896551724137931,0.0896551724137931,0.16551724137931034,0.2,0.41379310344827586
