var1,var2,var3,var4,var5,var6
0.031413612565445025,0.041884816753926704,0.15706806282722513,0.2094240837696335,0.27225130890052357,0.2879581151832461
