var1,var2,var3,var4,var5,var6
0.04060913705583756,0.1065989847715736,0.15228426395939088,0.19796954314720813,0.2233502538071066,0.27918781725888325
