var1,var2,var3,var4,var5,var6
0.009345794392523364,0.10747663551401869,0.16355140186915887,0.19158878504672897,0.24299065420560748,0.2850467289719626
