var1,var2,var3,var4,var5,var6
0.02654867256637168,0.12389380530973451,0.168141592920354,0.18584070796460178,0.22123893805309736,0.2743362831858407
