var1,var2,var3,var4,var5,var6
0.026143790849673203,0.05228758169934641,0.10457516339869281,0.16993464052287582,0.3137254901960784,0.3333333333333333
