var1,var2,var3,var4,var5,var6
0.023809523809523808,0.06190476190476191,0.15714285714285714,0.19047619047619047,0.23809523809523808,0.32857142857142857
