var1,var2,var3,var4,var5,var6
0.010471204188481676,0.09424083769633508,0.16753926701570682,0.2094240837696335,0.23036649214659685,0.2879581151832461
