var1,var2,var3,var4,var5,var6
0.011695906432748537,0.07602339181286549,0.0935672514619883,0.1286549707602339,0.3157894736842105,0.3742690058479532
