var1,var2,var3,var4,var5,var6
0.09392265193370165,0.11049723756906077,0.143646408839779,0.17679558011049723,0.23204419889502761,0.2430939226519337
