var1,var2,var3,var4,var5,var6
0.04918032786885246,0.06557377049180328,0.15300546448087432,0.22950819672131148,0.24043715846994534,0.26229508196721313
