var1,var2,var3,var4,var5,var6
0.03333333333333333,0.11904761904761904,0.15714285714285714,0.17142857142857143,0.24761904761904763,0.2714285714285714
