var1,var2,var3,var4,var5,var6
0.017857142857142856,0.05357142857142857,0.14285714285714285,0.22023809523809523,0.25,0.31547619047619047
