var1,var2,var3,var4,var5,var6
0.046357615894039736,0.11920529801324503,0.18543046357615894,0.1986754966887417,0.2119205298013245,0.23841059602649006
