var1,var2,var3,var4,var5,var6
0.05583756345177665,0.06091370558375635,0.1319796954314721,0.16243654822335024,0.28426395939086296,0.30456852791878175
