var1,var2,var3,var4,var5,var6
0.045714285714285714,0.07428571428571429,0.13714285714285715,0.2057142857142857,0.21714285714285714,0.32
