var1,var2,var3,var4,var5,var6
0.03529411764705882,0.047058823529411764,0.09411764705882353,0.16470588235294117,0.23529411764705882,0.4235294117647059
