var1,var2,var3,var4,var5,var6
0.08875739644970414,0.11834319526627218,0.16568047337278108,0.1893491124260355,0.21301775147928995,0.22485207100591717
