var1,var2,var3,var4,var5,var6
0.0481283422459893,0.06417112299465241,0.10695187165775401,0.13903743315508021,0.27807486631016043,0.36363636363636365
