var1,var2,var3,var4,var5,var6
0.02127659574468085,0.0425531914893617,0.1276595744680851,0.2127659574468085,0.2695035460992908,0.3262411347517731
