var1,var2,var3,var4,var5,var6
0.03225806451612903,0.07741935483870968,0.08387096774193549,0.12258064516129032,0.2903225806451613,0.3935483870967742
