var1,var2,var3,var4,var5,var6
0.08839779005524862,0.11602209944751381,0.143646408839779,0.1878453038674033,0.19889502762430938,0.26519337016574585
