var1,var2,var3,var4,var5,var6
0.040983606557377046,0.07377049180327869,0.10655737704918032,0.16393442622950818,0.21311475409836064,0.4016393442622951
