var1,var2,var3,var4,var5,var6
0.029535864978902954,0.12658227848101267,0.16877637130801687,0.1729957805907173,0.24050632911392406,0.2616033755274262
