var1,var2,var3,var4,var5,var6
0.10497237569060773,0.12154696132596685,0.13259668508287292,0.143646408839779,0.19889502762430938,0.2983425414364641
