var1,var2,var3,var4,var5,var6
0.0673076923076923,0.1346153846153846,0.15865384615384615,0.16826923076923078,0.21634615384615385,0.2548076923076923
