var1,var2,var3,var4,var5,var6
0.029585798816568046,0.08284023668639054,0.15384615384615385,0.16568047337278108,0.22485207100591717,0.3431952662721893
