var1,var2,var3,var4,var5,var6
0.01639344262295082,0.08743169398907104,0.14207650273224043,0.16393442622950818,0.273224043715847,0.31693989071038253
