var1,var2,var3,var4,var5,var6
0.023121387283236993,0.09248554913294797,0.1329479768786127,0.19653179190751446,0.2543352601156069,0.30057803468208094
