var1,var2,var3,var4,var5,var6
0.08053691275167785,0.087248322147651,0.1476510067114094,0.18791946308724833,0.20134228187919462,0.2953020134228188
