var1,var2,var3,var4,var5,var6
0.027972027972027972,0.07692307692307693,0.11188811188811189,0.20279720279720279,0.22377622377622378,0.35664335664335667
