var1,var2,var3,var4,var5,var6
0.03902439024390244,0.06829268292682927,0.15121951219512195,0.2,0.2634146341463415,0.2780487804878049
