var1,var2,var3,var4,var5,var6
0.06220095693779904,0.09090909090909091,0.11483253588516747,0.13875598086124402,0.28708133971291866,0.3062200956937799
