var1,var2,var3,var4,var5,var6
0.03225806451612903,0.09216589861751152,0.14285714285714285,0.1935483870967742,0.2304147465437788,0.3087557603686636
