var1,var2,var3,var4,var5,var6
0.021621621621621623,0.043243243243243246,0.16756756756756758,0.2,0.2702702702702703,0.2972972972972973
