var1,var2,var3,var4,var5,var6
0.06779661016949153,0.1016949152542373,0.11299435028248588,0.12429378531073447,0.20903954802259886,0.384180790960452
