var1,var2,var3,var4,var5,var6
0.03286384976525822,0.11267605633802817,0.15023474178403756,0.16901408450704225,0.24413145539906103,0.29107981220657275
