var1,var2,var3,var4,var5,var6
0.014388489208633094,0.04316546762589928,0.08633093525179857,0.1510791366906475,0.2589928057553957,0.4460431654676259
