var1,var2,var3,var4,var5,var6
0.034782608695652174,0.13043478260869565,0.1565217391304348,0.1826086956521739,0.22608695652173913,0.26956521739130435
