var1,var2,var3,var4,var5,var6
0.0514018691588785,0.09345794392523364,0.13551401869158877,0.17289719626168223,0.2616822429906542,0.2850467289719626
