var1,var2,var3,var4,var5,var6
0.02631578947368421,0.08421052631578947,0.13157894736842105,0.19473684210526315,0.24736842105263157,0.3157894736842105
