var1,var2,var3,var4,var5,var6
0.03076923076923077,0.05128205128205128,0.09230769230769231,0.20512820512820512,0.2512820512820513,0.36923076923076925
