var1,var2,var3,var4,var5,var6
0.013071895424836602,0.058823529411764705,0.1830065359477124,0.20261437908496732,0.2222222222222222,0.3202614379084967
