var1,var2,var3,var4,var5,var6
0.018518518518518517,0.08641975308641975,0.11728395061728394,0.19135802469135801,0.25308641975308643,0.3333333333333333
