var1,var2,var3,var4,var5,var6
0.023952095808383235,0.09580838323353294,0.11377245508982035,0.16167664670658682,0.2634730538922156,0.3413173652694611
