var1,var2,var3,var4,var5,var6
0.03496503496503497,0.06993006993006994,0.0979020979020979,0.17482517482517482,0.2867132867132867,0.3356643356643357
