var1,var2,var3,var4,var5,var6
0.03816793893129771,0.07633587786259542,0.15267175572519084,0.21374045801526717,0.24427480916030533,0.2748091603053435
