var1,var2,var3,var4,var5,var6
0.023255813953488372,0.03875968992248062,0.14728682170542637,0.20155038759689922,0.2713178294573643,0.3178294573643411
