var1,var2,var3,var4,var5,var6
0.02608695652173913,0.05217391304347826,0.10434782608695652,0.16521739130434782,0.25217391304347825,0.4
