var1,var2,var3,var4,var5,var6
0.02912621359223301,0.04854368932038835,0.10679611650485436,0.1941747572815534,0.2621359223300971,0.3592233009708738
