var1,var2,var3,var4,var5,var6
0.05,0.08333333333333333,0.11666666666666667,0.1388888888888889,0.26666666666666666,0.34444444444444444
