var1,var2,var3,var4,var5,var6
0.06201550387596899,0.09302325581395349,0.12403100775193798,0.17829457364341086,0.20155038759689922,0.34108527131782945
