var1,var2,var3,var4,var5,var6
0.05154639175257732,0.06701030927835051,0.13402061855670103,0.15979381443298968,0.28350515463917525,0.30412371134020616
