var1,var2,var3,var4,var5,var6
0.027972027972027972,0.04195804195804196,0.11188811188811189,0.16783216783216784,0.25874125874125875,0.3916083916083916
