var1,var2,var3,var4,var5,var6
0.01935483870967742,0.03225806451612903,0.1032258064516129,0.14193548387096774,0.3032258064516129,0.4
