var1,var2,var3,var4,var5,var6
0.028985507246376812,0.06763285024154589,0.14492753623188406,0.1642512077294686,0.2753623188405797,0.3188405797101449
