var1,var2,var3,var4,var5,var6
0.04316546762589928,0.10071942446043165,0.1223021582733813,0.17266187050359713,0.18705035971223022,0.37410071942446044
