var1,var2,var3,var4,var5,var6
0.061224489795918366,0.08843537414965986,0.1564625850340136,0.2108843537414966,0.23129251700680273,0.25170068027210885
