var1,var2,var3,var4,var5,var6
0.025806451612903226,0.06451612903225806,0.11612903225806452,0.1935483870967742,0.27741935483870966,0.3225806451612903
