var1,var2,var3,var4,var5,var6
0.017543859649122806,0.08771929824561403,0.12280701754385964,0.15789473684210525,0.26900584795321636,0.34502923976608185
