var1,var2,var3,var4,var5,var6
0.0364963503649635,0.051094890510948905,0.10218978102189781,0.18248175182481752,0.2773722627737226,0.35036496350364965
