var1,var2,var3,var4,var5,var6
0.05069124423963134,0.11059907834101383,0.14285714285714285,0.19815668202764977,0.2350230414746544,0.2626728110599078
