var1,var2,var3,var4,var5,var6
0.06666666666666667,0.08484848484848485,0.10303030303030303,0.15757575757575756,0.23636363636363636,0.3515151515151515
