var1,var2,var3,var4,var5,var6
0.016666666666666666,0.08333333333333333,0.16666666666666666,0.21666666666666667,0.2388888888888889,0.2777777777777778
