var1,var2,var3,var4,var5,var6
0.07258064516129033,0.0967741935483871,0.10483870967741936,0.12096774193548387,0.16129032258064516,0.4435483870967742
