var1,var2,var3,var4,var5,var6
0.10837438423645321,0.11822660098522167,0.15270935960591134,0.16748768472906403,0.20689655172413793,0.24630541871921183
