var1,var2,var3,var4,var5,var6
0.07913669064748201,0.10071942446043165,0.1079136690647482,0.1223021582733813,0.2158273381294964,0.37410071942446044
