var1,var2,var3,var4,var5,var6
0.04316546762589928,0.050359712230215826,0.07194244604316546,0.14388489208633093,0.31654676258992803,0.37410071942446044
