var1,var2,var3,var4,var5,var6
0.0821256038647343,0.12077294685990338,0.13526570048309178,0.16908212560386474,0.2318840579710145,0.2608695652173913
