var1,var2,var3,var4,var5,var6
0.05533596837944664,0.07509881422924901,0.15810276679841898,0.17391304347826086,0.25296442687747034,0.2845849802371542
