var1,var2,var3,var4,var5,var6
0.08484848484848485,0.09090909090909091,0.1393939393939394,0.15151515151515152,0.21212121212121213,0.3212121212121212
