var1,var2,var3,var4,var5,var6
0.07792207792207792,0.11255411255411256,0.1341991341991342,0.20346320346320346,0.21645021645021645,0.2554112554112554
