var1,var2,var3,var4,var5,var6
0.027777777777777776,0.0763888888888889,0.09722222222222222,0.20833333333333334,0.25,0.3402777777777778
