var1,var2,var3,var4,var5,var6
0.07109004739336493,0.0947867298578199,0.18009478672985782,0.1990521327014218,0.20853080568720378,0.24644549763033174
