var1,var2,var3,var4,var5,var6
0.033816425120772944,0.08695652173913043,0.13526570048309178,0.17391304347826086,0.28019323671497587,0.2898550724637681
