var1,var2,var3,var4,var5,var6
0.022388059701492536,0.13432835820895522,0.14925373134328357,0.1865671641791045,0.23134328358208955,0.27611940298507465
