var1,var2,var3,var4,var5,var6
0.020942408376963352,0.05759162303664921,0.16753926701570682,0.17801047120418848,0.2617801047120419,0.31413612565445026
