var1,var2,var3,var4,var5,var6
0.011299435028248588,0.05649717514124294,0.15819209039548024,0.1977401129943503,0.2711864406779661,0.3050847457627119
