var1,var2,var3,var4,var5,var6
0.03508771929824561,0.05847953216374269,0.1286549707602339,0.14035087719298245,0.2982456140350877,0.3391812865497076
