var1,var2,var3,var4,var5,var6
0.040268456375838924,0.14093959731543623,0.16778523489932887,0.174496644295302,0.22818791946308725,0.2483221476510067
