var1,var2,var3,var4,var5,var6
0.11612903225806452,0.12903225806451613,0.14193548387096774,0.16774193548387098,0.2129032258064516,0.23225806451612904
