var1,var2,var3,var4,var5,var6
0.01507537688442211,0.11055276381909548,0.16080402010050251,0.18090452261306533,0.25125628140703515,0.2814070351758794
