var1,var2,var3,var4,var5,var6
0.017064846416382253,0.11604095563139932,0.15699658703071673,0.19795221843003413,0.22525597269624573,0.28668941979522183
