var1,var2,var3,var4,var5,var6
0.023076923076923078,0.1076923076923077,0.11538461538461539,0.16923076923076924,0.2692307692307692,0.3153846153846154
