var1,var2,var3,var4,var5,var6
0.0427807486631016,0.06417112299465241,0.0855614973262032,0.19786096256684493,0.22459893048128343,0.3850267379679144
