var1,var2,var3,var4,var5,var6
0.013793103448275862,0.027586206896551724,0.09655172413793103,0.19310344827586207,0.3103448275862069,0.3586206896551724
