var1,var2,var3,var4,var5,var6
0.038834951456310676,0.06310679611650485,0.08737864077669903,0.19902912621359223,0.22815533980582525,0.38349514563106796
