var1,var2,var3,var4,var5,var6
0.03773584905660377,0.06289308176100629,0.16352201257861634,0.18238993710691823,0.2389937106918239,0.31446540880503143
