var1,var2,var3,var4,var5,var6
0.05687203791469194,0.11374407582938388,0.13744075829383887,0.20853080568720378,0.23696682464454977,0.24644549763033174
