var1,var2,var3,var4,var5,var6
0.030534351145038167,0.08396946564885496,0.09923664122137404,0.13740458015267176,0.1450381679389313,0.5038167938931297
