var1,var2,var3,var4,var5,var6
0.024193548387096774,0.07258064516129033,0.11290322580645161,0.20161290322580644,0.23387096774193547,0.3548387096774194
