var1,var2,var3,var4,var5,var6
0.03015075376884422,0.08040201005025126,0.1457286432160804,0.1507537688442211,0.25125628140703515,0.3417085427135678
