var1,var2,var3,var4,var5,var6
0.04216867469879518,0.0963855421686747,0.15060240963855423,0.16265060240963855,0.26506024096385544,0.28313253012048195
