var1,var2,var3,var4,var5,var6
0.024691358024691357,0.05761316872427984,0.09876543209876543,0.205761316872428,0.2674897119341564,0.345679012345679
