var1,var2,var3,var4,var5,var6
0.05194805194805195,0.11255411255411256,0.12121212121212122,0.20346320346320346,0.24242424242424243,0.2683982683982684
