var1,var2,var3,var4,var5,var6
0.0273972602739726,0.1095890410958904,0.1232876712328767,0.1917808219178082,0.2009132420091324,0.3470319634703196
