var1,var2,var3,var4,var5,var6
0.05263157894736842,0.11228070175438597,0.14035087719298245,0.1824561403508772,0.24561403508771928,0.26666666666666666
