var1,var2,var3,var4,var5,var6
0.028368794326241134,0.04964539007092199,0.15602836879432624,0.2127659574468085,0.2695035460992908,0.28368794326241137
