var1,var2,var3,var4,var5,var6
0.1050228310502283,0.136986301369863,0.1552511415525114,0.1689497716894977,0.182648401826484,0.2511415525114155
