var1,var2,var3,var4,var5,var6
0.02608695652173913,0.06956521739130435,0.10434782608695652,0.1391304347826087,0.1565217391304348,0.5043478260869565
