var1,var2,var3,var4,var5,var6
0.05747126436781609,0.09195402298850575,0.13793103448275862,0.16091954022988506,0.1839080459770115,0.367816091954023
