var1,var2,var3,var4,var5,var6
0.024271844660194174,0.03398058252427184,0.14563106796116504,0.2087378640776699,0.24757281553398058,0.33980582524271846
