var1,var2,var3,var4,var5,var6
0.026217228464419477,0.0749063670411985,0.16104868913857678,0.1947565543071161,0.2397003745318352,0.30337078651685395
