var1,var2,var3,var4,var5,var6
0.03571428571428571,0.04591836734693878,0.11734693877551021,0.18877551020408162,0.29081632653061223,0.32142857142857145
