var1,var2,var3,var4,var5,var6
0.07236842105263158,0.09868421052631579,0.125,0.17763157894736842,0.21710526315789475,0.3092105263157895
