var1,var2,var3,var4,var5,var6
0.016574585635359115,0.055248618784530384,0.12154696132596685,0.1878453038674033,0.287292817679558,0.3314917127071823
