var1,var2,var3,var4,var5,var6
0.059907834101382486,0.07834101382488479,0.11059907834101383,0.18433179723502305,0.23963133640552994,0.3271889400921659
