var1,var2,var3,var4,var5,var6
0.09852216748768473,0.10837438423645321,0.15270935960591134,0.16748768472906403,0.22660098522167488,0.24630541871921183
