var1,var2,var3,var4,var5,var6
0.03773584905660377,0.050314465408805034,0.05660377358490566,0.22641509433962265,0.25157232704402516,0.37735849056603776
