var1,var2,var3,var4,var5,var6
0.015228426395939087,0.050761421319796954,0.1116751269035533,0.18274111675126903,0.29949238578680204,0.3401015228426396
