var1,var2,var3,var4,var5,var6
0.03496503496503497,0.11188811188811189,0.13986013986013987,0.1888111888111888,0.20279720279720279,0.32167832167832167
