var1,var2,var3,var4,var5,var6
0.050955414012738856,0.08280254777070063,0.10191082802547771,0.20382165605095542,0.21656050955414013,0.34394904458598724
