var1,var2,var3,var4,var5,var6
0.012422360248447204,0.037267080745341616,0.08695652173913043,0.19875776397515527,0.30434782608695654,0.36024844720496896
