var1,var2,var3,var4,var5,var6
0.039735099337748346,0.07947019867549669,0.10596026490066225,0.19205298013245034,0.2119205298013245,0.3708609271523179
