var1,var2,var3,var4,var5,var6
0.02877697841726619,0.07913669064748201,0.10071942446043165,0.11510791366906475,0.2517985611510791,0.4244604316546763
