var1,var2,var3,var4,var5,var6
0.03680981595092025,0.09815950920245399,0.1656441717791411,0.22085889570552147,0.2331288343558282,0.24539877300613497
