var1,var2,var3,var4,var5,var6
0.027210884353741496,0.04081632653061224,0.1564625850340136,0.17687074829931973,0.2585034013605442,0.3401360544217687
