var1,var2,var3,var4,var5,var6
0.041379310344827586,0.11724137931034483,0.1310344827586207,0.16551724137931034,0.2,0.3448275862068966
