var1,var2,var3,var4,var5,var6
0.06766917293233082,0.09774436090225563,0.10526315789473684,0.15789473684210525,0.18045112781954886,0.39097744360902253
