var1,var2,var3,var4,var5,var6
0.060109289617486336,0.08196721311475409,0.12021857923497267,0.18579234972677597,0.22950819672131148,0.3224043715846995
