var1,var2,var3,var4,var5,var6
0.023622047244094488,0.08661417322834646,0.14960629921259844,0.1968503937007874,0.2677165354330709,0.2755905511811024
