var1,var2,var3,var4,var5,var6
0.06763285024154589,0.15458937198067632,0.15942028985507245,0.18357487922705315,0.1932367149758454,0.24154589371980675
