var1,var2,var3,var4,var5,var6
0.08588957055214724,0.1165644171779141,0.13496932515337423,0.17177914110429449,0.19631901840490798,0.294478527607362
