var1,var2,var3,var4,var5,var6
0.0783132530120482,0.09036144578313253,0.12650602409638553,0.1927710843373494,0.2469879518072289,0.26506024096385544
