var1,var2,var3,var4,var5,var6
0.06857142857142857,0.08,0.09142857142857143,0.2,0.26285714285714284,0.29714285714285715
