var1,var2,var3,var4,var5,var6
0.03278688524590164,0.1092896174863388,0.12021857923497267,0.17486338797814208,0.2568306010928962,0.30601092896174864
