var1,var2,var3,var4,var5,var6
0.042328042328042326,0.13227513227513227,0.15343915343915343,0.19047619047619047,0.20634920634920634,0.2751322751322751
