var1,var2,var3,var4,var5,var6
0.07407407407407407,0.08888888888888889,0.1259259259259259,0.2074074074074074,0.23703703703703705,0.26666666666666666
