var1,var2,var3,var4,var5,var6
0.09693877551020408,0.11224489795918367,0.1377551020408163,0.14795918367346939,0.19387755102040816,0.3112244897959184
