var1,var2,var3,var4,var5,var6
0.03317535545023697,0.08530805687203792,0.10426540284360189,0.13270142180094788,0.2843601895734597,0.36018957345971564
