var1,var2,var3,var4,var5,var6
0.02575107296137339,0.060085836909871244,0.07296137339055794,0.2317596566523605,0.24034334763948498,0.36909871244635195
