var1,var2,var3,var4,var5,var6
0.018018018018018018,0.06306306306306306,0.07207207207207207,0.1981981981981982,0.3063063063063063,0.34234234234234234
