var1,var2,var3,var4,var5,var6
0.02030456852791878,0.050761421319796954,0.1116751269035533,0.20304568527918782,0.23857868020304568,0.3756345177664975
