var1,var2,var3,var4,var5,var6
0.07894736842105263,0.13157894736842105,0.14035087719298245,0.15789473684210525,0.18421052631578946,0.30701754385964913
