var1,var2,var3,var4,var5,var6
0.0736196319018405,0.08588957055214724,0.147239263803681,0.17177914110429449,0.2392638036809816,0.2822085889570552
