var1,var2,var3,var4,var5,var6
0.09090909090909091,0.10303030303030303,0.15757575757575756,0.18181818181818182,0.22424242424242424,0.24242424242424243
