var1,var2,var3,var4,var5,var6
0.02702702702702703,0.06486486486486487,0.11351351351351352,0.14594594594594595,0.3027027027027027,0.34594594594594597
