var1,var2,var3,var4,var5,var6
0.02926829268292683,0.04878048780487805,0.12195121951219512,0.15609756097560976,0.3024390243902439,0.34146341463414637
