var1,var2,var3,var4,var5,var6
0.032679738562091505,0.0784313725490196,0.0915032679738562,0.1437908496732026,0.22875816993464052,0.42483660130718953
