var1,var2,var3,var4,var5,var6
0.031088082901554404,0.046632124352331605,0.07253886010362694,0.20725388601036268,0.24352331606217617,0.39896373056994816
