var1,var2,var3,var4,var5,var6
0.09392265193370165,0.11049723756906077,0.15469613259668508,0.16574585635359115,0.22099447513812154,0.2541436464088398
