var1,var2,var3,var4,var5,var6
0.051643192488262914,0.07511737089201878,0.13145539906103287,0.16901408450704225,0.28169014084507044,0.29107981220657275
