var1,var2,var3,var4,var5,var6
0.09401709401709402,0.11965811965811966,0.13675213675213677,0.17094017094017094,0.20512820512820512,0.27350427350427353
