var1,var2,var3,var4,var5,var6
0.02564102564102564,0.03418803418803419,0.08547008547008547,0.20512820512820512,0.27350427350427353,0.37606837606837606
