var1,var2,var3,var4,var5,var6
0.019230769230769232,0.10897435897435898,0.12179487179487179,0.1858974358974359,0.26282051282051283,0.30128205128205127
