var1,var2,var3,var4,var5,var6
0.06334841628959276,0.08144796380090498,0.08597285067873303,0.19909502262443438,0.27149321266968324,0.2986425339366516
