var1,var2,var3,var4,var5,var6
0.017341040462427744,0.046242774566473986,0.1329479768786127,0.2023121387283237,0.2543352601156069,0.3468208092485549
