var1,var2,var3,var4,var5,var6
0.034482758620689655,0.06896551724137931,0.09482758620689655,0.15517241379310345,0.2672413793103448,0.3793103448275862
