var1,var2,var3,var4,var5,var6
0.01775147928994083,0.047337278106508875,0.14201183431952663,0.21301775147928995,0.23668639053254437,0.3431952662721893
