var1,var2,var3,var4,var5,var6
0.0398406374501992,0.08764940239043825,0.1593625498007968,0.18725099601593626,0.23107569721115537,0.2948207171314741
