var1,var2,var3,var4,var5,var6
0.06382978723404255,0.07801418439716312,0.12056737588652482,0.20567375886524822,0.24113475177304963,0.2907801418439716
