var1,var2,var3,var4,var5,var6
0.02877697841726619,0.12949640287769784,0.14388489208633093,0.2014388489208633,0.23741007194244604,0.2589928057553957
