var1,var2,var3,var4,var5,var6
0.0392156862745098,0.11764705882352941,0.1437908496732026,0.19607843137254902,0.24836601307189543,0.2549019607843137
