var1,var2,var3,var4,var5,var6
0.03954802259887006,0.06779661016949153,0.13559322033898305,0.15819209039548024,0.24858757062146894,0.3502824858757062
