var1,var2,var3,var4,var5,var6
0.02962962962962963,0.07407407407407407,0.1111111111111111,0.17037037037037037,0.2962962962962963,0.31851851851851853
