var1,var2,var3,var4,var5,var6
0.03007518796992481,0.08270676691729323,0.10526315789473684,0.12030075187969924,0.24060150375939848,0.42105263157894735
