var1,var2,var3,var4,var5,var6
0.0425531914893617,0.05673758865248227,0.12056737588652482,0.19858156028368795,0.22695035460992907,0.3546099290780142
