var1,var2,var3,var4,var5,var6
0.01990049751243781,0.11940298507462686,0.12437810945273632,0.16417910447761194,0.25870646766169153,0.31343283582089554
