var1,var2,var3,var4,var5,var6
0.03875968992248062,0.09302325581395349,0.10077519379844961,0.14728682170542637,0.2713178294573643,0.3488372093023256
