var1,var2,var3,var4,var5,var6
0.0335195530726257,0.055865921787709494,0.1452513966480447,0.18435754189944134,0.22346368715083798,0.3575418994413408
