var1,var2,var3,var4,var5,var6
0.017142857142857144,0.05714285714285714,0.10285714285714286,0.18285714285714286,0.26285714285714284,0.37714285714285717
