var1,var2,var3,var4,var5,var6
0.04680851063829787,0.13617021276595745,0.1702127659574468,0.18723404255319148,0.19574468085106383,0.26382978723404255
