var1,var2,var3,var4,var5,var6
0.061068702290076333,0.12213740458015267,0.15267175572519084,0.19083969465648856,0.22900763358778625,0.24427480916030533
