var1,var2,var3,var4,var5,var6
0.022857142857142857,0.08571428571428572,0.09714285714285714,0.15428571428571428,0.2571428571428571,0.38285714285714284
