var1,var2,var3,var4,var5,var6
0.037267080745341616,0.11801242236024845,0.14285714285714285,0.14906832298136646,0.16770186335403728,0.38509316770186336
