var1,var2,var3,var4,var5,var6
0.060109289617486336,0.07650273224043716,0.09289617486338798,0.23497267759562843,0.26229508196721313,0.273224043715847
