var1,var2,var3,var4,var5,var6
0.023121387283236993,0.08670520231213873,0.13872832369942195,0.20809248554913296,0.2543352601156069,0.28901734104046245
