var1,var2,var3,var4,var5,var6
0.091324200913242,0.1141552511415525,0.1278538812785388,0.1552511415525114,0.1735159817351598,0.3378995433789954
