var1,var2,var3,var4,var5,var6
0.027472527472527472,0.08791208791208792,0.12637362637362637,0.16483516483516483,0.23626373626373626,0.35714285714285715
