var1,var2,var3,var4,var5,var6
0.01675977653631285,0.0893854748603352,0.11173184357541899,0.1340782122905028,0.2346368715083799,0.4134078212290503
