var1,var2,var3,var4,var5,var6
0.055944055944055944,0.1048951048951049,0.1258741258741259,0.1958041958041958,0.23776223776223776,0.27972027972027974
