var1,var2,var3,var4,var5,var6
0.06796116504854369,0.15048543689320387,0.16019417475728157,0.18446601941747573,0.19902912621359223,0.23786407766990292
