var1,var2,var3,var4,var5,var6
0.06806282722513089,0.08376963350785341,0.13612565445026178,0.17801047120418848,0.2094240837696335,0.32460732984293195
