var1,var2,var3,var4,var5,var6
0.06432748538011696,0.08187134502923976,0.14035087719298245,0.16374269005847952,0.1871345029239766,0.36257309941520466
