var1,var2,var3,var4,var5,var6
0.05847953216374269,0.08771929824561403,0.13450292397660818,0.1695906432748538,0.23976608187134502,0.30994152046783624
