var1,var2,var3,var4,var5,var6
0.019230769230769232,0.057692307692307696,0.09615384615384616,0.20512820512820512,0.28846153846153844,0.3333333333333333
