var1,var2,var3,var4,var5,var6
0.02857142857142857,0.08,0.09142857142857143,0.12571428571428572,0.3028571428571429,0.37142857142857144
