var1,var2,var3,var4,var5,var6
0.04678362573099415,0.05847953216374269,0.08187134502923976,0.13450292397660818,0.2807017543859649,0.39766081871345027
