var1,var2,var3,var4,var5,var6
0.023668639053254437,0.09467455621301775,0.14201183431952663,0.20118343195266272,0.20710059171597633,0.33136094674556216
