var1,var2,var3,var4,var5,var6
0.024242424242424242,0.06666666666666667,0.09696969696969697,0.14545454545454545,0.3151515151515151,0.3515151515151515
