var1,var2,var3,var4,var5,var6
0.03821656050955414,0.06369426751592357,0.11464968152866242,0.18471337579617833,0.20382165605095542,0.39490445859872614
