var1,var2,var3,var4,var5,var6
0.056962025316455694,0.06962025316455696,0.11392405063291139,0.15822784810126583,0.25316455696202533,0.34810126582278483
