var1,var2,var3,var4,var5,var6
0.018404907975460124,0.049079754601226995,0.12883435582822086,0.13496932515337423,0.1901840490797546,0.4785276073619632
