var1,var2,var3,var4,var5,var6
0.06451612903225806,0.07096774193548387,0.15483870967741936,0.1870967741935484,0.23870967741935484,0.2838709677419355
