var1,var2,var3,var4,var5,var6
0.022388059701492536,0.08208955223880597,0.15671641791044777,0.1865671641791045,0.2537313432835821,0.29850746268656714
