var1,var2,var3,var4,var5,var6
0.0410958904109589,0.045662100456621,0.1278538812785388,0.1917808219178082,0.2831050228310502,0.3105022831050228
