var1,var2,var3,var4,var5,var6
0.06220095693779904,0.0861244019138756,0.09569377990430622,0.14354066985645933,0.2966507177033493,0.3157894736842105
