var1,var2,var3,var4,var5,var6
0.040268456375838924,0.08053691275167785,0.10738255033557047,0.2348993288590604,0.24161073825503357,0.2953020134228188
