var1,var2,var3,var4,var5,var6
0.08163265306122448,0.09523809523809523,0.14285714285714285,0.19047619047619047,0.23129251700680273,0.2585034013605442
