var1,var2,var3,var4,var5,var6
0.07407407407407407,0.10582010582010581,0.1746031746031746,0.19047619047619047,0.20105820105820105,0.25396825396825395
