var1,var2,var3,var4,var5,var6
0.09502262443438914,0.12669683257918551,0.14479638009049775,0.16289592760180996,0.2081447963800905,0.26244343891402716
