var1,var2,var3,var4,var5,var6
0.072992700729927,0.10948905109489052,0.12408759124087591,0.1678832116788321,0.2116788321167883,0.31386861313868614
