var1,var2,var3,var4,var5,var6
0.05555555555555555,0.08024691358024691,0.09259259259259259,0.1419753086419753,0.25308641975308643,0.3765432098765432
