var1,var2,var3,var4,var5,var6
0.03428571428571429,0.08,0.09714285714285714,0.24571428571428572,0.2571428571428571,0.2857142857142857
