var1,var2,var3,var4,var5,var6
0.05405405405405406,0.07567567567567568,0.08108108108108109,0.12432432432432433,0.32432432432432434,0.34054054054054056
