var1,var2,var3,var4,var5,var6
0.04020100502512563,0.11557788944723618,0.1306532663316583,0.1507537688442211,0.21105527638190955,0.35175879396984927
