var1,var2,var3,var4,var5,var6
0.034013605442176874,0.10884353741496598,0.12244897959183673,0.16326530612244897,0.21768707482993196,0.35374149659863946
