var1,var2,var3,var4,var5,var6
0.04700854700854701,0.07264957264957266,0.15384615384615385,0.1752136752136752,0.2606837606837607,0.2905982905982906
