var1,var2,var3,var4,var5,var6
0.016042780748663103,0.0427807486631016,0.0962566844919786,0.1925133689839572,0.31016042780748665,0.3422459893048128
