var1,var2,var3,var4,var5,var6
0.041916167664670656,0.07784431137724551,0.10179640718562874,0.12574850299401197,0.31137724550898205,0.3413173652694611
