var1,var2,var3,var4,var5,var6
0.03902439024390244,0.05853658536585366,0.1024390243902439,0.16585365853658537,0.2731707317073171,0.36097560975609755
