var1,var2,var3,var4,var5,var6
0.04794520547945205,0.0821917808219178,0.11643835616438356,0.136986301369863,0.21232876712328766,0.4041095890410959
