var1,var2,var3,var4,var5,var6
0.027522935779816515,0.05504587155963303,0.07339449541284404,0.22018348623853212,0.25688073394495414,0.3669724770642202
