var1,var2,var3,var4,var5,var6
0.03167420814479638,0.11312217194570136,0.12669683257918551,0.16289592760180996,0.26244343891402716,0.3031674208144796
