var1,var2,var3,var4,var5,var6
0.03954802259887006,0.05649717514124294,0.12429378531073447,0.13559322033898305,0.3050847457627119,0.3389830508474576
