var1,var2,var3,var4,var5,var6
0.02197802197802198,0.04395604395604396,0.08791208791208792,0.16483516483516483,0.24175824175824176,0.43956043956043955
