var1,var2,var3,var4,var5,var6
0.013986013986013986,0.055944055944055944,0.08391608391608392,0.18181818181818182,0.25874125874125875,0.40559440559440557
