var1,var2,var3,var4,var5,var6
0.06790123456790123,0.10493827160493827,0.11728395061728394,0.16049382716049382,0.19135802469135801,0.35802469135802467
