var1,var2,var3,var4,var5,var6
0.06293706293706294,0.1048951048951049,0.1258741258741259,0.16083916083916083,0.17482517482517482,0.3706293706293706
