var1,var2,var3,var4,var5,var6
0.018691588785046728,0.07476635514018691,0.11214953271028037,0.14953271028037382,0.27102803738317754,0.37383177570093457
