var1,var2,var3,var4,var5,var6
0.057692307692307696,0.08333333333333333,0.1282051282051282,0.14743589743589744,0.1794871794871795,0.40384615384615385
