var1,var2,var3,var4,var5,var6
0.07692307692307693,0.08205128205128205,0.14358974358974358,0.18461538461538463,0.24102564102564103,0.2717948717948718
