var1,var2,var3,var4,var5,var6
0.02717391304347826,0.059782608695652176,0.16847826086956522,0.18478260869565216,0.2608695652173913,0.29891304347826086
