var1,var2,var3,var4,var5,var6
0.03773584905660377,0.06918238993710692,0.07547169811320754,0.16352201257861634,0.31446540880503143,0.33962264150943394
