var1,var2,var3,var4,var5,var6
0.03292181069958848,0.04938271604938271,0.1440329218106996,0.1728395061728395,0.2716049382716049,0.3292181069958848
