var1,var2,var3,var4,var5,var6
0.013071895424836602,0.05228758169934641,0.0784313725490196,0.20915032679738563,0.2549019607843137,0.39215686274509803
