var1,var2,var3,var4,var5,var6
0.017045454545454544,0.08522727272727272,0.125,0.17045454545454544,0.23295454545454544,0.3693181818181818
