var1,var2,var3,var4,var5,var6
0.050955414012738856,0.10191082802547771,0.1464968152866242,0.16560509554140126,0.25477707006369427,0.2802547770700637
