var1,var2,var3,var4,var5,var6
0.037383177570093455,0.09345794392523364,0.102803738317757,0.14953271028037382,0.22429906542056074,0.3925233644859813
