var1,var2,var3,var4,var5,var6
0.06607929515418502,0.10572687224669604,0.14537444933920704,0.2026431718061674,0.23348017621145375,0.24669603524229075
