var1,var2,var3,var4,var5,var6
0.03347280334728033,0.04184100418410042,0.12552301255230125,0.13807531380753138,0.301255230125523,0.3598326359832636
