var1,var2,var3,var4,var5,var6
0.031746031746031744,0.12169312169312169,0.13756613756613756,0.20105820105820105,0.21164021164021163,0.2962962962962963
