var1,var2,var3,var4,var5,var6
0.041379310344827586,0.04827586206896552,0.06896551724137931,0.12413793103448276,0.2896551724137931,0.42758620689655175
