var1,var2,var3,var4,var5,var6
0.023809523809523808,0.08571428571428572,0.14285714285714285,0.18571428571428572,0.2619047619047619,0.3
