var1,var2,var3,var4,var5,var6
0.0299625468164794,0.052434456928838954,0.13108614232209737,0.19850187265917604,0.2846441947565543,0.30337078651685395
