var1,var2,var3,var4,var5,var6
0.03821656050955414,0.10828025477707007,0.14012738853503184,0.20382165605095542,0.22929936305732485,0.2802547770700637
