var1,var2,var3,var4,var5,var6
0.03546099290780142,0.09929078014184398,0.14184397163120568,0.18439716312056736,0.23404255319148937,0.3049645390070922
