var1,var2,var3,var4,var5,var6
0.06369426751592357,0.07643312101910828,0.10828025477707007,0.2356687898089172,0.25477707006369427,0.2611464968152866
