var1,var2,var3,var4,var5,var6
0.05291005291005291,0.12169312169312169,0.12698412698412698,0.20105820105820105,0.21693121693121692,0.2804232804232804
