var1,var2,var3,var4,var5,var6
0.01680672268907563,0.10084033613445378,0.15966386554621848,0.20168067226890757,0.226890756302521,0.29411764705882354
