var1,var2,var3,var4,var5,var6
0.06217616580310881,0.11398963730569948,0.15544041450777202,0.16580310880829016,0.20207253886010362,0.3005181347150259
