var1,var2,var3,var4,var5,var6
0.028089887640449437,0.05056179775280899,0.14606741573033707,0.1797752808988764,0.25280898876404495,0.34269662921348315
