var1,var2,var3,var4,var5,var6
0.05063291139240506,0.13291139240506328,0.15822784810126583,0.17721518987341772,0.23417721518987342,0.2468354430379747
