var1,var2,var3,var4,var5,var6
0.052884615384615384,0.10576923076923077,0.1201923076923077,0.1875,0.25,0.28365384615384615
