var1,var2,var3,var4,var5,var6
0.026490066225165563,0.09933774834437085,0.11920529801324503,0.2251655629139073,0.23841059602649006,0.2913907284768212
