var1,var2,var3,var4,var5,var6
0.05325443786982249,0.07100591715976332,0.14201183431952663,0.15384615384615385,0.16568047337278108,0.41420118343195267
