var1,var2,var3,var4,var5,var6
0.0326530612244898,0.08163265306122448,0.16326530612244897,0.22040816326530613,0.23673469387755103,0.2653061224489796
