var1,var2,var3,var4,var5,var6
0.03773584905660377,0.0880503144654088,0.10062893081761007,0.1761006289308176,0.22012578616352202,0.37735849056603776
