var1,var2,var3,var4,var5,var6
0.06629834254143646,0.12154696132596685,0.143646408839779,0.14917127071823205,0.17679558011049723,0.3425414364640884
