var1,var2,var3,var4,var5,var6
0.07428571428571429,0.09142857142857143,0.10285714285714286,0.18285714285714286,0.24,0.30857142857142855
