var1,var2,var3,var4,var5,var6
0.03225806451612903,0.09032258064516129,0.1032258064516129,0.11612903225806452,0.24516129032258063,0.4129032258064516
