var1,var2,var3,var4,var5,var6
0.042801556420233464,0.10894941634241245,0.13229571984435798,0.1867704280155642,0.25680933852140075,0.2723735408560311
