var1,var2,var3,var4,var5,var6
0.09395973154362416,0.14093959731543623,0.1610738255033557,0.18791946308724833,0.20134228187919462,0.21476510067114093
