var1,var2,var3,var4,var5,var6
0.02142857142857143,0.04285714285714286,0.1357142857142857,0.20714285714285716,0.2357142857142857,0.35714285714285715
