var1,var2,var3,var4,var5,var6
0.06278026905829596,0.08520179372197309,0.12556053811659193,0.2242152466367713,0.242152466367713,0.2600896860986547
