var1,var2,var3,var4,var5,var6
0.056074766355140186,0.11214953271028037,0.1308411214953271,0.14953271028037382,0.19626168224299065,0.35514018691588783
