var1,var2,var3,var4,var5,var6
0.04484304932735426,0.07174887892376682,0.09865470852017937,0.21076233183856502,0.23318385650224216,0.34080717488789236
