var1,var2,var3,var4,var5,var6
0.06694560669456066,0.14225941422594143,0.16736401673640167,0.19246861924686193,0.20502092050209206,0.22594142259414227
