var1,var2,var3,var4,var5,var6
0.034482758620689655,0.09655172413793103,0.14482758620689656,0.19310344827586207,0.2620689655172414,0.2689655172413793
