var1,var2,var3,var4,var5,var6
0.06748466257668712,0.11042944785276074,0.12269938650306748,0.17177914110429449,0.22085889570552147,0.3067484662576687
