var1,var2,var3,var4,var5,var6
0.06285714285714286,0.08571428571428572,0.10285714285714286,0.13142857142857142,0.3028571428571429,0.3142857142857143
