var1,var2,var3,var4,var5,var6
0.04697986577181208,0.09395973154362416,0.10738255033557047,0.1610738255033557,0.28187919463087246,0.3087248322147651
