var1,var2,var3,var4,var5,var6
0.021897810218978103,0.12408759124087591,0.16058394160583941,0.19708029197080293,0.22627737226277372,0.27007299270072993
