var1,var2,var3,var4,var5,var6
0.043478260869565216,0.06086956521739131,0.11304347826086956,0.20869565217391303,0.24347826086956523,0.33043478260869563
