var1,var2,var3,var4,var5,var6
0.022099447513812154,0.1270718232044199,0.15469613259668508,0.18232044198895028,0.2154696132596685,0.2983425414364641
