var1,var2,var3,var4,var5,var6
0.07836990595611286,0.10658307210031348,0.1755485893416928,0.19435736677115986,0.219435736677116,0.22570532915360503
