var1,var2,var3,var4,var5,var6
0.012578616352201259,0.03773584905660377,0.11949685534591195,0.18867924528301888,0.27672955974842767,0.36477987421383645
