var1,var2,var3,var4,var5,var6
0.052980132450331126,0.08609271523178808,0.13245033112582782,0.2119205298013245,0.23841059602649006,0.2781456953642384
