var1,var2,var3,var4,var5,var6
0.02617801047120419,0.06282722513089005,0.11518324607329843,0.18848167539267016,0.28272251308900526,0.32460732984293195
