var1,var2,var3,var4,var5,var6
0.06896551724137931,0.1103448275862069,0.12413793103448276,0.15172413793103448,0.18620689655172415,0.3586206896551724
