var1,var2,var3,var4,var5,var6
0.0966183574879227,0.12560386473429952,0.15458937198067632,0.178743961352657,0.2028985507246377,0.24154589371980675
