var1,var2,var3,var4,var5,var6
0.03361344537815126,0.08403361344537816,0.12605042016806722,0.15126050420168066,0.2184873949579832,0.3865546218487395
