var1,var2,var3,var4,var5,var6
0.07317073170731707,0.09349593495934959,0.12195121951219512,0.15853658536585366,0.25609756097560976,0.2967479674796748
