var1,var2,var3,var4,var5,var6
0.057291666666666664,0.078125,0.08854166666666667,0.22916666666666666,0.265625,0.28125
