var1,var2,var3,var4,var5,var6
0.03418803418803419,0.05982905982905983,0.06837606837606838,0.13675213675213677,0.27350427350427353,0.42735042735042733
