var1,var2,var3,var4,var5,var6
0.08379888268156424,0.12849162011173185,0.15083798882681565,0.18994413407821228,0.21787709497206703,0.22905027932960895
