var1,var2,var3,var4,var5,var6
0.01675977653631285,0.05027932960893855,0.1564245810055866,0.2122905027932961,0.21787709497206703,0.3463687150837989
