var1,var2,var3,var4,var5,var6
0.05454545454545454,0.06060606060606061,0.07878787878787878,0.1696969696969697,0.2,0.43636363636363634
