var1,var2,var3,var4,var5,var6
0.02390438247011952,0.13545816733067728,0.17131474103585656,0.18326693227091634,0.23904382470119523,0.24701195219123506
