var1,var2,var3,var4,var5,var6
0.05128205128205128,0.09230769230769231,0.15897435897435896,0.2153846153846154,0.2358974358974359,0.24615384615384617
