var1,var2,var3,var4,var5,var6
0.11278195488721804,0.13533834586466165,0.15037593984962405,0.16541353383458646,0.19548872180451127,0.24060150375939848
