var1,var2,var3,var4,var5,var6
0.03571428571428571,0.08673469387755102,0.11224489795918367,0.1836734693877551,0.23979591836734693,0.34183673469387754
