var1,var2,var3,var4,var5,var6
0.04145077720207254,0.07253886010362694,0.08808290155440414,0.14507772020725387,0.3005181347150259,0.35233160621761656
