var1,var2,var3,var4,var5,var6
0.015151515151515152,0.03787878787878788,0.12121212121212122,0.20454545454545456,0.26515151515151514,0.3560606060606061
