var1,var2,var3,var4,var5,var6
0.1,0.13157894736842105,0.14736842105263157,0.1736842105263158,0.18421052631578946,0.2631578947368421
