var1,var2,var3,var4,var5,var6
0.05042016806722689,0.06722689075630252,0.13445378151260504,0.16806722689075632,0.24369747899159663,0.33613445378151263
