var1,var2,var3,var4,var5,var6
0.08284023668639054,0.09467455621301775,0.10650887573964497,0.15384615384615385,0.26627218934911245,0.2958579881656805
