var1,var2,var3,var4,var5,var6
0.03056768558951965,0.09606986899563319,0.11353711790393013,0.18340611353711792,0.26200873362445415,0.314410480349345
