var1,var2,var3,var4,var5,var6
0.033783783783783786,0.07432432432432433,0.13513513513513514,0.16216216216216217,0.18243243243243243,0.41216216216216217
