var1,var2,var3,var4,var5,var6
0.03076923076923077,0.07179487179487179,0.14358974358974358,0.15897435897435896,0.26666666666666666,0.3282051282051282
