var1,var2,var3,var4,var5,var6
0.059574468085106386,0.10638297872340426,0.1276595744680851,0.19574468085106383,0.23829787234042554,0.2723404255319149
