var1,var2,var3,var4,var5,var6
0.07960199004975124,0.1044776119402985,0.12935323383084577,0.1691542288557214,0.1890547263681592,0.3283582089552239
