var1,var2,var3,var4,var5,var6
0.04784688995215311,0.07177033492822966,0.15311004784688995,0.21052631578947367,0.23923444976076555,0.27751196172248804
