var1,var2,var3,var4,var5,var6
0.05741626794258373,0.14354066985645933,0.15311004784688995,0.17703349282296652,0.22009569377990432,0.24880382775119617
