var1,var2,var3,var4,var5,var6
0.07643312101910828,0.08917197452229299,0.17197452229299362,0.19745222929936307,0.2229299363057325,0.24203821656050956
