var1,var2,var3,var4,var5,var6
0.07174887892376682,0.08968609865470852,0.18834080717488788,0.19730941704035873,0.21973094170403587,0.23318385650224216
