var1,var2,var3,var4,var5,var6
0.07913669064748201,0.09352517985611511,0.1223021582733813,0.14388489208633093,0.16546762589928057,0.39568345323741005
