var1,var2,var3,var4,var5,var6
0.029556650246305417,0.04926108374384237,0.15270935960591134,0.16748768472906403,0.23645320197044334,0.3645320197044335
