var1,var2,var3,var4,var5,var6
0.05670103092783505,0.08762886597938144,0.15979381443298968,0.17525773195876287,0.211340206185567,0.30927835051546393
