var1,var2,var3,var4,var5,var6
0.0748663101604278,0.0855614973262032,0.0962566844919786,0.12834224598930483,0.29411764705882354,0.32085561497326204
