var1,var2,var3,var4,var5,var6
0.04242424242424243,0.06666666666666667,0.10303030303030303,0.15151515151515152,0.30303030303030304,0.3333333333333333
