var1,var2,var3,var4,var5,var6
0.058577405857740586,0.0794979079497908,0.16736401673640167,0.18410041841004185,0.20920502092050208,0.301255230125523
