var1,var2,var3,var4,var5,var6
0.04020100502512563,0.05025125628140704,0.07035175879396985,0.18090452261306533,0.24623115577889448,0.4120603015075377
