var1,var2,var3,var4,var5,var6
0.0653061224489796,0.12244897959183673,0.15918367346938775,0.17142857142857143,0.20408163265306123,0.27755102040816326
