var1,var2,var3,var4,var5,var6
0.020689655172413793,0.05517241379310345,0.06896551724137931,0.2206896551724138,0.2620689655172414,0.3724137931034483
