var1,var2,var3,var4,var5,var6
0.06842105263157895,0.09473684210526316,0.11052631578947368,0.2,0.24736842105263157,0.2789473684210526
