var1,var2,var3,var4,var5,var6
0.07239819004524888,0.09049773755656108,0.17647058823529413,0.19909502262443438,0.2081447963800905,0.25339366515837103
