var1,var2,var3,var4,var5,var6
0.06018518518518518,0.09722222222222222,0.14351851851851852,0.1527777777777778,0.2175925925925926,0.3287037037037037
