var1,var2,var3,var4,var5,var6
0.04504504504504504,0.07207207207207207,0.09009009009009009,0.18018018018018017,0.23423423423423423,0.3783783783783784
