var1,var2,var3,var4,var5,var6
0.043243243243243246,0.07567567567567568,0.17297297297297298,0.1945945945945946,0.23243243243243245,0.2810810810810811
