var1,var2,var3,var4,var5,var6
0.058091286307053944,0.08298755186721991,0.0995850622406639,0.18672199170124482,0.23236514522821577,0.34024896265560167
