var1,var2,var3,var4,var5,var6
0.016260162601626018,0.04065040650406504,0.16260162601626016,0.1951219512195122,0.2601626016260163,0.3252032520325203
