var1,var2,var3,var4,var5,var6
0.06748466257668712,0.08588957055214724,0.12269938650306748,0.15950920245398773,0.26993865030674846,0.294478527607362
