var1,var2,var3,var4,var5,var6
0.04294478527607362,0.11042944785276074,0.1411042944785276,0.20245398773006135,0.2392638036809816,0.26380368098159507
