var1,var2,var3,var4,var5,var6
0.04132231404958678,0.08264462809917356,0.09917355371900827,0.11570247933884298,0.30578512396694213,0.35537190082644626
