var1,var2,var3,var4,var5,var6
0.05917159763313609,0.0650887573964497,0.07692307692307693,0.17159763313609466,0.30177514792899407,0.3254437869822485
