var1,var2,var3,var4,var5,var6
0.03550295857988166,0.05325443786982249,0.09467455621301775,0.15384615384615385,0.28994082840236685,0.3727810650887574
