var1,var2,var3,var4,var5,var6
0.09333333333333334,0.13333333333333333,0.16,0.17333333333333334,0.19555555555555557,0.24444444444444444
