var1,var2,var3,var4,var5,var6
0.049079754601226995,0.09815950920245399,0.1656441717791411,0.18404907975460122,0.19631901840490798,0.3067484662576687
