var1,var2,var3,var4,var5,var6
0.024793388429752067,0.08264462809917356,0.1652892561983471,0.19834710743801653,0.21487603305785125,0.3140495867768595
