var1,var2,var3,var4,var5,var6
0.015463917525773196,0.10824742268041238,0.13917525773195877,0.19072164948453607,0.2422680412371134,0.30412371134020616
