var1,var2,var3,var4,var5,var6
0.04878048780487805,0.08943089430894309,0.0975609756097561,0.13008130081300814,0.2845528455284553,0.34959349593495936
