var1,var2,var3,var4,var5,var6
0.016260162601626018,0.07317073170731707,0.10569105691056911,0.17073170731707318,0.25203252032520324,0.3821138211382114
