var1,var2,var3,var4,var5,var6
0.027149321266968326,0.06334841628959276,0.11312217194570136,0.15384615384615385,0.2986425339366516,0.3438914027149321
