var1,var2,var3,var4,var5,var6
0.03676470588235294,0.051470588235294115,0.09558823529411764,0.10294117647058823,0.29411764705882354,0.41911764705882354
