var1,var2,var3,var4,var5,var6
0.07909604519774012,0.1016949152542373,0.14124293785310735,0.192090395480226,0.22598870056497175,0.2598870056497175
