var1,var2,var3,var4,var5,var6
0.015037593984962405,0.07518796992481203,0.10526315789473684,0.15037593984962405,0.20300751879699247,0.45112781954887216
