var1,var2,var3,var4,var5,var6
0.09322033898305085,0.11016949152542373,0.1271186440677966,0.1864406779661017,0.2288135593220339,0.2542372881355932
