var1,var2,var3,var4,var5,var6
0.026143790849673203,0.0718954248366013,0.10457516339869281,0.1568627450980392,0.2222222222222222,0.41830065359477125
