var1,var2,var3,var4,var5,var6
0.04081632653061224,0.06802721088435375,0.14965986394557823,0.17006802721088435,0.20408163265306123,0.3673469387755102
