var1,var2,var3,var4,var5,var6
0.020942408376963352,0.09947643979057591,0.16230366492146597,0.18848167539267016,0.2356020942408377,0.2931937172774869
