var1,var2,var3,var4,var5,var6
0.0718232044198895,0.08839779005524862,0.1878453038674033,0.19889502762430938,0.20994475138121546,0.2430939226519337
