var1,var2,var3,var4,var5,var6
0.044585987261146494,0.050955414012738856,0.10191082802547771,0.12738853503184713,0.33121019108280253,0.34394904458598724
