var1,var2,var3,var4,var5,var6
0.014388489208633094,0.05755395683453238,0.10071942446043165,0.17985611510791366,0.2014388489208633,0.4460431654676259
