var1,var2,var3,var4,var5,var6
0.08076923076923077,0.1346153846153846,0.15384615384615385,0.17307692307692307,0.2,0.25769230769230766
