var1,var2,var3,var4,var5,var6
0.03546099290780142,0.0425531914893617,0.04964539007092199,0.15602836879432624,0.2907801418439716,0.425531914893617
