var1,var2,var3,var4,var5,var6
0.07339449541284404,0.11926605504587157,0.13761467889908258,0.14678899082568808,0.1743119266055046,0.3486238532110092
