var1,var2,var3,var4,var5,var6
0.036585365853658534,0.06707317073170732,0.08536585365853659,0.15853658536585366,0.18292682926829268,0.4695121951219512
