var1,var2,var3,var4,var5,var6
0.020689655172413793,0.05517241379310345,0.1724137931034483,0.2,0.2413793103448276,0.3103448275862069
