var1,var2,var3,var4,var5,var6
0.06278026905829596,0.08071748878923767,0.17040358744394618,0.21524663677130046,0.2242152466367713,0.24663677130044842
