var1,var2,var3,var4,var5,var6
0.05925925925925926,0.1037037037037037,0.13333333333333333,0.15555555555555556,0.26666666666666666,0.2814814814814815
