var1,var2,var3,var4,var5,var6
0.046153846153846156,0.07179487179487179,0.11282051282051282,0.1641025641025641,0.28717948717948716,0.31794871794871793
