var1,var2,var3,var4,var5,var6
0.04201680672268908,0.1092436974789916,0.11764705882352941,0.17647058823529413,0.23529411764705882,0.31932773109243695
