var1,var2,var3,var4,var5,var6
0.03225806451612903,0.06451612903225806,0.08064516129032258,0.22043010752688172,0.24193548387096775,0.3602150537634409
