var1,var2,var3,var4,var5,var6
0.03271028037383177,0.08878504672897196,0.16822429906542055,0.19158878504672897,0.2336448598130841,0.2850467289719626
