var1,var2,var3,var4,var5,var6
0.019230769230769232,0.0673076923076923,0.125,0.15384615384615385,0.18269230769230768,0.4519230769230769
