var1,var2,var3,var4,var5,var6
0.06486486486486487,0.0972972972972973,0.11891891891891893,0.12972972972972974,0.2864864864864865,0.3027027027027027
