var1,var2,var3,var4,var5,var6
0.05737704918032787,0.07377049180327869,0.11475409836065574,0.13934426229508196,0.26229508196721313,0.3524590163934426
