var1,var2,var3,var4,var5,var6
0.03587443946188341,0.07174887892376682,0.15246636771300448,0.17040358744394618,0.2556053811659193,0.31390134529147984
