var1,var2,var3,var4,var5,var6
0.03755868544600939,0.046948356807511735,0.10328638497652583,0.16901408450704225,0.3145539906103286,0.3286384976525822
