var1,var2,var3,var4,var5,var6
0.021897810218978103,0.11678832116788321,0.16058394160583941,0.1897810218978102,0.24817518248175183,0.26277372262773724
