var1,var2,var3,var4,var5,var6
0.017543859649122806,0.04678362573099415,0.1111111111111111,0.23391812865497075,0.26900584795321636,0.3216374269005848
