var1,var2,var3,var4,var5,var6
0.02097902097902098,0.06993006993006994,0.15384615384615385,0.16083916083916083,0.23776223776223776,0.35664335664335667
