var1,var2,var3,var4,var5,var6
0.08875739644970414,0.09467455621301775,0.10650887573964497,0.21301775147928995,0.23668639053254437,0.2603550295857988
