var1,var2,var3,var4,var5,var6
0.058823529411764705,0.0784313725490196,0.09803921568627451,0.22875816993464052,0.26143790849673204,0.27450980392156865
