var1,var2,var3,var4,var5,var6
0.022988505747126436,0.040229885057471264,0.11494252873563218,0.21264367816091953,0.27011494252873564,0.3390804597701149
