var1,var2,var3,var4,var5,var6
0.029197080291970802,0.043795620437956206,0.10218978102189781,0.1897810218978102,0.24087591240875914,0.39416058394160586
