var1,var2,var3,var4,var5,var6
0.09389671361502347,0.14084507042253522,0.14553990610328638,0.1596244131455399,0.215962441314554,0.24413145539906103
