var1,var2,var3,var4,var5,var6
0.024390243902439025,0.06707317073170732,0.1524390243902439,0.15853658536585366,0.23780487804878048,0.3597560975609756
