var1,var2,var3,var4,var5,var6
0.025157232704402517,0.07547169811320754,0.13836477987421383,0.1761006289308176,0.2578616352201258,0.3270440251572327
