var1,var2,var3,var4,var5,var6
0.01775147928994083,0.023668639053254437,0.10650887573964497,0.21301775147928995,0.27218934911242604,0.3668639053254438
