var1,var2,var3,var4,var5,var6
0.0546448087431694,0.09289617486338798,0.12021857923497267,0.18579234972677597,0.2185792349726776,0.32786885245901637
