var1,var2,var3,var4,var5,var6
0.014388489208633094,0.07913669064748201,0.12949640287769784,0.18705035971223022,0.2446043165467626,0.34532374100719426
