var1,var2,var3,var4,var5,var6
0.012578616352201259,0.06918238993710692,0.1761006289308176,0.20125786163522014,0.22641509433962265,0.31446540880503143
