var1,var2,var3,var4,var5,var6
0.024193548387096774,0.07258064516129033,0.10483870967741936,0.12096774193548387,0.25806451612903225,0.41935483870967744
