var1,var2,var3,var4,var5,var6
0.06607929515418502,0.07929515418502203,0.12334801762114538,0.15859030837004406,0.27312775330396477,0.29955947136563876
