var1,var2,var3,var4,var5,var6
0.06040268456375839,0.12080536912751678,0.1342281879194631,0.1476510067114094,0.22818791946308725,0.3087248322147651
