var1,var2,var3,var4,var5,var6
0.09659090909090909,0.10227272727272728,0.13068181818181818,0.14204545454545456,0.18181818181818182,0.3465909090909091
