var1,var2,var3,var4,var5,var6
0.09178743961352658,0.12560386473429952,0.15942028985507245,0.17391304347826086,0.21256038647342995,0.23671497584541062
