var1,var2,var3,var4,var5,var6
0.047619047619047616,0.07482993197278912,0.11564625850340136,0.17006802721088435,0.20408163265306123,0.3877551020408163
