var1,var2,var3,var4,var5,var6
0.0949367088607595,0.14556962025316456,0.1518987341772152,0.17721518987341772,0.2088607594936709,0.22151898734177214
