var1,var2,var3,var4,var5,var6
0.08743169398907104,0.11475409836065574,0.15300546448087432,0.16393442622950818,0.22404371584699453,0.2568306010928962
