var1,var2,var3,var4,var5,var6
0.04081632653061224,0.05442176870748299,0.061224489795918366,0.16326530612244897,0.272108843537415,0.40816326530612246
