var1,var2,var3,var4,var5,var6
0.07453416149068323,0.08695652173913043,0.12422360248447205,0.18633540372670807,0.19254658385093168,0.33540372670807456
