var1,var2,var3,var4,var5,var6
0.07909604519774012,0.1016949152542373,0.15819209039548024,0.1638418079096045,0.192090395480226,0.3050847457627119
