var1,var2,var3,var4,var5,var6
0.02617801047120419,0.09947643979057591,0.14136125654450263,0.2094240837696335,0.23036649214659685,0.2931937172774869
