var1,var2,var3,var4,var5,var6
0.04716981132075472,0.07547169811320754,0.09433962264150944,0.18867924528301888,0.24528301886792453,0.3490566037735849
