var1,var2,var3,var4,var5,var6
0.022099447513812154,0.10497237569060773,0.13259668508287292,0.19889502762430938,0.2430939226519337,0.2983425414364641
