var1,var2,var3,var4,var5,var6
0.05319148936170213,0.07446808510638298,0.11702127659574468,0.18085106382978725,0.2127659574468085,0.3617021276595745
