var1,var2,var3,var4,var5,var6
0.10276679841897234,0.1225296442687747,0.13438735177865613,0.16600790513833993,0.18972332015810275,0.2845849802371542
