var1,var2,var3,var4,var5,var6
0.01834862385321101,0.03669724770642202,0.13761467889908258,0.22935779816513763,0.25688073394495414,0.3211009174311927
