var1,var2,var3,var4,var5,var6
0.05472636815920398,0.07960199004975124,0.11940298507462686,0.15920398009950248,0.2885572139303483,0.29850746268656714
