var1,var2,var3,var4,var5,var6
0.025806451612903226,0.04516129032258064,0.07741935483870968,0.21935483870967742,0.2838709677419355,0.34838709677419355
