var1,var2,var3,var4,var5,var6
0.040697674418604654,0.06395348837209303,0.11627906976744186,0.1686046511627907,0.2558139534883721,0.3546511627906977
