var1,var2,var3,var4,var5,var6
0.07555555555555556,0.09777777777777778,0.13333333333333333,0.19555555555555557,0.24,0.2577777777777778
