var1,var2,var3,var4,var5,var6
0.020100502512562814,0.09045226130653267,0.1306532663316583,0.16080402010050251,0.22613065326633167,0.37185929648241206
