var1,var2,var3,var4,var5,var6
0.041666666666666664,0.058333333333333334,0.11666666666666667,0.14166666666666666,0.26666666666666666,0.375
