var1,var2,var3,var4,var5,var6
0.03225806451612903,0.07258064516129033,0.12096774193548387,0.20161290322580644,0.25806451612903225,0.31451612903225806
