var1,var2,var3,var4,var5,var6
0.023255813953488372,0.11162790697674418,0.17674418604651163,0.18604651162790697,0.23255813953488372,0.26976744186046514
