var1,var2,var3,var4,var5,var6
0.05056179775280899,0.08426966292134831,0.12921348314606743,0.15730337078651685,0.2808988764044944,0.29775280898876405
