var1,var2,var3,var4,var5,var6
0.012121212121212121,0.06666666666666667,0.12121212121212122,0.16363636363636364,0.26666666666666666,0.3696969696969697
