var1,var2,var3,var4,var5,var6
0.02097902097902098,0.11188811188811189,0.16083916083916083,0.20279720279720279,0.24475524475524477,0.25874125874125875
