var1,var2,var3,var4,var5,var6
0.019417475728155338,0.038834951456310676,0.06796116504854369,0.21359223300970873,0.2912621359223301,0.36893203883495146
