var1,var2,var3,var4,var5,var6
0.025477707006369428,0.03821656050955414,0.08917197452229299,0.2229299363057325,0.24203821656050956,0.3821656050955414
