var1,var2,var3,var4,var5,var6
0.03076923076923077,0.06153846153846154,0.09743589743589744,0.17435897435897435,0.3076923076923077,0.3282051282051282
