var1,var2,var3,var4,var5,var6
0.028368794326241134,0.09219858156028368,0.1276595744680851,0.1347517730496454,0.2695035460992908,0.3475177304964539
