var1,var2,var3,var4,var5,var6
0.029940119760479042,0.0718562874251497,0.11377245508982035,0.17964071856287425,0.25748502994011974,0.3473053892215569
