var1,var2,var3,var4,var5,var6
0.019704433497536946,0.11822660098522167,0.1330049261083744,0.21674876847290642,0.22660098522167488,0.2857142857142857
