var1,var2,var3,var4,var5,var6
0.06334841628959276,0.1085972850678733,0.14027149321266968,0.18099547511312217,0.2081447963800905,0.2986425339366516
