var1,var2,var3,var4,var5,var6
0.05405405405405406,0.08783783783783784,0.12162162162162163,0.20270270270270271,0.22972972972972974,0.30405405405405406
