var1,var2,var3,var4,var5,var6
0.03773584905660377,0.050314465408805034,0.1509433962264151,0.15723270440251572,0.2138364779874214,0.389937106918239
