var1,var2,var3,var4,var5,var6
0.0375,0.0625,0.09375,0.15,0.275,0.38125
