var1,var2,var3,var4,var5,var6
0.02962962962962963,0.07407407407407407,0.08888888888888889,0.17777777777777778,0.22962962962962963,0.4
