var1,var2,var3,var4,var5,var6
0.04608294930875576,0.1152073732718894,0.16589861751152074,0.19815668202764977,0.21658986175115208,0.25806451612903225
