var1,var2,var3,var4,var5,var6
0.016042780748663103,0.0962566844919786,0.13903743315508021,0.1925133689839572,0.21390374331550802,0.3422459893048128
