var1,var2,var3,var4,var5,var6
0.04784688995215311,0.14354066985645933,0.16267942583732056,0.19617224880382775,0.22009569377990432,0.22966507177033493
