var1,var2,var3,var4,var5,var6
0.07623318385650224,0.09865470852017937,0.10762331838565023,0.13452914798206278,0.2600896860986547,0.32286995515695066
