var1,var2,var3,var4,var5,var6
0.023391812865497075,0.04093567251461988,0.11695906432748537,0.1286549707602339,0.3157894736842105,0.3742690058479532
