var1,var2,var3,var4,var5,var6
0.020833333333333332,0.09895833333333333,0.140625,0.21354166666666666,0.22916666666666666,0.296875
