var1,var2,var3,var4,var5,var6
0.03289473684210526,0.046052631578947366,0.13815789473684212,0.20394736842105263,0.23026315789473684,0.34868421052631576
