var1,var2,var3,var4,var5,var6
0.031055900621118012,0.043478260869565216,0.10559006211180125,0.19875776397515527,0.2670807453416149,0.35403726708074534
