var1,var2,var3,var4,var5,var6
0.034013605442176874,0.047619047619047616,0.11564625850340136,0.12244897959183673,0.2925170068027211,0.3877551020408163
