var1,var2,var3,var4,var5,var6
0.047619047619047616,0.09523809523809523,0.14965986394557823,0.20408163265306123,0.21768707482993196,0.2857142857142857
