var1,var2,var3,var4,var5,var6
0.07207207207207207,0.12162162162162163,0.15765765765765766,0.18018018018018017,0.21171171171171171,0.25675675675675674
