var1,var2,var3,var4,var5,var6
0.03355704697986577,0.06711409395973154,0.11409395973154363,0.15436241610738255,0.22818791946308725,0.40268456375838924
