var1,var2,var3,var4,var5,var6
0.06766917293233082,0.09022556390977443,0.10526315789473684,0.13533834586466165,0.21052631578947367,0.39097744360902253
