var1,var2,var3,var4,var5,var6
0.024691358024691357,0.05761316872427984,0.09876543209876543,0.205761316872428,0.24279835390946503,0.37037037037037035
