var1,var2,var3,var4,var5,var6
0.011049723756906077,0.06629834254143646,0.143646408839779,0.19337016574585636,0.27624309392265195,0.30939226519337015
