var1,var2,var3,var4,var5,var6
0.049773755656108594,0.12669683257918551,0.15384615384615385,0.17194570135746606,0.21266968325791855,0.2850678733031674
