var1,var2,var3,var4,var5,var6
0.03424657534246575,0.04794520547945205,0.11643835616438356,0.18493150684931506,0.2602739726027397,0.3561643835616438
