var1,var2,var3,var4,var5,var6
0.011560693641618497,0.09248554913294797,0.16184971098265896,0.20809248554913296,0.23121387283236994,0.2947976878612717
