var1,var2,var3,var4,var5,var6
0.10152284263959391,0.116751269035533,0.15228426395939088,0.17258883248730963,0.2131979695431472,0.2436548223350254
