var1,var2,var3,var4,var5,var6
0.025477707006369428,0.050955414012738856,0.08917197452229299,0.17197452229299362,0.21656050955414013,0.445859872611465
