var1,var2,var3,var4,var5,var6
0.023668639053254437,0.07100591715976332,0.08875739644970414,0.1893491124260355,0.3076923076923077,0.31952662721893493
