var1,var2,var3,var4,var5,var6
0.05128205128205128,0.06666666666666667,0.1641025641025641,0.18461538461538463,0.24615384615384617,0.28717948717948716
