var1,var2,var3,var4,var5,var6
0.07272727272727272,0.09696969696969697,0.15757575757575756,0.20606060606060606,0.22424242424242424,0.24242424242424243
