var1,var2,var3,var4,var5,var6
0.04678362573099415,0.11695906432748537,0.15204678362573099,0.15789473684210525,0.23391812865497075,0.29239766081871343
