var1,var2,var3,var4,var5,var6
0.08571428571428572,0.09387755102040816,0.12244897959183673,0.1510204081632653,0.2612244897959184,0.2857142857142857
