var1,var2,var3,var4,var5,var6
0.03508771929824561,0.1111111111111111,0.14035087719298245,0.16374269005847952,0.23391812865497075,0.3157894736842105
