var1,var2,var3,var4,var5,var6
0.03636363636363636,0.07272727272727272,0.10303030303030303,0.1696969696969697,0.23030303030303031,0.3878787878787879
