var1,var2,var3,var4,var5,var6
0.0427807486631016,0.06951871657754011,0.11764705882352941,0.1925133689839572,0.24598930481283424,0.3315508021390374
