var1,var2,var3,var4,var5,var6
0.04363636363636364,0.11636363636363636,0.13454545454545455,0.20363636363636364,0.24,0.26181818181818184
