var1,var2,var3,var4,var5,var6
0.01694915254237288,0.059322033898305086,0.11864406779661017,0.2033898305084746,0.2542372881355932,0.3474576271186441
