var1,var2,var3,var4,var5,var6
0.03015075376884422,0.12060301507537688,0.135678391959799,0.20603015075376885,0.21608040201005024,0.2914572864321608
