var1,var2,var3,var4,var5,var6
0.01932367149758454,0.13526570048309178,0.1497584541062802,0.21256038647342995,0.2222222222222222,0.2608695652173913
