var1,var2,var3,var4,var5,var6
0.09523809523809523,0.1111111111111111,0.12698412698412698,0.15873015873015872,0.2328042328042328,0.2751322751322751
