var1,var2,var3,var4,var5,var6
0.07086614173228346,0.07874015748031496,0.08661417322834646,0.12598425196850394,0.2677165354330709,0.3700787401574803
