var1,var2,var3,var4,var5,var6
0.027932960893854747,0.07262569832402235,0.12290502793296089,0.16201117318435754,0.27932960893854747,0.33519553072625696
