var1,var2,var3,var4,var5,var6
0.04,0.14222222222222222,0.1511111111111111,0.1688888888888889,0.2222222222222222,0.27555555555555555
