var1,var2,var3,var4,var5,var6
0.03932584269662921,0.06741573033707865,0.11797752808988764,0.15168539325842698,0.2640449438202247,0.3595505617977528
