var1,var2,var3,var4,var5,var6
0.06428571428571428,0.07142857142857142,0.17142857142857143,0.18571428571428572,0.20714285714285716,0.3
