var1,var2,var3,var4,var5,var6
0.025423728813559324,0.059322033898305086,0.1440677966101695,0.23728813559322035,0.2457627118644068,0.288135593220339
