var1,var2,var3,var4,var5,var6
0.020202020202020204,0.04040404040404041,0.10101010101010101,0.15151515151515152,0.18181818181818182,0.5050505050505051
