var1,var2,var3,var4,var5,var6
0.07042253521126761,0.10328638497652583,0.15023474178403756,0.1784037558685446,0.2300469483568075,0.2676056338028169
