var1,var2,var3,var4,var5,var6
0.04242424242424243,0.10909090909090909,0.12121212121212122,0.14545454545454545,0.2606060606060606,0.3212121212121212
