var1,var2,var3,var4,var5,var6
0.062111801242236024,0.08695652173913043,0.13664596273291926,0.16770186335403728,0.18633540372670807,0.36024844720496896
