var1,var2,var3,var4,var5,var6
0.04487179487179487,0.07692307692307693,0.1346153846153846,0.1987179487179487,0.23717948717948717,0.3076923076923077
