var1,var2,var3,var4,var5,var6
0.06870229007633588,0.08396946564885496,0.13740458015267176,0.1450381679389313,0.2595419847328244,0.3053435114503817
