var1,var2,var3,var4,var5,var6
0.10891089108910891,0.132013201320132,0.16501650165016502,0.17491749174917492,0.19141914191419143,0.22772277227722773
