var1,var2,var3,var4,var5,var6
0.013986013986013986,0.1048951048951049,0.11188811188811189,0.14685314685314685,0.27972027972027974,0.34265734265734266
