var1,var2,var3,var4,var5,var6
0.015151515151515152,0.05303030303030303,0.12121212121212122,0.15151515151515152,0.19696969696969696,0.4621212121212121
