var1,var2,var3,var4,var5,var6
0.056338028169014086,0.11267605633802817,0.1596244131455399,0.17370892018779344,0.18779342723004694,0.30985915492957744
