var1,var2,var3,var4,var5,var6
0.020512820512820513,0.06153846153846154,0.1641025641025641,0.18974358974358974,0.27692307692307694,0.28717948717948716
