var1,var2,var3,var4,var5,var6
0.05263157894736842,0.0935672514619883,0.15204678362573099,0.19883040935672514,0.23391812865497075,0.26900584795321636
