var1,var2,var3,var4,var5,var6
0.06896551724137931,0.08866995073891626,0.11330049261083744,0.12807881773399016,0.27586206896551724,0.3251231527093596
