var1,var2,var3,var4,var5,var6
0.027777777777777776,0.07222222222222222,0.10555555555555556,0.2,0.2388888888888889,0.35555555555555557
