var1,var2,var3,var4,var5,var6
0.06598984771573604,0.09137055837563451,0.1218274111675127,0.17258883248730963,0.2233502538071066,0.3248730964467005
