var1,var2,var3,var4,var5,var6
0.014598540145985401,0.08029197080291971,0.16058394160583941,0.2116788321167883,0.26277372262773724,0.27007299270072993
