var1,var2,var3,var4,var5,var6
0.015503875968992248,0.10077519379844961,0.15503875968992248,0.18604651162790697,0.23255813953488372,0.31007751937984496
