var1,var2,var3,var4,var5,var6
0.05405405405405406,0.07567567567567568,0.13513513513513514,0.16756756756756758,0.2594594594594595,0.3081081081081081
