var1,var2,var3,var4,var5,var6
0.017543859649122806,0.04678362573099415,0.1111111111111111,0.13450292397660818,0.3157894736842105,0.3742690058479532
