var1,var2,var3,var4,var5,var6
0.0871559633027523,0.14220183486238533,0.1559633027522936,0.16055045871559634,0.18807339449541285,0.26605504587155965
