var1,var2,var3,var4,var5,var6
0.024154589371980676,0.07729468599033816,0.178743961352657,0.18840579710144928,0.2463768115942029,0.28502415458937197
