var1,var2,var3,var4,var5,var6
0.059602649006622516,0.08609271523178808,0.18543046357615894,0.2052980132450331,0.2251655629139073,0.23841059602649006
