var1,var2,var3,var4,var5,var6
0.06358381502890173,0.11560693641618497,0.15028901734104047,0.18497109826589594,0.19653179190751446,0.28901734104046245
