var1,var2,var3,var4,var5,var6
0.02185792349726776,0.08743169398907104,0.17486338797814208,0.21311475409836064,0.22950819672131148,0.273224043715847
