var1,var2,var3,var4,var5,var6
0.046242774566473986,0.06358381502890173,0.13872832369942195,0.21965317919075145,0.2543352601156069,0.2774566473988439
