var1,var2,var3,var4,var5,var6
0.04568527918781726,0.07614213197969544,0.14213197969543148,0.19796954314720813,0.2233502538071066,0.3147208121827411
