var1,var2,var3,var4,var5,var6
0.07281553398058252,0.0970873786407767,0.12135922330097088,0.16019417475728157,0.2524271844660194,0.2961165048543689
