var1,var2,var3,var4,var5,var6
0.023391812865497075,0.03508771929824561,0.10526315789473684,0.17543859649122806,0.2631578947368421,0.39766081871345027
