var1,var2,var3,var4,var5,var6
0.06442577030812324,0.0784313725490196,0.12324929971988796,0.16246498599439776,0.27450980392156865,0.2969187675070028
