var1,var2,var3,var4,var5,var6
0.06153846153846154,0.12307692307692308,0.14358974358974358,0.15384615384615385,0.2,0.31794871794871793
