var1,var2,var3,var4,var5,var6
0.06504065040650407,0.08672086720867209,0.16802168021680217,0.21138211382113822,0.22493224932249323,0.24390243902439024
