var1,var2,var3,var4,var5,var6
0.03414634146341464,0.03902439024390244,0.12682926829268293,0.14634146341463414,0.3024390243902439,0.35121951219512193
