var1,var2,var3,var4,var5,var6
0.053061224489795916,0.08163265306122448,0.17142857142857143,0.19591836734693877,0.22857142857142856,0.2693877551020408
