var1,var2,var3,var4,var5,var6
0.058577405857740586,0.100418410041841,0.14644351464435146,0.19246861924686193,0.22594142259414227,0.27615062761506276
