var1,var2,var3,var4,var5,var6
0.037267080745341616,0.14285714285714285,0.15527950310559005,0.18633540372670807,0.22981366459627328,0.2484472049689441
