var1,var2,var3,var4,var5,var6
0.05025125628140704,0.09045226130653267,0.1306532663316583,0.19597989949748743,0.25125628140703515,0.2814070351758794
