var1,var2,var3,var4,var5,var6
0.05434782608695652,0.125,0.14673913043478262,0.15760869565217392,0.2391304347826087,0.27717391304347827
