var1,var2,var3,var4,var5,var6
0.050314465408805034,0.06289308176100629,0.07547169811320754,0.1761006289308176,0.24528301886792453,0.389937106918239
