var1,var2,var3,var4,var5,var6
0.07878787878787878,0.10303030303030303,0.11515151515151516,0.1696969696969697,0.23030303030303031,0.30303030303030304
