var1,var2,var3,var4,var5,var6
0.02127659574468085,0.07092198581560284,0.0851063829787234,0.2198581560283688,0.2624113475177305,0.3404255319148936
