var1,var2,var3,var4,var5,var6
0.08284023668639054,0.11242603550295859,0.1301775147928994,0.15384615384615385,0.17751479289940827,0.3431952662721893
