var1,var2,var3,var4,var5,var6
0.053497942386831275,0.12345679012345678,0.14814814814814814,0.1728395061728395,0.2139917695473251,0.2880658436213992
