var1,var2,var3,var4,var5,var6
0.08,0.1,0.12,0.16,0.25333333333333335,0.2866666666666667
