var1,var2,var3,var4,var5,var6
0.0111731843575419,0.0335195530726257,0.1564245810055866,0.20670391061452514,0.24581005586592178,0.3463687150837989
