var1,var2,var3,var4,var5,var6
0.0783132530120482,0.08433734939759036,0.13855421686746988,0.21084337349397592,0.2289156626506024,0.25903614457831325
