var1,var2,var3,var4,var5,var6
0.060810810810810814,0.0945945945945946,0.10810810810810811,0.20945945945945946,0.25,0.27702702702702703
