var1,var2,var3,var4,var5,var6
0.03902439024390244,0.1024390243902439,0.14634146341463414,0.2146341463414634,0.22439024390243903,0.2731707317073171
