var1,var2,var3,var4,var5,var6
0.03067484662576687,0.03680981595092025,0.08588957055214724,0.15950920245398773,0.2331288343558282,0.4539877300613497
