var1,var2,var3,var4,var5,var6
0.008695652173913044,0.06956521739130435,0.10434782608695652,0.20869565217391303,0.2608695652173913,0.34782608695652173
