var1,var2,var3,var4,var5,var6
0.07407407407407407,0.11851851851851852,0.13333333333333333,0.14814814814814814,0.21481481481481482,0.3111111111111111
