var1,var2,var3,var4,var5,var6
0.044585987261146494,0.07643312101910828,0.12738853503184713,0.14012738853503184,0.2929936305732484,0.3184713375796178
