var1,var2,var3,var4,var5,var6
0.06097560975609756,0.0975609756097561,0.12195121951219512,0.17682926829268292,0.25609756097560976,0.2865853658536585
