var1,var2,var3,var4,var5,var6
0.027972027972027972,0.055944055944055944,0.0979020979020979,0.16783216783216784,0.23076923076923078,0.4195804195804196
