var1,var2,var3,var4,var5,var6
0.05649717514124294,0.07344632768361582,0.13559322033898305,0.22598870056497175,0.24858757062146894,0.2598870056497175
