var1,var2,var3,var4,var5,var6
0.058823529411764705,0.09191176470588236,0.13602941176470587,0.17279411764705882,0.2610294117647059,0.27941176470588236
