var1,var2,var3,var4,var5,var6
0.05925925925925926,0.07407407407407407,0.0962962962962963,0.16296296296296298,0.2814814814814815,0.32592592592592595
