var1,var2,var3,var4,var5,var6
0.04568527918781726,0.08121827411167512,0.10152284263959391,0.19289340101522842,0.2639593908629442,0.3147208121827411
