var1,var2,var3,var4,var5,var6
0.04697986577181208,0.06711409395973154,0.10738255033557047,0.1476510067114094,0.20134228187919462,0.42953020134228187
