var1,var2,var3,var4,var5,var6
0.04285714285714286,0.08571428571428572,0.1357142857142857,0.18571428571428572,0.24285714285714285,0.30714285714285716
