var1,var2,var3,var4,var5,var6
0.023121387283236993,0.06358381502890173,0.08092485549132948,0.15028901734104047,0.3236994219653179,0.3583815028901734
