var1,var2,var3,var4,var5,var6
0.026785714285714284,0.05357142857142857,0.09821428571428571,0.22321428571428573,0.23214285714285715,0.36607142857142855
