var1,var2,var3,var4,var5,var6
0.026905829596412557,0.1031390134529148,0.17040358744394618,0.18834080717488788,0.2242152466367713,0.28699551569506726
