var1,var2,var3,var4,var5,var6
0.06741573033707865,0.15168539325842698,0.15730337078651685,0.17415730337078653,0.19662921348314608,0.25280898876404495
