var1,var2,var3,var4,var5,var6
0.10344827586206896,0.12413793103448276,0.1310344827586207,0.14482758620689656,0.15862068965517243,0.33793103448275863
