var1,var2,var3,var4,var5,var6
0.0784313725490196,0.13725490196078433,0.1568627450980392,0.16470588235294117,0.20392156862745098,0.25882352941176473
