var1,var2,var3,var4,var5,var6
0.043795620437956206,0.058394160583941604,0.08759124087591241,0.11678832116788321,0.31386861313868614,0.3795620437956204
