var1,var2,var3,var4,var5,var6
0.07003891050583658,0.10116731517509728,0.16342412451361868,0.20233463035019456,0.2140077821011673,0.2490272373540856
