var1,var2,var3,var4,var5,var6
0.05660377358490566,0.07547169811320754,0.16981132075471697,0.1949685534591195,0.20754716981132076,0.29559748427672955
