var1,var2,var3,var4,var5,var6
0.055944055944055944,0.09090909090909091,0.11188811188811189,0.13986013986013987,0.26573426573426573,0.3356643356643357
