var1,var2,var3,var4,var5,var6
0.08294930875576037,0.11059907834101383,0.1336405529953917,0.20276497695852536,0.2119815668202765,0.25806451612903225
