var1,var2,var3,var4,var5,var6
0.04608294930875576,0.11981566820276497,0.17050691244239632,0.18433179723502305,0.2119815668202765,0.2672811059907834
