var1,var2,var3,var4,var5,var6
0.034934497816593885,0.043668122270742356,0.13537117903930132,0.1572052401746725,0.28820960698689957,0.3406113537117904
