var1,var2,var3,var4,var5,var6
0.046948356807511735,0.107981220657277,0.14553990610328638,0.16901408450704225,0.20187793427230047,0.3286384976525822
