var1,var2,var3,var4,var5,var6
0.08284023668639054,0.09467455621301775,0.11834319526627218,0.15384615384615385,0.20710059171597633,0.3431952662721893
