var1,var2,var3,var4,var5,var6
0.028708133971291867,0.06698564593301436,0.1339712918660287,0.18660287081339713,0.28708133971291866,0.2966507177033493
