var1,var2,var3,var4,var5,var6
0.058823529411764705,0.10457516339869281,0.13071895424836602,0.16993464052287582,0.2222222222222222,0.3137254901960784
