var1,var2,var3,var4,var5,var6
0.06504065040650407,0.08130081300813008,0.08943089430894309,0.11382113821138211,0.21138211382113822,0.43902439024390244
