var1,var2,var3,var4,var5,var6
0.03111111111111111,0.10666666666666667,0.17777777777777778,0.18666666666666668,0.2311111111111111,0.26666666666666666
