var1,var2,var3,var4,var5,var6
0.0546448087431694,0.1092896174863388,0.13114754098360656,0.14207650273224043,0.26229508196721313,0.3005464480874317
