var1,var2,var3,var4,var5,var6
0.05128205128205128,0.05982905982905983,0.17094017094017094,0.18803418803418803,0.21367521367521367,0.3162393162393162
