var1,var2,var3,var4,var5,var6
0.028985507246376812,0.10144927536231885,0.12560386473429952,0.14492753623188406,0.2608695652173913,0.33816425120772947
