var1,var2,var3,var4,var5,var6
0.04895104895104895,0.06993006993006994,0.11188811188811189,0.13986013986013987,0.23776223776223776,0.3916083916083916
