var1,var2,var3,var4,var5,var6
0.028708133971291867,0.08133971291866028,0.11483253588516747,0.21052631578947367,0.27751196172248804,0.28708133971291866
