var1,var2,var3,var4,var5,var6
0.04395604395604396,0.054945054945054944,0.08791208791208792,0.15384615384615385,0.21978021978021978,0.43956043956043955
