var1,var2,var3,var4,var5,var6
0.02512562814070352,0.06030150753768844,0.16080402010050251,0.20100502512562815,0.24120603015075376,0.31155778894472363
