var1,var2,var3,var4,var5,var6
0.07547169811320754,0.09433962264150944,0.11320754716981132,0.20125786163522014,0.24528301886792453,0.27044025157232704
