var1,var2,var3,var4,var5,var6
0.01948051948051948,0.06493506493506493,0.16883116883116883,0.2012987012987013,0.22727272727272727,0.3181818181818182
