var1,var2,var3,var4,var5,var6
0.11764705882352941,0.13122171945701358,0.16289592760180996,0.18099547511312217,0.18552036199095023,0.22171945701357465
