var1,var2,var3,var4,var5,var6
0.023255813953488372,0.037209302325581395,0.08372093023255814,0.24186046511627907,0.26046511627906976,0.35348837209302325
