var1,var2,var3,var4,var5,var6
0.11267605633802817,0.13145539906103287,0.14084507042253522,0.1784037558685446,0.20187793427230047,0.2347417840375587
