var1,var2,var3,var4,var5,var6
0.07239819004524888,0.12669683257918551,0.16289592760180996,0.19004524886877827,0.2081447963800905,0.2398190045248869
