var1,var2,var3,var4,var5,var6
0.04,0.09333333333333334,0.11333333333333333,0.14666666666666667,0.16,0.44666666666666666
