var1,var2,var3,var4,var5,var6
0.046242774566473986,0.11560693641618497,0.1329479768786127,0.1676300578034682,0.17341040462427745,0.36416184971098264
