var1,var2,var3,var4,var5,var6
0.10303030303030303,0.1393939393939394,0.15757575757575756,0.17575757575757575,0.20606060606060606,0.21818181818181817
