var1,var2,var3,var4,var5,var6
0.05128205128205128,0.08205128205128205,0.13846153846153847,0.1794871794871795,0.2564102564102564,0.2923076923076923
