var1,var2,var3,var4,var5,var6
0.023121387283236993,0.057803468208092484,0.09826589595375723,0.17341040462427745,0.28901734104046245,0.3583815028901734
