var1,var2,var3,var4,var5,var6
0.07065217391304347,0.08152173913043478,0.10869565217391304,0.125,0.2826086956521739,0.33152173913043476
