var1,var2,var3,var4,var5,var6
0.03125,0.0390625,0.125,0.203125,0.25,0.3515625
