var1,var2,var3,var4,var5,var6
0.0915032679738562,0.11764705882352941,0.1503267973856209,0.16339869281045752,0.22875816993464052,0.24836601307189543
