var1,var2,var3,var4,var5,var6
0.04897959183673469,0.05714285714285714,0.07755102040816327,0.22040816326530613,0.2530612244897959,0.34285714285714286
