var1,var2,var3,var4,var5,var6
0.018691588785046728,0.037383177570093455,0.09345794392523364,0.1588785046728972,0.18691588785046728,0.5046728971962616
