var1,var2,var3,var4,var5,var6
0.00975609756097561,0.11707317073170732,0.13658536585365855,0.2,0.23414634146341465,0.3024390243902439
