var1,var2,var3,var4,var5,var6
0.06077348066298342,0.09944751381215469,0.12154696132596685,0.16574585635359115,0.23204419889502761,0.32044198895027626
