var1,var2,var3,var4,var5,var6
0.059574468085106386,0.06808510638297872,0.15319148936170213,0.16595744680851063,0.2553191489361702,0.2978723404255319
