var1,var2,var3,var4,var5,var6
0.012903225806451613,0.05806451612903226,0.14193548387096774,0.16774193548387098,0.2709677419354839,0.34838709677419355
