var1,var2,var3,var4,var5,var6
0.021645021645021644,0.03463203463203463,0.11255411255411256,0.17316017316017315,0.30303030303030304,0.354978354978355
