var1,var2,var3,var4,var5,var6
0.046242774566473986,0.08092485549132948,0.09248554913294797,0.10404624277456648,0.32947976878612717,0.3468208092485549
