var1,var2,var3,var4,var5,var6
0.0944206008583691,0.12446351931330472,0.13733905579399142,0.1630901287553648,0.2145922746781116,0.26609442060085836
