var1,var2,var3,var4,var5,var6
0.0449438202247191,0.08239700374531835,0.17228464419475656,0.19101123595505617,0.2247191011235955,0.2846441947565543
