var1,var2,var3,var4,var5,var6
0.041237113402061855,0.061855670103092786,0.12371134020618557,0.15463917525773196,0.20618556701030927,0.41237113402061853
