var1,var2,var3,var4,var5,var6
0.034934497816593885,0.056768558951965066,0.07860262008733625,0.20087336244541484,0.26200873362445415,0.36681222707423583
