var1,var2,var3,var4,var5,var6
0.06766917293233082,0.11278195488721804,0.13533834586466165,0.15037593984962405,0.18796992481203006,0.3458646616541353
