var1,var2,var3,var4,var5,var6
0.017341040462427744,0.11560693641618497,0.17341040462427745,0.1791907514450867,0.2138728323699422,0.30057803468208094
