var1,var2,var3,var4,var5,var6
0.06866952789699571,0.07296137339055794,0.11587982832618025,0.22317596566523606,0.2446351931330472,0.27467811158798283
