var1,var2,var3,var4,var5,var6
0.07659574468085106,0.12340425531914893,0.14468085106382977,0.1829787234042553,0.19574468085106383,0.2765957446808511
