var1,var2,var3,var4,var5,var6
0.015037593984962405,0.06766917293233082,0.10526315789473684,0.16541353383458646,0.22556390977443608,0.42105263157894735
