var1,var2,var3,var4,var5,var6
0.022556390977443608,0.03759398496240601,0.18796992481203006,0.19548872180451127,0.24060150375939848,0.3157894736842105
