var1,var2,var3,var4,var5,var6
0.0425531914893617,0.10638297872340426,0.16170212765957448,0.1829787234042553,0.19148936170212766,0.3148936170212766
