var1,var2,var3,var4,var5,var6
0.03773584905660377,0.10377358490566038,0.12264150943396226,0.1320754716981132,0.1792452830188679,0.42452830188679247
