var1,var2,var3,var4,var5,var6
0.050955414012738856,0.07643312101910828,0.17834394904458598,0.19745222929936307,0.21656050955414013,0.2802547770700637
