var1,var2,var3,var4,var5,var6
0.03333333333333333,0.06666666666666667,0.09333333333333334,0.12,0.32,0.36666666666666664
