var1,var2,var3,var4,var5,var6
0.06829268292682927,0.11707317073170732,0.15121951219512195,0.1951219512195122,0.2146341463414634,0.25365853658536586
