var1,var2,var3,var4,var5,var6
0.09395973154362416,0.1476510067114094,0.1610738255033557,0.16778523489932887,0.20134228187919462,0.22818791946308725
