var1,var2,var3,var4,var5,var6
0.029850746268656716,0.09701492537313433,0.1417910447761194,0.16417910447761194,0.2537313432835821,0.31343283582089554
