var1,var2,var3,var4,var5,var6
0.05517241379310345,0.0896551724137931,0.13793103448275862,0.20689655172413793,0.23448275862068965,0.27586206896551724
