var1,var2,var3,var4,var5,var6
0.07514450867052024,0.12716763005780346,0.13872832369942195,0.18497109826589594,0.21965317919075145,0.2543352601156069
