var1,var2,var3,var4,var5,var6
0.046632124352331605,0.11398963730569948,0.15544041450777202,0.16580310880829016,0.21761658031088082,0.3005181347150259
