var1,var2,var3,var4,var5,var6
0.018292682926829267,0.10975609756097561,0.1524390243902439,0.18292682926829268,0.25,0.2865853658536585
