var1,var2,var3,var4,var5,var6
0.05533596837944664,0.11857707509881422,0.1383399209486166,0.2134387351778656,0.22924901185770752,0.2450592885375494
