var1,var2,var3,var4,var5,var6
0.0182648401826484,0.0273972602739726,0.1004566210045662,0.1643835616438356,0.2876712328767123,0.4018264840182648
