var1,var2,var3,var4,var5,var6
0.043478260869565216,0.07453416149068323,0.11180124223602485,0.12422360248447205,0.2732919254658385,0.37267080745341613
