var1,var2,var3,var4,var5,var6
0.048484848484848485,0.05454545454545454,0.12121212121212122,0.18181818181818182,0.19393939393939394,0.4
