var1,var2,var3,var4,var5,var6
0.05649717514124294,0.12994350282485875,0.13559322033898305,0.1807909604519774,0.21468926553672316,0.2824858757062147
