var1,var2,var3,var4,var5,var6
0.053691275167785234,0.0738255033557047,0.09395973154362416,0.1342281879194631,0.3087248322147651,0.33557046979865773
