var1,var2,var3,var4,var5,var6
0.07329842931937172,0.09424083769633508,0.09947643979057591,0.15706806282722513,0.27225130890052357,0.3036649214659686
