var1,var2,var3,var4,var5,var6
0.03597122302158273,0.07194244604316546,0.12949640287769784,0.2302158273381295,0.2589928057553957,0.2733812949640288
