var1,var2,var3,var4,var5,var6
0.03088803088803089,0.12355212355212356,0.16988416988416988,0.19305019305019305,0.20463320463320464,0.277992277992278
