var1,var2,var3,var4,var5,var6
0.02074688796680498,0.06639004149377593,0.14107883817427386,0.1825726141078838,0.23236514522821577,0.35684647302904565
