var1,var2,var3,var4,var5,var6
0.08588957055214724,0.09815950920245399,0.1411042944785276,0.19631901840490798,0.22085889570552147,0.25766871165644173
