var1,var2,var3,var4,var5,var6
0.029556650246305417,0.04433497536945813,0.12807881773399016,0.13793103448275862,0.30049261083743845,0.35960591133004927
