var1,var2,var3,var4,var5,var6
0.054878048780487805,0.07317073170731707,0.17073170731707318,0.18292682926829268,0.21341463414634146,0.3048780487804878
