var1,var2,var3,var4,var5,var6
0.04225352112676056,0.056338028169014086,0.16901408450704225,0.19014084507042253,0.21830985915492956,0.323943661971831
