var1,var2,var3,var4,var5,var6
0.06111111111111111,0.07222222222222222,0.1111111111111111,0.17777777777777778,0.2722222222222222,0.3055555555555556
