var1,var2,var3,var4,var5,var6
0.017045454545454544,0.07386363636363637,0.13068181818181818,0.2159090909090909,0.25,0.3125
