var1,var2,var3,var4,var5,var6
0.03015075376884422,0.07035175879396985,0.08542713567839195,0.12060301507537688,0.2814070351758794,0.4120603015075377
