var1,var2,var3,var4,var5,var6
0.023255813953488372,0.046511627906976744,0.13953488372093023,0.17054263565891473,0.2558139534883721,0.3643410852713178
