var1,var2,var3,var4,var5,var6
0.02912621359223301,0.038834951456310676,0.07766990291262135,0.17475728155339806,0.3300970873786408,0.34951456310679613
