var1,var2,var3,var4,var5,var6
0.014354066985645933,0.11004784688995216,0.13875598086124402,0.18181818181818182,0.2535885167464115,0.3014354066985646
