var1,var2,var3,var4,var5,var6
0.04864864864864865,0.11351351351351352,0.13513513513513514,0.20540540540540542,0.21081081081081082,0.2864864864864865
