var1,var2,var3,var4,var5,var6
0.05217391304347826,0.12173913043478261,0.13043478260869565,0.19130434782608696,0.20869565217391303,0.2956521739130435
