var1,var2,var3,var4,var5,var6
0.06896551724137931,0.09655172413793103,0.1103448275862069,0.12413793103448276,0.21379310344827587,0.38620689655172413
