var1,var2,var3,var4,var5,var6
0.041666666666666664,0.06547619047619048,0.14285714285714285,0.15476190476190477,0.26785714285714285,0.3273809523809524
