var1,var2,var3,var4,var5,var6
0.050505050505050504,0.08080808080808081,0.10101010101010101,0.16161616161616163,0.2828282828282828,0.32323232323232326
