var1,var2,var3,var4,var5,var6
0.07602339181286549,0.0935672514619883,0.12280701754385964,0.21052631578947367,0.2222222222222222,0.27485380116959063
