var1,var2,var3,var4,var5,var6
0.0755813953488372,0.0872093023255814,0.11046511627906977,0.22093023255813954,0.23837209302325582,0.26744186046511625
