var1,var2,var3,var4,var5,var6
0.07772020725388601,0.10362694300518134,0.12435233160621761,0.16580310880829016,0.21761658031088082,0.31088082901554404
