var1,var2,var3,var4,var5,var6
0.03463203463203463,0.06060606060606061,0.13852813852813853,0.18614718614718614,0.2857142857142857,0.2943722943722944
