var1,var2,var3,var4,var5,var6
0.021164021164021163,0.05291005291005291,0.12169312169312169,0.19047619047619047,0.2751322751322751,0.3386243386243386
