var1,var2,var3,var4,var5,var6
0.036036036036036036,0.07207207207207207,0.11711711711711711,0.2072072072072072,0.2702702702702703,0.2972972972972973
