var1,var2,var3,var4,var5,var6
0.02040816326530612,0.09523809523809523,0.1360544217687075,0.19047619047619047,0.24489795918367346,0.3129251700680272
