var1,var2,var3,var4,var5,var6
0.036458333333333336,0.14583333333333334,0.16145833333333334,0.17708333333333334,0.234375,0.24479166666666666
