var1,var2,var3,var4,var5,var6
0.04433497536945813,0.12807881773399016,0.15763546798029557,0.17733990147783252,0.21182266009852216,0.28078817733990147
