var1,var2,var3,var4,var5,var6
0.037037037037037035,0.08888888888888889,0.11851851851851852,0.16296296296296298,0.26666666666666666,0.32592592592592595
