var1,var2,var3,var4,var5,var6
0.04225352112676056,0.056338028169014086,0.10328638497652583,0.13145539906103287,0.3286384976525822,0.3380281690140845
