var1,var2,var3,var4,var5,var6
0.030303030303030304,0.048484848484848485,0.07272727272727272,0.18181818181818182,0.2909090909090909,0.37575757575757573
