var1,var2,var3,var4,var5,var6
0.07586206896551724,0.08275862068965517,0.16551724137931034,0.1793103448275862,0.19310344827586207,0.30344827586206896
