var1,var2,var3,var4,var5,var6
0.044585987261146494,0.07643312101910828,0.10191082802547771,0.14012738853503184,0.31210191082802546,0.3248407643312102
