var1,var2,var3,var4,var5,var6
0.019704433497536946,0.029556650246305417,0.10837438423645321,0.20689655172413793,0.26108374384236455,0.37438423645320196
