var1,var2,var3,var4,var5,var6
0.039525691699604744,0.06719367588932806,0.16600790513833993,0.2134387351778656,0.2450592885375494,0.26877470355731226
