var1,var2,var3,var4,var5,var6
0.04516129032258064,0.12903225806451613,0.14838709677419354,0.16774193548387098,0.22580645161290322,0.2838709677419355
