var1,var2,var3,var4,var5,var6
0.0196078431372549,0.10980392156862745,0.11764705882352941,0.17254901960784313,0.27450980392156865,0.3058823529411765
