var1,var2,var3,var4,var5,var6
0.026737967914438502,0.0748663101604278,0.0962566844919786,0.20320855614973263,0.25668449197860965,0.3422459893048128
