var1,var2,var3,var4,var5,var6
0.060240963855421686,0.13855421686746988,0.16265060240963855,0.18674698795180722,0.21686746987951808,0.23493975903614459
