var1,var2,var3,var4,var5,var6
0.01948051948051948,0.03896103896103896,0.11038961038961038,0.21428571428571427,0.2597402597402597,0.35714285714285715
