var1,var2,var3,var4,var5,var6
0.019867549668874173,0.033112582781456956,0.16556291390728478,0.2052980132450331,0.26490066225165565,0.31125827814569534
