var1,var2,var3,var4,var5,var6
0.06956521739130435,0.12173913043478261,0.1391304347826087,0.17391304347826086,0.21739130434782608,0.2782608695652174
