var1,var2,var3,var4,var5,var6
0.0335195530726257,0.05027932960893855,0.1452513966480447,0.1564245810055866,0.2737430167597765,0.3407821229050279
