var1,var2,var3,var4,var5,var6
0.01680672268907563,0.10084033613445378,0.13445378151260504,0.18487394957983194,0.21008403361344538,0.35294117647058826
