var1,var2,var3,var4,var5,var6
0.06936416184971098,0.08092485549132948,0.09248554913294797,0.11560693641618497,0.2947976878612717,0.3468208092485549
