var1,var2,var3,var4,var5,var6
0.06986899563318777,0.11790393013100436,0.1572052401746725,0.17467248908296942,0.2096069868995633,0.27074235807860264
