var1,var2,var3,var4,var5,var6
0.025806451612903226,0.07741935483870968,0.10967741935483871,0.12903225806451613,0.2967741935483871,0.36129032258064514
