var1,var2,var3,var4,var5,var6
0.03553299492385787,0.14213197969543148,0.15228426395939088,0.20812182741116753,0.2233502538071066,0.23857868020304568
