var1,var2,var3,var4,var5,var6
0.045871559633027525,0.07339449541284404,0.1651376146788991,0.1834862385321101,0.2018348623853211,0.3302752293577982
