var1,var2,var3,var4,var5,var6
0.03424657534246575,0.04794520547945205,0.1506849315068493,0.2054794520547945,0.22602739726027396,0.3356164383561644
