var1,var2,var3,var4,var5,var6
0.03759398496240601,0.06015037593984962,0.10526315789473684,0.21052631578947367,0.22556390977443608,0.3609022556390977
