var1,var2,var3,var4,var5,var6
0.07329842931937172,0.13612565445026178,0.15706806282722513,0.16753926701570682,0.193717277486911,0.27225130890052357
