var1,var2,var3,var4,var5,var6
0.07734806629834254,0.08839779005524862,0.1270718232044199,0.143646408839779,0.2265193370165746,0.3370165745856354
