var1,var2,var3,var4,var5,var6
0.02510460251046025,0.1506276150627615,0.16736401673640167,0.18410041841004185,0.2301255230125523,0.24267782426778242
