var1,var2,var3,var4,var5,var6
0.0748663101604278,0.13903743315508021,0.16042780748663102,0.1925133689839572,0.20320855614973263,0.22994652406417113
