var1,var2,var3,var4,var5,var6
0.018018018018018018,0.09009009009009009,0.13513513513513514,0.16216216216216217,0.1981981981981982,0.3963963963963964
