var1,var2,var3,var4,var5,var6
0.04225352112676056,0.09154929577464789,0.14788732394366197,0.20422535211267606,0.22535211267605634,0.2887323943661972
