var1,var2,var3,var4,var5,var6
0.05504587155963303,0.09174311926605505,0.11009174311926606,0.13761467889908258,0.23853211009174313,0.3669724770642202
