var1,var2,var3,var4,var5,var6
0.12903225806451613,0.1336405529953917,0.15668202764976957,0.16589861751152074,0.19815668202764977,0.21658986175115208
