var1,var2,var3,var4,var5,var6
0.05058365758754864,0.11673151750972763,0.14785992217898833,0.1867704280155642,0.24124513618677043,0.25680933852140075
