var1,var2,var3,var4,var5,var6
0.061224489795918366,0.10884353741496598,0.17687074829931973,0.19047619047619047,0.21768707482993196,0.24489795918367346
