var1,var2,var3,var4,var5,var6
0.029850746268656716,0.04975124378109453,0.11940298507462686,0.21890547263681592,0.2537313432835821,0.3283582089552239
