var1,var2,var3,var4,var5,var6
0.025806451612903226,0.06451612903225806,0.1032258064516129,0.13548387096774195,0.21935483870967742,0.45161290322580644
