var1,var2,var3,var4,var5,var6
0.018404907975460124,0.024539877300613498,0.147239263803681,0.19631901840490798,0.25766871165644173,0.3558282208588957
