var1,var2,var3,var4,var5,var6
0.025157232704402517,0.06918238993710692,0.08176100628930817,0.11949685534591195,0.3018867924528302,0.4025157232704403
