var1,var2,var3,var4,var5,var6
0.056338028169014086,0.07042253521126761,0.09389671361502347,0.10328638497652583,0.3286384976525822,0.3474178403755869
