var1,var2,var3,var4,var5,var6
0.052980132450331126,0.09271523178807947,0.11920529801324503,0.1390728476821192,0.2913907284768212,0.304635761589404
