var1,var2,var3,var4,var5,var6
0.03111111111111111,0.11555555555555555,0.13777777777777778,0.2,0.21333333333333335,0.3022222222222222
