var1,var2,var3,var4,var5,var6
0.026845637583892617,0.06711409395973154,0.10738255033557047,0.12751677852348994,0.3087248322147651,0.3624161073825503
