var1,var2,var3,var4,var5,var6
0.050724637681159424,0.10144927536231885,0.13768115942028986,0.2028985507246377,0.2246376811594203,0.2826086956521739
