var1,var2,var3,var4,var5,var6
0.06779661016949153,0.0903954802259887,0.1638418079096045,0.20903954802259886,0.22598870056497175,0.24293785310734464
