var1,var2,var3,var4,var5,var6
0.05759162303664921,0.10471204188481675,0.13612565445026178,0.17801047120418848,0.2198952879581152,0.3036649214659686
