var1,var2,var3,var4,var5,var6
0.01932367149758454,0.07246376811594203,0.13526570048309178,0.1642512077294686,0.2608695652173913,0.34782608695652173
