var1,var2,var3,var4,var5,var6
0.06808510638297872,0.07659574468085106,0.09787234042553192,0.20425531914893616,0.2553191489361702,0.2978723404255319
