var1,var2,var3,var4,var5,var6
0.01935483870967742,0.06451612903225806,0.10967741935483871,0.16129032258064516,0.3032258064516129,0.3419354838709677
