var1,var2,var3,var4,var5,var6
0.02857142857142857,0.09523809523809523,0.13333333333333333,0.14285714285714285,0.19047619047619047,0.4095238095238095
