var1,var2,var3,var4,var5,var6
0.025806451612903226,0.05161290322580645,0.16774193548387098,0.17419354838709677,0.25806451612903225,0.3225806451612903
