var1,var2,var3,var4,var5,var6
0.04046242774566474,0.06358381502890173,0.11560693641618497,0.14450867052023122,0.24277456647398843,0.3930635838150289
