var1,var2,var3,var4,var5,var6
0.029239766081871343,0.05847953216374269,0.1286549707602339,0.2222222222222222,0.2573099415204678,0.30409356725146197
