var1,var2,var3,var4,var5,var6
0.07960199004975124,0.09950248756218906,0.14427860696517414,0.1691542288557214,0.22885572139303484,0.27860696517412936
