var1,var2,var3,var4,var5,var6
0.03773584905660377,0.1069182389937107,0.16352201257861634,0.18238993710691823,0.1949685534591195,0.31446540880503143
