var1,var2,var3,var4,var5,var6
0.027906976744186046,0.07906976744186046,0.14883720930232558,0.20465116279069767,0.25116279069767444,0.28837209302325584
