var1,var2,var3,var4,var5,var6
0.02127659574468085,0.05673758865248227,0.1276595744680851,0.14184397163120568,0.2765957446808511,0.375886524822695
