var1,var2,var3,var4,var5,var6
0.021834061135371178,0.07860262008733625,0.11353711790393013,0.16593886462882096,0.2183406113537118,0.4017467248908297
