var1,var2,var3,var4,var5,var6
0.07346938775510205,0.08163265306122448,0.13877551020408163,0.1836734693877551,0.20408163265306123,0.3183673469387755
