var1,var2,var3,var4,var5,var6
0.10416666666666667,0.13333333333333333,0.1625,0.18333333333333332,0.19583333333333333,0.22083333333333333
