var1,var2,var3,var4,var5,var6
0.043243243243243246,0.0972972972972973,0.11351351351351352,0.21621621621621623,0.24864864864864866,0.2810810810810811
