var1,var2,var3,var4,var5,var6
0.05069124423963134,0.1382488479262673,0.16589861751152074,0.18433179723502305,0.1935483870967742,0.2672811059907834
