var1,var2,var3,var4,var5,var6
0.04081632653061224,0.08163265306122448,0.09523809523809523,0.20408163265306123,0.22448979591836735,0.35374149659863946
