var1,var2,var3,var4,var5,var6
0.021052631578947368,0.10526315789473684,0.1368421052631579,0.14736842105263157,0.18947368421052632,0.4
