var1,var2,var3,var4,var5,var6
0.017543859649122806,0.05847953216374269,0.13450292397660818,0.1871345029239766,0.2573099415204678,0.34502923976608185
