var1,var2,var3,var4,var5,var6
0.027624309392265192,0.04419889502762431,0.09944751381215469,0.16574585635359115,0.287292817679558,0.3756906077348066
