var1,var2,var3,var4,var5,var6
0.04216867469879518,0.07228915662650602,0.12048192771084337,0.18674698795180722,0.22289156626506024,0.35542168674698793
