var1,var2,var3,var4,var5,var6
0.024096385542168676,0.08835341365461848,0.10040160642570281,0.14457831325301204,0.3132530120481928,0.3293172690763052
