var1,var2,var3,var4,var5,var6
0.0213903743315508,0.058823529411764705,0.1711229946524064,0.20320855614973263,0.21390374331550802,0.3315508021390374
