var1,var2,var3,var4,var5,var6
0.017241379310344827,0.08620689655172414,0.13793103448275862,0.1896551724137931,0.26436781609195403,0.3045977011494253
