var1,var2,var3,var4,var5,var6
0.03608247422680412,0.08247422680412371,0.13917525773195877,0.18041237113402062,0.26804123711340205,0.29381443298969073
