var1,var2,var3,var4,var5,var6
0.024271844660194174,0.07766990291262135,0.1407766990291262,0.16990291262135923,0.23786407766990292,0.34951456310679613
