var1,var2,var3,var4,var5,var6
0.020942408376963352,0.10471204188481675,0.11518324607329843,0.17277486910994763,0.27225130890052357,0.31413612565445026
