var1,var2,var3,var4,var5,var6
0.04054054054054054,0.08108108108108109,0.10135135135135136,0.14864864864864866,0.17567567567567569,0.4527027027027027
