var1,var2,var3,var4,var5,var6
0.06572769953051644,0.12206572769953052,0.15492957746478872,0.1784037558685446,0.215962441314554,0.26291079812206575
