var1,var2,var3,var4,var5,var6
0.050955414012738856,0.06369426751592357,0.10191082802547771,0.14012738853503184,0.2802547770700637,0.3630573248407643
