var1,var2,var3,var4,var5,var6
0.06763285024154589,0.08695652173913043,0.1111111111111111,0.20772946859903382,0.2560386473429952,0.27053140096618356
