var1,var2,var3,var4,var5,var6
0.04819277108433735,0.08433734939759036,0.13855421686746988,0.18072289156626506,0.25903614457831325,0.2891566265060241
