var1,var2,var3,var4,var5,var6
0.02877697841726619,0.08633093525179857,0.09352517985611511,0.2014388489208633,0.2446043165467626,0.34532374100719426
