var1,var2,var3,var4,var5,var6
0.01639344262295082,0.13114754098360656,0.14207650273224043,0.18579234972677597,0.22950819672131148,0.29508196721311475
