var1,var2,var3,var4,var5,var6
0.07272727272727272,0.14545454545454545,0.16,0.18545454545454546,0.19636363636363635,0.24
