var1,var2,var3,var4,var5,var6
0.08333333333333333,0.12121212121212122,0.14393939393939395,0.17424242424242425,0.1893939393939394,0.2878787878787879
