var1,var2,var3,var4,var5,var6
0.046511627906976744,0.08139534883720931,0.10465116279069768,0.23837209302325582,0.25,0.27906976744186046
