var1,var2,var3,var4,var5,var6
0.03690036900369004,0.09225092250922509,0.15498154981549817,0.2140221402214022,0.23616236162361623,0.2656826568265683
