var1,var2,var3,var4,var5,var6
0.06334841628959276,0.09049773755656108,0.1493212669683258,0.16289592760180996,0.24434389140271492,0.2895927601809955
