var1,var2,var3,var4,var5,var6
0.030456852791878174,0.050761421319796954,0.1218274111675127,0.19289340101522842,0.22842639593908629,0.3756345177664975
