var1,var2,var3,var4,var5,var6
0.018633540372670808,0.07453416149068323,0.13664596273291926,0.16770186335403728,0.2360248447204969,0.36645962732919257
