var1,var2,var3,var4,var5,var6
0.021621621621621623,0.10810810810810811,0.12432432432432433,0.1837837837837838,0.2594594594594595,0.3027027027027027
