var1,var2,var3,var4,var5,var6
0.0670391061452514,0.09497206703910614,0.1005586592178771,0.1452513966480447,0.2681564245810056,0.3240223463687151
