var1,var2,var3,var4,var5,var6
0.061452513966480445,0.0782122905027933,0.16759776536312848,0.1787709497206704,0.2011173184357542,0.3128491620111732
