var1,var2,var3,var4,var5,var6
0.01775147928994083,0.08284023668639054,0.11834319526627218,0.22485207100591717,0.27218934911242604,0.28402366863905326
