var1,var2,var3,var4,var5,var6
0.03870967741935484,0.07741935483870968,0.12903225806451613,0.18064516129032257,0.2,0.3741935483870968
