var1,var2,var3,var4,var5,var6
0.06926406926406926,0.11255411255411256,0.12554112554112554,0.1645021645021645,0.22510822510822512,0.30303030303030304
