var1,var2,var3,var4,var5,var6
0.026595744680851064,0.12234042553191489,0.16489361702127658,0.19680851063829788,0.23404255319148937,0.2553191489361702
