var1,var2,var3,var4,var5,var6
0.04819277108433735,0.0963855421686747,0.12048192771084337,0.21084337349397592,0.25301204819277107,0.2710843373493976
