var1,var2,var3,var4,var5,var6
0.062146892655367235,0.11299435028248588,0.13559322033898305,0.14689265536723164,0.192090395480226,0.3502824858757062
