var1,var2,var3,var4,var5,var6
0.09803921568627451,0.10980392156862745,0.13725490196078433,0.18823529411764706,0.21176470588235294,0.2549019607843137
