var1,var2,var3,var4,var5,var6
0.03550295857988166,0.11242603550295859,0.13609467455621302,0.14201183431952663,0.20710059171597633,0.3668639053254438
