var1,var2,var3,var4,var5,var6
0.05181347150259067,0.09326424870466321,0.11917098445595854,0.19689119170984457,0.25906735751295334,0.27979274611398963
