var1,var2,var3,var4,var5,var6
0.0273224043715847,0.04371584699453552,0.06557377049180328,0.1912568306010929,0.2786885245901639,0.39344262295081966
