var1,var2,var3,var4,var5,var6
0.024390243902439025,0.08780487804878048,0.14634146341463414,0.2146341463414634,0.24390243902439024,0.28292682926829266
