var1,var2,var3,var4,var5,var6
0.03355704697986577,0.09395973154362416,0.11409395973154363,0.1610738255033557,0.2953020134228188,0.30201342281879195
