var1,var2,var3,var4,var5,var6
0.043668122270742356,0.13537117903930132,0.1572052401746725,0.16593886462882096,0.23580786026200873,0.26200873362445415
