var1,var2,var3,var4,var5,var6
0.016574585635359115,0.0718232044198895,0.09944751381215469,0.17679558011049723,0.2265193370165746,0.4088397790055249
