var1,var2,var3,var4,var5,var6
0.03773584905660377,0.1169811320754717,0.13584905660377358,0.2037735849056604,0.22641509433962265,0.2792452830188679
