var1,var2,var3,var4,var5,var6
0.03827751196172249,0.0861244019138756,0.09569377990430622,0.16267942583732056,0.215311004784689,0.4019138755980861
