var1,var2,var3,var4,var5,var6
0.045454545454545456,0.05454545454545454,0.09090909090909091,0.15454545454545454,0.2636363636363636,0.39090909090909093
