var1,var2,var3,var4,var5,var6
0.02926829268292683,0.07317073170731707,0.11707317073170732,0.1951219512195122,0.2146341463414634,0.37073170731707317
