var1,var2,var3,var4,var5,var6
0.05223880597014925,0.06716417910447761,0.1044776119402985,0.11194029850746269,0.291044776119403,0.373134328358209
