var1,var2,var3,var4,var5,var6
0.03139013452914798,0.04484304932735426,0.10762331838565023,0.17937219730941703,0.26905829596412556,0.36771300448430494
