var1,var2,var3,var4,var5,var6
0.02824858757062147,0.04519774011299435,0.1016949152542373,0.13559322033898305,0.288135593220339,0.4011299435028249
