var1,var2,var3,var4,var5,var6
0.011560693641618497,0.057803468208092484,0.11560693641618497,0.13872832369942195,0.3179190751445087,0.3583815028901734
