var1,var2,var3,var4,var5,var6
0.0380952380952381,0.05714285714285714,0.0761904761904762,0.20952380952380953,0.2571428571428571,0.3619047619047619
