var1,var2,var3,var4,var5,var6
0.04918032786885246,0.12568306010928962,0.1366120218579235,0.1912568306010929,0.20765027322404372,0.2896174863387978
