var1,var2,var3,var4,var5,var6
0.05485232067510549,0.11814345991561181,0.1350210970464135,0.1940928270042194,0.21518987341772153,0.28270042194092826
