var1,var2,var3,var4,var5,var6
0.03428571428571429,0.08,0.10857142857142857,0.14857142857142858,0.2857142857142857,0.34285714285714286
