var1,var2,var3,var4,var5,var6
0.05325443786982249,0.09467455621301775,0.15384615384615385,0.20118343195266272,0.23076923076923078,0.26627218934911245
