var1,var2,var3,var4,var5,var6
0.0670391061452514,0.08379888268156424,0.12290502793296089,0.22346368715083798,0.24581005586592178,0.2569832402234637
