var1,var2,var3,var4,var5,var6
0.055944055944055944,0.06993006993006994,0.09090909090909091,0.1958041958041958,0.27972027972027974,0.3076923076923077
