var1,var2,var3,var4,var5,var6
0.03164556962025317,0.04430379746835443,0.10759493670886076,0.15822784810126583,0.2848101265822785,0.37341772151898733
