var1,var2,var3,var4,var5,var6
0.043478260869565216,0.09937888198757763,0.13664596273291926,0.19875776397515527,0.2484472049689441,0.2732919254658385
