var1,var2,var3,var4,var5,var6
0.03255813953488372,0.09302325581395349,0.12093023255813953,0.2,0.2558139534883721,0.29767441860465116
