var1,var2,var3,var4,var5,var6
0.03333333333333333,0.07777777777777778,0.09444444444444444,0.17777777777777778,0.2,0.4166666666666667
