var1,var2,var3,var4,var5,var6
0.07643312101910828,0.08917197452229299,0.17834394904458598,0.19745222929936307,0.21656050955414013,0.24203821656050956
