var1,var2,var3,var4,var5,var6
0.013986013986013986,0.04195804195804196,0.09090909090909091,0.2097902097902098,0.27972027972027974,0.36363636363636365
