var1,var2,var3,var4,var5,var6
0.04639175257731959,0.13917525773195877,0.14948453608247422,0.20618556701030927,0.22164948453608246,0.23711340206185566
