var1,var2,var3,var4,var5,var6
0.045454545454545456,0.06565656565656566,0.14646464646464646,0.20202020202020202,0.21717171717171718,0.32323232323232326
