var1,var2,var3,var4,var5,var6
0.046242774566473986,0.06936416184971098,0.08092485549132948,0.1791907514450867,0.24277456647398843,0.3815028901734104
