var1,var2,var3,var4,var5,var6
0.026845637583892617,0.08053691275167785,0.09395973154362416,0.1610738255033557,0.26174496644295303,0.37583892617449666
