var1,var2,var3,var4,var5,var6
0.08664259927797834,0.11913357400722022,0.1444043321299639,0.1588447653429603,0.22382671480144403,0.26714801444043323
