var1,var2,var3,var4,var5,var6
0.0076045627376425855,0.08365019011406843,0.1444866920152091,0.19011406844106463,0.2623574144486692,0.311787072243346
