var1,var2,var3,var4,var5,var6
0.06,0.08,0.10666666666666667,0.19333333333333333,0.23333333333333334,0.32666666666666666
