var1,var2,var3,var4,var5,var6
0.056451612903225805,0.0967741935483871,0.13709677419354838,0.18548387096774194,0.25,0.27419354838709675
