var1,var2,var3,var4,var5,var6
0.04888888888888889,0.08888888888888889,0.14222222222222222,0.16,0.26666666666666666,0.29333333333333333
