var1,var2,var3,var4,var5,var6
0.022857142857142857,0.10285714285714286,0.13714285714285715,0.14857142857142858,0.2571428571428571,0.3314285714285714
