var1,var2,var3,var4,var5,var6
0.027149321266968326,0.08144796380090498,0.09049773755656108,0.12669683257918551,0.33031674208144796,0.3438914027149321
