var1,var2,var3,var4,var5,var6
0.037267080745341616,0.055900621118012424,0.11180124223602485,0.19875776397515527,0.2111801242236025,0.38509316770186336
