var1,var2,var3,var4,var5,var6
0.02654867256637168,0.05309734513274336,0.09734513274336283,0.11504424778761062,0.3008849557522124,0.40707964601769914
