var1,var2,var3,var4,var5,var6
0.0196078431372549,0.05228758169934641,0.08496732026143791,0.1895424836601307,0.3137254901960784,0.33986928104575165
