var1,var2,var3,var4,var5,var6
0.011299435028248588,0.0903954802259887,0.12994350282485875,0.1694915254237288,0.2824858757062147,0.3163841807909605
