var1,var2,var3,var4,var5,var6
0.056451612903225805,0.08870967741935484,0.12096774193548387,0.20161290322580644,0.21774193548387097,0.31451612903225806
