var1,var2,var3,var4,var5,var6
0.018018018018018018,0.036036036036036036,0.09009009009009009,0.1981981981981982,0.26126126126126126,0.3963963963963964
