var1,var2,var3,var4,var5,var6
0.04405286343612335,0.1145374449339207,0.14096916299559473,0.19383259911894274,0.24669603524229075,0.2599118942731278
