var1,var2,var3,var4,var5,var6
0.03940886699507389,0.11330049261083744,0.1724137931034483,0.17733990147783252,0.2413793103448276,0.2561576354679803
