var1,var2,var3,var4,var5,var6
0.1048951048951049,0.11188811188811189,0.13286713286713286,0.15384615384615385,0.1888111888111888,0.3076923076923077
