var1,var2,var3,var4,var5,var6
0.056768558951965066,0.10043668122270742,0.12663755458515283,0.16593886462882096,0.2314410480349345,0.31877729257641924
