var1,var2,var3,var4,var5,var6
0.07511737089201878,0.08450704225352113,0.10328638497652583,0.14084507042253522,0.27230046948356806,0.323943661971831
