var1,var2,var3,var4,var5,var6
0.008298755186721992,0.11618257261410789,0.15352697095435686,0.2074688796680498,0.23236514522821577,0.2821576763485477
