var1,var2,var3,var4,var5,var6
0.015503875968992248,0.046511627906976744,0.11627906976744186,0.15503875968992248,0.29457364341085274,0.37209302325581395
