var1,var2,var3,var4,var5,var6
0.011976047904191617,0.07784431137724551,0.17964071856287425,0.19760479041916168,0.23952095808383234,0.2934131736526946
