var1,var2,var3,var4,var5,var6
0.020134228187919462,0.06711409395973154,0.08053691275167785,0.174496644295302,0.2684563758389262,0.38926174496644295
