var1,var2,var3,var4,var5,var6
0.04830917874396135,0.11594202898550725,0.13526570048309178,0.17391304347826086,0.2463768115942029,0.28019323671497587
