var1,var2,var3,var4,var5,var6
0.03015075376884422,0.06030150753768844,0.09547738693467336,0.1407035175879397,0.3316582914572864,0.3417085427135678
