var1,var2,var3,var4,var5,var6
0.0440251572327044,0.1320754716981132,0.16352201257861634,0.1949685534591195,0.22012578616352202,0.24528301886792453
