var1,var2,var3,var4,var5,var6
0.060240963855421686,0.0963855421686747,0.10843373493975904,0.20883534136546184,0.24096385542168675,0.285140562248996
