var1,var2,var3,var4,var5,var6
0.022727272727272728,0.06818181818181818,0.11363636363636363,0.21212121212121213,0.2727272727272727,0.3106060606060606
