var1,var2,var3,var4,var5,var6
0.054455445544554455,0.12871287128712872,0.14356435643564355,0.20297029702970298,0.22277227722772278,0.24752475247524752
