var1,var2,var3,var4,var5,var6
0.04938271604938271,0.11728395061728394,0.1419753086419753,0.2037037037037037,0.2222222222222222,0.2654320987654321
