var1,var2,var3,var4,var5,var6
0.06938775510204082,0.1469387755102041,0.15918367346938775,0.18775510204081633,0.19591836734693877,0.24081632653061225
