var1,var2,var3,var4,var5,var6
0.025477707006369428,0.03821656050955414,0.10191082802547771,0.17197452229299362,0.20382165605095542,0.4585987261146497
