var1,var2,var3,var4,var5,var6
0.02564102564102564,0.10256410256410256,0.1623931623931624,0.20512820512820512,0.24786324786324787,0.2564102564102564
