var1,var2,var3,var4,var5,var6
0.04979253112033195,0.0912863070539419,0.14937759336099585,0.17012448132780084,0.2572614107883817,0.2821576763485477
