var1,var2,var3,var4,var5,var6
0.04504504504504504,0.05405405405405406,0.12612612612612611,0.1981981981981982,0.23423423423423423,0.34234234234234234
