var1,var2,var3,var4,var5,var6
0.013953488372093023,0.07441860465116279,0.16279069767441862,0.2,0.2651162790697674,0.2837209302325581
