var1,var2,var3,var4,var5,var6
0.043478260869565216,0.08152173913043478,0.10326086956521739,0.22282608695652173,0.2391304347826087,0.30978260869565216
