var1,var2,var3,var4,var5,var6
0.025477707006369428,0.03821656050955414,0.14012738853503184,0.1910828025477707,0.24203821656050956,0.3630573248407643
