var1,var2,var3,var4,var5,var6
0.027932960893854747,0.0446927374301676,0.1005586592178771,0.11173184357541899,0.2905027932960894,0.4245810055865922
