var1,var2,var3,var4,var5,var6
0.0440251572327044,0.06918238993710692,0.1069182389937107,0.12578616352201258,0.22641509433962265,0.4276729559748428
