var1,var2,var3,var4,var5,var6
0.020512820512820513,0.05641025641025641,0.11282051282051282,0.19487179487179487,0.2923076923076923,0.3230769230769231
