var1,var2,var3,var4,var5,var6
0.02586206896551724,0.08620689655172414,0.10344827586206896,0.14655172413793102,0.29310344827586204,0.3448275862068966
