var1,var2,var3,var4,var5,var6
0.010471204188481676,0.07329842931937172,0.15706806282722513,0.20418848167539266,0.2617801047120419,0.2931937172774869
