var1,var2,var3,var4,var5,var6
0.03902439024390244,0.1073170731707317,0.11219512195121951,0.2,0.2634146341463415,0.2780487804878049
