var1,var2,var3,var4,var5,var6
0.02976190476190476,0.09523809523809523,0.1488095238095238,0.17261904761904762,0.22023809523809523,0.3333333333333333
