var1,var2,var3,var4,var5,var6
0.025806451612903226,0.0967741935483871,0.14838709677419354,0.16129032258064516,0.22580645161290322,0.3419354838709677
