var1,var2,var3,var4,var5,var6
0.061068702290076333,0.07633587786259542,0.0916030534351145,0.21374045801526717,0.22137404580152673,0.33587786259541985
