var1,var2,var3,var4,var5,var6
0.06790123456790123,0.08024691358024691,0.12345679012345678,0.17901234567901234,0.2654320987654321,0.2839506172839506
