var1,var2,var3,var4,var5,var6
0.08496732026143791,0.09803921568627451,0.11764705882352941,0.1503267973856209,0.26143790849673204,0.2875816993464052
