var1,var2,var3,var4,var5,var6
0.04093567251461988,0.09941520467836257,0.16374269005847952,0.21052631578947367,0.22807017543859648,0.2573099415204678
