var1,var2,var3,var4,var5,var6
0.10196078431372549,0.12549019607843137,0.1411764705882353,0.17647058823529413,0.19607843137254902,0.25882352941176473
