var1,var2,var3,var4,var5,var6
0.02926829268292683,0.06829268292682927,0.07804878048780488,0.18048780487804877,0.22439024390243903,0.4195121951219512
