var1,var2,var3,var4,var5,var6
0.023696682464454975,0.037914691943127965,0.06635071090047394,0.1895734597156398,0.27488151658767773,0.4075829383886256
