var1,var2,var3,var4,var5,var6
0.02510460251046025,0.12552301255230125,0.15481171548117154,0.20920502092050208,0.2175732217573222,0.26778242677824265
