var1,var2,var3,var4,var5,var6
0.034482758620689655,0.04597701149425287,0.06896551724137931,0.09195402298850575,0.25287356321839083,0.5057471264367817
