var1,var2,var3,var4,var5,var6
0.0748663101604278,0.09090909090909091,0.12834224598930483,0.1497326203208556,0.1925133689839572,0.36363636363636365
