var1,var2,var3,var4,var5,var6
0.05042016806722689,0.058823529411764705,0.10084033613445378,0.14285714285714285,0.2857142857142857,0.36134453781512604
