var1,var2,var3,var4,var5,var6
0.02040816326530612,0.10612244897959183,0.15510204081632653,0.20408163265306123,0.22040816326530613,0.2938775510204082
