var1,var2,var3,var4,var5,var6
0.013574660633484163,0.06334841628959276,0.09954751131221719,0.19909502262443438,0.25339366515837103,0.37104072398190047
