var1,var2,var3,var4,var5,var6
0.018604651162790697,0.09302325581395349,0.15348837209302327,0.22325581395348837,0.23255813953488372,0.27906976744186046
