var1,var2,var3,var4,var5,var6
0.011695906432748537,0.05263157894736842,0.13450292397660818,0.2046783625730994,0.23976608187134502,0.3567251461988304
