var1,var2,var3,var4,var5,var6
0.04666666666666667,0.07333333333333333,0.16,0.19333333333333333,0.25333333333333335,0.2733333333333333
