var1,var2,var3,var4,var5,var6
0.08733624454148471,0.1091703056768559,0.16593886462882096,0.18340611353711792,0.2096069868995633,0.2445414847161572
