var1,var2,var3,var4,var5,var6
0.03187250996015936,0.0398406374501992,0.13147410358565736,0.15139442231075698,0.2948207171314741,0.350597609561753
