var1,var2,var3,var4,var5,var6
0.04524886877828054,0.058823529411764705,0.1085972850678733,0.19004524886877827,0.2895927601809955,0.3076923076923077
