var1,var2,var3,var4,var5,var6
0.048582995951417005,0.06072874493927125,0.08906882591093117,0.10526315789473684,0.3076923076923077,0.38866396761133604
