var1,var2,var3,var4,var5,var6
0.020100502512562814,0.09045226130653267,0.12562814070351758,0.20100502512562815,0.21105527638190955,0.35175879396984927
