var1,var2,var3,var4,var5,var6
0.011904761904761904,0.05357142857142857,0.07142857142857142,0.22023809523809523,0.25595238095238093,0.3869047619047619
