var1,var2,var3,var4,var5,var6
0.045112781954887216,0.08270676691729323,0.15037593984962405,0.22556390977443608,0.24060150375939848,0.2556390977443609
