var1,var2,var3,var4,var5,var6
0.02617801047120419,0.041884816753926704,0.07329842931937172,0.18324607329842932,0.2774869109947644,0.39790575916230364
