var1,var2,var3,var4,var5,var6
0.038834951456310676,0.07766990291262135,0.0970873786407767,0.14563106796116504,0.1941747572815534,0.44660194174757284
