var1,var2,var3,var4,var5,var6
0.026200873362445413,0.0611353711790393,0.14410480349344978,0.18777292576419213,0.2794759825327511,0.30131004366812225
