var1,var2,var3,var4,var5,var6
0.02877697841726619,0.03597122302158273,0.17266187050359713,0.18705035971223022,0.2589928057553957,0.31654676258992803
