var1,var2,var3,var4,var5,var6
0.0625,0.11607142857142858,0.125,0.16964285714285715,0.25,0.2767857142857143
