var1,var2,var3,var4,var5,var6
0.014598540145985401,0.06569343065693431,0.10218978102189781,0.20437956204379562,0.23357664233576642,0.3795620437956204
