var1,var2,var3,var4,var5,var6
0.07514450867052024,0.10404624277456648,0.10982658959537572,0.20809248554913296,0.23121387283236994,0.27167630057803466
