var1,var2,var3,var4,var5,var6
0.06513409961685823,0.12260536398467432,0.16091954022988506,0.20689655172413793,0.21455938697318008,0.22988505747126436
