var1,var2,var3,var4,var5,var6
0.025477707006369428,0.08280254777070063,0.1592356687898089,0.1910828025477707,0.2611464968152866,0.2802547770700637
