var1,var2,var3,var4,var5,var6
0.08088235294117647,0.125,0.15441176470588236,0.16911764705882354,0.18382352941176472,0.2867647058823529
