var1,var2,var3,var4,var5,var6
0.012269938650306749,0.09815950920245399,0.12269938650306748,0.15950920245398773,0.26380368098159507,0.34355828220858897
