var1,var2,var3,var4,var5,var6
0.04065040650406504,0.056910569105691054,0.11382113821138211,0.21951219512195122,0.2682926829268293,0.3008130081300813
