var1,var2,var3,var4,var5,var6
0.07339449541284404,0.11009174311926606,0.12844036697247707,0.14678899082568808,0.24770642201834864,0.29357798165137616
