var1,var2,var3,var4,var5,var6
0.02962962962962963,0.07407407407407407,0.0962962962962963,0.14814814814814814,0.25925925925925924,0.3925925925925926
