var1,var2,var3,var4,var5,var6
0.050314465408805034,0.0880503144654088,0.14465408805031446,0.20125786163522014,0.24528301886792453,0.27044025157232704
