var1,var2,var3,var4,var5,var6
0.07518796992481203,0.09022556390977443,0.15789473684210525,0.18045112781954886,0.21804511278195488,0.2781954887218045
