var1,var2,var3,var4,var5,var6
0.0728476821192053,0.09271523178807947,0.10596026490066225,0.152317880794702,0.23178807947019867,0.3443708609271523
