var1,var2,var3,var4,var5,var6
0.03954802259887006,0.05649717514124294,0.13559322033898305,0.1977401129943503,0.24293785310734464,0.327683615819209
