var1,var2,var3,var4,var5,var6
0.03271028037383177,0.0514018691588785,0.102803738317757,0.19158878504672897,0.24766355140186916,0.37383177570093457
