var1,var2,var3,var4,var5,var6
0.09779179810725552,0.13249211356466878,0.15772870662460567,0.17665615141955837,0.1892744479495268,0.24605678233438485
