var1,var2,var3,var4,var5,var6
0.07251908396946564,0.09541984732824428,0.11068702290076336,0.21374045801526717,0.23282442748091603,0.2748091603053435
