var1,var2,var3,var4,var5,var6
0.013071895424836602,0.06535947712418301,0.11764705882352941,0.20261437908496732,0.2222222222222222,0.3790849673202614
