var1,var2,var3,var4,var5,var6
0.05421686746987952,0.0783132530120482,0.12650602409638553,0.18674698795180722,0.2710843373493976,0.28313253012048195
