var1,var2,var3,var4,var5,var6
0.07725321888412018,0.09012875536480687,0.10300429184549356,0.22746781115879827,0.23605150214592274,0.26609442060085836
