var1,var2,var3,var4,var5,var6
0.02702702702702703,0.05405405405405406,0.09009009009009009,0.1981981981981982,0.3063063063063063,0.32432432432432434
