var1,var2,var3,var4,var5,var6
0.0718954248366013,0.0784313725490196,0.13071895424836602,0.1568627450980392,0.26143790849673204,0.3006535947712418
