var1,var2,var3,var4,var5,var6
0.04824561403508772,0.11403508771929824,0.14473684210526316,0.20175438596491227,0.2149122807017544,0.27631578947368424
