var1,var2,var3,var4,var5,var6
0.0736196319018405,0.08588957055214724,0.11042944785276074,0.1656441717791411,0.2085889570552147,0.3558282208588957
