var1,var2,var3,var4,var5,var6
0.06474820143884892,0.07194244604316546,0.11510791366906475,0.17266187050359713,0.20863309352517986,0.3669064748201439
