var1,var2,var3,var4,var5,var6
0.017094017094017096,0.042735042735042736,0.08547008547008547,0.15384615384615385,0.2905982905982906,0.41025641025641024
