var1,var2,var3,var4,var5,var6
0.0364963503649635,0.051094890510948905,0.0948905109489051,0.21897810218978103,0.24087591240875914,0.35766423357664234
