var1,var2,var3,var4,var5,var6
0.04712041884816754,0.07329842931937172,0.08376963350785341,0.17801047120418848,0.24083769633507854,0.3769633507853403
