var1,var2,var3,var4,var5,var6
0.01098901098901099,0.07142857142857142,0.10989010989010989,0.1978021978021978,0.25274725274725274,0.35714285714285715
