var1,var2,var3,var4,var5,var6
0.020100502512562814,0.08040201005025126,0.1306532663316583,0.1708542713567839,0.24623115577889448,0.35175879396984927
