var1,var2,var3,var4,var5,var6
0.05357142857142857,0.08333333333333333,0.16666666666666666,0.20238095238095238,0.2261904761904762,0.26785714285714285
