var1,var2,var3,var4,var5,var6
0.06451612903225806,0.1032258064516129,0.14193548387096774,0.2,0.21935483870967742,0.2709677419354839
