var1,var2,var3,var4,var5,var6
0.015384615384615385,0.05384615384615385,0.06153846153846154,0.2230769230769231,0.25384615384615383,0.3923076923076923
