var1,var2,var3,var4,var5,var6
0.037209302325581395,0.08837209302325581,0.12093023255813953,0.13953488372093023,0.26976744186046514,0.34418604651162793
