var1,var2,var3,var4,var5,var6
0.03773584905660377,0.07547169811320754,0.16352201257861634,0.1761006289308176,0.22012578616352202,0.3270440251572327
