var1,var2,var3,var4,var5,var6
0.0106951871657754,0.09090909090909091,0.13903743315508021,0.21390374331550802,0.24598930481283424,0.2994652406417112
