var1,var2,var3,var4,var5,var6
0.030303030303030304,0.06060606060606061,0.13636363636363635,0.20454545454545456,0.24242424242424243,0.32575757575757575
