var1,var2,var3,var4,var5,var6
0.014563106796116505,0.09223300970873786,0.1407766990291262,0.21359223300970873,0.24271844660194175,0.2961165048543689
