var1,var2,var3,var4,var5,var6
0.055944055944055944,0.06993006993006994,0.08391608391608392,0.18181818181818182,0.2937062937062937,0.3146853146853147
