var1,var2,var3,var4,var5,var6
0.03164556962025317,0.0379746835443038,0.08860759493670886,0.2088607594936709,0.23417721518987342,0.3987341772151899
