var1,var2,var3,var4,var5,var6
0.047058823529411764,0.10588235294117647,0.11764705882352941,0.2,0.2549019607843137,0.27450980392156865
