var1,var2,var3,var4,var5,var6
0.0106951871657754,0.03208556149732621,0.12299465240641712,0.16042780748663102,0.2994652406417112,0.37433155080213903
