var1,var2,var3,var4,var5,var6
0.014184397163120567,0.0425531914893617,0.1276595744680851,0.1347517730496454,0.19858156028368795,0.48226950354609927
