var1,var2,var3,var4,var5,var6
0.028985507246376812,0.05314009661835749,0.12560386473429952,0.14492753623188406,0.2898550724637681,0.357487922705314
