var1,var2,var3,var4,var5,var6
0.036585365853658534,0.07317073170731707,0.12195121951219512,0.14634146341463414,0.17073170731707318,0.45121951219512196
