var1,var2,var3,var4,var5,var6
0.055299539170506916,0.1382488479262673,0.16129032258064516,0.20276497695852536,0.2119815668202765,0.2304147465437788
