var1,var2,var3,var4,var5,var6
0.025423728813559324,0.03389830508474576,0.0847457627118644,0.15254237288135594,0.2542372881355932,0.4491525423728814
