var1,var2,var3,var4,var5,var6
0.04020100502512563,0.05025125628140704,0.18090452261306533,0.19597989949748743,0.25125628140703515,0.2814070351758794
