var1,var2,var3,var4,var5,var6
0.11173184357541899,0.1452513966480447,0.1564245810055866,0.16201117318435754,0.2011173184357542,0.22346368715083798
