var1,var2,var3,var4,var5,var6
0.061068702290076333,0.10687022900763359,0.19083969465648856,0.1984732824427481,0.21374045801526717,0.22900763358778625
