var1,var2,var3,var4,var5,var6
0.06358381502890173,0.09248554913294797,0.15028901734104047,0.19653179190751446,0.23121387283236994,0.2658959537572254
