var1,var2,var3,var4,var5,var6
0.04568527918781726,0.06091370558375635,0.08121827411167512,0.1319796954314721,0.3248730964467005,0.3553299492385787
