var1,var2,var3,var4,var5,var6
0.0893854748603352,0.1005586592178771,0.11731843575418995,0.1340782122905028,0.24581005586592178,0.3128491620111732
