var1,var2,var3,var4,var5,var6
0.04285714285714286,0.07142857142857142,0.15714285714285714,0.19047619047619047,0.21428571428571427,0.3238095238095238
