var1,var2,var3,var4,var5,var6
0.04046242774566474,0.057803468208092484,0.09248554913294797,0.12716763005780346,0.2832369942196532,0.3988439306358382
