var1,var2,var3,var4,var5,var6
0.046357615894039736,0.07947019867549669,0.13245033112582782,0.15894039735099338,0.1986754966887417,0.3841059602649007
