var1,var2,var3,var4,var5,var6
0.038910505836575876,0.11284046692607004,0.13229571984435798,0.17898832684824903,0.25680933852140075,0.2801556420233463
