var1,var2,var3,var4,var5,var6
0.08808290155440414,0.10362694300518134,0.13471502590673576,0.14507772020725387,0.16580310880829016,0.3626943005181347
