var1,var2,var3,var4,var5,var6
0.025477707006369428,0.10191082802547771,0.16560509554140126,0.20382165605095542,0.21656050955414013,0.28662420382165604
