var1,var2,var3,var4,var5,var6
0.03048780487804878,0.0975609756097561,0.1402439024390244,0.18292682926829268,0.20121951219512196,0.3475609756097561
