var1,var2,var3,var4,var5,var6
0.055865921787709494,0.08379888268156424,0.12290502793296089,0.1340782122905028,0.22346368715083798,0.37988826815642457
