var1,var2,var3,var4,var5,var6
0.07386363636363637,0.10227272727272728,0.11363636363636363,0.16477272727272727,0.24431818181818182,0.30113636363636365
