var1,var2,var3,var4,var5,var6
0.0759493670886076,0.08860759493670886,0.13291139240506328,0.15822784810126583,0.1962025316455696,0.34810126582278483
