var1,var2,var3,var4,var5,var6
0.07804878048780488,0.11219512195121951,0.17073170731707318,0.18536585365853658,0.2,0.25365853658536586
