var1,var2,var3,var4,var5,var6
0.03496503496503497,0.055944055944055944,0.1048951048951049,0.14685314685314685,0.1888111888111888,0.46853146853146854
