var1,var2,var3,var4,var5,var6
0.05583756345177665,0.1218274111675127,0.1319796954314721,0.15228426395939088,0.233502538071066,0.30456852791878175
