var1,var2,var3,var4,var5,var6
0.07100591715976332,0.10650887573964497,0.11242603550295859,0.20118343195266272,0.2485207100591716,0.2603550295857988
