var1,var2,var3,var4,var5,var6
0.07058823529411765,0.0784313725490196,0.16470588235294117,0.18823529411764706,0.2,0.2980392156862745
