var1,var2,var3,var4,var5,var6
0.08450704225352113,0.09154929577464789,0.14788732394366197,0.16901408450704225,0.20422535211267606,0.3028169014084507
