var1,var2,var3,var4,var5,var6
0.024539877300613498,0.07975460122699386,0.11042944785276074,0.2331288343558282,0.26993865030674846,0.2822085889570552
