var1,var2,var3,var4,var5,var6
0.06557377049180328,0.11475409836065574,0.14207650273224043,0.18579234972677597,0.19672131147540983,0.29508196721311475
