var1,var2,var3,var4,var5,var6
0.048484848484848485,0.09696969696969697,0.1696969696969697,0.18181818181818182,0.21212121212121213,0.2909090909090909
