var1,var2,var3,var4,var5,var6
0.03821656050955414,0.08917197452229299,0.10828025477707007,0.22929936305732485,0.2611464968152866,0.27388535031847133
