var1,var2,var3,var4,var5,var6
0.019736842105263157,0.05921052631578947,0.06578947368421052,0.1513157894736842,0.3026315789473684,0.40131578947368424
