var1,var2,var3,var4,var5,var6
0.02262443438914027,0.08144796380090498,0.11764705882352941,0.17194570135746606,0.19004524886877827,0.416289592760181
