var1,var2,var3,var4,var5,var6
0.014778325123152709,0.08866995073891626,0.09852216748768473,0.13793103448275862,0.31527093596059114,0.3448275862068966
