var1,var2,var3,var4,var5,var6
0.06282722513089005,0.11518324607329843,0.13612565445026178,0.14659685863874344,0.17277486910994763,0.36649214659685864
