var1,var2,var3,var4,var5,var6
0.03684210526315789,0.09473684210526316,0.11052631578947368,0.15263157894736842,0.2789473684210526,0.3263157894736842
