var1,var2,var3,var4,var5,var6
0.015228426395939087,0.08121827411167512,0.17258883248730963,0.19289340101522842,0.233502538071066,0.30456852791878175
