var1,var2,var3,var4,var5,var6
0.08648648648648649,0.0972972972972973,0.11891891891891893,0.1945945945945946,0.24864864864864866,0.25405405405405407
