var1,var2,var3,var4,var5,var6
0.03508771929824561,0.10526315789473684,0.17543859649122806,0.19298245614035087,0.2222222222222222,0.26900584795321636
