var1,var2,var3,var4,var5,var6
0.05504587155963303,0.06880733944954129,0.10091743119266056,0.18807339449541285,0.2798165137614679,0.3073394495412844
