var1,var2,var3,var4,var5,var6
0.013888888888888888,0.14351851851851852,0.16203703703703703,0.18981481481481483,0.22685185185185186,0.2638888888888889
