var1,var2,var3,var4,var5,var6
0.05429864253393665,0.09049773755656108,0.13574660633484162,0.167420814479638,0.26244343891402716,0.2895927601809955
