var1,var2,var3,var4,var5,var6
0.06870229007633588,0.07633587786259542,0.13740458015267176,0.22137404580152673,0.2366412213740458,0.2595419847328244
