var1,var2,var3,var4,var5,var6
0.07894736842105263,0.13157894736842105,0.15789473684210525,0.18421052631578946,0.21929824561403508,0.22807017543859648
