var1,var2,var3,var4,var5,var6
0.014388489208633094,0.06474820143884892,0.15827338129496402,0.2014388489208633,0.2446043165467626,0.31654676258992803
