var1,var2,var3,var4,var5,var6
0.019704433497536946,0.054187192118226604,0.11822660098522167,0.23645320197044334,0.2660098522167488,0.3054187192118227
