var1,var2,var3,var4,var5,var6
0.04020100502512563,0.09547738693467336,0.11557788944723618,0.1658291457286432,0.21608040201005024,0.36683417085427134
