var1,var2,var3,var4,var5,var6
0.008130081300813009,0.06504065040650407,0.0975609756097561,0.17886178861788618,0.22764227642276422,0.42276422764227645
