var1,var2,var3,var4,var5,var6
0.010582010582010581,0.10582010582010581,0.14285714285714285,0.17989417989417988,0.25396825396825395,0.30687830687830686
