var1,var2,var3,var4,var5,var6
0.05128205128205128,0.08333333333333333,0.11538461538461539,0.21794871794871795,0.24358974358974358,0.28846153846153844
