var1,var2,var3,var4,var5,var6
0.08633093525179857,0.09352517985611511,0.1223021582733813,0.1510791366906475,0.17266187050359713,0.37410071942446044
