var1,var2,var3,var4,var5,var6
0.0196078431372549,0.08496732026143791,0.09803921568627451,0.17647058823529413,0.23529411764705882,0.38562091503267976
