var1,var2,var3,var4,var5,var6
0.07222222222222222,0.08333333333333333,0.1111111111111111,0.12777777777777777,0.2777777777777778,0.3277777777777778
