var1,var2,var3,var4,var5,var6
0.04035874439461883,0.1031390134529148,0.11659192825112108,0.18385650224215247,0.242152466367713,0.31390134529147984
