var1,var2,var3,var4,var5,var6
0.02962962962962963,0.0962962962962963,0.16296296296296298,0.2074074074074074,0.2222222222222222,0.2814814814814815
