var1,var2,var3,var4,var5,var6
0.06206896551724138,0.06896551724137931,0.09655172413793103,0.15172413793103448,0.2896551724137931,0.3310344827586207
