var1,var2,var3,var4,var5,var6
0.07239819004524888,0.11764705882352941,0.14479638009049775,0.20361990950226244,0.22624434389140272,0.23529411764705882
