var1,var2,var3,var4,var5,var6
0.06018518518518518,0.10185185185185185,0.13425925925925927,0.1527777777777778,0.23148148148148148,0.3194444444444444
