var1,var2,var3,var4,var5,var6
0.06707317073170732,0.10365853658536585,0.16463414634146342,0.1951219512195122,0.22560975609756098,0.24390243902439024
