var1,var2,var3,var4,var5,var6
0.08163265306122448,0.10204081632653061,0.1292517006802721,0.16326530612244897,0.22448979591836735,0.29931972789115646
