var1,var2,var3,var4,var5,var6
0.056338028169014086,0.07981220657276995,0.12206572769953052,0.16901408450704225,0.27230046948356806,0.3004694835680751
