var1,var2,var3,var4,var5,var6
0.06220095693779904,0.15311004784688995,0.16267942583732056,0.1722488038277512,0.20095693779904306,0.24880382775119617
