var1,var2,var3,var4,var5,var6
0.030456852791878174,0.03553299492385787,0.18274111675126903,0.19289340101522842,0.25380710659898476,0.30456852791878175
