var1,var2,var3,var4,var5,var6
0.05142857142857143,0.10285714285714286,0.13142857142857142,0.14285714285714285,0.26857142857142857,0.3028571428571429
