var1,var2,var3,var4,var5,var6
0.047058823529411764,0.14705882352941177,0.1588235294117647,0.18235294117647058,0.21176470588235294,0.2529411764705882
