var1,var2,var3,var4,var5,var6
0.06711409395973154,0.10738255033557047,0.12080536912751678,0.15436241610738255,0.20134228187919462,0.348993288590604
