var1,var2,var3,var4,var5,var6
0.06806282722513089,0.09424083769633508,0.10471204188481675,0.1256544502617801,0.2774869109947644,0.3298429319371728
