var1,var2,var3,var4,var5,var6
0.018018018018018018,0.0990990990990991,0.10810810810810811,0.13513513513513514,0.2882882882882883,0.35135135135135137
