var1,var2,var3,var4,var5,var6
0.04419889502762431,0.055248618784530384,0.07734806629834254,0.18232044198895028,0.20994475138121546,0.430939226519337
