var1,var2,var3,var4,var5,var6
0.02702702702702703,0.07207207207207207,0.09009009009009009,0.12612612612612611,0.2072072072072072,0.4774774774774775
