var1,var2,var3,var4,var5,var6
0.029411764705882353,0.047058823529411764,0.06470588235294118,0.2235294117647059,0.2647058823529412,0.37058823529411766
