var1,var2,var3,var4,var5,var6
0.014234875444839857,0.05338078291814947,0.13523131672597866,0.1708185053380783,0.26334519572953735,0.36298932384341637
