var1,var2,var3,var4,var5,var6
0.05142857142857143,0.07428571428571429,0.16,0.17714285714285713,0.24571428571428572,0.2914285714285714
