var1,var2,var3,var4,var5,var6
0.019736842105263157,0.05921052631578947,0.1513157894736842,0.21710526315789475,0.25,0.3026315789473684
