var1,var2,var3,var4,var5,var6
0.03954802259887006,0.05649717514124294,0.13559322033898305,0.23728813559322035,0.2598870056497175,0.2711864406779661
