var1,var2,var3,var4,var5,var6
0.060836501901140684,0.12927756653992395,0.1596958174904943,0.20532319391634982,0.21292775665399238,0.23193916349809887
