var1,var2,var3,var4,var5,var6
0.06451612903225806,0.09032258064516129,0.12903225806451613,0.14838709677419354,0.24516129032258063,0.3225806451612903
