var1,var2,var3,var4,var5,var6
0.018691588785046728,0.037383177570093455,0.14018691588785046,0.21495327102803738,0.2616822429906542,0.32710280373831774
