var1,var2,var3,var4,var5,var6
0.08808290155440414,0.09844559585492228,0.11917098445595854,0.16580310880829016,0.22797927461139897,0.3005181347150259
