var1,var2,var3,var4,var5,var6
0.05,0.15,0.15714285714285714,0.17857142857142858,0.21428571428571427,0.25
