var1,var2,var3,var4,var5,var6
0.015625,0.0625,0.109375,0.1953125,0.28125,0.3359375
