var1,var2,var3,var4,var5,var6
0.03015075376884422,0.06030150753768844,0.1407035175879397,0.19095477386934673,0.23618090452261306,0.3417085427135678
