var1,var2,var3,var4,var5,var6
0.02158273381294964,0.04316546762589928,0.1223021582733813,0.20863309352517986,0.22302158273381295,0.381294964028777
