var1,var2,var3,var4,var5,var6
0.08743169398907104,0.1092896174863388,0.14207650273224043,0.18579234972677597,0.21311475409836064,0.26229508196721313
