var1,var2,var3,var4,var5,var6
0.046357615894039736,0.12582781456953643,0.13245033112582782,0.1456953642384106,0.23841059602649006,0.31125827814569534
