var1,var2,var3,var4,var5,var6
0.024844720496894408,0.06832298136645963,0.13664596273291926,0.17391304347826086,0.2360248447204969,0.36024844720496896
