var1,var2,var3,var4,var5,var6
0.025,0.05,0.125,0.20833333333333334,0.275,0.31666666666666665
