var1,var2,var3,var4,var5,var6
0.031413612565445025,0.1099476439790576,0.1256544502617801,0.16230366492146597,0.19895287958115182,0.3717277486910995
