var1,var2,var3,var4,var5,var6
0.022598870056497175,0.11299435028248588,0.1751412429378531,0.2033898305084746,0.21468926553672316,0.2711864406779661
