var1,var2,var3,var4,var5,var6
0.02030456852791878,0.030456852791878174,0.12690355329949238,0.20304568527918782,0.27411167512690354,0.34517766497461927
