var1,var2,var3,var4,var5,var6
0.01910828025477707,0.050955414012738856,0.06369426751592357,0.21019108280254778,0.267515923566879,0.3885350318471338
