var1,var2,var3,var4,var5,var6
0.04739336492890995,0.12322274881516587,0.15639810426540285,0.20853080568720378,0.22748815165876776,0.23696682464454977
