var1,var2,var3,var4,var5,var6
0.03428571428571429,0.05714285714285714,0.17714285714285713,0.19428571428571428,0.26285714285714284,0.2742857142857143
