var1,var2,var3,var4,var5,var6
0.031746031746031744,0.07407407407407407,0.14814814814814814,0.164021164021164,0.26455026455026454,0.31746031746031744
