var1,var2,var3,var4,var5,var6
0.04242424242424243,0.06060606060606061,0.18181818181818182,0.19393939393939394,0.21818181818181817,0.30303030303030304
