var1,var2,var3,var4,var5,var6
0.04819277108433735,0.11244979919678715,0.15261044176706828,0.18473895582329317,0.20883534136546184,0.2931726907630522
