var1,var2,var3,var4,var5,var6
0.017964071856287425,0.0718562874251497,0.09580838323353294,0.20958083832335328,0.2215568862275449,0.38323353293413176
