var1,var2,var3,var4,var5,var6
0.07171314741035857,0.11952191235059761,0.12749003984063745,0.1593625498007968,0.21912350597609562,0.30278884462151395
