var1,var2,var3,var4,var5,var6
0.0582010582010582,0.08465608465608465,0.1693121693121693,0.17989417989417988,0.19047619047619047,0.31746031746031744
