var1,var2,var3,var4,var5,var6
0.02702702702702703,0.08648648648648649,0.10270270270270271,0.11891891891891893,0.31351351351351353,0.35135135135135137
