var1,var2,var3,var4,var5,var6
0.02027027027027027,0.05405405405405406,0.11486486486486487,0.19594594594594594,0.2635135135135135,0.35135135135135137
