var1,var2,var3,var4,var5,var6
0.06976744186046512,0.09302325581395349,0.10232558139534884,0.17674418604651163,0.25116279069767444,0.30697674418604654
