var1,var2,var3,var4,var5,var6
0.045454545454545456,0.1409090909090909,0.16818181818181818,0.18181818181818182,0.20454545454545456,0.2590909090909091
