var1,var2,var3,var4,var5,var6
0.03968253968253968,0.07936507936507936,0.1111111111111111,0.18253968253968253,0.24603174603174602,0.3412698412698413
