var1,var2,var3,var4,var5,var6
0.03759398496240601,0.09774436090225563,0.12030075187969924,0.19548872180451127,0.24060150375939848,0.3082706766917293
