var1,var2,var3,var4,var5,var6
0.09090909090909091,0.11004784688995216,0.12440191387559808,0.1674641148325359,0.23923444976076555,0.2679425837320574
