var1,var2,var3,var4,var5,var6
0.03870967741935484,0.06451612903225806,0.12258064516129032,0.16774193548387098,0.2967741935483871,0.3096774193548387
