var1,var2,var3,var4,var5,var6
0.01764705882352941,0.07647058823529412,0.16470588235294117,0.21176470588235294,0.2529411764705882,0.27647058823529413
