var1,var2,var3,var4,var5,var6
0.053231939163498096,0.06844106463878327,0.08745247148288973,0.18250950570342206,0.2889733840304182,0.3193916349809886
