var1,var2,var3,var4,var5,var6
0.11158798283261803,0.12446351931330472,0.1459227467811159,0.17167381974248927,0.2145922746781116,0.2317596566523605
