var1,var2,var3,var4,var5,var6
0.03821656050955414,0.050955414012738856,0.06369426751592357,0.20382165605095542,0.2611464968152866,0.3821656050955414
