var1,var2,var3,var4,var5,var6
0.022222222222222223,0.1111111111111111,0.17777777777777778,0.18518518518518517,0.2222222222222222,0.2814814814814815
