var1,var2,var3,var4,var5,var6
0.03389830508474576,0.04519774011299435,0.1016949152542373,0.21468926553672316,0.23163841807909605,0.3728813559322034
