var1,var2,var3,var4,var5,var6
0.06976744186046512,0.09302325581395349,0.13953488372093023,0.20155038759689922,0.24031007751937986,0.2558139534883721
