var1,var2,var3,var4,var5,var6
0.08648648648648649,0.0972972972972973,0.16216216216216217,0.20540540540540542,0.21081081081081082,0.23783783783783785
