var1,var2,var3,var4,var5,var6
0.04093567251461988,0.0935672514619883,0.11695906432748537,0.2222222222222222,0.23391812865497075,0.29239766081871343
