var1,var2,var3,var4,var5,var6
0.06635071090047394,0.08530805687203792,0.16587677725118483,0.2132701421800948,0.22274881516587677,0.24644549763033174
