var1,var2,var3,var4,var5,var6
0.03184713375796178,0.050955414012738856,0.11464968152866242,0.20382165605095542,0.2929936305732484,0.3057324840764331
