var1,var2,var3,var4,var5,var6
0.0392156862745098,0.07058823529411765,0.09019607843137255,0.2196078431372549,0.24313725490196078,0.33725490196078434
