var1,var2,var3,var4,var5,var6
0.07017543859649122,0.0935672514619883,0.1286549707602339,0.21052631578947367,0.23976608187134502,0.2573099415204678
