var1,var2,var3,var4,var5,var6
0.038461538461538464,0.07692307692307693,0.10256410256410256,0.22435897435897437,0.24358974358974358,0.3141025641025641
