var1,var2,var3,var4,var5,var6
0.07171314741035857,0.11155378486055777,0.1752988047808765,0.199203187250996,0.21115537848605578,0.23107569721115537
