var1,var2,var3,var4,var5,var6
0.047872340425531915,0.12234042553191489,0.16489361702127658,0.19148936170212766,0.22872340425531915,0.24468085106382978
