var1,var2,var3,var4,var5,var6
0.029556650246305417,0.07881773399014778,0.13793103448275862,0.1724137931034483,0.2561576354679803,0.3251231527093596
