var1,var2,var3,var4,var5,var6
0.06844106463878327,0.08365019011406843,0.11026615969581749,0.1444866920152091,0.2737642585551331,0.3193916349809886
