var1,var2,var3,var4,var5,var6
0.08928571428571429,0.11607142857142858,0.14285714285714285,0.17857142857142858,0.1875,0.2857142857142857
