var1,var2,var3,var4,var5,var6
0.02962962962962963,0.0962962962962963,0.11851851851851852,0.13333333333333333,0.1925925925925926,0.42962962962962964
