var1,var2,var3,var4,var5,var6
0.07407407407407407,0.10699588477366255,0.11522633744855967,0.205761316872428,0.24279835390946503,0.2551440329218107
