var1,var2,var3,var4,var5,var6
0.032520325203252036,0.06504065040650407,0.12195121951219512,0.14634146341463414,0.3089430894308943,0.3252032520325203
