var1,var2,var3,var4,var5,var6
0.07086614173228346,0.07874015748031496,0.11023622047244094,0.15748031496062992,0.28346456692913385,0.2992125984251969
