var1,var2,var3,var4,var5,var6
0.04807692307692308,0.13942307692307693,0.14903846153846154,0.16826923076923078,0.23076923076923078,0.2644230769230769
