var1,var2,var3,var4,var5,var6
0.05172413793103448,0.13218390804597702,0.16091954022988506,0.1781609195402299,0.19540229885057472,0.28160919540229884
