var1,var2,var3,var4,var5,var6
0.022598870056497175,0.0847457627118644,0.12429378531073447,0.21468926553672316,0.2711864406779661,0.2824858757062147
