var1,var2,var3,var4,var5,var6
0.012578616352201259,0.03773584905660377,0.14465408805031446,0.16352201257861634,0.27672955974842767,0.36477987421383645
