var1,var2,var3,var4,var5,var6
0.04020100502512563,0.11557788944723618,0.1407035175879397,0.21105527638190955,0.22110552763819097,0.271356783919598
