var1,var2,var3,var4,var5,var6
0.023121387283236993,0.06936416184971098,0.08670520231213873,0.18497109826589594,0.28901734104046245,0.3468208092485549
