var1,var2,var3,var4,var5,var6
0.07804878048780488,0.0975609756097561,0.17073170731707318,0.1951219512195122,0.2048780487804878,0.25365853658536586
