var1,var2,var3,var4,var5,var6
0.08379888268156424,0.12290502793296089,0.1564245810055866,0.18994413407821228,0.2122905027932961,0.2346368715083799
