var1,var2,var3,var4,var5,var6
0.06467661691542288,0.09950248756218906,0.11940298507462686,0.17412935323383086,0.263681592039801,0.27860696517412936
