var1,var2,var3,var4,var5,var6
0.024630541871921183,0.11822660098522167,0.12807881773399016,0.20689655172413793,0.22660098522167488,0.2955665024630542
