var1,var2,var3,var4,var5,var6
0.03468208092485549,0.06358381502890173,0.08092485549132948,0.20809248554913296,0.23121387283236994,0.3815028901734104
