var1,var2,var3,var4,var5,var6
0.032432432432432434,0.043243243243243246,0.0972972972972973,0.15135135135135136,0.32972972972972975,0.34594594594594597
