var1,var2,var3,var4,var5,var6
0.04219409282700422,0.09282700421940929,0.10970464135021098,0.15611814345991562,0.2109704641350211,0.3881856540084388
