var1,var2,var3,var4,var5,var6
0.022099447513812154,0.13259668508287292,0.16574585635359115,0.19337016574585636,0.19889502762430938,0.287292817679558
