var1,var2,var3,var4,var5,var6
0.08,0.12571428571428572,0.14857142857142858,0.17142857142857143,0.21142857142857144,0.26285714285714284
