var1,var2,var3,var4,var5,var6
0.03018867924528302,0.12075471698113208,0.14339622641509434,0.2037735849056604,0.22264150943396227,0.2792452830188679
