var1,var2,var3,var4,var5,var6
0.04975124378109453,0.06467661691542288,0.08955223880597014,0.21890547263681592,0.23880597014925373,0.3383084577114428
