var1,var2,var3,var4,var5,var6
0.09420289855072464,0.11594202898550725,0.14492753623188406,0.18115942028985507,0.1956521739130435,0.26811594202898553
