var1,var2,var3,var4,var5,var6
0.0916030534351145,0.10687022900763359,0.12213740458015267,0.15267175572519084,0.22137404580152673,0.3053435114503817
