var1,var2,var3,var4,var5,var6
0.034334763948497854,0.07725321888412018,0.12875536480686695,0.16738197424892703,0.1888412017167382,0.4034334763948498
