var1,var2,var3,var4,var5,var6
0.029850746268656716,0.09950248756218906,0.10945273631840796,0.15920398009950248,0.2935323383084577,0.30845771144278605
