var1,var2,var3,var4,var5,var6
0.04046242774566474,0.06358381502890173,0.1791907514450867,0.19653179190751446,0.2254335260115607,0.2947976878612717
