var1,var2,var3,var4,var5,var6
0.010362694300518135,0.11917098445595854,0.16580310880829016,0.18652849740932642,0.21761658031088082,0.3005181347150259
