var1,var2,var3,var4,var5,var6
0.059113300492610835,0.09359605911330049,0.12807881773399016,0.13793103448275862,0.27586206896551724,0.3054187192118227
