var1,var2,var3,var4,var5,var6
0.05917159763313609,0.07692307692307693,0.10059171597633136,0.14201183431952663,0.2958579881656805,0.3254437869822485
