var1,var2,var3,var4,var5,var6
0.028708133971291867,0.04784688995215311,0.16267942583732056,0.19617224880382775,0.27751196172248804,0.28708133971291866
