var1,var2,var3,var4,var5,var6
0.09871244635193133,0.12017167381974249,0.1630901287553648,0.18025751072961374,0.20600858369098712,0.2317596566523605
