var1,var2,var3,var4,var5,var6
0.031818181818181815,0.07727272727272727,0.17272727272727273,0.19545454545454546,0.23636363636363636,0.2863636363636364
