var1,var2,var3,var4,var5,var6
0.046511627906976744,0.06201550387596899,0.09302325581395349,0.16279069767441862,0.23255813953488372,0.40310077519379844
