var1,var2,var3,var4,var5,var6
0.04371584699453552,0.0546448087431694,0.07650273224043716,0.14207650273224043,0.2786885245901639,0.40437158469945356
