var1,var2,var3,var4,var5,var6
0.02127659574468085,0.06382978723404255,0.10638297872340426,0.1773049645390071,0.2978723404255319,0.3333333333333333
