var1,var2,var3,var4,var5,var6
0.02390438247011952,0.06772908366533864,0.15139442231075698,0.1593625498007968,0.24701195219123506,0.350597609561753
