var1,var2,var3,var4,var5,var6
0.06179775280898876,0.07865168539325842,0.09550561797752809,0.16853932584269662,0.20786516853932585,0.38764044943820225
