var1,var2,var3,var4,var5,var6
0.023076923076923078,0.046153846153846156,0.13076923076923078,0.16923076923076924,0.2230769230769231,0.4076923076923077
