var1,var2,var3,var4,var5,var6
0.08040201005025126,0.11055276381909548,0.1407035175879397,0.1507537688442211,0.20603015075376885,0.31155778894472363
