var1,var2,var3,var4,var5,var6
0.035555555555555556,0.13333333333333333,0.14222222222222222,0.20444444444444446,0.22666666666666666,0.2577777777777778
