var1,var2,var3,var4,var5,var6
0.013071895424836602,0.06535947712418301,0.11764705882352941,0.16339869281045752,0.27450980392156865,0.3660130718954248
