var1,var2,var3,var4,var5,var6
0.05181347150259067,0.07772020725388601,0.09326424870466321,0.16580310880829016,0.23834196891191708,0.37305699481865284
