var1,var2,var3,var4,var5,var6
0.0718954248366013,0.0915032679738562,0.10457516339869281,0.11764705882352941,0.27450980392156865,0.33986928104575165
