var1,var2,var3,var4,var5,var6
0.10982658959537572,0.11560693641618497,0.12716763005780346,0.15028901734104047,0.20809248554913296,0.28901734104046245
