var1,var2,var3,var4,var5,var6
0.050955414012738856,0.09554140127388536,0.10191082802547771,0.11464968152866242,0.25477707006369427,0.3821656050955414
