var1,var2,var3,var4,var5,var6
0.05325443786982249,0.07100591715976332,0.14201183431952663,0.22485207100591717,0.23668639053254437,0.27218934911242604
