var1,var2,var3,var4,var5,var6
0.039711191335740074,0.09747292418772563,0.11552346570397112,0.18411552346570398,0.24548736462093862,0.3176895306859206
