var1,var2,var3,var4,var5,var6
0.0735930735930736,0.08658008658008658,0.12121212121212122,0.18181818181818182,0.19913419913419914,0.33766233766233766
