var1,var2,var3,var4,var5,var6
0.062111801242236024,0.06832298136645963,0.09937888198757763,0.11180124223602485,0.2857142857142857,0.37267080745341613
