var1,var2,var3,var4,var5,var6
0.026490066225165563,0.09271523178807947,0.1456953642384106,0.1986754966887417,0.23178807947019867,0.304635761589404
