var1,var2,var3,var4,var5,var6
0.024390243902439025,0.056910569105691054,0.16260162601626016,0.2032520325203252,0.25203252032520324,0.3008130081300813
