var1,var2,var3,var4,var5,var6
0.024844720496894408,0.08695652173913043,0.12422360248447205,0.16149068322981366,0.2670807453416149,0.33540372670807456
