var1,var2,var3,var4,var5,var6
0.031496062992125984,0.047244094488188976,0.15748031496062992,0.1968503937007874,0.25196850393700787,0.31496062992125984
