var1,var2,var3,var4,var5,var6
0.021739130434782608,0.07246376811594203,0.12318840579710146,0.2028985507246377,0.21014492753623187,0.3695652173913043
