var1,var2,var3,var4,var5,var6
0.050761421319796954,0.1116751269035533,0.14213197969543148,0.15736040609137056,0.18274111675126903,0.3553299492385787
