var1,var2,var3,var4,var5,var6
0.019230769230769232,0.05128205128205128,0.14102564102564102,0.1987179487179487,0.23717948717948717,0.3525641025641026
