var1,var2,var3,var4,var5,var6
0.024390243902439025,0.06504065040650407,0.08130081300813008,0.17886178861788618,0.21138211382113822,0.43902439024390244
