var1,var2,var3,var4,var5,var6
0.02390438247011952,0.08366533864541832,0.1752988047808765,0.18326693227091634,0.23107569721115537,0.30278884462151395
