var1,var2,var3,var4,var5,var6
0.09289617486338798,0.11475409836065574,0.15300546448087432,0.16939890710382513,0.21311475409836064,0.2568306010928962
