var1,var2,var3,var4,var5,var6
0.06190476190476191,0.09047619047619047,0.17142857142857143,0.20476190476190476,0.22857142857142856,0.24285714285714285
