var1,var2,var3,var4,var5,var6
0.04081632653061224,0.07653061224489796,0.09693877551020408,0.20918367346938777,0.22448979591836735,0.3520408163265306
