var1,var2,var3,var4,var5,var6
0.014598540145985401,0.051094890510948905,0.17518248175182483,0.20437956204379562,0.24817518248175183,0.30656934306569344
