var1,var2,var3,var4,var5,var6
0.03317535545023697,0.13270142180094788,0.15165876777251186,0.18009478672985782,0.24644549763033174,0.2559241706161137
