var1,var2,var3,var4,var5,var6
0.0472972972972973,0.13513513513513514,0.1554054054054054,0.17567567567567569,0.23648648648648649,0.25
