var1,var2,var3,var4,var5,var6
0.06707317073170732,0.0975609756097561,0.1524390243902439,0.1951219512195122,0.21341463414634146,0.27439024390243905
