var1,var2,var3,var4,var5,var6
0.05917159763313609,0.11834319526627218,0.13609467455621302,0.14201183431952663,0.1893491124260355,0.35502958579881655
