var1,var2,var3,var4,var5,var6
0.08403361344537816,0.10084033613445378,0.11764705882352941,0.12605042016806722,0.15126050420168066,0.42016806722689076
