var1,var2,var3,var4,var5,var6
0.07027027027027027,0.0972972972972973,0.10810810810810811,0.16216216216216217,0.21621621621621623,0.34594594594594597
