var1,var2,var3,var4,var5,var6
0.017241379310344827,0.08620689655172414,0.15517241379310345,0.20689655172413793,0.25287356321839083,0.28160919540229884
