var1,var2,var3,var4,var5,var6
0.11155378486055777,0.12749003984063745,0.14342629482071714,0.17131474103585656,0.18326693227091634,0.26294820717131473
