var1,var2,var3,var4,var5,var6
0.10119047619047619,0.1130952380952381,0.16071428571428573,0.17857142857142858,0.20238095238095238,0.24404761904761904
