var1,var2,var3,var4,var5,var6
0.024630541871921183,0.03940886699507389,0.059113300492610835,0.19704433497536947,0.27586206896551724,0.4039408866995074
