var1,var2,var3,var4,var5,var6
0.052434456928838954,0.12734082397003746,0.14606741573033707,0.17228464419475656,0.2397003745318352,0.26217228464419473
