var1,var2,var3,var4,var5,var6
0.028901734104046242,0.04046242774566474,0.15606936416184972,0.21965317919075145,0.2543352601156069,0.30057803468208094
