var1,var2,var3,var4,var5,var6
0.07407407407407407,0.10101010101010101,0.1414141414141414,0.19528619528619529,0.23232323232323232,0.2558922558922559
