var1,var2,var3,var4,var5,var6
0.029239766081871343,0.04093567251461988,0.1871345029239766,0.2046783625730994,0.2222222222222222,0.3157894736842105
