var1,var2,var3,var4,var5,var6
0.012269938650306749,0.0736196319018405,0.15950920245398773,0.1901840490797546,0.26993865030674846,0.294478527607362
