var1,var2,var3,var4,var5,var6
0.017142857142857144,0.06857142857142857,0.14857142857142858,0.18285714285714286,0.22857142857142856,0.35428571428571426
