var1,var2,var3,var4,var5,var6
0.04678362573099415,0.10526315789473684,0.12280701754385964,0.14035087719298245,0.21052631578947367,0.3742690058479532
