var1,var2,var3,var4,var5,var6
0.04149377593360996,0.07468879668049792,0.17012448132780084,0.1825726141078838,0.24066390041493776,0.29045643153526973
