var1,var2,var3,var4,var5,var6
0.02631578947368421,0.08771929824561403,0.09649122807017543,0.14912280701754385,0.2982456140350877,0.34210526315789475
