var1,var2,var3,var4,var5,var6
0.05970149253731343,0.08955223880597014,0.13432835820895522,0.19900497512437812,0.21890547263681592,0.29850746268656714
