var1,var2,var3,var4,var5,var6
0.025974025974025976,0.05194805194805195,0.09090909090909091,0.1038961038961039,0.23376623376623376,0.4935064935064935
