var1,var2,var3,var4,var5,var6
0.027149321266968326,0.07692307692307693,0.14479638009049775,0.15384615384615385,0.25339366515837103,0.3438914027149321
