var1,var2,var3,var4,var5,var6
0.016216216216216217,0.043243243243243246,0.15135135135135136,0.16216216216216217,0.24864864864864866,0.3783783783783784
