var1,var2,var3,var4,var5,var6
0.06547619047619048,0.08333333333333333,0.1130952380952381,0.21428571428571427,0.25595238095238093,0.26785714285714285
