var1,var2,var3,var4,var5,var6
0.06832298136645963,0.12422360248447205,0.15527950310559005,0.18012422360248448,0.19875776397515527,0.2732919254658385
