var1,var2,var3,var4,var5,var6
0.02185792349726776,0.12021857923497267,0.16393442622950818,0.20218579234972678,0.2185792349726776,0.273224043715847
