var1,var2,var3,var4,var5,var6
0.044585987261146494,0.08917197452229299,0.15286624203821655,0.1910828025477707,0.20382165605095542,0.3184713375796178
