var1,var2,var3,var4,var5,var6
0.09271523178807947,0.11920529801324503,0.152317880794702,0.18543046357615894,0.1986754966887417,0.25165562913907286
