var1,var2,var3,var4,var5,var6
0.024691358024691357,0.06790123456790123,0.11728395061728394,0.17901234567901234,0.2654320987654321,0.345679012345679
