var1,var2,var3,var4,var5,var6
0.0935672514619883,0.10526315789473684,0.15204678362573099,0.1695906432748538,0.17543859649122806,0.30409356725146197
