var1,var2,var3,var4,var5,var6
0.025806451612903226,0.08387096774193549,0.14193548387096774,0.15483870967741936,0.24516129032258063,0.34838709677419355
