var1,var2,var3,var4,var5,var6
0.02830188679245283,0.09905660377358491,0.14622641509433962,0.21226415094339623,0.2358490566037736,0.2783018867924528
