var1,var2,var3,var4,var5,var6
0.07207207207207207,0.12612612612612611,0.13513513513513514,0.16216216216216217,0.18018018018018017,0.32432432432432434
