var1,var2,var3,var4,var5,var6
0.06726457399103139,0.08968609865470852,0.15246636771300448,0.18834080717488788,0.23766816143497757,0.2645739910313901
