var1,var2,var3,var4,var5,var6
0.07920792079207921,0.09900990099009901,0.1188118811881188,0.15841584158415842,0.22772277227722773,0.31683168316831684
