var1,var2,var3,var4,var5,var6
0.06289308176100629,0.08176100628930817,0.11320754716981132,0.12578616352201258,0.2641509433962264,0.3522012578616352
