var1,var2,var3,var4,var5,var6
0.00796812749003984,0.07171314741035857,0.12350597609561753,0.1593625498007968,0.2948207171314741,0.3426294820717131
