var1,var2,var3,var4,var5,var6
0.02666666666666667,0.044444444444444446,0.1511111111111111,0.19111111111111112,0.26666666666666666,0.32
