var1,var2,var3,var4,var5,var6
0.12422360248447205,0.13664596273291926,0.14906832298136646,0.16770186335403728,0.18633540372670807,0.2360248447204969
