var1,var2,var3,var4,var5,var6
0.029850746268656716,0.05970149253731343,0.15920398009950248,0.20398009950248755,0.26865671641791045,0.27860696517412936
