var1,var2,var3,var4,var5,var6
0.05084745762711865,0.07909604519774012,0.0903954802259887,0.12429378531073447,0.2994350282485876,0.3559322033898305
