var1,var2,var3,var4,var5,var6
0.055299539170506916,0.06451612903225806,0.10138248847926268,0.1382488479262673,0.3087557603686636,0.3317972350230415
