var1,var2,var3,var4,var5,var6
0.07096774193548387,0.09032258064516129,0.0967741935483871,0.12258064516129032,0.23225806451612904,0.3870967741935484
