var1,var2,var3,var4,var5,var6
0.03597122302158273,0.07194244604316546,0.07913669064748201,0.1223021582733813,0.31654676258992803,0.37410071942446044
