var1,var2,var3,var4,var5,var6
0.06622516556291391,0.11258278145695365,0.15894039735099338,0.18543046357615894,0.2119205298013245,0.26490066225165565
