var1,var2,var3,var4,var5,var6
0.02197802197802198,0.03296703296703297,0.08791208791208792,0.15384615384615385,0.1978021978021978,0.5054945054945055
