var1,var2,var3,var4,var5,var6
0.017142857142857144,0.045714285714285714,0.12571428571428572,0.16,0.2742857142857143,0.37714285714285717
