var1,var2,var3,var4,var5,var6
0.04093567251461988,0.05847953216374269,0.14035087719298245,0.1871345029239766,0.21052631578947367,0.36257309941520466
