var1,var2,var3,var4,var5,var6
0.02127659574468085,0.0851063829787234,0.1347517730496454,0.20567375886524822,0.24822695035460993,0.3049645390070922
