var1,var2,var3,var4,var5,var6
0.05405405405405406,0.12972972972972974,0.15135135135135136,0.16216216216216217,0.23243243243243245,0.2702702702702703
