var1,var2,var3,var4,var5,var6
0.0311284046692607,0.054474708171206226,0.14007782101167315,0.15953307392996108,0.2723735408560311,0.3424124513618677
