var1,var2,var3,var4,var5,var6
0.016483516483516484,0.04395604395604396,0.14835164835164835,0.17032967032967034,0.25274725274725274,0.36813186813186816
