var1,var2,var3,var4,var5,var6
0.07482993197278912,0.09523809523809523,0.11564625850340136,0.14965986394557823,0.23129251700680273,0.3333333333333333
