var1,var2,var3,var4,var5,var6
0.029197080291970802,0.043795620437956206,0.08029197080291971,0.11678832116788321,0.2773722627737226,0.45255474452554745
