var1,var2,var3,var4,var5,var6
0.06358381502890173,0.13872832369942195,0.15606936416184972,0.19653179190751446,0.20809248554913296,0.23699421965317918
