var1,var2,var3,var4,var5,var6
0.08527131782945736,0.10077519379844961,0.15503875968992248,0.16279069767441862,0.2248062015503876,0.2713178294573643
