var1,var2,var3,var4,var5,var6
0.016853932584269662,0.05056179775280899,0.14606741573033707,0.20786516853932585,0.25280898876404495,0.3258426966292135
