var1,var2,var3,var4,var5,var6
0.012738853503184714,0.11464968152866242,0.1592356687898089,0.20382165605095542,0.24203821656050956,0.267515923566879
