var1,var2,var3,var4,var5,var6
0.018633540372670808,0.08074534161490683,0.11180124223602485,0.16149068322981366,0.2857142857142857,0.3416149068322981
