var1,var2,var3,var4,var5,var6
0.06896551724137931,0.09655172413793103,0.11724137931034483,0.15862068965517243,0.2620689655172414,0.296551724137931
