var1,var2,var3,var4,var5,var6
0.012422360248447204,0.08695652173913043,0.13043478260869565,0.17391304347826086,0.2857142857142857,0.3105590062111801
