var1,var2,var3,var4,var5,var6
0.05517241379310345,0.07586206896551724,0.15172413793103448,0.2206896551724138,0.23448275862068965,0.2620689655172414
