var1,var2,var3,var4,var5,var6
0.10582010582010581,0.12169312169312169,0.15873015873015872,0.19047619047619047,0.20105820105820105,0.2222222222222222
