var1,var2,var3,var4,var5,var6
0.12195121951219512,0.13170731707317074,0.15121951219512195,0.18048780487804877,0.1951219512195122,0.21951219512195122
