var1,var2,var3,var4,var5,var6
0.08040201005025126,0.10552763819095477,0.1507537688442211,0.20100502512562815,0.22110552763819097,0.24120603015075376
