var1,var2,var3,var4,var5,var6
0.05172413793103448,0.06896551724137931,0.08620689655172414,0.21264367816091953,0.25862068965517243,0.3218390804597701
