var1,var2,var3,var4,var5,var6
0.0718232044198895,0.11049723756906077,0.12154696132596685,0.19889502762430938,0.22099447513812154,0.27624309392265195
