var1,var2,var3,var4,var5,var6
0.046632124352331605,0.07772020725388601,0.18134715025906736,0.20207253886010362,0.23834196891191708,0.2538860103626943
