var1,var2,var3,var4,var5,var6
0.06914893617021277,0.11702127659574468,0.15425531914893617,0.19148936170212766,0.2127659574468085,0.2553191489361702
