var1,var2,var3,var4,var5,var6
0.03765690376569038,0.100418410041841,0.14225941422594143,0.19246861924686193,0.2594142259414226,0.26778242677824265
