var1,var2,var3,var4,var5,var6
0.06130268199233716,0.10344827586206896,0.14559386973180077,0.19157088122605365,0.23754789272030652,0.26053639846743293
