var1,var2,var3,var4,var5,var6
0.024793388429752067,0.06611570247933884,0.11570247933884298,0.1322314049586777,0.2809917355371901,0.38016528925619836
