var1,var2,var3,var4,var5,var6
0.033783783783783786,0.07432432432432433,0.14864864864864866,0.19594594594594594,0.2635135135135135,0.28378378378378377
