var1,var2,var3,var4,var5,var6
0.06349206349206349,0.08465608465608465,0.12698412698412698,0.15873015873015872,0.2698412698412698,0.2962962962962963
