var1,var2,var3,var4,var5,var6
0.029940119760479042,0.0718562874251497,0.15568862275449102,0.19161676646706588,0.25149700598802394,0.2994011976047904
