var1,var2,var3,var4,var5,var6
0.0446927374301676,0.07262569832402235,0.1005586592178771,0.16759776536312848,0.2905027932960894,0.3240223463687151
