var1,var2,var3,var4,var5,var6
0.058823529411764705,0.07239819004524888,0.12669683257918551,0.16289592760180996,0.28054298642533937,0.2986425339366516
