var1,var2,var3,var4,var5,var6
0.03759398496240601,0.045112781954887216,0.15037593984962405,0.16541353383458646,0.2556390977443609,0.3458646616541353
