var1,var2,var3,var4,var5,var6
0.04945054945054945,0.07142857142857142,0.1043956043956044,0.21978021978021978,0.24725274725274726,0.3076923076923077
