var1,var2,var3,var4,var5,var6
0.043243243243243246,0.07567567567567568,0.0972972972972973,0.20540540540540542,0.22162162162162163,0.3567567567567568
