var1,var2,var3,var4,var5,var6
0.08040201005025126,0.11055276381909548,0.16080402010050251,0.18592964824120603,0.20100502512562815,0.2613065326633166
