var1,var2,var3,var4,var5,var6
0.03184713375796178,0.06369426751592357,0.07643312101910828,0.17834394904458598,0.2802547770700637,0.36942675159235666
