var1,var2,var3,var4,var5,var6
0.014598540145985401,0.051094890510948905,0.08029197080291971,0.24087591240875914,0.26277372262773724,0.35036496350364965
