var1,var2,var3,var4,var5,var6
0.05303030303030303,0.07575757575757576,0.08333333333333333,0.18181818181818182,0.2196969696969697,0.38636363636363635
