var1,var2,var3,var4,var5,var6
0.03643724696356275,0.05263157894736842,0.11740890688259109,0.21052631578947367,0.242914979757085,0.340080971659919
