var1,var2,var3,var4,var5,var6
0.03910614525139665,0.11173184357541899,0.13966480446927373,0.20670391061452514,0.24022346368715083,0.26256983240223464
