var1,var2,var3,var4,var5,var6
0.06808510638297872,0.0851063829787234,0.1148936170212766,0.1702127659574468,0.2127659574468085,0.34893617021276596
