var1,var2,var3,var4,var5,var6
0.017391304347826087,0.034782608695652174,0.09565217391304348,0.1565217391304348,0.3130434782608696,0.3826086956521739
