var1,var2,var3,var4,var5,var6
0.06923076923076923,0.08461538461538462,0.1,0.12307692307692308,0.23076923076923078,0.3923076923076923
