var1,var2,var3,var4,var5,var6
0.019867549668874173,0.052980132450331126,0.09271523178807947,0.2052980132450331,0.271523178807947,0.3576158940397351
