var1,var2,var3,var4,var5,var6
0.11158798283261803,0.12017167381974249,0.13733905579399142,0.1759656652360515,0.1888412017167382,0.26609442060085836
