var1,var2,var3,var4,var5,var6
0.04794520547945205,0.07534246575342465,0.136986301369863,0.17123287671232876,0.22602739726027396,0.3424657534246575
