var1,var2,var3,var4,var5,var6
0.015748031496062992,0.09448818897637795,0.12598425196850394,0.1732283464566929,0.25984251968503935,0.33070866141732286
