var1,var2,var3,var4,var5,var6
0.018404907975460124,0.09815950920245399,0.11042944785276074,0.18404907975460122,0.26993865030674846,0.31901840490797545
