var1,var2,var3,var4,var5,var6
0.03864734299516908,0.06763285024154589,0.10144927536231885,0.15458937198067632,0.2898550724637681,0.34782608695652173
