var1,var2,var3,var4,var5,var6
0.015444015444015444,0.12355212355212356,0.15057915057915058,0.21621621621621623,0.22393822393822393,0.2702702702702703
