var1,var2,var3,var4,var5,var6
0.05309734513274336,0.07079646017699115,0.13274336283185842,0.1415929203539823,0.2831858407079646,0.3185840707964602
