var1,var2,var3,var4,var5,var6
0.06707317073170732,0.09146341463414634,0.1524390243902439,0.17073170731707318,0.20121951219512196,0.3170731707317073
