var1,var2,var3,var4,var5,var6
0.026200873362445413,0.0611353711790393,0.10480349344978165,0.11353711790393013,0.31004366812227074,0.38427947598253276
