var1,var2,var3,var4,var5,var6
0.03680981595092025,0.08588957055214724,0.09815950920245399,0.15337423312883436,0.25766871165644173,0.36809815950920244
