var1,var2,var3,var4,var5,var6
0.020512820512820513,0.041025641025641026,0.13846153846153847,0.15384615384615385,0.28717948717948716,0.358974358974359
