var1,var2,var3,var4,var5,var6
0.06735751295336788,0.11398963730569948,0.15544041450777202,0.17616580310880828,0.22797927461139897,0.25906735751295334
