var1,var2,var3,var4,var5,var6
0.04145077720207254,0.05181347150259067,0.07253886010362694,0.17098445595854922,0.25906735751295334,0.40414507772020725
