var1,var2,var3,var4,var5,var6
0.03597122302158273,0.05755395683453238,0.08633093525179857,0.10071942446043165,0.2517985611510791,0.4676258992805755
