var1,var2,var3,var4,var5,var6
0.09836065573770492,0.12295081967213115,0.1557377049180328,0.1885245901639344,0.19672131147540983,0.23770491803278687
