var1,var2,var3,var4,var5,var6
0.06382978723404255,0.0851063829787234,0.1276595744680851,0.1702127659574468,0.19858156028368795,0.3546099290780142
