var1,var2,var3,var4,var5,var6
0.045714285714285714,0.08571428571428572,0.10285714285714286,0.24,0.25142857142857145,0.2742857142857143
