var1,var2,var3,var4,var5,var6
0.08076923076923077,0.1346153846153846,0.14615384615384616,0.18076923076923077,0.20384615384615384,0.25384615384615383
