var1,var2,var3,var4,var5,var6
0.037037037037037035,0.06481481481481481,0.12962962962962962,0.2037037037037037,0.2222222222222222,0.3425925925925926
