var1,var2,var3,var4,var5,var6
0.023696682464454975,0.03317535545023697,0.15165876777251186,0.2132701421800948,0.22748815165876776,0.35071090047393366
