var1,var2,var3,var4,var5,var6
0.040268456375838924,0.11409395973154363,0.12080536912751678,0.20134228187919462,0.2550335570469799,0.2684563758389262
