var1,var2,var3,var4,var5,var6
0.09219858156028368,0.09929078014184398,0.12056737588652482,0.15602836879432624,0.24113475177304963,0.2907801418439716
