var1,var2,var3,var4,var5,var6
0.015748031496062992,0.08661417322834646,0.12598425196850394,0.2047244094488189,0.2677165354330709,0.2992125984251969
