var1,var2,var3,var4,var5,var6
0.035175879396984924,0.11055276381909548,0.1507537688442211,0.1658291457286432,0.24623115577889448,0.2914572864321608
