var1,var2,var3,var4,var5,var6
0.10328638497652583,0.13145539906103287,0.15023474178403756,0.18309859154929578,0.18779342723004694,0.24413145539906103
