var1,var2,var3,var4,var5,var6
0.08092485549132948,0.13872832369942195,0.15028901734104047,0.17341040462427745,0.1791907514450867,0.2774566473988439
