var1,var2,var3,var4,var5,var6
0.03636363636363636,0.04242424242424243,0.09696969696969697,0.1696969696969697,0.2545454545454545,0.4
