var1,var2,var3,var4,var5,var6
0.02097902097902098,0.06993006993006994,0.16083916083916083,0.1958041958041958,0.2727272727272727,0.27972027972027974
