var1,var2,var3,var4,var5,var6
0.019011406844106463,0.12167300380228137,0.16730038022813687,0.19391634980988592,0.22433460076045628,0.2737642585551331
