var1,var2,var3,var4,var5,var6
0.08275862068965517,0.09655172413793103,0.13793103448275862,0.16551724137931034,0.2413793103448276,0.27586206896551724
