var1,var2,var3,var4,var5,var6
0.036036036036036036,0.08108108108108109,0.10810810810810811,0.18018018018018017,0.23423423423423423,0.36036036036036034
