var1,var2,var3,var4,var5,var6
0.10967741935483871,0.12258064516129032,0.16129032258064516,0.18064516129032257,0.2,0.22580645161290322
