var1,var2,var3,var4,var5,var6
0.032432432432432434,0.12972972972972974,0.14594594594594595,0.20540540540540542,0.21621621621621623,0.2702702702702703
