var1,var2,var3,var4,var5,var6
0.04580152671755725,0.11450381679389313,0.1450381679389313,0.15267175572519084,0.20610687022900764,0.33587786259541985
