var1,var2,var3,var4,var5,var6
0.031413612565445025,0.09424083769633508,0.1099476439790576,0.16753926701570682,0.17801047120418848,0.418848167539267
