var1,var2,var3,var4,var5,var6
0.01092896174863388,0.08196721311475409,0.15300546448087432,0.2185792349726776,0.25136612021857924,0.28415300546448086
