var1,var2,var3,var4,var5,var6
0.045627376425855515,0.057034220532319393,0.08365019011406843,0.21292775665399238,0.2889733840304182,0.311787072243346
