var1,var2,var3,var4,var5,var6
0.04460966542750929,0.15613382899628253,0.16356877323420074,0.1821561338289963,0.21561338289962825,0.2379182156133829
