var1,var2,var3,var4,var5,var6
0.05627705627705628,0.1038961038961039,0.14285714285714285,0.17316017316017315,0.21645021645021645,0.30735930735930733
