var1,var2,var3,var4,var5,var6
0.049723756906077346,0.08839779005524862,0.16574585635359115,0.17679558011049723,0.19889502762430938,0.32044198895027626
