var1,var2,var3,var4,var5,var6
0.02608695652173913,0.12173913043478261,0.1565217391304348,0.19130434782608696,0.24347826086956523,0.2608695652173913
