var1,var2,var3,var4,var5,var6
0.018779342723004695,0.0892018779342723,0.1643192488262911,0.18779342723004694,0.23943661971830985,0.3004694835680751
