var1,var2,var3,var4,var5,var6
0.0787037037037037,0.09722222222222222,0.11574074074074074,0.2037037037037037,0.24537037037037038,0.25925925925925924
