var1,var2,var3,var4,var5,var6
0.022099447513812154,0.04419889502762431,0.14917127071823205,0.17679558011049723,0.26519337016574585,0.3425414364640884
