var1,var2,var3,var4,var5,var6
0.05405405405405406,0.0972972972972973,0.10810810810810811,0.23243243243243245,0.23783783783783785,0.2702702702702703
