var1,var2,var3,var4,var5,var6
0.017467248908296942,0.14847161572052403,0.1703056768558952,0.18340611353711792,0.22707423580786026,0.25327510917030566
