var1,var2,var3,var4,var5,var6
0.01675977653631285,0.0893854748603352,0.16759776536312848,0.2122905027932961,0.24581005586592178,0.2681564245810056
