var1,var2,var3,var4,var5,var6
0.08641975308641975,0.10493827160493827,0.12962962962962962,0.15432098765432098,0.24691358024691357,0.2777777777777778
