var1,var2,var3,var4,var5,var6
0.06206896551724138,0.07586206896551724,0.10344827586206896,0.20689655172413793,0.21379310344827587,0.33793103448275863
