var1,var2,var3,var4,var5,var6
0.012903225806451613,0.06451612903225806,0.08387096774193549,0.14193548387096774,0.2967741935483871,0.4
