var1,var2,var3,var4,var5,var6
0.020833333333333332,0.11805555555555555,0.14583333333333334,0.18055555555555555,0.2222222222222222,0.3125
