var1,var2,var3,var4,var5,var6
0.03278688524590164,0.0546448087431694,0.07650273224043716,0.22950819672131148,0.2568306010928962,0.34972677595628415
