var1,var2,var3,var4,var5,var6
0.033816425120772944,0.10628019323671498,0.15458937198067632,0.18357487922705315,0.2028985507246377,0.3188405797101449
