var1,var2,var3,var4,var5,var6
0.014084507042253521,0.09154929577464789,0.13380281690140844,0.20422535211267606,0.2535211267605634,0.3028169014084507
