var1,var2,var3,var4,var5,var6
0.05235602094240838,0.07329842931937172,0.07853403141361257,0.12041884816753927,0.3298429319371728,0.34554973821989526
