var1,var2,var3,var4,var5,var6
0.05622489959839357,0.13253012048192772,0.15261044176706828,0.18473895582329317,0.21686746987951808,0.2570281124497992
