var1,var2,var3,var4,var5,var6
0.01818181818181818,0.07272727272727272,0.10909090909090909,0.23030303030303031,0.2545454545454545,0.3151515151515151
