var1,var2,var3,var4,var5,var6
0.01680672268907563,0.05042016806722689,0.08403361344537816,0.14285714285714285,0.20168067226890757,0.5042016806722689
