var1,var2,var3,var4,var5,var6
0.03375527426160337,0.05907172995780591,0.11814345991561181,0.13924050632911392,0.2869198312236287,0.3628691983122363
