var1,var2,var3,var4,var5,var6
0.032679738562091505,0.0392156862745098,0.1437908496732026,0.1895424836601307,0.23529411764705882,0.35947712418300654
