var1,var2,var3,var4,var5,var6
0.05263157894736842,0.06766917293233082,0.10526315789473684,0.16541353383458646,0.2932330827067669,0.3157894736842105
