var1,var2,var3,var4,var5,var6
0.014184397163120567,0.028368794326241134,0.09929078014184398,0.14893617021276595,0.2553191489361702,0.45390070921985815
