var1,var2,var3,var4,var5,var6
0.025806451612903226,0.03870967741935484,0.12258064516129032,0.2064516129032258,0.25806451612903225,0.34838709677419355
