var1,var2,var3,var4,var5,var6
0.055900621118012424,0.08695652173913043,0.16149068322981366,0.17391304347826086,0.19875776397515527,0.32298136645962733
