var1,var2,var3,var4,var5,var6
0.0326530612244898,0.08163265306122448,0.17142857142857143,0.2163265306122449,0.22857142857142856,0.2693877551020408
