var1,var2,var3,var4,var5,var6
0.01948051948051948,0.05844155844155844,0.14935064935064934,0.2012987012987013,0.2532467532467532,0.3181818181818182
