var1,var2,var3,var4,var5,var6
0.022026431718061675,0.07048458149779736,0.17180616740088106,0.18502202643171806,0.2599118942731278,0.2907488986784141
