var1,var2,var3,var4,var5,var6
0.023923444976076555,0.03827751196172249,0.11004784688995216,0.20574162679425836,0.2727272727272727,0.3492822966507177
