var1,var2,var3,var4,var5,var6
0.02909090909090909,0.12,0.13090909090909092,0.20363636363636364,0.21818181818181817,0.29818181818181816
