var1,var2,var3,var4,var5,var6
0.026845637583892617,0.087248322147651,0.12751677852348994,0.20134228187919462,0.2751677852348993,0.28187919463087246
