var1,var2,var3,var4,var5,var6
0.042105263157894736,0.10526315789473684,0.11578947368421053,0.16842105263157894,0.18947368421052632,0.37894736842105264
