var1,var2,var3,var4,var5,var6
0.04371584699453552,0.060109289617486336,0.15846994535519127,0.18579234972677597,0.2568306010928962,0.29508196721311475
