var1,var2,var3,var4,var5,var6
0.03067484662576687,0.04294478527607362,0.06748466257668712,0.19631901840490798,0.25766871165644173,0.4049079754601227
