var1,var2,var3,var4,var5,var6
0.04487179487179487,0.057692307692307696,0.08333333333333333,0.1794871794871795,0.24358974358974358,0.391025641025641
