var1,var2,var3,var4,var5,var6
0.040268456375838924,0.12751677852348994,0.1610738255033557,0.18120805369127516,0.19463087248322147,0.2953020134228188
