var1,var2,var3,var4,var5,var6
0.09944751381215469,0.1270718232044199,0.16574585635359115,0.18232044198895028,0.1878453038674033,0.23756906077348067
