var1,var2,var3,var4,var5,var6
0.059574468085106386,0.10638297872340426,0.14042553191489363,0.20425531914893616,0.23404255319148937,0.2553191489361702
