var1,var2,var3,var4,var5,var6
0.07172995780590717,0.10548523206751055,0.1308016877637131,0.189873417721519,0.21940928270042195,0.28270042194092826
