var1,var2,var3,var4,var5,var6
0.09210526315789473,0.125,0.16447368421052633,0.18421052631578946,0.20394736842105263,0.23026315789473684
