var1,var2,var3,var4,var5,var6
0.01809954751131222,0.08597285067873303,0.09954751131221719,0.13574660633484162,0.3167420814479638,0.3438914027149321
