var1,var2,var3,var4,var5,var6
0.019704433497536946,0.04926108374384237,0.07881773399014778,0.21674876847290642,0.2413793103448276,0.39408866995073893
