var1,var2,var3,var4,var5,var6
0.023952095808383235,0.08982035928143713,0.10179640718562874,0.16167664670658682,0.2215568862275449,0.40119760479041916
