var1,var2,var3,var4,var5,var6
0.04819277108433735,0.08433734939759036,0.10843373493975904,0.1606425702811245,0.2891566265060241,0.3092369477911647
