var1,var2,var3,var4,var5,var6
0.03164556962025317,0.08860759493670886,0.10126582278481013,0.1962025316455696,0.23417721518987342,0.34810126582278483
