var1,var2,var3,var4,var5,var6
0.04697986577181208,0.10738255033557047,0.12080536912751678,0.21476510067114093,0.24161073825503357,0.2684563758389262
