var1,var2,var3,var4,var5,var6
0.026905829596412557,0.10762331838565023,0.13901345291479822,0.2062780269058296,0.22869955156950672,0.2914798206278027
