var1,var2,var3,var4,var5,var6
0.03875968992248062,0.07751937984496124,0.12403100775193798,0.13178294573643412,0.3023255813953488,0.32558139534883723
