var1,var2,var3,var4,var5,var6
0.07407407407407407,0.13468013468013468,0.1717171717171717,0.18855218855218855,0.19528619528619529,0.2356902356902357
