var1,var2,var3,var4,var5,var6
0.06923076923076923,0.08461538461538462,0.1,0.14615384615384616,0.23846153846153847,0.36153846153846153
