var1,var2,var3,var4,var5,var6
0.03076923076923077,0.12307692307692308,0.13333333333333333,0.15897435897435896,0.17435897435897435,0.37948717948717947
