var1,var2,var3,var4,var5,var6
0.017341040462427744,0.08092485549132948,0.10982658959537572,0.1676300578034682,0.2543352601156069,0.3699421965317919
