var1,var2,var3,var4,var5,var6
0.07741935483870968,0.10967741935483871,0.11612903225806452,0.16774193548387098,0.25806451612903225,0.2709677419354839
