var1,var2,var3,var4,var5,var6
0.0392156862745098,0.06535947712418301,0.1111111111111111,0.16993464052287582,0.3006535947712418,0.3137254901960784
