var1,var2,var3,var4,var5,var6
0.012903225806451613,0.07096774193548387,0.18064516129032257,0.2,0.24516129032258063,0.2903225806451613
