var1,var2,var3,var4,var5,var6
0.031746031746031744,0.12698412698412698,0.1746031746031746,0.19047619047619047,0.21164021164021163,0.26455026455026454
