var1,var2,var3,var4,var5,var6
0.014184397163120567,0.0851063829787234,0.16312056737588654,0.2198581560283688,0.24113475177304963,0.2765957446808511
