var1,var2,var3,var4,var5,var6
0.06369426751592357,0.09554140127388536,0.14012738853503184,0.21656050955414013,0.22929936305732485,0.25477707006369427
