var1,var2,var3,var4,var5,var6
0.0695970695970696,0.10256410256410256,0.14652014652014653,0.18315018315018314,0.23443223443223443,0.26373626373626374
