var1,var2,var3,var4,var5,var6
0.07344632768361582,0.07909604519774012,0.12994350282485875,0.21468926553672316,0.24293785310734464,0.2598870056497175
