var1,var2,var3,var4,var5,var6
0.03902439024390244,0.06341463414634146,0.16097560975609757,0.2048780487804878,0.25853658536585367,0.2731707317073171
