var1,var2,var3,var4,var5,var6
0.01015228426395939,0.07106598984771574,0.116751269035533,0.14213197969543148,0.3147208121827411,0.34517766497461927
