var1,var2,var3,var4,var5,var6
0.03825136612021858,0.08743169398907104,0.1092896174863388,0.22950819672131148,0.24043715846994534,0.29508196721311475
