var1,var2,var3,var4,var5,var6
0.01092896174863388,0.03825136612021858,0.09836065573770492,0.22950819672131148,0.273224043715847,0.34972677595628415
