var1,var2,var3,var4,var5,var6
0.12350597609561753,0.14342629482071714,0.15139442231075698,0.16733067729083664,0.19123505976095617,0.22310756972111553
