var1,var2,var3,var4,var5,var6
0.06547619047619048,0.08333333333333333,0.10119047619047619,0.2261904761904762,0.25595238095238093,0.26785714285714285
