var1,var2,var3,var4,var5,var6
0.057803468208092484,0.07514450867052024,0.13872832369942195,0.23121387283236994,0.24277456647398843,0.2543352601156069
