var1,var2,var3,var4,var5,var6
0.03619909502262444,0.058823529411764705,0.16289592760180996,0.18099547511312217,0.24434389140271492,0.3167420814479638
