var1,var2,var3,var4,var5,var6
0.07462686567164178,0.0845771144278607,0.12935323383084577,0.19402985074626866,0.23383084577114427,0.2835820895522388
