var1,var2,var3,var4,var5,var6
0.032467532467532464,0.14935064935064934,0.15584415584415584,0.17532467532467533,0.22077922077922077,0.2662337662337662
