var1,var2,var3,var4,var5,var6
0.024390243902439025,0.13170731707317074,0.17073170731707318,0.2,0.21951219512195122,0.25365853658536586
