var1,var2,var3,var4,var5,var6
0.015037593984962405,0.045112781954887216,0.09022556390977443,0.22556390977443608,0.23308270676691728,0.39097744360902253
