var1,var2,var3,var4,var5,var6
0.0234375,0.0625,0.1015625,0.2109375,0.2421875,0.359375
