var1,var2,var3,var4,var5,var6
0.06289308176100629,0.07547169811320754,0.0880503144654088,0.18867924528301888,0.27044025157232704,0.31446540880503143
