var1,var2,var3,var4,var5,var6
0.06206896551724138,0.08275862068965517,0.09655172413793103,0.16551724137931034,0.27586206896551724,0.31724137931034485
