var1,var2,var3,var4,var5,var6
0.09090909090909091,0.11229946524064172,0.13368983957219252,0.16042780748663102,0.19786096256684493,0.3048128342245989
