var1,var2,var3,var4,var5,var6
0.04046242774566474,0.08092485549132948,0.13872832369942195,0.17341040462427745,0.2774566473988439,0.28901734104046245
