var1,var2,var3,var4,var5,var6
0.03626943005181347,0.07253886010362694,0.09326424870466321,0.12435233160621761,0.3316062176165803,0.34196891191709844
