var1,var2,var3,var4,var5,var6
0.01652892561983471,0.06611570247933884,0.09090909090909091,0.19834710743801653,0.2975206611570248,0.3305785123966942
