var1,var2,var3,var4,var5,var6
0.01652892561983471,0.03305785123966942,0.08264462809917356,0.21487603305785125,0.2727272727272727,0.38016528925619836
