var1,var2,var3,var4,var5,var6
0.09090909090909091,0.12337662337662338,0.15584415584415584,0.16883116883116883,0.19480519480519481,0.2662337662337662
