var1,var2,var3,var4,var5,var6
0.03875968992248062,0.046511627906976744,0.12403100775193798,0.17829457364341086,0.23255813953488372,0.3798449612403101
