var1,var2,var3,var4,var5,var6
0.03614457831325301,0.10240963855421686,0.12048192771084337,0.15060240963855423,0.26506024096385544,0.3253012048192771
