var1,var2,var3,var4,var5,var6
0.034722222222222224,0.04861111111111111,0.13194444444444445,0.20833333333333334,0.2777777777777778,0.2986111111111111
