var1,var2,var3,var4,var5,var6
0.026737967914438502,0.0427807486631016,0.0855614973262032,0.16042780748663102,0.29411764705882354,0.39037433155080214
