var1,var2,var3,var4,var5,var6
0.06103286384976526,0.07511737089201878,0.08450704225352113,0.09389671361502347,0.3192488262910798,0.36619718309859156
