var1,var2,var3,var4,var5,var6
0.031007751937984496,0.13953488372093023,0.17829457364341086,0.18604651162790697,0.20155038759689922,0.26356589147286824
