var1,var2,var3,var4,var5,var6
0.04065040650406504,0.06504065040650407,0.08130081300813008,0.13008130081300814,0.3252032520325203,0.35772357723577236
