var1,var2,var3,var4,var5,var6
0.020833333333333332,0.05416666666666667,0.11666666666666667,0.1875,0.26666666666666666,0.3541666666666667
