var1,var2,var3,var4,var5,var6
0.07392996108949416,0.10116731517509728,0.16342412451361868,0.21011673151750973,0.2178988326848249,0.23346303501945526
