var1,var2,var3,var4,var5,var6
0.018404907975460124,0.03680981595092025,0.06134969325153374,0.24539877300613497,0.25766871165644173,0.3803680981595092
