var1,var2,var3,var4,var5,var6
0.10179640718562874,0.1317365269461078,0.1497005988023952,0.17365269461077845,0.2155688622754491,0.2275449101796407
