var1,var2,var3,var4,var5,var6
0.05228758169934641,0.0718954248366013,0.13071895424836602,0.1568627450980392,0.27450980392156865,0.3137254901960784
