var1,var2,var3,var4,var5,var6
0.09606986899563319,0.1091703056768559,0.13100436681222707,0.19213973799126638,0.2096069868995633,0.26200873362445415
