var1,var2,var3,var4,var5,var6
0.020080321285140562,0.04819277108433735,0.1285140562248996,0.1686746987951807,0.26506024096385544,0.36947791164658633
