var1,var2,var3,var4,var5,var6
0.0642570281124498,0.10441767068273092,0.11646586345381527,0.18875502008032127,0.24497991967871485,0.28112449799196787
