var1,var2,var3,var4,var5,var6
0.037914691943127965,0.06635071090047394,0.17061611374407584,0.1848341232227488,0.24644549763033174,0.2938388625592417
