var1,var2,var3,var4,var5,var6
0.04195804195804196,0.1048951048951049,0.13286713286713286,0.16083916083916083,0.2097902097902098,0.34965034965034963
