var1,var2,var3,var4,var5,var6
0.03305785123966942,0.0743801652892562,0.12396694214876033,0.21487603305785125,0.2727272727272727,0.2809917355371901
