var1,var2,var3,var4,var5,var6
0.018604651162790697,0.07441860465116279,0.08837209302325581,0.13953488372093023,0.32558139534883723,0.35348837209302325
