var1,var2,var3,var4,var5,var6
0.037267080745341616,0.062111801242236024,0.15527950310559005,0.2111801242236025,0.2422360248447205,0.2919254658385093
