var1,var2,var3,var4,var5,var6
0.02877697841726619,0.04316546762589928,0.10071942446043165,0.15827338129496402,0.2949640287769784,0.37410071942446044
