var1,var2,var3,var4,var5,var6
0.03205128205128205,0.05128205128205128,0.09615384615384616,0.22435897435897437,0.26282051282051283,0.3333333333333333
