var1,var2,var3,var4,var5,var6
0.10849056603773585,0.12735849056603774,0.16037735849056603,0.16981132075471697,0.19339622641509435,0.24056603773584906
