var1,var2,var3,var4,var5,var6
0.058823529411764705,0.08496732026143791,0.09803921568627451,0.13725490196078433,0.21568627450980393,0.40522875816993464
