var1,var2,var3,var4,var5,var6
0.04964539007092199,0.0851063829787234,0.1702127659574468,0.19858156028368795,0.22695035460992907,0.2695035460992908
