var1,var2,var3,var4,var5,var6
0.055865921787709494,0.0782122905027933,0.16759776536312848,0.2011173184357542,0.22905027932960895,0.2681564245810056
