var1,var2,var3,var4,var5,var6
0.05921052631578947,0.08552631578947369,0.18421052631578946,0.20394736842105263,0.21710526315789475,0.25
