var1,var2,var3,var4,var5,var6
0.05844155844155844,0.07142857142857142,0.11688311688311688,0.13636363636363635,0.2597402597402597,0.35714285714285715
