var1,var2,var3,var4,var5,var6
0.03111111111111111,0.07111111111111111,0.11555555555555555,0.2222222222222222,0.24,0.32
