var1,var2,var3,var4,var5,var6
0.0228310502283105,0.0547945205479452,0.1324200913242009,0.1689497716894977,0.273972602739726,0.3470319634703196
