var1,var2,var3,var4,var5,var6
0.0871559633027523,0.0963302752293578,0.12385321100917432,0.2018348623853211,0.23394495412844038,0.25688073394495414
