var1,var2,var3,var4,var5,var6
0.046948356807511735,0.06572769953051644,0.1596244131455399,0.17370892018779344,0.26291079812206575,0.29107981220657275
