var1,var2,var3,var4,var5,var6
0.0763888888888889,0.09027777777777778,0.1388888888888889,0.2013888888888889,0.2361111111111111,0.2569444444444444
