var1,var2,var3,var4,var5,var6
0.09574468085106383,0.11170212765957446,0.14893617021276595,0.1702127659574468,0.20212765957446807,0.2712765957446808
