var1,var2,var3,var4,var5,var6
0.020833333333333332,0.0625,0.125,0.1597222222222222,0.2708333333333333,0.3611111111111111
