var1,var2,var3,var4,var5,var6
0.07975460122699386,0.09202453987730061,0.11042944785276074,0.17791411042944785,0.2331288343558282,0.3067484662576687
