var1,var2,var3,var4,var5,var6
0.031055900621118012,0.049689440993788817,0.09316770186335403,0.21739130434782608,0.2857142857142857,0.32298136645962733
