var1,var2,var3,var4,var5,var6
0.013333333333333334,0.09333333333333334,0.16,0.21333333333333335,0.2311111111111111,0.28888888888888886
