var1,var2,var3,var4,var5,var6
0.033816425120772944,0.08695652173913043,0.0966183574879227,0.15458937198067632,0.21256038647342995,0.41545893719806765
