var1,var2,var3,var4,var5,var6
0.024193548387096774,0.08064516129032258,0.08870967741935484,0.13709677419354838,0.31451612903225806,0.3548387096774194
