var1,var2,var3,var4,var5,var6
0.0903954802259887,0.1016949152542373,0.15254237288135594,0.1807909604519774,0.22598870056497175,0.24858757062146894
