var1,var2,var3,var4,var5,var6
0.041025641025641026,0.09743589743589744,0.1641025641025641,0.18461538461538463,0.2153846153846154,0.29743589743589743
