var1,var2,var3,var4,var5,var6
0.019704433497536946,0.07881773399014778,0.10344827586206896,0.19704433497536947,0.24630541871921183,0.35467980295566504
