var1,var2,var3,var4,var5,var6
0.032432432432432434,0.11891891891891893,0.14594594594594595,0.1837837837837838,0.23783783783783785,0.2810810810810811
