var1,var2,var3,var4,var5,var6
0.014598540145985401,0.0948905109489051,0.16058394160583941,0.1897810218978102,0.2116788321167883,0.3284671532846715
