var1,var2,var3,var4,var5,var6
0.024793388429752067,0.049586776859504134,0.11570247933884298,0.21487603305785125,0.23140495867768596,0.36363636363636365
