var1,var2,var3,var4,var5,var6
0.024844720496894408,0.037267080745341616,0.09937888198757763,0.18633540372670807,0.2919254658385093,0.36024844720496896
