var1,var2,var3,var4,var5,var6
0.07264957264957266,0.12393162393162394,0.15384615384615385,0.1752136752136752,0.21367521367521367,0.2606837606837607
