var1,var2,var3,var4,var5,var6
0.058823529411764705,0.09803921568627451,0.13725490196078433,0.16993464052287582,0.21568627450980393,0.3202614379084967
