var1,var2,var3,var4,var5,var6
0.06134969325153374,0.09815950920245399,0.18404907975460122,0.1901840490797546,0.2085889570552147,0.25766871165644173
