var1,var2,var3,var4,var5,var6
0.03821656050955414,0.05732484076433121,0.12738853503184713,0.21656050955414013,0.267515923566879,0.2929936305732484
