var1,var2,var3,var4,var5,var6
0.02040816326530612,0.10884353741496598,0.12244897959183673,0.17687074829931973,0.24489795918367346,0.32653061224489793
