var1,var2,var3,var4,var5,var6
0.021645021645021644,0.05194805194805195,0.13852813852813853,0.21645021645021645,0.23376623376623376,0.33766233766233766
