var1,var2,var3,var4,var5,var6
0.1092436974789916,0.13865546218487396,0.15546218487394958,0.17647058823529413,0.18907563025210083,0.23109243697478993
