var1,var2,var3,var4,var5,var6
0.05442176870748299,0.061224489795918366,0.09523809523809523,0.1360544217687075,0.24489795918367346,0.40816326530612246
