var1,var2,var3,var4,var5,var6
0.027972027972027972,0.0979020979020979,0.11888111888111888,0.1958041958041958,0.25874125874125875,0.3006993006993007
