var1,var2,var3,var4,var5,var6
0.04316546762589928,0.07194244604316546,0.09352517985611511,0.14388489208633093,0.31654676258992803,0.33093525179856115
