var1,var2,var3,var4,var5,var6
0.025157232704402517,0.03773584905660377,0.10062893081761007,0.1761006289308176,0.29559748427672955,0.36477987421383645
