var1,var2,var3,var4,var5,var6
0.03361344537815126,0.06722689075630252,0.1092436974789916,0.19327731092436976,0.2857142857142857,0.31092436974789917
