var1,var2,var3,var4,var5,var6
0.11229946524064172,0.13368983957219252,0.1657754010695187,0.18181818181818182,0.19786096256684493,0.20855614973262032
