var1,var2,var3,var4,var5,var6
0.03205128205128205,0.10897435897435898,0.1346153846153846,0.1987179487179487,0.23717948717948717,0.28846153846153844
