var1,var2,var3,var4,var5,var6
0.05732484076433121,0.08280254777070063,0.1464968152866242,0.16560509554140126,0.19745222929936307,0.3503184713375796
