var1,var2,var3,var4,var5,var6
0.07511737089201878,0.08450704225352113,0.14084507042253522,0.19718309859154928,0.24413145539906103,0.25821596244131456
