var1,var2,var3,var4,var5,var6
0.020202020202020204,0.0707070707070707,0.10101010101010101,0.1414141414141414,0.18181818181818182,0.48484848484848486
