var1,var2,var3,var4,var5,var6
0.020689655172413793,0.04827586206896552,0.16551724137931034,0.20689655172413793,0.2620689655172414,0.296551724137931
