var1,var2,var3,var4,var5,var6
0.025210084033613446,0.06722689075630252,0.1092436974789916,0.19327731092436976,0.24369747899159663,0.36134453781512604
