var1,var2,var3,var4,var5,var6
0.08383233532934131,0.10778443113772455,0.1437125748502994,0.18562874251497005,0.20359281437125748,0.2754491017964072
