var1,var2,var3,var4,var5,var6
0.04945054945054945,0.06593406593406594,0.14285714285714285,0.15384615384615385,0.25274725274725274,0.33516483516483514
