var1,var2,var3,var4,var5,var6
0.04142011834319527,0.1301775147928994,0.14792899408284024,0.16568047337278108,0.23076923076923078,0.28402366863905326
