var1,var2,var3,var4,var5,var6
0.06280193236714976,0.10628019323671498,0.13526570048309178,0.17391304347826086,0.2222222222222222,0.2995169082125604
