var1,var2,var3,var4,var5,var6
0.10138248847926268,0.1152073732718894,0.1382488479262673,0.14746543778801843,0.1889400921658986,0.3087557603686636
