var1,var2,var3,var4,var5,var6
0.050761421319796954,0.07106598984771574,0.16243654822335024,0.2182741116751269,0.2436548223350254,0.25380710659898476
