var1,var2,var3,var4,var5,var6
0.03389830508474576,0.05649717514124294,0.11299435028248588,0.14124293785310735,0.3050847457627119,0.3502824858757062
