var1,var2,var3,var4,var5,var6
0.033112582781456956,0.08609271523178808,0.12582781456953643,0.152317880794702,0.23178807947019867,0.3708609271523179
