var1,var2,var3,var4,var5,var6
0.020689655172413793,0.08275862068965517,0.18620689655172415,0.2,0.23448275862068965,0.27586206896551724
