var1,var2,var3,var4,var5,var6
0.029850746268656716,0.11940298507462686,0.13432835820895522,0.1791044776119403,0.24875621890547264,0.2885572139303483
