var1,var2,var3,var4,var5,var6
0.04329004329004329,0.1341991341991342,0.16017316017316016,0.1645021645021645,0.23809523809523808,0.2597402597402597
