var1,var2,var3,var4,var5,var6
0.08163265306122448,0.09693877551020408,0.11734693877551021,0.15306122448979592,0.2602040816326531,0.29081632653061223
