var1,var2,var3,var4,var5,var6
0.02912621359223301,0.0825242718446602,0.09223300970873786,0.21359223300970873,0.22815533980582525,0.35436893203883496
