var1,var2,var3,var4,var5,var6
0.03468208092485549,0.057803468208092484,0.14450867052023122,0.16184971098265896,0.24277456647398843,0.3583815028901734
