var1,var2,var3,var4,var5,var6
0.01951219512195122,0.0975609756097561,0.18536585365853658,0.1951219512195122,0.24390243902439024,0.25853658536585367
