var1,var2,var3,var4,var5,var6
0.045454545454545456,0.09090909090909091,0.12337662337662338,0.22727272727272727,0.24675324675324675,0.2662337662337662
