var1,var2,var3,var4,var5,var6
0.032432432432432434,0.12972972972972974,0.15675675675675677,0.1945945945945946,0.23783783783783785,0.24864864864864866
