var1,var2,var3,var4,var5,var6
0.022388059701492536,0.07462686567164178,0.13432835820895522,0.17164179104477612,0.27611940298507465,0.3208955223880597
