var1,var2,var3,var4,var5,var6
0.03717472118959108,0.12639405204460966,0.137546468401487,0.20817843866171004,0.23048327137546468,0.26022304832713755
