var1,var2,var3,var4,var5,var6
0.01935483870967742,0.05161290322580645,0.1032258064516129,0.14193548387096774,0.2838709677419355,0.4
