var1,var2,var3,var4,var5,var6
0.029940119760479042,0.04790419161676647,0.16766467065868262,0.17964071856287425,0.25149700598802394,0.32335329341317365
