var1,var2,var3,var4,var5,var6
0.023952095808383235,0.041916167664670656,0.059880239520958084,0.23952095808383234,0.25149700598802394,0.38323353293413176
