var1,var2,var3,var4,var5,var6
0.03111111111111111,0.07555555555555556,0.09777777777777778,0.2088888888888889,0.2577777777777778,0.3288888888888889
