var1,var2,var3,var4,var5,var6
0.01694915254237288,0.06779661016949153,0.0903954802259887,0.192090395480226,0.2937853107344633,0.3389830508474576
