var1,var2,var3,var4,var5,var6
0.016042780748663103,0.03208556149732621,0.0962566844919786,0.1497326203208556,0.2994652406417112,0.40641711229946526
