var1,var2,var3,var4,var5,var6
0.020689655172413793,0.1103448275862069,0.13793103448275862,0.15172413793103448,0.25517241379310346,0.32413793103448274
