var1,var2,var3,var4,var5,var6
0.050955414012738856,0.08280254777070063,0.14012738853503184,0.20382165605095542,0.24203821656050956,0.2802547770700637
