var1,var2,var3,var4,var5,var6
0.035175879396984924,0.10050251256281408,0.11055276381909548,0.1507537688442211,0.2914572864321608,0.31155778894472363
