var1,var2,var3,var4,var5,var6
0.029411764705882353,0.07058823529411765,0.13529411764705881,0.18235294117647058,0.22941176470588234,0.35294117647058826
