var1,var2,var3,var4,var5,var6
0.03076923076923077,0.08205128205128205,0.10256410256410256,0.19487179487179487,0.2205128205128205,0.36923076923076925
