var1,var2,var3,var4,var5,var6
0.042328042328042326,0.06878306878306878,0.14814814814814814,0.1693121693121693,0.24338624338624337,0.328042328042328
