var1,var2,var3,var4,var5,var6
0.034782608695652174,0.12173913043478261,0.1391304347826087,0.20869565217391303,0.21739130434782608,0.2782608695652174
