var1,var2,var3,var4,var5,var6
0.022727272727272728,0.08333333333333333,0.15151515151515152,0.1893939393939394,0.2196969696969697,0.3333333333333333
