var1,var2,var3,var4,var5,var6
0.011049723756906077,0.06629834254143646,0.12154696132596685,0.15469613259668508,0.2983425414364641,0.34806629834254144
