var1,var2,var3,var4,var5,var6
0.030534351145038167,0.05343511450381679,0.07633587786259542,0.13740458015267176,0.2748091603053435,0.42748091603053434
