var1,var2,var3,var4,var5,var6
0.06349206349206349,0.12698412698412698,0.15343915343915343,0.1693121693121693,0.20105820105820105,0.2857142857142857
