var1,var2,var3,var4,var5,var6
0.043478260869565216,0.062111801242236024,0.11180124223602485,0.12422360248447205,0.3105590062111801,0.34782608695652173
