var1,var2,var3,var4,var5,var6
0.05263157894736842,0.10526315789473684,0.12030075187969924,0.18796992481203006,0.2631578947368421,0.2706766917293233
