var1,var2,var3,var4,var5,var6
0.018867924528301886,0.07547169811320754,0.0880503144654088,0.11320754716981132,0.2830188679245283,0.42138364779874216
