var1,var2,var3,var4,var5,var6
0.05925925925925926,0.1037037037037037,0.1259259259259259,0.14814814814814814,0.2222222222222222,0.34074074074074073
