var1,var2,var3,var4,var5,var6
0.04330708661417323,0.08661417322834646,0.1062992125984252,0.16141732283464566,0.2874015748031496,0.31496062992125984
