var1,var2,var3,var4,var5,var6
0.021505376344086023,0.06093189964157706,0.12903225806451613,0.13620071684587814,0.3010752688172043,0.35125448028673834
