var1,var2,var3,var4,var5,var6
0.0392156862745098,0.0784313725490196,0.1568627450980392,0.18627450980392157,0.20588235294117646,0.3333333333333333
