var1,var2,var3,var4,var5,var6
0.022388059701492536,0.06716417910447761,0.07462686567164178,0.17164179104477612,0.27611940298507465,0.3880597014925373
