var1,var2,var3,var4,var5,var6
0.05581395348837209,0.12093023255813953,0.14883720930232558,0.17209302325581396,0.19534883720930232,0.30697674418604654
