var1,var2,var3,var4,var5,var6
0.11059907834101383,0.12903225806451613,0.16589861751152074,0.17972350230414746,0.20276497695852536,0.2119815668202765
