var1,var2,var3,var4,var5,var6
0.07106598984771574,0.08629441624365482,0.1218274111675127,0.14213197969543148,0.233502538071066,0.34517766497461927
