var1,var2,var3,var4,var5,var6
0.07906976744186046,0.08372093023255814,0.13023255813953488,0.20465116279069767,0.23255813953488372,0.26976744186046514
