var1,var2,var3,var4,var5,var6
0.04186046511627907,0.14883720930232558,0.16744186046511628,0.18604651162790697,0.21395348837209302,0.24186046511627907
