var1,var2,var3,var4,var5,var6
0.03508771929824561,0.12280701754385964,0.17543859649122806,0.1871345029239766,0.19883040935672514,0.2807017543859649
