var1,var2,var3,var4,var5,var6
0.060810810810810814,0.11486486486486487,0.14189189189189189,0.16891891891891891,0.20945945945945946,0.30405405405405406
