var1,var2,var3,var4,var5,var6
0.04081632653061224,0.06938775510204082,0.08979591836734693,0.19591836734693877,0.22040816326530613,0.3836734693877551
