var1,var2,var3,var4,var5,var6
0.007380073800738007,0.12546125461254612,0.15867158671586715,0.2066420664206642,0.22878228782287824,0.2730627306273063
