var1,var2,var3,var4,var5,var6
0.04132231404958678,0.05785123966942149,0.11570247933884298,0.1487603305785124,0.256198347107438,0.38016528925619836
