var1,var2,var3,var4,var5,var6
0.028368794326241134,0.1276595744680851,0.1347517730496454,0.14893617021276595,0.24113475177304963,0.3191489361702128
