var1,var2,var3,var4,var5,var6
0.03636363636363636,0.11515151515151516,0.15757575757575756,0.1696969696969697,0.21818181818181817,0.30303030303030304
