var1,var2,var3,var4,var5,var6
0.057777777777777775,0.08888888888888889,0.1111111111111111,0.21333333333333335,0.24,0.28888888888888886
