var1,var2,var3,var4,var5,var6
0.10646387832699619,0.11026615969581749,0.1520912547528517,0.18250950570342206,0.20532319391634982,0.24334600760456274
