var1,var2,var3,var4,var5,var6
0.034482758620689655,0.08374384236453201,0.12315270935960591,0.18226600985221675,0.26108374384236455,0.31527093596059114
