var1,var2,var3,var4,var5,var6
0.022900763358778626,0.061068702290076333,0.13740458015267176,0.21374045801526717,0.22900763358778625,0.33587786259541985
