var1,var2,var3,var4,var5,var6
0.04522613065326633,0.09045226130653267,0.16080402010050251,0.19597989949748743,0.21608040201005024,0.2914572864321608
