var1,var2,var3,var4,var5,var6
0.05583756345177665,0.10152284263959391,0.18274111675126903,0.19289340101522842,0.2233502538071066,0.2436548223350254
