var1,var2,var3,var4,var5,var6
0.03015075376884422,0.07035175879396985,0.16080402010050251,0.20603015075376885,0.24120603015075376,0.2914572864321608
