var1,var2,var3,var4,var5,var6
0.047244094488188976,0.08661417322834646,0.11811023622047244,0.12598425196850394,0.2992125984251969,0.3228346456692913
