var1,var2,var3,var4,var5,var6
0.039735099337748346,0.06622516556291391,0.11258278145695365,0.1986754966887417,0.25165562913907286,0.33112582781456956
