var1,var2,var3,var4,var5,var6
0.03954802259887006,0.11864406779661017,0.12994350282485875,0.1977401129943503,0.22033898305084745,0.2937853107344633
