var1,var2,var3,var4,var5,var6
0.025210084033613446,0.08403361344537816,0.11764705882352941,0.15126050420168066,0.3025210084033613,0.31932773109243695
