var1,var2,var3,var4,var5,var6
0.07547169811320754,0.11320754716981132,0.1509433962264151,0.20125786163522014,0.20754716981132076,0.25157232704402516
