var1,var2,var3,var4,var5,var6
0.012578616352201259,0.05660377358490566,0.13836477987421383,0.16352201257861634,0.2641509433962264,0.36477987421383645
