var1,var2,var3,var4,var5,var6
0.019230769230769232,0.05128205128205128,0.12179487179487179,0.21794871794871795,0.27564102564102566,0.3141025641025641
