var1,var2,var3,var4,var5,var6
0.04878048780487805,0.06341463414634146,0.14634146341463414,0.23414634146341465,0.24390243902439024,0.2634146341463415
