var1,var2,var3,var4,var5,var6
0.07006369426751592,0.14012738853503184,0.15286624203821655,0.17834394904458598,0.20382165605095542,0.25477707006369427
