var1,var2,var3,var4,var5,var6
0.05263157894736842,0.09569377990430622,0.12440191387559808,0.21052631578947367,0.22966507177033493,0.28708133971291866
