var1,var2,var3,var4,var5,var6
0.019867549668874173,0.052980132450331126,0.12582781456953643,0.152317880794702,0.2913907284768212,0.3576158940397351
