var1,var2,var3,var4,var5,var6
0.040983606557377046,0.09016393442622951,0.11065573770491803,0.19262295081967212,0.20901639344262296,0.35655737704918034
