var1,var2,var3,var4,var5,var6
0.04487179487179487,0.07051282051282051,0.14102564102564102,0.16025641025641027,0.25,0.3333333333333333
