var1,var2,var3,var4,var5,var6
0.0546448087431694,0.06557377049180328,0.09836065573770492,0.22404371584699453,0.24043715846994534,0.31693989071038253
