var1,var2,var3,var4,var5,var6
0.10285714285714286,0.11428571428571428,0.13142857142857142,0.18857142857142858,0.21142857142857144,0.25142857142857145
