var1,var2,var3,var4,var5,var6
0.11483253588516747,0.1339712918660287,0.14354066985645933,0.18181818181818182,0.20574162679425836,0.22009569377990432
