var1,var2,var3,var4,var5,var6
0.07344632768361582,0.0903954802259887,0.1016949152542373,0.11299435028248588,0.2824858757062147,0.3389830508474576
