var1,var2,var3,var4,var5,var6
0.027210884353741496,0.08843537414965986,0.12244897959183673,0.19047619047619047,0.24489795918367346,0.32653061224489793
