var1,var2,var3,var4,var5,var6
0.04827586206896552,0.06206896551724138,0.13793103448275862,0.21379310344827587,0.2206896551724138,0.31724137931034485
