var1,var2,var3,var4,var5,var6
0.031007751937984496,0.08527131782945736,0.14728682170542637,0.1937984496124031,0.20930232558139536,0.3333333333333333
