var1,var2,var3,var4,var5,var6
0.08029197080291971,0.13138686131386862,0.16058394160583941,0.17518248175182483,0.1897810218978102,0.26277372262773724
