var1,var2,var3,var4,var5,var6
0.0199203187250996,0.10358565737051793,0.1593625498007968,0.1752988047808765,0.2549800796812749,0.2868525896414343
