var1,var2,var3,var4,var5,var6
0.042105263157894736,0.05789473684210526,0.12631578947368421,0.1631578947368421,0.26842105263157895,0.34210526315789475
