var1,var2,var3,var4,var5,var6
0.0228310502283105,0.0547945205479452,0.0730593607305936,0.2191780821917808,0.2557077625570776,0.3744292237442922
