var1,var2,var3,var4,var5,var6
0.02142857142857143,0.06428571428571428,0.07142857142857142,0.20714285714285716,0.2642857142857143,0.37142857142857144
