var1,var2,var3,var4,var5,var6
0.08484848484848485,0.10303030303030303,0.12121212121212122,0.18181818181818182,0.23030303030303031,0.2787878787878788
