var1,var2,var3,var4,var5,var6
0.02459016393442623,0.05737704918032787,0.11475409836065574,0.16393442622950818,0.27049180327868855,0.36885245901639346
