var1,var2,var3,var4,var5,var6
0.04132231404958678,0.06611570247933884,0.08264462809917356,0.21487603305785125,0.24793388429752067,0.34710743801652894
