var1,var2,var3,var4,var5,var6
0.09852216748768473,0.12807881773399016,0.14285714285714285,0.15763546798029557,0.19704433497536947,0.27586206896551724
