var1,var2,var3,var4,var5,var6
0.05909090909090909,0.09545454545454546,0.12727272727272726,0.20454545454545456,0.24545454545454545,0.2681818181818182
