var1,var2,var3,var4,var5,var6
0.03424657534246575,0.04794520547945205,0.08904109589041095,0.1643835616438356,0.2602739726027397,0.4041095890410959
