var1,var2,var3,var4,var5,var6
0.014814814814814815,0.06666666666666667,0.08888888888888889,0.1925925925925926,0.23703703703703705,0.4
