var1,var2,var3,var4,var5,var6
0.04895104895104895,0.06993006993006994,0.1258741258741259,0.15384615384615385,0.16783216783216784,0.43356643356643354
