var1,var2,var3,var4,var5,var6
0.03867403314917127,0.06629834254143646,0.08839779005524862,0.13259668508287292,0.2430939226519337,0.430939226519337
