var1,var2,var3,var4,var5,var6
0.09865470852017937,0.13901345291479822,0.15246636771300448,0.18834080717488788,0.2062780269058296,0.21524663677130046
