var1,var2,var3,var4,var5,var6
0.027586206896551724,0.1103448275862069,0.1793103448275862,0.2,0.23448275862068965,0.2482758620689655
