var1,var2,var3,var4,var5,var6
0.0365296803652968,0.1187214611872146,0.1324200913242009,0.2009132420091324,0.2191780821917808,0.2922374429223744
