var1,var2,var3,var4,var5,var6
0.049723756906077346,0.11049723756906077,0.17679558011049723,0.19889502762430938,0.20994475138121546,0.2541436464088398
