var1,var2,var3,var4,var5,var6
0.016597510373443983,0.0954356846473029,0.16182572614107885,0.1825726141078838,0.24481327800829875,0.2987551867219917
