var1,var2,var3,var4,var5,var6
0.096045197740113,0.13559322033898305,0.15254237288135594,0.1864406779661017,0.20903954802259886,0.22033898305084745
