var1,var2,var3,var4,var5,var6
0.11258278145695365,0.13245033112582782,0.1456953642384106,0.15894039735099338,0.1986754966887417,0.25165562913907286
