var1,var2,var3,var4,var5,var6
0.04639175257731959,0.08247422680412371,0.10309278350515463,0.19072164948453607,0.25257731958762886,0.3247422680412371
