var1,var2,var3,var4,var5,var6
0.0273224043715847,0.06557377049180328,0.07650273224043716,0.22950819672131148,0.273224043715847,0.32786885245901637
