var1,var2,var3,var4,var5,var6
0.025157232704402517,0.06289308176100629,0.07547169811320754,0.16981132075471697,0.22641509433962265,0.44025157232704404
