var1,var2,var3,var4,var5,var6
0.06153846153846154,0.07692307692307693,0.14358974358974358,0.17435897435897435,0.24615384615384617,0.29743589743589743
