var1,var2,var3,var4,var5,var6
0.08396946564885496,0.09923664122137404,0.12213740458015267,0.1450381679389313,0.17557251908396945,0.37404580152671757
