var1,var2,var3,var4,var5,var6
0.045454545454545456,0.056818181818181816,0.07386363636363637,0.2215909090909091,0.24431818181818182,0.35795454545454547
