var1,var2,var3,var4,var5,var6
0.07253886010362694,0.13471502590673576,0.15025906735751296,0.17616580310880828,0.18652849740932642,0.27979274611398963
