var1,var2,var3,var4,var5,var6
0.061611374407582936,0.07109004739336493,0.0947867298578199,0.10900473933649289,0.3222748815165877,0.3412322274881517
