var1,var2,var3,var4,var5,var6
0.05625,0.075,0.09375,0.175,0.21875,0.38125
