var1,var2,var3,var4,var5,var6
0.021739130434782608,0.07246376811594203,0.08695652173913043,0.1956521739130435,0.2971014492753623,0.32608695652173914
