var1,var2,var3,var4,var5,var6
0.035211267605633804,0.09154929577464789,0.14788732394366197,0.16901408450704225,0.24647887323943662,0.30985915492957744
