var1,var2,var3,var4,var5,var6
0.021052631578947368,0.11929824561403508,0.14385964912280702,0.21754385964912282,0.22456140350877193,0.2736842105263158
