var1,var2,var3,var4,var5,var6
0.08287292817679558,0.10497237569060773,0.1270718232044199,0.19337016574585636,0.22099447513812154,0.27071823204419887
