var1,var2,var3,var4,var5,var6
0.032520325203252036,0.08130081300813008,0.08943089430894309,0.13008130081300814,0.1951219512195122,0.4715447154471545
