var1,var2,var3,var4,var5,var6
0.05058365758754864,0.07782101167315175,0.0933852140077821,0.22568093385214008,0.25680933852140075,0.29571984435797666
