var1,var2,var3,var4,var5,var6
0.10695187165775401,0.11764705882352941,0.15508021390374332,0.18181818181818182,0.20320855614973263,0.23529411764705882
