var1,var2,var3,var4,var5,var6
0.07511737089201878,0.09859154929577464,0.12206572769953052,0.13615023474178403,0.26291079812206575,0.3051643192488263
