var1,var2,var3,var4,var5,var6
0.007633587786259542,0.0916030534351145,0.16793893129770993,0.21374045801526717,0.24427480916030533,0.2748091603053435
