var1,var2,var3,var4,var5,var6
0.01932367149758454,0.0821256038647343,0.15458937198067632,0.1932367149758454,0.25120772946859904,0.2995169082125604
