var1,var2,var3,var4,var5,var6
0.06698564593301436,0.14354066985645933,0.15311004784688995,0.1722488038277512,0.18660287081339713,0.27751196172248804
