var1,var2,var3,var4,var5,var6
0.04093567251461988,0.06432748538011696,0.14619883040935672,0.19298245614035087,0.2631578947368421,0.29239766081871343
