var1,var2,var3,var4,var5,var6
0.05263157894736842,0.07017543859649122,0.11695906432748537,0.15204678362573099,0.2573099415204678,0.3508771929824561
