var1,var2,var3,var4,var5,var6
0.08673469387755102,0.11734693877551021,0.14795918367346939,0.19387755102040816,0.20918367346938777,0.24489795918367346
