var1,var2,var3,var4,var5,var6
0.04316546762589928,0.07194244604316546,0.1079136690647482,0.15827338129496402,0.302158273381295,0.31654676258992803
