var1,var2,var3,var4,var5,var6
0.025477707006369428,0.07006369426751592,0.08280254777070063,0.18471337579617833,0.28662420382165604,0.3503184713375796
