var1,var2,var3,var4,var5,var6
0.05228758169934641,0.09803921568627451,0.11764705882352941,0.12418300653594772,0.26143790849673204,0.3464052287581699
