var1,var2,var3,var4,var5,var6
0.05555555555555555,0.12777777777777777,0.16111111111111112,0.17777777777777778,0.20555555555555555,0.2722222222222222
