var1,var2,var3,var4,var5,var6
0.031413612565445025,0.05235602094240838,0.1256544502617801,0.16753926701570682,0.2670157068062827,0.35602094240837695
