var1,var2,var3,var4,var5,var6
0.07006369426751592,0.08917197452229299,0.11464968152866242,0.1910828025477707,0.19745222929936307,0.3375796178343949
