var1,var2,var3,var4,var5,var6
0.03314917127071823,0.07734806629834254,0.10497237569060773,0.13259668508287292,0.1878453038674033,0.46408839779005523
