var1,var2,var3,var4,var5,var6
0.022388059701492536,0.08955223880597014,0.13432835820895522,0.1417910447761194,0.21641791044776118,0.39552238805970147
