var1,var2,var3,var4,var5,var6
0.04142011834319527,0.05325443786982249,0.11834319526627218,0.23668639053254437,0.26627218934911245,0.28402366863905326
