var1,var2,var3,var4,var5,var6
0.04897959183673469,0.08163265306122448,0.17142857142857143,0.18775510204081633,0.22448979591836735,0.2857142857142857
