var1,var2,var3,var4,var5,var6
0.11398963730569948,0.11917098445595854,0.13471502590673576,0.17616580310880828,0.18652849740932642,0.2694300518134715
