var1,var2,var3,var4,var5,var6
0.05752212389380531,0.10176991150442478,0.12831858407079647,0.15486725663716813,0.2345132743362832,0.3230088495575221
