var1,var2,var3,var4,var5,var6
0.017341040462427744,0.06936416184971098,0.09248554913294797,0.18497109826589594,0.23121387283236994,0.4046242774566474
