var1,var2,var3,var4,var5,var6
0.012738853503184714,0.050955414012738856,0.17197452229299362,0.19745222929936307,0.267515923566879,0.29936305732484075
