var1,var2,var3,var4,var5,var6
0.0736196319018405,0.09202453987730061,0.09815950920245399,0.15950920245398773,0.26993865030674846,0.3067484662576687
