var1,var2,var3,var4,var5,var6
0.02702702702702703,0.08648648648648649,0.17297297297297298,0.1891891891891892,0.24324324324324326,0.2810810810810811
