var1,var2,var3,var4,var5,var6
0.0880503144654088,0.11320754716981132,0.12578616352201258,0.15723270440251572,0.1761006289308176,0.33962264150943394
