var1,var2,var3,var4,var5,var6
0.024193548387096774,0.03225806451612903,0.10483870967741936,0.12096774193548387,0.2661290322580645,0.45161290322580644
