var1,var2,var3,var4,var5,var6
0.020100502512562814,0.09045226130653267,0.1708542713567839,0.21105527638190955,0.22110552763819097,0.2864321608040201
