var1,var2,var3,var4,var5,var6
0.029940119760479042,0.03592814371257485,0.15568862275449102,0.16766467065868262,0.2634730538922156,0.3473053892215569
