var1,var2,var3,var4,var5,var6
0.055248618784530384,0.0718232044198895,0.09944751381215469,0.16574585635359115,0.1878453038674033,0.4198895027624309
