var1,var2,var3,var4,var5,var6
0.040229885057471264,0.05747126436781609,0.10344827586206896,0.1781609195402299,0.3045977011494253,0.3160919540229885
