var1,var2,var3,var4,var5,var6
0.05042016806722689,0.06722689075630252,0.13445378151260504,0.21008403361344538,0.2184873949579832,0.31932773109243695
