var1,var2,var3,var4,var5,var6
0.046511627906976744,0.14418604651162792,0.15813953488372093,0.17674418604651163,0.19534883720930232,0.27906976744186046
