var1,var2,var3,var4,var5,var6
0.10894941634241245,0.1245136186770428,0.14785992217898833,0.17898832684824903,0.19844357976653695,0.24124513618677043
