var1,var2,var3,var4,var5,var6
0.0335195530726257,0.12290502793296089,0.15083798882681565,0.19553072625698323,0.20670391061452514,0.2905027932960894
