var1,var2,var3,var4,var5,var6
0.09195402298850575,0.1111111111111111,0.1685823754789272,0.17624521072796934,0.21455938697318008,0.23754789272030652
