var1,var2,var3,var4,var5,var6
0.029787234042553193,0.05106382978723404,0.09361702127659574,0.24680851063829787,0.2553191489361702,0.32340425531914896
