var1,var2,var3,var4,var5,var6
0.04678362573099415,0.06432748538011696,0.07017543859649122,0.17543859649122806,0.2807017543859649,0.36257309941520466
