var1,var2,var3,var4,var5,var6
0.03305785123966942,0.06611570247933884,0.12396694214876033,0.17355371900826447,0.2809917355371901,0.32231404958677684
