var1,var2,var3,var4,var5,var6
0.03669724770642202,0.10091743119266056,0.14678899082568808,0.2018348623853211,0.22018348623853212,0.29357798165137616
