var1,var2,var3,var4,var5,var6
0.011560693641618497,0.057803468208092484,0.10982658959537572,0.18497109826589594,0.30057803468208094,0.3352601156069364
