var1,var2,var3,var4,var5,var6
0.027972027972027972,0.0979020979020979,0.1048951048951049,0.18181818181818182,0.22377622377622378,0.36363636363636365
