var1,var2,var3,var4,var5,var6
0.046511627906976744,0.12403100775193798,0.14728682170542637,0.15503875968992248,0.21705426356589147,0.31007751937984496
