var1,var2,var3,var4,var5,var6
0.037383177570093455,0.07476635514018691,0.12149532710280374,0.18691588785046728,0.205607476635514,0.37383177570093457
