var1,var2,var3,var4,var5,var6
0.050955414012738856,0.07006369426751592,0.12738853503184713,0.1592356687898089,0.27388535031847133,0.3184713375796178
