var1,var2,var3,var4,var5,var6
0.018867924528301886,0.07075471698113207,0.10849056603773585,0.18396226415094338,0.2783018867924528,0.33962264150943394
