var1,var2,var3,var4,var5,var6
0.05405405405405406,0.0972972972972973,0.12432432432432433,0.17297297297297298,0.2594594594594595,0.2918918918918919
