var1,var2,var3,var4,var5,var6
0.030303030303030304,0.06060606060606061,0.19393939393939394,0.2,0.21818181818181817,0.296969696969697
