var1,var2,var3,var4,var5,var6
0.08465608465608465,0.09523809523809523,0.13756613756613756,0.15343915343915343,0.25396825396825395,0.2751322751322751
