var1,var2,var3,var4,var5,var6
0.0935672514619883,0.10526315789473684,0.14035087719298245,0.17543859649122806,0.22807017543859648,0.2573099415204678
