var1,var2,var3,var4,var5,var6
0.046242774566473986,0.09248554913294797,0.10982658959537572,0.15028901734104047,0.17341040462427745,0.4277456647398844
