var1,var2,var3,var4,var5,var6
0.048484848484848485,0.08484848484848485,0.09696969696969697,0.1696969696969697,0.22424242424242424,0.37575757575757573
