var1,var2,var3,var4,var5,var6
0.05333333333333334,0.09777777777777778,0.11555555555555555,0.12444444444444444,0.28888888888888886,0.32
