var1,var2,var3,var4,var5,var6
0.06474820143884892,0.09352517985611511,0.1079136690647482,0.14388489208633093,0.2589928057553957,0.33093525179856115
