var1,var2,var3,var4,var5,var6
0.0136986301369863,0.0821917808219178,0.1643835616438356,0.2191780821917808,0.2374429223744292,0.2831050228310502
