var1,var2,var3,var4,var5,var6
0.0425531914893617,0.04964539007092199,0.1276595744680851,0.14184397163120568,0.28368794326241137,0.3546099290780142
