var1,var2,var3,var4,var5,var6
0.0641025641025641,0.08974358974358974,0.13675213675213677,0.16666666666666666,0.21794871794871795,0.3247863247863248
