var1,var2,var3,var4,var5,var6
0.09615384615384616,0.12692307692307692,0.1576923076923077,0.18461538461538463,0.2,0.23461538461538461
