var1,var2,var3,var4,var5,var6
0.048484848484848485,0.07878787878787878,0.1696969696969697,0.18181818181818182,0.20606060606060606,0.3151515151515151
