var1,var2,var3,var4,var5,var6
0.09326424870466321,0.12435233160621761,0.12953367875647667,0.15544041450777202,0.19689119170984457,0.3005181347150259
