var1,var2,var3,var4,var5,var6
0.09722222222222222,0.12152777777777778,0.15625,0.1840277777777778,0.2048611111111111,0.2361111111111111
