var1,var2,var3,var4,var5,var6
0.031818181818181815,0.045454545454545456,0.1318181818181818,0.20454545454545456,0.2318181818181818,0.35454545454545455
