var1,var2,var3,var4,var5,var6
0.04926108374384237,0.08374384236453201,0.10837438423645321,0.21674876847290642,0.2561576354679803,0.2857142857142857
