var1,var2,var3,var4,var5,var6
0.02030456852791878,0.09137055837563451,0.14213197969543148,0.19289340101522842,0.25888324873096447,0.29441624365482233
