var1,var2,var3,var4,var5,var6
0.05240174672489083,0.1222707423580786,0.13100436681222707,0.15283842794759825,0.2183406113537118,0.3231441048034934
