var1,var2,var3,var4,var5,var6
0.10191082802547771,0.12738853503184713,0.1464968152866242,0.17834394904458598,0.1910828025477707,0.25477707006369427
