var1,var2,var3,var4,var5,var6
0.009478672985781991,0.08530805687203792,0.15165876777251186,0.1943127962085308,0.26540284360189575,0.2938388625592417
