var1,var2,var3,var4,var5,var6
0.03508771929824561,0.05263157894736842,0.12280701754385964,0.18128654970760233,0.2631578947368421,0.34502923976608185
