var1,var2,var3,var4,var5,var6
0.06666666666666667,0.09230769230769231,0.10256410256410256,0.12307692307692308,0.28717948717948716,0.3282051282051282
