var1,var2,var3,var4,var5,var6
0.07547169811320754,0.11320754716981132,0.1509433962264151,0.16981132075471697,0.1761006289308176,0.31446540880503143
