var1,var2,var3,var4,var5,var6
0.022900763358778626,0.08396946564885496,0.11450381679389313,0.15267175572519084,0.22900763358778625,0.3969465648854962
