var1,var2,var3,var4,var5,var6
0.03597122302158273,0.04316546762589928,0.1366906474820144,0.19424460431654678,0.2805755395683453,0.30935251798561153
