var1,var2,var3,var4,var5,var6
0.035555555555555556,0.08,0.08888888888888889,0.2,0.2222222222222222,0.37333333333333335
