var1,var2,var3,var4,var5,var6
0.044444444444444446,0.05925925925925926,0.08148148148148149,0.16296296296296298,0.3111111111111111,0.34074074074074073
