var1,var2,var3,var4,var5,var6
0.03184713375796178,0.07006369426751592,0.17197452229299362,0.21656050955414013,0.22929936305732485,0.2802547770700637
