var1,var2,var3,var4,var5,var6
0.034334763948497854,0.060085836909871244,0.09871244635193133,0.1759656652360515,0.30472103004291845,0.3261802575107296
