var1,var2,var3,var4,var5,var6
0.017543859649122806,0.05263157894736842,0.14035087719298245,0.1871345029239766,0.2631578947368421,0.3391812865497076
