var1,var2,var3,var4,var5,var6
0.028089887640449437,0.07303370786516854,0.12921348314606743,0.16292134831460675,0.19662921348314608,0.4101123595505618
