var1,var2,var3,var4,var5,var6
0.031088082901554404,0.06217616580310881,0.08290155440414508,0.19689119170984457,0.22279792746113988,0.40414507772020725
