var1,var2,var3,var4,var5,var6
0.023952095808383235,0.03592814371257485,0.09580838323353294,0.11377245508982035,0.2754491017964072,0.4550898203592814
