var1,var2,var3,var4,var5,var6
0.0228310502283105,0.0684931506849315,0.1232876712328767,0.2100456621004566,0.2694063926940639,0.3059360730593607
