var1,var2,var3,var4,var5,var6
0.0784313725490196,0.09803921568627451,0.11764705882352941,0.1437908496732026,0.27450980392156865,0.2875816993464052
