var1,var2,var3,var4,var5,var6
0.018433179723502304,0.04608294930875576,0.12442396313364056,0.18433179723502305,0.2857142857142857,0.34101382488479265
