var1,var2,var3,var4,var5,var6
0.10179640718562874,0.11976047904191617,0.1437125748502994,0.19760479041916168,0.20359281437125748,0.23353293413173654
