var1,var2,var3,var4,var5,var6
0.10144927536231885,0.12560386473429952,0.13526570048309178,0.1642512077294686,0.1932367149758454,0.28019323671497587
