var1,var2,var3,var4,var5,var6
0.055776892430278883,0.08764940239043825,0.16334661354581673,0.19123505976095617,0.23904382470119523,0.26294820717131473
