var1,var2,var3,var4,var5,var6
0.023076923076923078,0.046153846153846156,0.11538461538461539,0.14615384615384616,0.2923076923076923,0.3769230769230769
