var1,var2,var3,var4,var5,var6
0.037037037037037035,0.05925925925925926,0.13333333333333333,0.14814814814814814,0.17777777777777778,0.4444444444444444
