var1,var2,var3,var4,var5,var6
0.027149321266968326,0.11764705882352941,0.14027149321266968,0.18099547511312217,0.24434389140271492,0.2895927601809955
