var1,var2,var3,var4,var5,var6
0.028368794326241134,0.07092198581560284,0.10638297872340426,0.15602836879432624,0.3120567375886525,0.3262411347517731
