var1,var2,var3,var4,var5,var6
0.0380952380952381,0.05714285714285714,0.0761904761904762,0.14285714285714285,0.24761904761904763,0.4380952380952381
