var1,var2,var3,var4,var5,var6
0.023923444976076555,0.06698564593301436,0.12440191387559808,0.1339712918660287,0.3062200956937799,0.3444976076555024
