var1,var2,var3,var4,var5,var6
0.04680851063829787,0.08936170212765958,0.1702127659574468,0.19574468085106383,0.23404255319148937,0.26382978723404255
