var1,var2,var3,var4,var5,var6
0.0861244019138756,0.12440191387559808,0.14832535885167464,0.18181818181818182,0.19617224880382775,0.2631578947368421
