var1,var2,var3,var4,var5,var6
0.04891304347826087,0.07065217391304347,0.14130434782608695,0.15217391304347827,0.266304347826087,0.32065217391304346
