var1,var2,var3,var4,var5,var6
0.031496062992125984,0.047244094488188976,0.12598425196850394,0.2283464566929134,0.25196850393700787,0.31496062992125984
