var1,var2,var3,var4,var5,var6
0.07633587786259542,0.10687022900763359,0.11450381679389313,0.17557251908396945,0.1984732824427481,0.3282442748091603
