var1,var2,var3,var4,var5,var6
0.0547945205479452,0.13013698630136986,0.17123287671232876,0.1917808219178082,0.21232876712328766,0.23972602739726026
