var1,var2,var3,var4,var5,var6
0.04371584699453552,0.04918032786885246,0.12021857923497267,0.20765027322404372,0.273224043715847,0.30601092896174864
