var1,var2,var3,var4,var5,var6
0.0223463687150838,0.0335195530726257,0.10614525139664804,0.22346368715083798,0.2681564245810056,0.3463687150837989
