var1,var2,var3,var4,var5,var6
0.08530805687203792,0.0995260663507109,0.16113744075829384,0.1895734597156398,0.20853080568720378,0.2559241706161137
