var1,var2,var3,var4,var5,var6
0.053691275167785234,0.06711409395973154,0.15436241610738255,0.1610738255033557,0.2684563758389262,0.2953020134228188
