var1,var2,var3,var4,var5,var6
0.02158273381294964,0.07194244604316546,0.08633093525179857,0.14388489208633093,0.28776978417266186,0.38848920863309355
