var1,var2,var3,var4,var5,var6
0.032432432432432434,0.07567567567567568,0.15135135135135136,0.1783783783783784,0.2702702702702703,0.2918918918918919
