var1,var2,var3,var4,var5,var6
0.05517241379310345,0.1103448275862069,0.13793103448275862,0.15862068965517243,0.20689655172413793,0.3310344827586207
