var1,var2,var3,var4,var5,var6
0.018867924528301886,0.07547169811320754,0.11320754716981132,0.16352201257861634,0.2830188679245283,0.34591194968553457
