var1,var2,var3,var4,var5,var6
0.024875621890547265,0.10945273631840796,0.13930348258706468,0.208955223880597,0.22885572139303484,0.2885572139303483
