var1,var2,var3,var4,var5,var6
0.012738853503184714,0.06369426751592357,0.10828025477707007,0.17834394904458598,0.3057324840764331,0.33121019108280253
