var1,var2,var3,var4,var5,var6
0.048034934497816595,0.11353711790393013,0.14847161572052403,0.16593886462882096,0.2183406113537118,0.3056768558951965
