var1,var2,var3,var4,var5,var6
0.030303030303030304,0.06060606060606061,0.10909090909090909,0.23030303030303031,0.2727272727272727,0.296969696969697
