var1,var2,var3,var4,var5,var6
0.015503875968992248,0.06201550387596899,0.09302325581395349,0.18604651162790697,0.24031007751937986,0.40310077519379844
