var1,var2,var3,var4,var5,var6
0.018779342723004695,0.10328638497652583,0.13145539906103287,0.19248826291079812,0.24413145539906103,0.30985915492957744
