var1,var2,var3,var4,var5,var6
0.027472527472527472,0.038461538461538464,0.12087912087912088,0.19230769230769232,0.25274725274725274,0.36813186813186816
