var1,var2,var3,var4,var5,var6
0.06926406926406926,0.08225108225108226,0.10822510822510822,0.1471861471861472,0.2727272727272727,0.3203463203463203
