var1,var2,var3,var4,var5,var6
0.021621621621621623,0.043243243243243246,0.0972972972972973,0.1837837837837838,0.25405405405405407,0.4
