var1,var2,var3,var4,var5,var6
0.06976744186046512,0.10852713178294573,0.13953488372093023,0.16279069767441862,0.18604651162790697,0.3333333333333333
