var1,var2,var3,var4,var5,var6
0.04424778761061947,0.07964601769911504,0.08849557522123894,0.22123893805309736,0.24778761061946902,0.3185840707964602
