var1,var2,var3,var4,var5,var6
0.011695906432748537,0.07017543859649122,0.10526315789473684,0.14035087719298245,0.30994152046783624,0.36257309941520466
