var1,var2,var3,var4,var5,var6
0.02926829268292683,0.04878048780487805,0.05853658536585366,0.18536585365853658,0.2682926829268293,0.4097560975609756
