var1,var2,var3,var4,var5,var6
0.061452513966480445,0.08379888268156424,0.09497206703910614,0.22905027932960895,0.24581005586592178,0.2849162011173184
