var1,var2,var3,var4,var5,var6
0.06951871657754011,0.0855614973262032,0.18181818181818182,0.1925133689839572,0.21390374331550802,0.25668449197860965
