var1,var2,var3,var4,var5,var6
0.04519774011299435,0.07344632768361582,0.1016949152542373,0.15819209039548024,0.2937853107344633,0.327683615819209
