var1,var2,var3,var4,var5,var6
0.017391304347826087,0.08695652173913043,0.11304347826086956,0.19130434782608696,0.22608695652173913,0.3652173913043478
