var1,var2,var3,var4,var5,var6
0.0273224043715847,0.11475409836065574,0.13114754098360656,0.17486338797814208,0.2568306010928962,0.29508196721311475
