var1,var2,var3,var4,var5,var6
0.10526315789473684,0.13765182186234817,0.14979757085020243,0.1700404858299595,0.17813765182186234,0.2591093117408907
