var1,var2,var3,var4,var5,var6
0.018957345971563982,0.11374407582938388,0.12322274881516587,0.17535545023696683,0.26540284360189575,0.3033175355450237
