var1,var2,var3,var4,var5,var6
0.06369426751592357,0.10191082802547771,0.14012738853503184,0.21656050955414013,0.22929936305732485,0.2484076433121019
