var1,var2,var3,var4,var5,var6
0.06077348066298342,0.12154696132596685,0.16574585635359115,0.19889502762430938,0.22099447513812154,0.23204419889502761
