var1,var2,var3,var4,var5,var6
0.0546448087431694,0.13114754098360656,0.14207650273224043,0.17486338797814208,0.20218579234972678,0.29508196721311475
