var1,var2,var3,var4,var5,var6
0.05113636363636364,0.09090909090909091,0.11931818181818182,0.17613636363636365,0.25,0.3125
