var1,var2,var3,var4,var5,var6
0.03225806451612903,0.1382488479262673,0.14746543778801843,0.20276497695852536,0.2304147465437788,0.2488479262672811
