var1,var2,var3,var4,var5,var6
0.05084745762711865,0.07627118644067797,0.1440677966101695,0.15254237288135594,0.16101694915254236,0.4152542372881356
