var1,var2,var3,var4,var5,var6
0.10778443113772455,0.11976047904191617,0.15568862275449102,0.17365269461077845,0.19161676646706588,0.25149700598802394
