var1,var2,var3,var4,var5,var6
0.05909090909090909,0.10909090909090909,0.15,0.20454545454545456,0.22727272727272727,0.25
