var1,var2,var3,var4,var5,var6
0.030303030303030304,0.07272727272727272,0.15757575757575756,0.19393939393939394,0.24242424242424243,0.30303030303030304
