var1,var2,var3,var4,var5,var6
0.07407407407407407,0.14285714285714285,0.1693121693121693,0.17989417989417988,0.20105820105820105,0.2328042328042328
