var1,var2,var3,var4,var5,var6
0.02185792349726776,0.0546448087431694,0.12568306010928962,0.18579234972677597,0.28415300546448086,0.32786885245901637
