var1,var2,var3,var4,var5,var6
0.06635071090047394,0.08056872037914692,0.10900473933649289,0.1848341232227488,0.2037914691943128,0.35545023696682465
