var1,var2,var3,var4,var5,var6
0.019867549668874173,0.052980132450331126,0.09271523178807947,0.11920529801324503,0.2913907284768212,0.423841059602649
