var1,var2,var3,var4,var5,var6
0.02824858757062147,0.07344632768361582,0.13559322033898305,0.1751412429378531,0.2542372881355932,0.3333333333333333
