var1,var2,var3,var4,var5,var6
0.028169014084507043,0.11971830985915492,0.13380281690140844,0.19014084507042253,0.23943661971830985,0.2887323943661972
