var1,var2,var3,var4,var5,var6
0.05223880597014925,0.07462686567164178,0.11194029850746269,0.14925373134328357,0.21641791044776118,0.39552238805970147
