var1,var2,var3,var4,var5,var6
0.03937007874015748,0.09448818897637795,0.11023622047244094,0.15748031496062992,0.25984251968503935,0.33858267716535434
