var1,var2,var3,var4,var5,var6
0.028735632183908046,0.040229885057471264,0.14367816091954022,0.21839080459770116,0.22413793103448276,0.3448275862068966
