var1,var2,var3,var4,var5,var6
0.024390243902439025,0.05365853658536585,0.17073170731707318,0.2048780487804878,0.25365853658536586,0.2926829268292683
