var1,var2,var3,var4,var5,var6
0.06944444444444445,0.09722222222222222,0.1388888888888889,0.1597222222222222,0.2152777777777778,0.3194444444444444
