var1,var2,var3,var4,var5,var6
0.08974358974358974,0.11538461538461539,0.13675213675213677,0.14957264957264957,0.20085470085470086,0.3076923076923077
