var1,var2,var3,var4,var5,var6
0.04926108374384237,0.11822660098522167,0.1625615763546798,0.19704433497536947,0.21674876847290642,0.2561576354679803
