var1,var2,var3,var4,var5,var6
0.06918238993710692,0.0880503144654088,0.12578616352201258,0.16352201257861634,0.18867924528301888,0.36477987421383645
