var1,var2,var3,var4,var5,var6
0.09644670050761421,0.1065989847715736,0.1116751269035533,0.15736040609137056,0.2436548223350254,0.28426395939086296
