var1,var2,var3,var4,var5,var6
0.012738853503184714,0.11464968152866242,0.15286624203821655,0.19745222929936307,0.22929936305732485,0.2929936305732484
