var1,var2,var3,var4,var5,var6
0.022988505747126436,0.05747126436781609,0.11494252873563218,0.16091954022988506,0.20689655172413793,0.4367816091954023
