var1,var2,var3,var4,var5,var6
0.019704433497536946,0.06403940886699508,0.09852216748768473,0.22660098522167488,0.27586206896551724,0.31527093596059114
