var1,var2,var3,var4,var5,var6
0.05699481865284974,0.07253886010362694,0.09326424870466321,0.22797927461139897,0.2694300518134715,0.27979274611398963
