var1,var2,var3,var4,var5,var6
0.07373271889400922,0.09216589861751152,0.15668202764976957,0.17972350230414746,0.1935483870967742,0.30414746543778803
