var1,var2,var3,var4,var5,var6
0.10112359550561797,0.12921348314606743,0.14606741573033707,0.1797752808988764,0.20224719101123595,0.24157303370786518
