var1,var2,var3,var4,var5,var6
0.03773584905660377,0.0880503144654088,0.13836477987421383,0.20125786163522014,0.22012578616352202,0.31446540880503143
