var1,var2,var3,var4,var5,var6
0.03680981595092025,0.12883435582822086,0.147239263803681,0.19631901840490798,0.2085889570552147,0.2822085889570552
