var1,var2,var3,var4,var5,var6
0.017142857142857144,0.11428571428571428,0.12571428571428572,0.16,0.26285714285714284,0.32
