var1,var2,var3,var4,var5,var6
0.038461538461538464,0.11153846153846154,0.12692307692307692,0.21153846153846154,0.23076923076923078,0.28076923076923077
