var1,var2,var3,var4,var5,var6
0.024793388429752067,0.03305785123966942,0.06611570247933884,0.1322314049586777,0.2644628099173554,0.4793388429752066
