var1,var2,var3,var4,var5,var6
0.010050251256281407,0.09547738693467336,0.11055276381909548,0.15577889447236182,0.2814070351758794,0.34673366834170855
