var1,var2,var3,var4,var5,var6
0.031446540880503145,0.0440251572327044,0.1069182389937107,0.22641509433962265,0.27672955974842767,0.31446540880503143
