var1,var2,var3,var4,var5,var6
0.05365853658536585,0.11707317073170732,0.13658536585365855,0.1951219512195122,0.23414634146341465,0.2634146341463415
