var1,var2,var3,var4,var5,var6
0.05,0.06428571428571428,0.08571428571428572,0.17142857142857143,0.25,0.37857142857142856
