var1,var2,var3,var4,var5,var6
0.06629834254143646,0.07734806629834254,0.10497237569060773,0.16574585635359115,0.19889502762430938,0.3867403314917127
