var1,var2,var3,var4,var5,var6
0.06382978723404255,0.09929078014184398,0.10638297872340426,0.1347517730496454,0.18439716312056736,0.41134751773049644
