var1,var2,var3,var4,var5,var6
0.03932584269662921,0.056179775280898875,0.12359550561797752,0.19662921348314608,0.28651685393258425,0.29775280898876405
