var1,var2,var3,var4,var5,var6
0.0390625,0.0625,0.140625,0.15625,0.1875,0.4140625
