var1,var2,var3,var4,var5,var6
0.015748031496062992,0.05511811023622047,0.11023622047244094,0.14173228346456693,0.1732283464566929,0.5039370078740157
