var1,var2,var3,var4,var5,var6
0.034782608695652174,0.06956521739130435,0.0782608695652174,0.12173913043478261,0.2782608695652174,0.41739130434782606
