var1,var2,var3,var4,var5,var6
0.055793991416309016,0.1459227467811159,0.1630901287553648,0.17167381974248927,0.2145922746781116,0.24892703862660945
