var1,var2,var3,var4,var5,var6
0.05,0.07272727272727272,0.11363636363636363,0.15454545454545454,0.2863636363636364,0.32272727272727275
