var1,var2,var3,var4,var5,var6
0.057971014492753624,0.06763285024154589,0.13043478260869565,0.1642512077294686,0.28019323671497587,0.2995169082125604
