var1,var2,var3,var4,var5,var6
0.03875968992248062,0.10852713178294573,0.11627906976744186,0.16279069767441862,0.21705426356589147,0.35658914728682173
