var1,var2,var3,var4,var5,var6
0.03007518796992481,0.045112781954887216,0.15037593984962405,0.20300751879699247,0.24060150375939848,0.3308270676691729
