var1,var2,var3,var4,var5,var6
0.019417475728155338,0.05825242718446602,0.08737864077669903,0.11650485436893204,0.23300970873786409,0.4854368932038835
