var1,var2,var3,var4,var5,var6
0.024539877300613498,0.12269938650306748,0.15337423312883436,0.2085889570552147,0.22085889570552147,0.26993865030674846
