var1,var2,var3,var4,var5,var6
0.0502283105022831,0.0730593607305936,0.1735159817351598,0.2100456621004566,0.2374429223744292,0.2557077625570776
