var1,var2,var3,var4,var5,var6
0.06832298136645963,0.11180124223602485,0.14906832298136646,0.18633540372670807,0.2111801242236025,0.2732919254658385
