var1,var2,var3,var4,var5,var6
0.013888888888888888,0.04861111111111111,0.14583333333333334,0.2152777777777778,0.24305555555555555,0.3333333333333333
