var1,var2,var3,var4,var5,var6
0.037383177570093455,0.056074766355140186,0.07476635514018691,0.205607476635514,0.27102803738317754,0.35514018691588783
