var1,var2,var3,var4,var5,var6
0.02185792349726776,0.06557377049180328,0.16393442622950818,0.1912568306010929,0.273224043715847,0.28415300546448086
