var1,var2,var3,var4,var5,var6
0.05343511450381679,0.13358778625954199,0.15648854961832062,0.1984732824427481,0.22519083969465647,0.23282442748091603
