var1,var2,var3,var4,var5,var6
0.06474820143884892,0.1223021582733813,0.1510791366906475,0.17985611510791366,0.2014388489208633,0.2805755395683453
