var1,var2,var3,var4,var5,var6
0.019801980198019802,0.0594059405940594,0.09900990099009901,0.18811881188118812,0.19801980198019803,0.43564356435643564
