var1,var2,var3,var4,var5,var6
0.03355704697986577,0.053691275167785234,0.14093959731543623,0.1476510067114094,0.26174496644295303,0.3624161073825503
