var1,var2,var3,var4,var5,var6
0.01646090534979424,0.0823045267489712,0.15637860082304528,0.18930041152263374,0.25102880658436216,0.3045267489711934
