var1,var2,var3,var4,var5,var6
0.013793103448275862,0.06896551724137931,0.1310344827586207,0.19310344827586207,0.2206896551724138,0.3724137931034483
