var1,var2,var3,var4,var5,var6
0.01675977653631285,0.0446927374301676,0.15083798882681565,0.20670391061452514,0.2737430167597765,0.30726256983240224
