var1,var2,var3,var4,var5,var6
0.027777777777777776,0.05555555555555555,0.1111111111111111,0.21296296296296297,0.2777777777777778,0.3148148148148148
