var1,var2,var3,var4,var5,var6
0.015503875968992248,0.046511627906976744,0.07751937984496124,0.14728682170542637,0.24806201550387597,0.46511627906976744
