var1,var2,var3,var4,var5,var6
0.05907172995780591,0.12658227848101267,0.14345991561181434,0.18143459915611815,0.22784810126582278,0.2616033755274262
