var1,var2,var3,var4,var5,var6
0.09032258064516129,0.11612903225806452,0.12903225806451613,0.14838709677419354,0.23225806451612904,0.2838709677419355
