var1,var2,var3,var4,var5,var6
0.027210884353741496,0.04081632653061224,0.14285714285714285,0.14965986394557823,0.272108843537415,0.3673469387755102
