var1,var2,var3,var4,var5,var6
0.037267080745341616,0.049689440993788817,0.15527950310559005,0.17391304347826086,0.2360248447204969,0.34782608695652173
