var1,var2,var3,var4,var5,var6
0.03125,0.041666666666666664,0.0625,0.14583333333333334,0.22916666666666666,0.4895833333333333
