var1,var2,var3,var4,var5,var6
0.04020100502512563,0.11055276381909548,0.1658291457286432,0.18090452261306533,0.20100502512562815,0.3015075376884422
