var1,var2,var3,var4,var5,var6
0.047337278106508875,0.07100591715976332,0.09467455621301775,0.15384615384615385,0.20710059171597633,0.4260355029585799
