var1,var2,var3,var4,var5,var6
0.05755395683453238,0.08633093525179857,0.12949640287769784,0.2014388489208633,0.20863309352517986,0.31654676258992803
