var1,var2,var3,var4,var5,var6
0.015503875968992248,0.06976744186046512,0.12403100775193798,0.23255813953488372,0.26356589147286824,0.29457364341085274
