var1,var2,var3,var4,var5,var6
0.02824858757062147,0.1016949152542373,0.14689265536723164,0.192090395480226,0.2598870056497175,0.2711864406779661
