var1,var2,var3,var4,var5,var6
0.04316546762589928,0.1079136690647482,0.14388489208633093,0.19424460431654678,0.2446043165467626,0.26618705035971224
