var1,var2,var3,var4,var5,var6
0.03409090909090909,0.11931818181818182,0.13068181818181818,0.21022727272727273,0.22727272727272727,0.2784090909090909
