var1,var2,var3,var4,var5,var6
0.045662100456621,0.1598173515981735,0.1643835616438356,0.1780821917808219,0.2146118721461187,0.2374429223744292
