var1,var2,var3,var4,var5,var6
0.026737967914438502,0.06417112299465241,0.11229946524064172,0.19786096256684493,0.27807486631016043,0.32085561497326204
