var1,var2,var3,var4,var5,var6
0.03355704697986577,0.08053691275167785,0.174496644295302,0.18791946308724833,0.20134228187919462,0.3221476510067114
