var1,var2,var3,var4,var5,var6
0.041176470588235294,0.09411764705882353,0.12352941176470589,0.20588235294117646,0.22941176470588234,0.3058823529411765
