var1,var2,var3,var4,var5,var6
0.022388059701492536,0.06716417910447761,0.09701492537313433,0.17164179104477612,0.2537313432835821,0.3880597014925373
