var1,var2,var3,var4,var5,var6
0.06222222222222222,0.10666666666666667,0.11555555555555555,0.2,0.24888888888888888,0.26666666666666666
