var1,var2,var3,var4,var5,var6
0.023668639053254437,0.07692307692307693,0.10650887573964497,0.11834319526627218,0.3076923076923077,0.3668639053254438
