var1,var2,var3,var4,var5,var6
0.07103825136612021,0.09289617486338798,0.13114754098360656,0.15846994535519127,0.2459016393442623,0.3005464480874317
