var1,var2,var3,var4,var5,var6
0.031055900621118012,0.07453416149068323,0.13664596273291926,0.18633540372670807,0.2360248447204969,0.33540372670807456
