var1,var2,var3,var4,var5,var6
0.018691588785046728,0.037383177570093455,0.09345794392523364,0.12149532710280374,0.2803738317757009,0.4485981308411215
