var1,var2,var3,var4,var5,var6
0.02857142857142857,0.045714285714285714,0.10285714285714286,0.2,0.28,0.34285714285714286
