var1,var2,var3,var4,var5,var6
0.02030456852791878,0.050761421319796954,0.08121827411167512,0.2233502538071066,0.27918781725888325,0.34517766497461927
