var1,var2,var3,var4,var5,var6
0.061611374407582936,0.10426540284360189,0.11374407582938388,0.1990521327014218,0.24644549763033174,0.27488151658767773
