var1,var2,var3,var4,var5,var6
0.040160642570281124,0.12449799196787148,0.14457831325301204,0.1927710843373494,0.21686746987951808,0.28112449799196787
