var1,var2,var3,var4,var5,var6
0.01652892561983471,0.03305785123966942,0.1487603305785124,0.2066115702479339,0.2644628099173554,0.3305785123966942
