var1,var2,var3,var4,var5,var6
0.024390243902439025,0.06504065040650407,0.10569105691056911,0.21138211382113822,0.2601626016260163,0.3333333333333333
