var1,var2,var3,var4,var5,var6
0.024390243902439025,0.05853658536585366,0.13170731707317074,0.1951219512195122,0.24878048780487805,0.34146341463414637
