var1,var2,var3,var4,var5,var6
0.06896551724137931,0.11330049261083744,0.1625615763546798,0.18719211822660098,0.22660098522167488,0.2413793103448276
