var1,var2,var3,var4,var5,var6
0.011560693641618497,0.046242774566473986,0.14450867052023122,0.16184971098265896,0.2774566473988439,0.3583815028901734
