var1,var2,var3,var4,var5,var6
0.0330188679245283,0.08490566037735849,0.1509433962264151,0.19339622641509435,0.25,0.28773584905660377
