var1,var2,var3,var4,var5,var6
0.03007518796992481,0.06015037593984962,0.13533834586466165,0.15037593984962405,0.2631578947368421,0.3609022556390977
