var1,var2,var3,var4,var5,var6
0.06111111111111111,0.08888888888888889,0.11666666666666667,0.16666666666666666,0.2611111111111111,0.3055555555555556
