var1,var2,var3,var4,var5,var6
0.06629834254143646,0.08839779005524862,0.13812154696132597,0.16574585635359115,0.20994475138121546,0.3314917127071823
