var1,var2,var3,var4,var5,var6
0.031446540880503145,0.0880503144654088,0.1509433962264151,0.20125786163522014,0.25157232704402516,0.27672955974842767
