var1,var2,var3,var4,var5,var6
0.06289308176100629,0.0880503144654088,0.10062893081761007,0.15723270440251572,0.2389937106918239,0.3522012578616352
