var1,var2,var3,var4,var5,var6
0.018957345971563982,0.08530805687203792,0.13270142180094788,0.16113744075829384,0.27014218009478674,0.33175355450236965
