var1,var2,var3,var4,var5,var6
0.0796812749003984,0.10358565737051793,0.15139442231075698,0.20717131474103587,0.2151394422310757,0.24302788844621515
