var1,var2,var3,var4,var5,var6
0.11891891891891893,0.12432432432432433,0.15135135135135136,0.16216216216216217,0.1837837837837838,0.2594594594594595
