var1,var2,var3,var4,var5,var6
0.025806451612903226,0.07741935483870968,0.08387096774193549,0.18064516129032257,0.2967741935483871,0.33548387096774196
