var1,var2,var3,var4,var5,var6
0.046052631578947366,0.125,0.13815789473684212,0.16447368421052633,0.23026315789473684,0.29605263157894735
