var1,var2,var3,var4,var5,var6
0.06802721088435375,0.08843537414965986,0.14965986394557823,0.19047619047619047,0.20408163265306123,0.29931972789115646
