var1,var2,var3,var4,var5,var6
0.055299539170506916,0.06451612903225806,0.08755760368663594,0.22119815668202766,0.2488479262672811,0.3225806451612903
