var1,var2,var3,var4,var5,var6
0.03680981595092025,0.0736196319018405,0.1165644171779141,0.17177914110429449,0.294478527607362,0.3067484662576687
