var1,var2,var3,var4,var5,var6
0.05286343612334802,0.10572687224669604,0.14537444933920704,0.22026431718061673,0.2290748898678414,0.24669603524229075
