var1,var2,var3,var4,var5,var6
0.042105263157894736,0.1,0.12105263157894737,0.21578947368421053,0.25263157894736843,0.26842105263157895
