var1,var2,var3,var4,var5,var6
0.040983606557377046,0.09836065573770492,0.11475409836065574,0.1885245901639344,0.23770491803278687,0.319672131147541
