var1,var2,var3,var4,var5,var6
0.07317073170731707,0.08943089430894309,0.10569105691056911,0.13008130081300814,0.2601626016260163,0.34146341463414637
