var1,var2,var3,var4,var5,var6
0.08661417322834646,0.11023622047244094,0.14173228346456693,0.1732283464566929,0.18110236220472442,0.30708661417322836
