var1,var2,var3,var4,var5,var6
0.037267080745341616,0.09937888198757763,0.16149068322981366,0.17391304347826086,0.20496894409937888,0.32298136645962733
