var1,var2,var3,var4,var5,var6
0.05116279069767442,0.06511627906976744,0.11162790697674418,0.13953488372093023,0.30697674418604654,0.32558139534883723
