var1,var2,var3,var4,var5,var6
0.026490066225165563,0.1390728476821192,0.15894039735099338,0.17880794701986755,0.23178807947019867,0.26490066225165565
