var1,var2,var3,var4,var5,var6
0.04864864864864865,0.06486486486486487,0.15675675675675677,0.22702702702702704,0.23783783783783785,0.2648648648648649
