var1,var2,var3,var4,var5,var6
0.037383177570093455,0.056074766355140186,0.102803738317757,0.14953271028037382,0.17757009345794392,0.4766355140186916
