var1,var2,var3,var4,var5,var6
0.042735042735042736,0.05982905982905983,0.09401709401709402,0.1452991452991453,0.21367521367521367,0.4444444444444444
