var1,var2,var3,var4,var5,var6
0.05555555555555555,0.06944444444444445,0.1597222222222222,0.18055555555555555,0.2013888888888889,0.3333333333333333
