var1,var2,var3,var4,var5,var6
0.02030456852791878,0.07614213197969544,0.1116751269035533,0.16243654822335024,0.2131979695431472,0.41624365482233505
