var1,var2,var3,var4,var5,var6
0.022598870056497175,0.04519774011299435,0.1016949152542373,0.22598870056497175,0.2655367231638418,0.3389830508474576
