var1,var2,var3,var4,var5,var6
0.019230769230769232,0.07692307692307693,0.14102564102564102,0.20512820512820512,0.24358974358974358,0.3141025641025641
