var1,var2,var3,var4,var5,var6
0.01694915254237288,0.1016949152542373,0.14689265536723164,0.15819209039548024,0.22598870056497175,0.3502824858757062
