var1,var2,var3,var4,var5,var6
0.014814814814814815,0.08888888888888889,0.1111111111111111,0.17777777777777778,0.23703703703703705,0.37037037037037035
