var1,var2,var3,var4,var5,var6
0.04060913705583756,0.07106598984771574,0.09137055837563451,0.17766497461928935,0.233502538071066,0.38578680203045684
