var1,var2,var3,var4,var5,var6
0.10945273631840796,0.11940298507462686,0.14427860696517414,0.1890547263681592,0.20398009950248755,0.23383084577114427
