var1,var2,var3,var4,var5,var6
0.01507537688442211,0.07035175879396985,0.11055276381909548,0.22110552763819097,0.2814070351758794,0.3015075376884422
