var1,var2,var3,var4,var5,var6
0.07782101167315175,0.09727626459143969,0.10894941634241245,0.14785992217898833,0.2178988326848249,0.35019455252918286
