var1,var2,var3,var4,var5,var6
0.028169014084507043,0.056338028169014086,0.15492957746478872,0.16901408450704225,0.24413145539906103,0.3474178403755869
