var1,var2,var3,var4,var5,var6
0.025974025974025976,0.0735930735930736,0.11255411255411256,0.2077922077922078,0.2683982683982684,0.3116883116883117
