var1,var2,var3,var4,var5,var6
0.043478260869565216,0.07453416149068323,0.17391304347826086,0.2111801242236025,0.2360248447204969,0.2608695652173913
