var1,var2,var3,var4,var5,var6
0.03550295857988166,0.07100591715976332,0.11834319526627218,0.21301775147928995,0.21893491124260356,0.3431952662721893
