var1,var2,var3,var4,var5,var6
0.0599250936329588,0.08239700374531835,0.17228464419475656,0.21722846441947566,0.2247191011235955,0.24344569288389514
