var1,var2,var3,var4,var5,var6
0.059880239520958084,0.10778443113772455,0.1497005988023952,0.2155688622754491,0.2275449101796407,0.23952095808383234
