var1,var2,var3,var4,var5,var6
0.015037593984962405,0.05263157894736842,0.09022556390977443,0.23308270676691728,0.2631578947368421,0.3458646616541353
