var1,var2,var3,var4,var5,var6
0.06177606177606178,0.14285714285714285,0.16216216216216217,0.16988416988416988,0.21621621621621623,0.2471042471042471
