var1,var2,var3,var4,var5,var6
0.043478260869565216,0.06086956521739131,0.08695652173913043,0.22608695652173913,0.23478260869565218,0.34782608695652173
