var1,var2,var3,var4,var5,var6
0.05056179775280899,0.06179775280898876,0.0898876404494382,0.21910112359550563,0.25280898876404495,0.3258426966292135
