var1,var2,var3,var4,var5,var6
0.028735632183908046,0.07471264367816093,0.1206896551724138,0.13793103448275862,0.2988505747126437,0.3390804597701149
