var1,var2,var3,var4,var5,var6
0.05161290322580645,0.06451612903225806,0.09032258064516129,0.14838709677419354,0.25806451612903225,0.3870967741935484
