var1,var2,var3,var4,var5,var6
0.06751054852320675,0.10126582278481013,0.14767932489451477,0.18565400843881857,0.23628691983122363,0.2616033755274262
