var1,var2,var3,var4,var5,var6
0.09009009009009009,0.12162162162162163,0.16666666666666666,0.1891891891891892,0.20270270270270271,0.22972972972972974
