var1,var2,var3,var4,var5,var6
0.048484848484848485,0.07272727272727272,0.10909090909090909,0.14545454545454545,0.2727272727272727,0.3515151515151515
