var1,var2,var3,var4,var5,var6
0.02877697841726619,0.07194244604316546,0.11510791366906475,0.12949640287769784,0.302158273381295,0.35251798561151076
