var1,var2,var3,var4,var5,var6
0.021645021645021644,0.05194805194805195,0.06926406926406926,0.22077922077922077,0.2554112554112554,0.38095238095238093
