var1,var2,var3,var4,var5,var6
0.023255813953488372,0.08372093023255814,0.13488372093023257,0.2,0.2558139534883721,0.3023255813953488
