var1,var2,var3,var4,var5,var6
0.03184713375796178,0.044585987261146494,0.10828025477707007,0.11464968152866242,0.3057324840764331,0.39490445859872614
