var1,var2,var3,var4,var5,var6
0.023121387283236993,0.10982658959537572,0.15028901734104047,0.18497109826589594,0.24277456647398843,0.28901734104046245
