var1,var2,var3,var4,var5,var6
0.05660377358490566,0.1320754716981132,0.1509433962264151,0.16352201257861634,0.24528301886792453,0.25157232704402516
