var1,var2,var3,var4,var5,var6
0.022857142857142857,0.03428571428571429,0.06285714285714286,0.2057142857142857,0.29714285714285715,0.37714285714285717
