var1,var2,var3,var4,var5,var6
0.03546099290780142,0.11347517730496454,0.18439716312056736,0.19858156028368795,0.2127659574468085,0.2553191489361702
