var1,var2,var3,var4,var5,var6
0.02553191489361702,0.059574468085106386,0.16595744680851063,0.1829787234042553,0.24680851063829787,0.3191489361702128
