var1,var2,var3,var4,var5,var6
0.05755395683453238,0.08633093525179857,0.10071942446043165,0.1366906474820144,0.2014388489208633,0.4172661870503597
