var1,var2,var3,var4,var5,var6
0.06091370558375635,0.08121827411167512,0.1116751269035533,0.12690355329949238,0.233502538071066,0.38578680203045684
