var1,var2,var3,var4,var5,var6
0.0625,0.10576923076923077,0.1346153846153846,0.1875,0.22596153846153846,0.28365384615384615
