var1,var2,var3,var4,var5,var6
0.037209302325581395,0.09302325581395349,0.16279069767441862,0.20930232558139536,0.22325581395348837,0.2744186046511628
