var1,var2,var3,var4,var5,var6
0.06349206349206349,0.1164021164021164,0.14814814814814814,0.1693121693121693,0.19576719576719576,0.30687830687830686
