var1,var2,var3,var4,var5,var6
0.012578616352201259,0.0880503144654088,0.16981132075471697,0.2138364779874214,0.2389937106918239,0.27672955974842767
