var1,var2,var3,var4,var5,var6
0.03225806451612903,0.05913978494623656,0.11827956989247312,0.13440860215053763,0.3172043010752688,0.3387096774193548
