var1,var2,var3,var4,var5,var6
0.034013605442176874,0.08163265306122448,0.1360544217687075,0.23129251700680273,0.24489795918367346,0.272108843537415
