var1,var2,var3,var4,var5,var6
0.05286343612334802,0.0881057268722467,0.09691629955947137,0.1145374449339207,0.2907488986784141,0.3568281938325991
