var1,var2,var3,var4,var5,var6
0.11627906976744186,0.13953488372093023,0.14883720930232558,0.16744186046511628,0.19534883720930232,0.23255813953488372
