var1,var2,var3,var4,var5,var6
0.03007518796992481,0.06015037593984962,0.10526315789473684,0.20300751879699247,0.21052631578947367,0.39097744360902253
