var1,var2,var3,var4,var5,var6
0.014814814814814815,0.044444444444444446,0.08888888888888889,0.1925925925925926,0.3037037037037037,0.35555555555555557
