var1,var2,var3,var4,var5,var6
0.014598540145985401,0.043795620437956206,0.17518248175182483,0.19708029197080293,0.24817518248175183,0.32116788321167883
