var1,var2,var3,var4,var5,var6
0.029850746268656716,0.04975124378109453,0.15422885572139303,0.1791044776119403,0.23880597014925373,0.3482587064676617
