var1,var2,var3,var4,var5,var6
0.04142011834319527,0.07100591715976332,0.14201183431952663,0.17751479289940827,0.27218934911242604,0.2958579881656805
