var1,var2,var3,var4,var5,var6
0.02962962962962963,0.05925925925925926,0.08148148148148149,0.17777777777777778,0.2740740740740741,0.37777777777777777
