var1,var2,var3,var4,var5,var6
0.07734806629834254,0.08839779005524862,0.14917127071823205,0.19889502762430938,0.22099447513812154,0.26519337016574585
