var1,var2,var3,var4,var5,var6
0.03870967741935484,0.05161290322580645,0.14193548387096774,0.16129032258064516,0.2709677419354839,0.33548387096774196
