var1,var2,var3,var4,var5,var6
0.08823529411764706,0.1,0.11764705882352941,0.1588235294117647,0.23529411764705882,0.3
