var1,var2,var3,var4,var5,var6
0.058577405857740586,0.07112970711297072,0.12552301255230125,0.16736401673640167,0.27615062761506276,0.301255230125523
