var1,var2,var3,var4,var5,var6
0.08196721311475409,0.10655737704918032,0.1557377049180328,0.1721311475409836,0.21311475409836064,0.27049180327868855
