var1,var2,var3,var4,var5,var6
0.03592814371257485,0.10179640718562874,0.11976047904191617,0.19161676646706588,0.25149700598802394,0.2994011976047904
