var1,var2,var3,var4,var5,var6
0.03592814371257485,0.1317365269461078,0.1497005988023952,0.20359281437125748,0.2155688622754491,0.2634730538922156
