var1,var2,var3,var4,var5,var6
0.047619047619047616,0.0873015873015873,0.10317460317460317,0.18253968253968253,0.2777777777777778,0.30158730158730157
