var1,var2,var3,var4,var5,var6
0.033112582781456956,0.052980132450331126,0.11920529801324503,0.13245033112582782,0.31788079470198677,0.3443708609271523
