var1,var2,var3,var4,var5,var6
0.013245033112582781,0.06622516556291391,0.1456953642384106,0.23178807947019867,0.25165562913907286,0.2913907284768212
