var1,var2,var3,var4,var5,var6
0.06629834254143646,0.09944751381215469,0.13259668508287292,0.20441988950276244,0.2430939226519337,0.2541436464088398
