var1,var2,var3,var4,var5,var6
0.03954802259887006,0.0903954802259887,0.11299435028248588,0.15819209039548024,0.21468926553672316,0.384180790960452
