var1,var2,var3,var4,var5,var6
0.05405405405405406,0.06486486486486487,0.10270270270270271,0.1945945945945946,0.2810810810810811,0.3027027027027027
