var1,var2,var3,var4,var5,var6
0.08695652173913043,0.12560386473429952,0.13526570048309178,0.15458937198067632,0.19806763285024154,0.2995169082125604
