var1,var2,var3,var4,var5,var6
0.013157894736842105,0.08552631578947369,0.125,0.14473684210526316,0.19078947368421054,0.4407894736842105
