var1,var2,var3,var4,var5,var6
0.026041666666666668,0.09375,0.16145833333333334,0.203125,0.23958333333333334,0.2760416666666667
