var1,var2,var3,var4,var5,var6
0.04827586206896552,0.1103448275862069,0.13793103448275862,0.15172413793103448,0.23448275862068965,0.31724137931034485
