var1,var2,var3,var4,var5,var6
0.017094017094017096,0.05982905982905983,0.10256410256410256,0.20512820512820512,0.23931623931623933,0.37606837606837606
