var1,var2,var3,var4,var5,var6
0.042071197411003236,0.07766990291262135,0.1488673139158576,0.21359223300970873,0.2459546925566343,0.27184466019417475
