var1,var2,var3,var4,var5,var6
0.045662100456621,0.0821917808219178,0.1187214611872146,0.1415525114155251,0.273972602739726,0.3378995433789954
