var1,var2,var3,var4,var5,var6
0.055299539170506916,0.06912442396313365,0.14746543778801843,0.17050691244239632,0.2304147465437788,0.3271889400921659
