var1,var2,var3,var4,var5,var6
0.0963855421686747,0.11244979919678715,0.1646586345381526,0.17670682730923695,0.20080321285140562,0.24899598393574296
