var1,var2,var3,var4,var5,var6
0.04975124378109453,0.05970149253731343,0.07960199004975124,0.19402985074626866,0.21890547263681592,0.39800995024875624
