var1,var2,var3,var4,var5,var6
0.013071895424836602,0.09803921568627451,0.16339869281045752,0.1830065359477124,0.24183006535947713,0.3006535947712418
