var1,var2,var3,var4,var5,var6
0.022900763358778626,0.07633587786259542,0.15267175572519084,0.183206106870229,0.21374045801526717,0.3511450381679389
