var1,var2,var3,var4,var5,var6
0.07531380753138076,0.12552301255230125,0.1589958158995816,0.16736401673640167,0.20502092050209206,0.26778242677824265
