var1,var2,var3,var4,var5,var6
0.06666666666666667,0.14222222222222222,0.16,0.17777777777777778,0.18666666666666668,0.26666666666666666
