var1,var2,var3,var4,var5,var6
0.06015037593984962,0.12030075187969924,0.14285714285714285,0.17293233082706766,0.21804511278195488,0.2857142857142857
