var1,var2,var3,var4,var5,var6
0.029197080291970802,0.10218978102189781,0.1678832116788321,0.1897810218978102,0.23357664233576642,0.2773722627737226
