var1,var2,var3,var4,var5,var6
0.07509881422924901,0.09090909090909091,0.12648221343873517,0.1383399209486166,0.26877470355731226,0.30039525691699603
