var1,var2,var3,var4,var5,var6
0.05747126436781609,0.06896551724137931,0.11494252873563218,0.13793103448275862,0.22988505747126436,0.39080459770114945
