var1,var2,var3,var4,var5,var6
0.037037037037037035,0.0582010582010582,0.14814814814814814,0.164021164021164,0.19047619047619047,0.4021164021164021
