var1,var2,var3,var4,var5,var6
0.0326530612244898,0.053061224489795916,0.1469387755102041,0.19591836734693877,0.2530612244897959,0.3183673469387755
