var1,var2,var3,var4,var5,var6
0.08196721311475409,0.09836065573770492,0.12459016393442623,0.19672131147540983,0.24262295081967214,0.25573770491803277
