var1,var2,var3,var4,var5,var6
0.04926108374384237,0.06403940886699508,0.08866995073891626,0.20689655172413793,0.2857142857142857,0.3054187192118227
