var1,var2,var3,var4,var5,var6
0.042682926829268296,0.06707317073170732,0.10365853658536585,0.23170731707317074,0.25,0.3048780487804878
