var1,var2,var3,var4,var5,var6
0.02843601895734597,0.10426540284360189,0.16113744075829384,0.21800947867298578,0.23222748815165878,0.2559241706161137
