var1,var2,var3,var4,var5,var6
0.09302325581395349,0.11627906976744186,0.15503875968992248,0.18604651162790697,0.21705426356589147,0.23255813953488372
