var1,var2,var3,var4,var5,var6
0.04145077720207254,0.05699481865284974,0.18134715025906736,0.20725388601036268,0.21761658031088082,0.29533678756476683
