var1,var2,var3,var4,var5,var6
0.02564102564102564,0.06837606837606838,0.1111111111111111,0.19658119658119658,0.27350427350427353,0.3247863247863248
