var1,var2,var3,var4,var5,var6
0.09210526315789473,0.12280701754385964,0.15789473684210525,0.17105263157894737,0.19736842105263158,0.25877192982456143
