var1,var2,var3,var4,var5,var6
0.06015037593984962,0.09022556390977443,0.12030075187969924,0.17293233082706766,0.19548872180451127,0.3609022556390977
