var1,var2,var3,var4,var5,var6
0.049689440993788817,0.07453416149068323,0.13664596273291926,0.17391304347826086,0.2422360248447205,0.32298136645962733
