var1,var2,var3,var4,var5,var6
0.0872093023255814,0.11046511627906977,0.12790697674418605,0.1569767441860465,0.22093023255813954,0.29651162790697677
