var1,var2,var3,var4,var5,var6
0.06134969325153374,0.07975460122699386,0.15950920245398773,0.1901840490797546,0.20245398773006135,0.3067484662576687
