var1,var2,var3,var4,var5,var6
0.046357615894039736,0.09271523178807947,0.1456953642384106,0.15894039735099338,0.26490066225165565,0.2913907284768212
