var1,var2,var3,var4,var5,var6
0.05472636815920398,0.11940298507462686,0.12935323383084577,0.19900497512437812,0.21890547263681592,0.27860696517412936
