var1,var2,var3,var4,var5,var6
0.024630541871921183,0.07881773399014778,0.14285714285714285,0.1477832512315271,0.20689655172413793,0.39901477832512317
