var1,var2,var3,var4,var5,var6
0.04132231404958678,0.09917355371900827,0.11570247933884298,0.1322314049586777,0.2809917355371901,0.3305785123966942
