var1,var2,var3,var4,var5,var6
0.09803921568627451,0.14215686274509803,0.1568627450980392,0.1715686274509804,0.2107843137254902,0.22058823529411764
