var1,var2,var3,var4,var5,var6
0.029304029304029304,0.047619047619047616,0.11721611721611722,0.1978021978021978,0.27106227106227104,0.336996336996337
