var1,var2,var3,var4,var5,var6
0.03067484662576687,0.11042944785276074,0.12883435582822086,0.1901840490797546,0.22699386503067484,0.3128834355828221
