var1,var2,var3,var4,var5,var6
0.05343511450381679,0.0916030534351145,0.10687022900763359,0.13740458015267176,0.26717557251908397,0.3435114503816794
