var1,var2,var3,var4,var5,var6
0.02877697841726619,0.09352517985611511,0.17266187050359713,0.18705035971223022,0.2302158273381295,0.28776978417266186
