var1,var2,var3,var4,var5,var6
0.05511811023622047,0.07086614173228346,0.11023622047244094,0.11811023622047244,0.30708661417322836,0.33858267716535434
