var1,var2,var3,var4,var5,var6
0.02553191489361702,0.059574468085106386,0.14468085106382977,0.1574468085106383,0.2723404255319149,0.3404255319148936
