var1,var2,var3,var4,var5,var6
0.09777777777777778,0.13333333333333333,0.14666666666666667,0.17777777777777778,0.18666666666666668,0.2577777777777778
