var1,var2,var3,var4,var5,var6
0.08300395256916997,0.11067193675889328,0.11857707509881422,0.17391304347826086,0.2450592885375494,0.26877470355731226
