var1,var2,var3,var4,var5,var6
0.03680981595092025,0.0736196319018405,0.1411042944785276,0.20245398773006135,0.24539877300613497,0.3006134969325153
