var1,var2,var3,var4,var5,var6
0.09032258064516129,0.1032258064516129,0.12258064516129032,0.14193548387096774,0.16774193548387098,0.3741935483870968
