var1,var2,var3,var4,var5,var6
0.02586206896551724,0.09482758620689655,0.15517241379310345,0.1896551724137931,0.2413793103448276,0.29310344827586204
