var1,var2,var3,var4,var5,var6
0.09056603773584905,0.12830188679245283,0.15849056603773584,0.18867924528301888,0.2,0.2339622641509434
