var1,var2,var3,var4,var5,var6
0.02912621359223301,0.038834951456310676,0.07766990291262135,0.0970873786407767,0.2524271844660194,0.5048543689320388
