var1,var2,var3,var4,var5,var6
0.05389221556886228,0.0718562874251497,0.17365269461077845,0.19760479041916168,0.20958083832335328,0.2934131736526946
