var1,var2,var3,var4,var5,var6
0.07246376811594203,0.0966183574879227,0.15942028985507245,0.17391304347826086,0.2028985507246377,0.2946859903381642
