var1,var2,var3,var4,var5,var6
0.03015075376884422,0.07035175879396985,0.1306532663316583,0.15577889447236182,0.25125628140703515,0.36180904522613067
