var1,var2,var3,var4,var5,var6
0.047337278106508875,0.1301775147928994,0.15976331360946747,0.1893491124260355,0.22485207100591717,0.2485207100591716
