var1,var2,var3,var4,var5,var6
0.047337278106508875,0.08284023668639054,0.09467455621301775,0.20118343195266272,0.21893491124260356,0.35502958579881655
