var1,var2,var3,var4,var5,var6
0.06918238993710692,0.10062893081761007,0.11320754716981132,0.1761006289308176,0.22641509433962265,0.31446540880503143
