var1,var2,var3,var4,var5,var6
0.018867924528301886,0.05660377358490566,0.1509433962264151,0.16352201257861634,0.2641509433962264,0.34591194968553457
