var1,var2,var3,var4,var5,var6
0.012578616352201259,0.06289308176100629,0.1509433962264151,0.18867924528301888,0.27044025157232704,0.31446540880503143
