var1,var2,var3,var4,var5,var6
0.0782122905027933,0.09497206703910614,0.16759776536312848,0.2011173184357542,0.22346368715083798,0.2346368715083799
