var1,var2,var3,var4,var5,var6
0.026143790849673203,0.0392156862745098,0.1503267973856209,0.20261437908496732,0.27450980392156865,0.30718954248366015
