var1,var2,var3,var4,var5,var6
0.02877697841726619,0.05755395683453238,0.14388489208633093,0.15827338129496402,0.23741007194244604,0.37410071942446044
