var1,var2,var3,var4,var5,var6
0.02185792349726776,0.07650273224043716,0.10382513661202186,0.16393442622950818,0.29508196721311475,0.33879781420765026
