var1,var2,var3,var4,var5,var6
0.07179487179487179,0.08205128205128205,0.11794871794871795,0.21025641025641026,0.2512820512820513,0.26666666666666666
