var1,var2,var3,var4,var5,var6
0.041884816753926704,0.1099476439790576,0.1256544502617801,0.2094240837696335,0.24083769633507854,0.27225130890052357
