var1,var2,var3,var4,var5,var6
0.025,0.05,0.125,0.18333333333333332,0.225,0.39166666666666666
