var1,var2,var3,var4,var5,var6
0.04081632653061224,0.08163265306122448,0.1360544217687075,0.14285714285714285,0.20408163265306123,0.3945578231292517
