var1,var2,var3,var4,var5,var6
0.037267080745341616,0.06832298136645963,0.11180124223602485,0.19875776397515527,0.2857142857142857,0.2981366459627329
