var1,var2,var3,var4,var5,var6
0.03680981595092025,0.049079754601226995,0.13496932515337423,0.15337423312883436,0.2822085889570552,0.34355828220858897
