var1,var2,var3,var4,var5,var6
0.028708133971291867,0.08133971291866028,0.12440191387559808,0.22009569377990432,0.2679425837320574,0.27751196172248804
