var1,var2,var3,var4,var5,var6
0.014778325123152709,0.07881773399014778,0.12807881773399016,0.21674876847290642,0.24630541871921183,0.31527093596059114
