var1,var2,var3,var4,var5,var6
0.07239819004524888,0.10407239819004525,0.17194570135746606,0.19004524886877827,0.22624434389140272,0.23529411764705882
