var1,var2,var3,var4,var5,var6
0.05649717514124294,0.06779661016949153,0.0903954802259887,0.23728813559322035,0.2655367231638418,0.2824858757062147
