var1,var2,var3,var4,var5,var6
0.05555555555555555,0.0873015873015873,0.09523809523809523,0.1349206349206349,0.30158730158730157,0.3253968253968254
