var1,var2,var3,var4,var5,var6
0.0748663101604278,0.0855614973262032,0.10695187165775401,0.12299465240641712,0.23529411764705882,0.37433155080213903
