var1,var2,var3,var4,var5,var6
0.08092485549132948,0.1329479768786127,0.15028901734104047,0.1791907514450867,0.1907514450867052,0.2658959537572254
