var1,var2,var3,var4,var5,var6
0.0893854748603352,0.11731843575418995,0.1452513966480447,0.15083798882681565,0.22346368715083798,0.2737430167597765
