var1,var2,var3,var4,var5,var6
0.014598540145985401,0.13138686131386862,0.16058394160583941,0.20437956204379562,0.22627737226277372,0.26277372262773724
