var1,var2,var3,var4,var5,var6
0.01910828025477707,0.050955414012738856,0.14012738853503184,0.16560509554140126,0.2802547770700637,0.34394904458598724
