var1,var2,var3,var4,var5,var6
0.09561752988047809,0.10358565737051793,0.16733067729083664,0.18326693227091634,0.21912350597609562,0.23107569721115537
