var1,var2,var3,var4,var5,var6
0.05913978494623656,0.10752688172043011,0.13440860215053763,0.14516129032258066,0.23655913978494625,0.3172043010752688
