var1,var2,var3,var4,var5,var6
0.05327868852459016,0.0860655737704918,0.0942622950819672,0.16393442622950818,0.29508196721311475,0.3073770491803279
