var1,var2,var3,var4,var5,var6
0.08403361344537816,0.11764705882352941,0.16806722689075632,0.17647058823529413,0.2184873949579832,0.23529411764705882
