var1,var2,var3,var4,var5,var6
0.026845637583892617,0.11409395973154363,0.1342281879194631,0.16778523489932887,0.24161073825503357,0.31543624161073824
