var1,var2,var3,var4,var5,var6
0.039647577092511016,0.0881057268722467,0.1013215859030837,0.19383259911894274,0.2599118942731278,0.31718061674008813
