var1,var2,var3,var4,var5,var6
0.0273224043715847,0.06557377049180328,0.14207650273224043,0.17486338797814208,0.22950819672131148,0.36065573770491804
