var1,var2,var3,var4,var5,var6
0.08372093023255814,0.10697674418604651,0.13953488372093023,0.14883720930232558,0.17674418604651163,0.34418604651162793
