var1,var2,var3,var4,var5,var6
0.06280193236714976,0.11594202898550725,0.13526570048309178,0.14492753623188406,0.2222222222222222,0.3188405797101449
