var1,var2,var3,var4,var5,var6
0.06153846153846154,0.08717948717948718,0.10256410256410256,0.22564102564102564,0.24615384615384617,0.27692307692307694
