var1,var2,var3,var4,var5,var6
0.07692307692307693,0.08547008547008547,0.11965811965811966,0.17094017094017094,0.2222222222222222,0.3247863247863248
