var1,var2,var3,var4,var5,var6
0.06611570247933884,0.09090909090909091,0.1322314049586777,0.21487603305785125,0.23140495867768596,0.2644628099173554
