var1,var2,var3,var4,var5,var6
0.05527638190954774,0.09045226130653267,0.11055276381909548,0.1708542713567839,0.25125628140703515,0.32160804020100503
