var1,var2,var3,var4,var5,var6
0.03496503496503497,0.1048951048951049,0.1258741258741259,0.15384615384615385,0.21678321678321677,0.36363636363636365
