var1,var2,var3,var4,var5,var6
0.06046511627906977,0.08372093023255814,0.13023255813953488,0.14883720930232558,0.26976744186046514,0.30697674418604654
