var1,var2,var3,var4,var5,var6
0.07096774193548387,0.09032258064516129,0.14193548387096774,0.2064516129032258,0.23870967741935484,0.25161290322580643
