var1,var2,var3,var4,var5,var6
0.03296703296703297,0.054945054945054944,0.07692307692307693,0.12087912087912088,0.26373626373626374,0.45054945054945056
