var1,var2,var3,var4,var5,var6
0.018518518518518517,0.1111111111111111,0.16049382716049382,0.16666666666666666,0.24074074074074073,0.30246913580246915
