var1,var2,var3,var4,var5,var6
0.023809523809523808,0.08095238095238096,0.14285714285714285,0.19523809523809524,0.2619047619047619,0.29523809523809524
