var1,var2,var3,var4,var5,var6
0.0374331550802139,0.10695187165775401,0.1711229946524064,0.1925133689839572,0.22459893048128343,0.26737967914438504
