var1,var2,var3,var4,var5,var6
0.0446927374301676,0.1005586592178771,0.11173184357541899,0.13966480446927373,0.2905027932960894,0.3128491620111732
