var1,var2,var3,var4,var5,var6
0.06726457399103139,0.08968609865470852,0.09865470852017937,0.11659192825112108,0.28699551569506726,0.34080717488789236
