var1,var2,var3,var4,var5,var6
0.03225806451612903,0.12365591397849462,0.14516129032258066,0.1881720430107527,0.20430107526881722,0.3064516129032258
