var1,var2,var3,var4,var5,var6
0.017699115044247787,0.035398230088495575,0.12389380530973451,0.13274336283185842,0.19469026548672566,0.49557522123893805
