var1,var2,var3,var4,var5,var6
0.09359605911330049,0.11330049261083744,0.1477832512315271,0.19704433497536947,0.21182266009852216,0.23645320197044334
