var1,var2,var3,var4,var5,var6
0.034013605442176874,0.047619047619047616,0.14965986394557823,0.21768707482993196,0.23809523809523808,0.3129251700680272
