var1,var2,var3,var4,var5,var6
0.05202312138728324,0.09248554913294797,0.10404624277456648,0.2254335260115607,0.2543352601156069,0.27167630057803466
