var1,var2,var3,var4,var5,var6
0.032467532467532464,0.05194805194805195,0.09090909090909091,0.13636363636363635,0.2532467532467532,0.43506493506493504
