var1,var2,var3,var4,var5,var6
0.043859649122807015,0.07017543859649122,0.10526315789473684,0.14035087719298245,0.15789473684210525,0.4824561403508772
