var1,var2,var3,var4,var5,var6
0.017391304347826087,0.034782608695652174,0.13043478260869565,0.21739130434782608,0.2782608695652174,0.3217391304347826
