var1,var2,var3,var4,var5,var6
0.037914691943127965,0.052132701421800945,0.06635071090047394,0.24644549763033174,0.2559241706161137,0.3412322274881517
