var1,var2,var3,var4,var5,var6
0.03680981595092025,0.04294478527607362,0.13496932515337423,0.2085889570552147,0.25766871165644173,0.31901840490797545
