var1,var2,var3,var4,var5,var6
0.03278688524590164,0.0546448087431694,0.12021857923497267,0.19672131147540983,0.21311475409836064,0.3825136612021858
