var1,var2,var3,var4,var5,var6
0.10119047619047619,0.125,0.1488095238095238,0.17857142857142858,0.21428571428571427,0.23214285714285715
