var1,var2,var3,var4,var5,var6
0.017142857142857144,0.045714285714285714,0.13714285714285715,0.19428571428571428,0.26285714285714284,0.34285714285714286
