var1,var2,var3,var4,var5,var6
0.07894736842105263,0.1118421052631579,0.14473684210526316,0.17105263157894737,0.19736842105263158,0.29605263157894735
