var1,var2,var3,var4,var5,var6
0.06666666666666667,0.12777777777777777,0.16666666666666666,0.18333333333333332,0.21666666666666667,0.2388888888888889
