var1,var2,var3,var4,var5,var6
0.03816793893129771,0.04580152671755725,0.0916030534351145,0.16793893129770993,0.2748091603053435,0.3816793893129771
