var1,var2,var3,var4,var5,var6
0.03686635944700461,0.1152073732718894,0.12903225806451613,0.17511520737327188,0.25806451612903225,0.2857142857142857
