var1,var2,var3,var4,var5,var6
0.0625,0.10416666666666667,0.125,0.14583333333333334,0.19444444444444445,0.3680555555555556
