var1,var2,var3,var4,var5,var6
0.05426356589147287,0.06201550387596899,0.13953488372093023,0.15503875968992248,0.27906976744186046,0.31007751937984496
