var1,var2,var3,var4,var5,var6
0.038834951456310676,0.05825242718446602,0.14563106796116504,0.22330097087378642,0.23300970873786409,0.30097087378640774
