var1,var2,var3,var4,var5,var6
0.021897810218978103,0.029197080291970802,0.072992700729927,0.1897810218978102,0.2773722627737226,0.40875912408759124
