var1,var2,var3,var4,var5,var6
0.017857142857142856,0.0625,0.13392857142857142,0.22321428571428573,0.23214285714285715,0.33035714285714285
