var1,var2,var3,var4,var5,var6
0.02127659574468085,0.09219858156028368,0.14893617021276595,0.16312056737588654,0.22695035460992907,0.3475177304964539
