var1,var2,var3,var4,var5,var6
0.061452513966480445,0.0893854748603352,0.13966480446927373,0.16201117318435754,0.19553072625698323,0.35195530726256985
