var1,var2,var3,var4,var5,var6
0.040293040293040296,0.07326007326007326,0.13553113553113552,0.20512820512820512,0.22344322344322345,0.32234432234432236
