var1,var2,var3,var4,var5,var6
0.0611353711790393,0.11790393013100436,0.1572052401746725,0.19213973799126638,0.22707423580786026,0.2445414847161572
