var1,var2,var3,var4,var5,var6
0.024793388429752067,0.09090909090909091,0.12396694214876033,0.18181818181818182,0.2644628099173554,0.3140495867768595
