var1,var2,var3,var4,var5,var6
0.043010752688172046,0.07526881720430108,0.0967741935483871,0.15053763440860216,0.23655913978494625,0.3978494623655914
