var1,var2,var3,var4,var5,var6
0.05649717514124294,0.0847457627118644,0.12429378531073447,0.22598870056497175,0.24858757062146894,0.2598870056497175
