var1,var2,var3,var4,var5,var6
0.048484848484848485,0.06060606060606061,0.14545454545454545,0.18181818181818182,0.21212121212121213,0.3515151515151515
