var1,var2,var3,var4,var5,var6
0.04205607476635514,0.07009345794392523,0.1308411214953271,0.16355140186915887,0.24766355140186916,0.34579439252336447
