var1,var2,var3,var4,var5,var6
0.027210884353741496,0.05442176870748299,0.06802721088435375,0.21768707482993196,0.23809523809523808,0.3945578231292517
