var1,var2,var3,var4,var5,var6
0.091324200913242,0.1461187214611872,0.1506849315068493,0.182648401826484,0.2009132420091324,0.228310502283105
