var1,var2,var3,var4,var5,var6
0.03314917127071823,0.055248618784530384,0.09392265193370165,0.143646408839779,0.2983425414364641,0.3756906077348066
