var1,var2,var3,var4,var5,var6
0.026200873362445413,0.07860262008733625,0.13973799126637554,0.17467248908296942,0.2576419213973799,0.3231441048034934
