var1,var2,var3,var4,var5,var6
0.08058608058608059,0.13186813186813187,0.14652014652014653,0.18315018315018314,0.20512820512820512,0.25274725274725274
