var1,var2,var3,var4,var5,var6
0.02857142857142857,0.045714285714285714,0.16,0.18285714285714286,0.25142857142857145,0.3314285714285714
