var1,var2,var3,var4,var5,var6
0.032679738562091505,0.08496732026143791,0.1503267973856209,0.21568627450980393,0.22875816993464052,0.2875816993464052
