var1,var2,var3,var4,var5,var6
0.031446540880503145,0.10062893081761007,0.11320754716981132,0.1509433962264151,0.2893081761006289,0.31446540880503143
