var1,var2,var3,var4,var5,var6
0.07142857142857142,0.0989010989010989,0.11538461538461539,0.14835164835164835,0.24175824175824176,0.3241758241758242
