var1,var2,var3,var4,var5,var6
0.07692307692307693,0.13942307692307693,0.16346153846153846,0.1778846153846154,0.20673076923076922,0.23557692307692307
