var1,var2,var3,var4,var5,var6
0.045454545454545456,0.09090909090909091,0.1038961038961039,0.22727272727272727,0.2532467532467532,0.2792207792207792
