var1,var2,var3,var4,var5,var6
0.09926470588235294,0.12867647058823528,0.14705882352941177,0.17279411764705882,0.1875,0.2647058823529412
