var1,var2,var3,var4,var5,var6
0.024539877300613498,0.0736196319018405,0.13496932515337423,0.1901840490797546,0.2822085889570552,0.294478527607362
