var1,var2,var3,var4,var5,var6
0.07017543859649122,0.08771929824561403,0.11695906432748537,0.1286549707602339,0.25146198830409355,0.34502923976608185
