var1,var2,var3,var4,var5,var6
0.08333333333333333,0.1111111111111111,0.16111111111111112,0.18333333333333332,0.2222222222222222,0.2388888888888889
