var1,var2,var3,var4,var5,var6
0.0796812749003984,0.11952191235059761,0.16733067729083664,0.18725099601593626,0.2151394422310757,0.23107569721115537
