var1,var2,var3,var4,var5,var6
0.022388059701492536,0.03731343283582089,0.11940298507462686,0.20149253731343283,0.2537313432835821,0.3656716417910448
