var1,var2,var3,var4,var5,var6
0.03389830508474576,0.0847457627118644,0.15819209039548024,0.2033898305084746,0.21468926553672316,0.3050847457627119
