var1,var2,var3,var4,var5,var6
0.027874564459930314,0.11846689895470383,0.15331010452961671,0.21602787456445993,0.2264808362369338,0.2578397212543554
