var1,var2,var3,var4,var5,var6
0.04678362573099415,0.05847953216374269,0.07017543859649122,0.21052631578947367,0.21637426900584794,0.39766081871345027
