var1,var2,var3,var4,var5,var6
0.07109004739336493,0.11374407582938388,0.12322274881516587,0.16113744075829384,0.21800947867298578,0.3127962085308057
