var1,var2,var3,var4,var5,var6
0.01775147928994083,0.1301775147928994,0.15384615384615385,0.21301775147928995,0.22485207100591717,0.2603550295857988
