var1,var2,var3,var4,var5,var6
0.04864864864864865,0.06486486486486487,0.1891891891891892,0.2,0.22702702702702704,0.2702702702702703
