var1,var2,var3,var4,var5,var6
0.03980099502487562,0.10945273631840796,0.13432835820895522,0.1791044776119403,0.25870646766169153,0.27860696517412936
