var1,var2,var3,var4,var5,var6
0.0658682634730539,0.08383233532934131,0.1377245508982036,0.18562874251497005,0.20958083832335328,0.31736526946107785
