var1,var2,var3,var4,var5,var6
0.053231939163498096,0.12547528517110265,0.16730038022813687,0.18250950570342206,0.19011406844106463,0.2813688212927757
