var1,var2,var3,var4,var5,var6
0.08187134502923976,0.1286549707602339,0.14619883040935672,0.17543859649122806,0.19883040935672514,0.26900584795321636
