var1,var2,var3,var4,var5,var6
0.03278688524590164,0.06557377049180328,0.08196721311475409,0.24043715846994534,0.26229508196721313,0.31693989071038253
