var1,var2,var3,var4,var5,var6
0.05533596837944664,0.07905138339920949,0.15019762845849802,0.16996047430830039,0.25296442687747034,0.2924901185770751
