var1,var2,var3,var4,var5,var6
0.013422818791946308,0.04697986577181208,0.10738255033557047,0.1342281879194631,0.26174496644295303,0.436241610738255
