var1,var2,var3,var4,var5,var6
0.024242424242424242,0.09696969696969697,0.10909090909090909,0.15757575757575756,0.296969696969697,0.3151515151515151
