var1,var2,var3,var4,var5,var6
0.09333333333333334,0.11555555555555555,0.13333333333333333,0.14222222222222222,0.2222222222222222,0.29333333333333333
