var1,var2,var3,var4,var5,var6
0.08542713567839195,0.12060301507537688,0.1407035175879397,0.16080402010050251,0.22110552763819097,0.271356783919598
