var1,var2,var3,var4,var5,var6
0.050314465408805034,0.06289308176100629,0.11949685534591195,0.15723270440251572,0.29559748427672955,0.31446540880503143
