var1,var2,var3,var4,var5,var6
0.05583756345177665,0.08121827411167512,0.15228426395939088,0.18274111675126903,0.20304568527918782,0.3248730964467005
