var1,var2,var3,var4,var5,var6
0.07804878048780488,0.11219512195121951,0.17560975609756097,0.18536585365853658,0.2048780487804878,0.24390243902439024
