var1,var2,var3,var4,var5,var6
0.03333333333333333,0.04285714285714286,0.11904761904761904,0.21428571428571427,0.22857142857142856,0.3619047619047619
