var1,var2,var3,var4,var5,var6
0.05263157894736842,0.06432748538011696,0.08771929824561403,0.16374269005847952,0.26900584795321636,0.36257309941520466
