var1,var2,var3,var4,var5,var6
0.027210884353741496,0.05442176870748299,0.10204081632653061,0.17687074829931973,0.3129251700680272,0.32653061224489793
