var1,var2,var3,var4,var5,var6
0.05,0.10909090909090909,0.1318181818181818,0.2,0.2318181818181818,0.2772727272727273
