var1,var2,var3,var4,var5,var6
0.03597122302158273,0.09352517985611511,0.11510791366906475,0.1223021582733813,0.2805755395683453,0.35251798561151076
