var1,var2,var3,var4,var5,var6
0.025974025974025976,0.05194805194805195,0.1645021645021645,0.1774891774891775,0.2597402597402597,0.3203463203463203
