var1,var2,var3,var4,var5,var6
0.01948051948051948,0.05194805194805195,0.06493506493506493,0.2012987012987013,0.2922077922077922,0.37012987012987014
