var1,var2,var3,var4,var5,var6
0.04830917874396135,0.11594202898550725,0.14009661835748793,0.18357487922705315,0.2028985507246377,0.30917874396135264
