var1,var2,var3,var4,var5,var6
0.05673758865248227,0.07092198581560284,0.0851063829787234,0.19858156028368795,0.2765957446808511,0.3120567375886525
