var1,var2,var3,var4,var5,var6
0.04964539007092199,0.0851063829787234,0.09929078014184398,0.1276595744680851,0.28368794326241137,0.3546099290780142
