var1,var2,var3,var4,var5,var6
0.0546448087431694,0.08743169398907104,0.12021857923497267,0.13114754098360656,0.2786885245901639,0.32786885245901637
