var1,var2,var3,var4,var5,var6
0.02072538860103627,0.10362694300518134,0.11917098445595854,0.17098445595854922,0.27979274611398963,0.30569948186528495
