var1,var2,var3,var4,var5,var6
0.05806451612903226,0.06451612903225806,0.08387096774193549,0.15483870967741936,0.22580645161290322,0.4129032258064516
