var1,var2,var3,var4,var5,var6
0.041025641025641026,0.07179487179487179,0.09230769230769231,0.1282051282051282,0.2564102564102564,0.41025641025641024
