var1,var2,var3,var4,var5,var6
0.060109289617486336,0.09289617486338798,0.17486338797814208,0.19672131147540983,0.21311475409836064,0.26229508196721313
