var1,var2,var3,var4,var5,var6
0.048458149779735685,0.14977973568281938,0.16299559471365638,0.18502202643171806,0.19383259911894274,0.2599118942731278
