var1,var2,var3,var4,var5,var6
0.024539877300613498,0.0736196319018405,0.10429447852760736,0.17177914110429449,0.25766871165644173,0.36809815950920244
