var1,var2,var3,var4,var5,var6
0.06030150753768844,0.1306532663316583,0.1407035175879397,0.17587939698492464,0.23115577889447236,0.2613065326633166
