var1,var2,var3,var4,var5,var6
0.05181347150259067,0.15025906735751296,0.16580310880829016,0.17616580310880828,0.18652849740932642,0.2694300518134715
