var1,var2,var3,var4,var5,var6
0.0842911877394636,0.11877394636015326,0.13793103448275862,0.16091954022988506,0.22988505747126436,0.2681992337164751
