var1,var2,var3,var4,var5,var6
0.04145077720207254,0.09326424870466321,0.13989637305699482,0.21243523316062177,0.24352331606217617,0.2694300518134715
