var1,var2,var3,var4,var5,var6
0.012903225806451613,0.11612903225806452,0.14193548387096774,0.1870967741935484,0.23225806451612904,0.3096774193548387
