var1,var2,var3,var4,var5,var6
0.04145077720207254,0.06735751295336788,0.09326424870466321,0.14507772020725387,0.31088082901554404,0.34196891191709844
