var1,var2,var3,var4,var5,var6
0.028409090909090908,0.07386363636363637,0.09090909090909091,0.19886363636363635,0.23863636363636365,0.3693181818181818
