var1,var2,var3,var4,var5,var6
0.04020100502512563,0.08040201005025126,0.11557788944723618,0.21608040201005024,0.2613065326633166,0.2864321608040201
