var1,var2,var3,var4,var5,var6
0.05,0.07777777777777778,0.11666666666666667,0.18333333333333332,0.21666666666666667,0.35555555555555557
