var1,var2,var3,var4,var5,var6
0.035175879396984924,0.09045226130653267,0.1306532663316583,0.16080402010050251,0.24120603015075376,0.3417085427135678
