var1,var2,var3,var4,var5,var6
0.03208556149732621,0.053475935828877004,0.0962566844919786,0.1711229946524064,0.2620320855614973,0.3850267379679144
