var1,var2,var3,var4,var5,var6
0.02127659574468085,0.05673758865248227,0.07092198581560284,0.1347517730496454,0.2695035460992908,0.44680851063829785
