var1,var2,var3,var4,var5,var6
0.031088082901554404,0.04145077720207254,0.14507772020725387,0.20207253886010362,0.27979274611398963,0.3005181347150259
