var1,var2,var3,var4,var5,var6
0.019801980198019802,0.0594059405940594,0.1188118811881188,0.12871287128712872,0.21782178217821782,0.45544554455445546
