var1,var2,var3,var4,var5,var6
0.03286384976525822,0.08450704225352113,0.13145539906103287,0.1784037558685446,0.28169014084507044,0.29107981220657275
