var1,var2,var3,var4,var5,var6
0.014598540145985401,0.08029197080291971,0.10948905109489052,0.23357664233576642,0.25547445255474455,0.30656934306569344
