var1,var2,var3,var4,var5,var6
0.037209302325581395,0.08372093023255814,0.13953488372093023,0.15813953488372093,0.2558139534883721,0.32558139534883723
