var1,var2,var3,var4,var5,var6
0.03636363636363636,0.14545454545454545,0.15757575757575756,0.16363636363636364,0.21818181818181817,0.2787878787878788
