var1,var2,var3,var4,var5,var6
0.020242914979757085,0.048582995951417005,0.08906882591093117,0.21862348178137653,0.2834008097165992,0.340080971659919
