var1,var2,var3,var4,var5,var6
0.0106951871657754,0.06417112299465241,0.0962566844919786,0.15508021390374332,0.23529411764705882,0.4385026737967914
