var1,var2,var3,var4,var5,var6
0.06432748538011696,0.07602339181286549,0.10526315789473684,0.13450292397660818,0.2982456140350877,0.3216374269005848
