var1,var2,var3,var4,var5,var6
0.031413612565445025,0.07329842931937172,0.14659685863874344,0.16753926701570682,0.2774869109947644,0.3036649214659686
