var1,var2,var3,var4,var5,var6
0.044585987261146494,0.10191082802547771,0.11464968152866242,0.20382165605095542,0.25477707006369427,0.2802547770700637
