var1,var2,var3,var4,var5,var6
0.018779342723004695,0.09389671361502347,0.12206572769953052,0.1596244131455399,0.27699530516431925,0.3286384976525822
