var1,var2,var3,var4,var5,var6
0.014388489208633094,0.050359712230215826,0.07194244604316546,0.18705035971223022,0.26618705035971224,0.41007194244604317
