var1,var2,var3,var4,var5,var6
0.052980132450331126,0.08609271523178808,0.10596026490066225,0.18543046357615894,0.2119205298013245,0.3576158940397351
