var1,var2,var3,var4,var5,var6
0.021739130434782608,0.07246376811594203,0.14492753623188406,0.18115942028985507,0.26811594202898553,0.3115942028985507
