var1,var2,var3,var4,var5,var6
0.03015075376884422,0.05025125628140704,0.1457286432160804,0.1708542713567839,0.271356783919598,0.3316582914572864
