var1,var2,var3,var4,var5,var6
0.053497942386831275,0.13168724279835392,0.1646090534979424,0.205761316872428,0.2139917695473251,0.23045267489711935
