var1,var2,var3,var4,var5,var6
0.011976047904191617,0.0658682634730539,0.10778443113772455,0.17964071856287425,0.23952095808383234,0.39520958083832336
