var1,var2,var3,var4,var5,var6
0.05714285714285714,0.09523809523809523,0.10476190476190476,0.11428571428571428,0.24761904761904763,0.38095238095238093
