var1,var2,var3,var4,var5,var6
0.04784688995215311,0.07177033492822966,0.15311004784688995,0.1722488038277512,0.2583732057416268,0.2966507177033493
