var1,var2,var3,var4,var5,var6
0.03626943005181347,0.12435233160621761,0.16580310880829016,0.17616580310880828,0.23834196891191708,0.25906735751295334
