var1,var2,var3,var4,var5,var6
0.061224489795918366,0.07482993197278912,0.08843537414965986,0.17006802721088435,0.23809523809523808,0.3673469387755102
