var1,var2,var3,var4,var5,var6
0.0425531914893617,0.07659574468085106,0.10212765957446808,0.19574468085106383,0.225531914893617,0.3574468085106383
