var1,var2,var3,var4,var5,var6
0.07514450867052024,0.10404624277456648,0.11560693641618497,0.15028901734104047,0.23121387283236994,0.3236994219653179
