var1,var2,var3,var4,var5,var6
0.02877697841726619,0.050359712230215826,0.07194244604316546,0.17266187050359713,0.2589928057553957,0.4172661870503597
