var1,var2,var3,var4,var5,var6
0.07924528301886792,0.12075471698113208,0.16981132075471697,0.18867924528301888,0.20754716981132076,0.2339622641509434
