var1,var2,var3,var4,var5,var6
0.061224489795918366,0.08163265306122448,0.16326530612244897,0.19047619047619047,0.21768707482993196,0.2857142857142857
