var1,var2,var3,var4,var5,var6
0.018604651162790697,0.08372093023255814,0.13488372093023257,0.15813953488372093,0.20465116279069767,0.4
