var1,var2,var3,var4,var5,var6
0.05384615384615385,0.07692307692307693,0.16923076923076924,0.17692307692307693,0.2076923076923077,0.3153846153846154
