var1,var2,var3,var4,var5,var6
0.053691275167785234,0.12751677852348994,0.1342281879194631,0.15436241610738255,0.2214765100671141,0.3087248322147651
