var1,var2,var3,var4,var5,var6
0.01092896174863388,0.13114754098360656,0.16393442622950818,0.19672131147540983,0.22404371584699453,0.273224043715847
