var1,var2,var3,var4,var5,var6
0.028368794326241134,0.05673758865248227,0.1347517730496454,0.19858156028368795,0.2127659574468085,0.36879432624113473
