var1,var2,var3,var4,var5,var6
0.03902439024390244,0.05365853658536585,0.0975609756097561,0.11707317073170732,0.3121951219512195,0.3804878048780488
