var1,var2,var3,var4,var5,var6
0.041379310344827586,0.1103448275862069,0.1310344827586207,0.16551724137931034,0.1793103448275862,0.3724137931034483
