var1,var2,var3,var4,var5,var6
0.018867924528301886,0.06918238993710692,0.11949685534591195,0.2138364779874214,0.27044025157232704,0.3081761006289308
