var1,var2,var3,var4,var5,var6
0.058091286307053944,0.08298755186721991,0.11618257261410789,0.15767634854771784,0.24481327800829875,0.34024896265560167
