var1,var2,var3,var4,var5,var6
0.024844720496894408,0.055900621118012424,0.17391304347826086,0.2111801242236025,0.2236024844720497,0.3105590062111801
