var1,var2,var3,var4,var5,var6
0.028368794326241134,0.0851063829787234,0.1276595744680851,0.19858156028368795,0.2198581560283688,0.3404255319148936
