var1,var2,var3,var4,var5,var6
0.04790419161676647,0.10778443113772455,0.1317365269461078,0.17365269461077845,0.2634730538922156,0.2754491017964072
