var1,var2,var3,var4,var5,var6
0.06040268456375839,0.087248322147651,0.16778523489932887,0.20134228187919462,0.2348993288590604,0.2483221476510067
