var1,var2,var3,var4,var5,var6
0.034482758620689655,0.08620689655172414,0.09770114942528736,0.20689655172413793,0.22413793103448276,0.3505747126436782
