var1,var2,var3,var4,var5,var6
0.06779661016949153,0.13559322033898305,0.14689265536723164,0.1751412429378531,0.22598870056497175,0.24858757062146894
