var1,var2,var3,var4,var5,var6
0.029197080291970802,0.043795620437956206,0.1386861313868613,0.17518248175182483,0.2773722627737226,0.3357664233576642
