var1,var2,var3,var4,var5,var6
0.037209302325581395,0.07441860465116279,0.09302325581395349,0.17674418604651163,0.20930232558139536,0.40930232558139534
