var1,var2,var3,var4,var5,var6
0.09569377990430622,0.10526315789473684,0.16267942583732056,0.17703349282296652,0.22009569377990432,0.23923444976076555
