var1,var2,var3,var4,var5,var6
0.0684931506849315,0.1232876712328767,0.1506849315068493,0.19863013698630136,0.21232876712328766,0.2465753424657534
