var1,var2,var3,var4,var5,var6
0.07741935483870968,0.12903225806451613,0.15483870967741936,0.18064516129032257,0.2129032258064516,0.24516129032258063
