var1,var2,var3,var4,var5,var6
0.038461538461538464,0.07692307692307693,0.125,0.18269230769230768,0.21153846153846154,0.36538461538461536
