var1,var2,var3,var4,var5,var6
0.03550295857988166,0.09467455621301775,0.1242603550295858,0.17751479289940827,0.20118343195266272,0.3668639053254438
