var1,var2,var3,var4,var5,var6
0.016260162601626018,0.07317073170731707,0.13008130081300814,0.21138211382113822,0.2601626016260163,0.3089430894308943
