var1,var2,var3,var4,var5,var6
0.09467455621301775,0.10650887573964497,0.13609467455621302,0.1893491124260355,0.21301775147928995,0.2603550295857988
