var1,var2,var3,var4,var5,var6
0.04827586206896552,0.06896551724137931,0.1103448275862069,0.12413793103448276,0.3103448275862069,0.33793103448275863
