var1,var2,var3,var4,var5,var6
0.021621621621621623,0.032432432432432434,0.12432432432432433,0.17297297297297298,0.2918918918918919,0.3567567567567568
