var1,var2,var3,var4,var5,var6
0.044444444444444446,0.11666666666666667,0.12777777777777777,0.20555555555555555,0.2222222222222222,0.2833333333333333
