var1,var2,var3,var4,var5,var6
0.047619047619047616,0.15555555555555556,0.16507936507936508,0.18095238095238095,0.21587301587301588,0.23492063492063492
