var1,var2,var3,var4,var5,var6
0.0440251572327044,0.05660377358490566,0.12578616352201258,0.1320754716981132,0.2389937106918239,0.4025157232704403
