var1,var2,var3,var4,var5,var6
0.05194805194805195,0.06926406926406926,0.1471861471861472,0.16883116883116883,0.2597402597402597,0.30303030303030304
