var1,var2,var3,var4,var5,var6
0.05627705627705628,0.07792207792207792,0.12121212121212122,0.15584415584415584,0.2857142857142857,0.30303030303030304
