var1,var2,var3,var4,var5,var6
0.03508771929824561,0.08771929824561403,0.1111111111111111,0.2222222222222222,0.23976608187134502,0.30409356725146197
