var1,var2,var3,var4,var5,var6
0.026905829596412557,0.06278026905829596,0.15246636771300448,0.20179372197309417,0.26905829596412556,0.28699551569506726
