var1,var2,var3,var4,var5,var6
0.013422818791946308,0.0738255033557047,0.12080536912751678,0.22818791946308725,0.2684563758389262,0.2953020134228188
