var1,var2,var3,var4,var5,var6
0.047244094488188976,0.06299212598425197,0.16535433070866143,0.1889763779527559,0.2204724409448819,0.31496062992125984
