var1,var2,var3,var4,var5,var6
0.030927835051546393,0.061855670103092786,0.08247422680412371,0.1958762886597938,0.23711340206185566,0.3917525773195876
