var1,var2,var3,var4,var5,var6
0.029239766081871343,0.05847953216374269,0.10526315789473684,0.17543859649122806,0.26900584795321636,0.36257309941520466
