var1,var2,var3,var4,var5,var6
0.014705882352941176,0.08088235294117647,0.11029411764705882,0.21323529411764705,0.2647058823529412,0.3161764705882353
