var1,var2,var3,var4,var5,var6
0.03067484662576687,0.06134969325153374,0.13496932515337423,0.147239263803681,0.25766871165644173,0.36809815950920244
