var1,var2,var3,var4,var5,var6
0.03636363636363636,0.09090909090909091,0.16363636363636364,0.18181818181818182,0.22424242424242424,0.30303030303030304
