var1,var2,var3,var4,var5,var6
0.05649717514124294,0.06779661016949153,0.1016949152542373,0.14689265536723164,0.23163841807909605,0.3954802259887006
