var1,var2,var3,var4,var5,var6
0.019230769230769232,0.09615384615384616,0.1346153846153846,0.19230769230769232,0.2564102564102564,0.30128205128205127
