var1,var2,var3,var4,var5,var6
0.0670391061452514,0.09497206703910614,0.12290502793296089,0.20670391061452514,0.22905027932960895,0.27932960893854747
