var1,var2,var3,var4,var5,var6
0.0446927374301676,0.055865921787709494,0.0670391061452514,0.22346368715083798,0.25139664804469275,0.3575418994413408
