var1,var2,var3,var4,var5,var6
0.014598540145985401,0.08029197080291971,0.11678832116788321,0.23357664233576642,0.26277372262773724,0.291970802919708
