var1,var2,var3,var4,var5,var6
0.03361344537815126,0.08403361344537816,0.10084033613445378,0.16806722689075632,0.24369747899159663,0.3697478991596639
