var1,var2,var3,var4,var5,var6
0.031007751937984496,0.06201550387596899,0.10077519379844961,0.13953488372093023,0.32558139534883723,0.34108527131782945
