var1,var2,var3,var4,var5,var6
0.022598870056497175,0.1016949152542373,0.13559322033898305,0.1694915254237288,0.2542372881355932,0.3163841807909605
