var1,var2,var3,var4,var5,var6
0.012987012987012988,0.03463203463203463,0.1038961038961039,0.21645021645021645,0.2683982683982684,0.36363636363636365
