var1,var2,var3,var4,var5,var6
0.012578616352201259,0.07547169811320754,0.10062893081761007,0.13836477987421383,0.3081761006289308,0.36477987421383645
