var1,var2,var3,var4,var5,var6
0.01818181818181818,0.06363636363636363,0.09090909090909091,0.16363636363636364,0.2,0.4636363636363636
