var1,var2,var3,var4,var5,var6
0.06569343065693431,0.10218978102189781,0.11678832116788321,0.145985401459854,0.1897810218978102,0.3795620437956204
