var1,var2,var3,var4,var5,var6
0.027210884353741496,0.06802721088435375,0.1360544217687075,0.1564625850340136,0.24489795918367346,0.3673469387755102
