var1,var2,var3,var4,var5,var6
0.017543859649122806,0.07602339181286549,0.10526315789473684,0.17543859649122806,0.22807017543859648,0.39766081871345027
