var1,var2,var3,var4,var5,var6
0.06808510638297872,0.11063829787234042,0.1276595744680851,0.14468085106382977,0.19148936170212766,0.3574468085106383
