var1,var2,var3,var4,var5,var6
0.04195804195804196,0.055944055944055944,0.06993006993006994,0.15384615384615385,0.32867132867132864,0.34965034965034963
