var1,var2,var3,var4,var5,var6
0.03940886699507389,0.06403940886699508,0.15763546798029557,0.17733990147783252,0.23645320197044334,0.3251231527093596
