var1,var2,var3,var4,var5,var6
0.05128205128205128,0.05982905982905983,0.13675213675213677,0.1623931623931624,0.20512820512820512,0.38461538461538464
