var1,var2,var3,var4,var5,var6
0.013986013986013986,0.06293706293706294,0.08391608391608392,0.18181818181818182,0.3076923076923077,0.34965034965034963
