var1,var2,var3,var4,var5,var6
0.09216589861751152,0.11059907834101383,0.11981566820276497,0.15668202764976957,0.2350230414746544,0.2857142857142857
