var1,var2,var3,var4,var5,var6
0.033816425120772944,0.07729468599033816,0.08695652173913043,0.18357487922705315,0.24154589371980675,0.37681159420289856
