var1,var2,var3,var4,var5,var6
0.07106598984771574,0.08121827411167512,0.17258883248730963,0.19796954314720813,0.2131979695431472,0.2639593908629442
