var1,var2,var3,var4,var5,var6
0.029197080291970802,0.11678832116788321,0.15328467153284672,0.1897810218978102,0.24817518248175183,0.26277372262773724
