var1,var2,var3,var4,var5,var6
0.035398230088495575,0.05309734513274336,0.07079646017699115,0.13274336283185842,0.26548672566371684,0.4424778761061947
