var1,var2,var3,var4,var5,var6
0.038461538461538464,0.057692307692307696,0.07692307692307693,0.23076923076923078,0.24358974358974358,0.3525641025641026
