var1,var2,var3,var4,var5,var6
0.03636363636363636,0.06060606060606061,0.07878787878787878,0.1696969696969697,0.30303030303030304,0.3515151515151515
