var1,var2,var3,var4,var5,var6
0.030303030303030304,0.08484848484848485,0.09696969696969697,0.13333333333333333,0.2909090909090909,0.36363636363636365
