var1,var2,var3,var4,var5,var6
0.06153846153846154,0.07692307692307693,0.09230769230769231,0.2153846153846154,0.22564102564102564,0.3282051282051282
