var1,var2,var3,var4,var5,var6
0.050314465408805034,0.07547169811320754,0.11949685534591195,0.22012578616352202,0.2578616352201258,0.27672955974842767
