var1,var2,var3,var4,var5,var6
0.07960199004975124,0.1044776119402985,0.14427860696517414,0.19900497512437812,0.21890547263681592,0.2537313432835821
