var1,var2,var3,var4,var5,var6
0.01935483870967742,0.05806451612903226,0.14838709677419354,0.23225806451612904,0.24516129032258063,0.2967741935483871
