var1,var2,var3,var4,var5,var6
0.0106951871657754,0.08021390374331551,0.0962566844919786,0.12834224598930483,0.31016042780748665,0.37433155080213903
