var1,var2,var3,var4,var5,var6
0.02608695652173913,0.05217391304347826,0.12173913043478261,0.19130434782608696,0.25217391304347825,0.3565217391304348
