var1,var2,var3,var4,var5,var6
0.041025641025641026,0.1282051282051282,0.17435897435897435,0.1794871794871795,0.18974358974358974,0.28717948717948716
