var1,var2,var3,var4,var5,var6
0.020689655172413793,0.05517241379310345,0.08275862068965517,0.23448275862068965,0.2482758620689655,0.3586206896551724
