var1,var2,var3,var4,var5,var6
0.017094017094017096,0.05982905982905983,0.13675213675213677,0.20512820512820512,0.27350427350427353,0.3076923076923077
