var1,var2,var3,var4,var5,var6
0.10112359550561797,0.1198501872659176,0.15730337078651685,0.1797752808988764,0.1947565543071161,0.24719101123595505
