var1,var2,var3,var4,var5,var6
0.05847953216374269,0.07017543859649122,0.11695906432748537,0.21637426900584794,0.2573099415204678,0.2807017543859649
