var1,var2,var3,var4,var5,var6
0.0975609756097561,0.13821138211382114,0.16260162601626016,0.17886178861788618,0.1951219512195122,0.22764227642276422
