var1,var2,var3,var4,var5,var6
0.05357142857142857,0.11904761904761904,0.13690476190476192,0.15476190476190477,0.18452380952380953,0.35119047619047616
