var1,var2,var3,var4,var5,var6
0.025906735751295335,0.06217616580310881,0.09844559585492228,0.16580310880829016,0.23316062176165803,0.41450777202072536
