var1,var2,var3,var4,var5,var6
0.02702702702702703,0.043243243243243246,0.11351351351351352,0.15135135135135136,0.1891891891891892,0.4756756756756757
