var1,var2,var3,var4,var5,var6
0.01509433962264151,0.0830188679245283,0.1018867924528302,0.14339622641509434,0.3169811320754717,0.33962264150943394
