var1,var2,var3,var4,var5,var6
0.027972027972027972,0.11188811188811189,0.15384615384615385,0.16783216783216784,0.22377622377622378,0.3146853146853147
