var1,var2,var3,var4,var5,var6
0.06486486486486487,0.08648648648648649,0.15675675675675677,0.21081081081081082,0.22702702702702704,0.25405405405405407
