var1,var2,var3,var4,var5,var6
0.02857142857142857,0.045714285714285714,0.10285714285714286,0.18285714285714286,0.26285714285714284,0.37714285714285717
