var1,var2,var3,var4,var5,var6
0.017857142857142856,0.06547619047619048,0.1130952380952381,0.22023809523809523,0.27380952380952384,0.30952380952380953
