var1,var2,var3,var4,var5,var6
0.019867549668874173,0.07947019867549669,0.152317880794702,0.2185430463576159,0.24503311258278146,0.2847682119205298
