var1,var2,var3,var4,var5,var6
0.033444816053511704,0.12040133779264214,0.13712374581939799,0.2140468227424749,0.22742474916387959,0.26755852842809363
