var1,var2,var3,var4,var5,var6
0.015151515151515152,0.05303030303030303,0.13636363636363635,0.1590909090909091,0.23484848484848486,0.4015151515151515
