var1,var2,var3,var4,var5,var6
0.0989010989010989,0.1391941391941392,0.14652014652014653,0.17216117216117216,0.18315018315018314,0.2600732600732601
