var1,var2,var3,var4,var5,var6
0.02032520325203252,0.08536585365853659,0.15040650406504066,0.18292682926829268,0.25203252032520324,0.3089430894308943
