var1,var2,var3,var4,var5,var6
0.06486486486486487,0.11351351351351352,0.15675675675675677,0.16216216216216217,0.2,0.3027027027027027
