var1,var2,var3,var4,var5,var6
0.024242424242424242,0.03636363636363636,0.09696969696969697,0.16363636363636364,0.24242424242424243,0.43636363636363634
