var1,var2,var3,var4,var5,var6
0.034934497816593885,0.08296943231441048,0.13100436681222707,0.22707423580786026,0.25327510917030566,0.27074235807860264
