var1,var2,var3,var4,var5,var6
0.019867549668874173,0.06622516556291391,0.07947019867549669,0.19205298013245034,0.24503311258278146,0.3973509933774834
