var1,var2,var3,var4,var5,var6
0.02074688796680498,0.08713692946058091,0.0995850622406639,0.13278008298755187,0.3153526970954357,0.34439834024896265
