var1,var2,var3,var4,var5,var6
0.08121827411167512,0.09644670050761421,0.1218274111675127,0.18274111675126903,0.233502538071066,0.28426395939086296
