var1,var2,var3,var4,var5,var6
0.02531645569620253,0.1308016877637131,0.16877637130801687,0.189873417721519,0.19831223628691982,0.2869198312236287
