var1,var2,var3,var4,var5,var6
0.01948051948051948,0.09740259740259741,0.12337662337662338,0.16233766233766234,0.2727272727272727,0.3246753246753247
