var1,var2,var3,var4,var5,var6
0.024390243902439025,0.15609756097560976,0.17073170731707318,0.17560975609756097,0.21951219512195122,0.25365853658536586
