var1,var2,var3,var4,var5,var6
0.015873015873015872,0.09523809523809523,0.1746031746031746,0.20634920634920634,0.2275132275132275,0.2804232804232804
