var1,var2,var3,var4,var5,var6
0.1072961373390558,0.12017167381974249,0.1630901287553648,0.17167381974248927,0.1888412017167382,0.24892703862660945
