var1,var2,var3,var4,var5,var6
0.037267080745341616,0.10559006211180125,0.13664596273291926,0.18633540372670807,0.2360248447204969,0.2981366459627329
