var1,var2,var3,var4,var5,var6
0.03546099290780142,0.05673758865248227,0.11347517730496454,0.14184397163120568,0.2624113475177305,0.3900709219858156
