var1,var2,var3,var4,var5,var6
0.0738255033557047,0.10067114093959731,0.1476510067114094,0.16778523489932887,0.2348993288590604,0.2751677852348993
