var1,var2,var3,var4,var5,var6
0.037209302325581395,0.13953488372093023,0.15813953488372093,0.18604651162790697,0.23255813953488372,0.24651162790697675
