var1,var2,var3,var4,var5,var6
0.09523809523809523,0.10052910052910052,0.1164021164021164,0.14814814814814814,0.15873015873015872,0.38095238095238093
