var1,var2,var3,var4,var5,var6
0.03007518796992481,0.09022556390977443,0.15037593984962405,0.16541353383458646,0.2631578947368421,0.3007518796992481
