var1,var2,var3,var4,var5,var6
0.039735099337748346,0.07947019867549669,0.1456953642384106,0.17880794701986755,0.25165562913907286,0.304635761589404
