var1,var2,var3,var4,var5,var6
0.08441558441558442,0.09740259740259741,0.12987012987012986,0.14935064935064934,0.24025974025974026,0.2987012987012987
