var1,var2,var3,var4,var5,var6
0.02877697841726619,0.07913669064748201,0.12949640287769784,0.2014388489208633,0.2733812949640288,0.28776978417266186
