var1,var2,var3,var4,var5,var6
0.08284023668639054,0.09467455621301775,0.14792899408284024,0.1893491124260355,0.22485207100591717,0.2603550295857988
