var1,var2,var3,var4,var5,var6
0.031496062992125984,0.07874015748031496,0.10236220472440945,0.1732283464566929,0.1889763779527559,0.4251968503937008
