var1,var2,var3,var4,var5,var6
0.07633587786259542,0.09923664122137404,0.12213740458015267,0.15267175572519084,0.26717557251908397,0.2824427480916031
