var1,var2,var3,var4,var5,var6
0.03278688524590164,0.03825136612021858,0.16939890710382513,0.19672131147540983,0.273224043715847,0.2896174863387978
