var1,var2,var3,var4,var5,var6
0.0966183574879227,0.1111111111111111,0.1642512077294686,0.17391304347826086,0.2028985507246377,0.25120772946859904
