var1,var2,var3,var4,var5,var6
0.05741626794258373,0.14354066985645933,0.16267942583732056,0.1722488038277512,0.19617224880382775,0.2679425837320574
