var1,var2,var3,var4,var5,var6
0.024539877300613498,0.03680981595092025,0.09815950920245399,0.2085889570552147,0.27607361963190186,0.3558282208588957
