var1,var2,var3,var4,var5,var6
0.018315018315018316,0.04395604395604396,0.12454212454212454,0.15384615384615385,0.30036630036630035,0.358974358974359
