var1,var2,var3,var4,var5,var6
0.048034934497816595,0.13100436681222707,0.1572052401746725,0.17467248908296942,0.2096069868995633,0.2794759825327511
