var1,var2,var3,var4,var5,var6
0.039735099337748346,0.11920529801324503,0.13245033112582782,0.152317880794702,0.2251655629139073,0.33112582781456956
