var1,var2,var3,var4,var5,var6
0.06818181818181818,0.08333333333333333,0.09090909090909091,0.16666666666666666,0.2803030303030303,0.3106060606060606
