var1,var2,var3,var4,var5,var6
0.032679738562091505,0.0915032679738562,0.11764705882352941,0.20261437908496732,0.2549019607843137,0.3006535947712418
