var1,var2,var3,var4,var5,var6
0.06134969325153374,0.11042944785276074,0.13496932515337423,0.2085889570552147,0.22085889570552147,0.26380368098159507
