var1,var2,var3,var4,var5,var6
0.05161290322580645,0.06451612903225806,0.07741935483870968,0.2,0.21935483870967742,0.3870967741935484
