var1,var2,var3,var4,var5,var6
0.024844720496894408,0.06832298136645963,0.16149068322981366,0.2111801242236025,0.2608695652173913,0.2732919254658385
