var1,var2,var3,var4,var5,var6
0.012738853503184714,0.044585987261146494,0.14012738853503184,0.1910828025477707,0.25477707006369427,0.35668789808917195
