var1,var2,var3,var4,var5,var6
0.08438818565400844,0.13924050632911392,0.1518987341772152,0.16877637130801687,0.2109704641350211,0.24472573839662448
