var1,var2,var3,var4,var5,var6
0.0374331550802139,0.13368983957219252,0.15508021390374332,0.20320855614973263,0.21390374331550802,0.25668449197860965
