var1,var2,var3,var4,var5,var6
0.07518796992481203,0.11278195488721804,0.14285714285714285,0.15037593984962405,0.17293233082706766,0.3458646616541353
