var1,var2,var3,var4,var5,var6
0.024844720496894408,0.10559006211180125,0.13664596273291926,0.14285714285714285,0.2608695652173913,0.32919254658385094
