var1,var2,var3,var4,var5,var6
0.059113300492610835,0.09359605911330049,0.12807881773399016,0.2019704433497537,0.2315270935960591,0.2857142857142857
