var1,var2,var3,var4,var5,var6
0.05228758169934641,0.0915032679738562,0.11764705882352941,0.16339869281045752,0.19607843137254902,0.3790849673202614
