var1,var2,var3,var4,var5,var6
0.05241935483870968,0.08064516129032258,0.0967741935483871,0.2217741935483871,0.2540322580645161,0.29435483870967744
