var1,var2,var3,var4,var5,var6
0.04195804195804196,0.06993006993006994,0.11888111888111888,0.18181818181818182,0.26573426573426573,0.32167832167832167
