var1,var2,var3,var4,var5,var6
0.07239819004524888,0.09954751131221719,0.13574660633484162,0.1583710407239819,0.19004524886877827,0.3438914027149321
