var1,var2,var3,var4,var5,var6
0.06535947712418301,0.0915032679738562,0.10457516339869281,0.1437908496732026,0.2679738562091503,0.32679738562091504
