var1,var2,var3,var4,var5,var6
0.026845637583892617,0.087248322147651,0.09395973154362416,0.174496644295302,0.22818791946308725,0.38926174496644295
