var1,var2,var3,var4,var5,var6
0.012738853503184714,0.08280254777070063,0.12738853503184713,0.20382165605095542,0.267515923566879,0.3057324840764331
