var1,var2,var3,var4,var5,var6
0.08290155440414508,0.09326424870466321,0.12435233160621761,0.19689119170984457,0.24352331606217617,0.25906735751295334
