var1,var2,var3,var4,var5,var6
0.046153846153846156,0.10256410256410256,0.12307692307692308,0.17435897435897435,0.2358974358974359,0.31794871794871793
