var1,var2,var3,var4,var5,var6
0.03816793893129771,0.12213740458015267,0.183206106870229,0.1984732824427481,0.20610687022900764,0.25190839694656486
