var1,var2,var3,var4,var5,var6
0.05325443786982249,0.08875739644970414,0.15384615384615385,0.1952662721893491,0.21893491124260356,0.28994082840236685
