var1,var2,var3,var4,var5,var6
0.08856088560885608,0.11808118081180811,0.12546125461254612,0.16974169741697417,0.22878228782287824,0.2693726937269373
