var1,var2,var3,var4,var5,var6
0.05,0.07222222222222222,0.12777777777777777,0.18888888888888888,0.2722222222222222,0.28888888888888886
