var1,var2,var3,var4,var5,var6
0.03597122302158273,0.07194244604316546,0.07913669064748201,0.19424460431654678,0.2446043165467626,0.37410071942446044
