var1,var2,var3,var4,var5,var6
0.024193548387096774,0.04032258064516129,0.0967741935483871,0.1935483870967742,0.29838709677419356,0.3467741935483871
