var1,var2,var3,var4,var5,var6
0.015873015873015872,0.05555555555555555,0.12698412698412698,0.1746031746031746,0.23809523809523808,0.3888888888888889
