var1,var2,var3,var4,var5,var6
0.04790419161676647,0.08383233532934131,0.15568862275449102,0.16766467065868262,0.19760479041916168,0.3473053892215569
