var1,var2,var3,var4,var5,var6
0.01639344262295082,0.11475409836065574,0.16939890710382513,0.19672131147540983,0.24043715846994534,0.26229508196721313
