var1,var2,var3,var4,var5,var6
0.022321428571428572,0.05803571428571429,0.14732142857142858,0.17857142857142858,0.25,0.34375
