var1,var2,var3,var4,var5,var6
0.059113300492610835,0.10837438423645321,0.1330049261083744,0.15763546798029557,0.23645320197044334,0.3054187192118227
