var1,var2,var3,var4,var5,var6
0.010582010582010581,0.09523809523809523,0.12698412698412698,0.15873015873015872,0.2804232804232804,0.328042328042328
