var1,var2,var3,var4,var5,var6
0.09826589595375723,0.11560693641618497,0.12716763005780346,0.15028901734104047,0.21965317919075145,0.28901734104046245
