var1,var2,var3,var4,var5,var6
0.034722222222222224,0.09722222222222222,0.125,0.14583333333333334,0.2152777777777778,0.3819444444444444
