var1,var2,var3,var4,var5,var6
0.055248618784530384,0.11049723756906077,0.13812154696132597,0.15469613259668508,0.2541436464088398,0.287292817679558
