var1,var2,var3,var4,var5,var6
0.06626506024096386,0.0783132530120482,0.12048192771084337,0.22289156626506024,0.24096385542168675,0.2710843373493976
