var1,var2,var3,var4,var5,var6
0.049689440993788817,0.06832298136645963,0.08695652173913043,0.09937888198757763,0.3105590062111801,0.38509316770186336
