var1,var2,var3,var4,var5,var6
0.0954356846473029,0.11618257261410789,0.12448132780082988,0.14937759336099585,0.22406639004149378,0.29045643153526973
