var1,var2,var3,var4,var5,var6
0.03137254901960784,0.13333333333333333,0.1411764705882353,0.21176470588235294,0.2235294117647059,0.25882352941176473
