var1,var2,var3,var4,var5,var6
0.05384615384615385,0.08461538461538462,0.13076923076923078,0.15384615384615385,0.19230769230769232,0.38461538461538464
