var1,var2,var3,var4,var5,var6
0.05394190871369295,0.0995850622406639,0.12448132780082988,0.15767634854771784,0.24066390041493776,0.3236514522821577
