var1,var2,var3,var4,var5,var6
0.037209302325581395,0.05116279069767442,0.11162790697674418,0.15813953488372093,0.28837209302325584,0.35348837209302325
