var1,var2,var3,var4,var5,var6
0.017391304347826087,0.034782608695652174,0.1565217391304348,0.21739130434782608,0.24347826086956523,0.33043478260869563
