var1,var2,var3,var4,var5,var6
0.03954802259887006,0.14689265536723164,0.1638418079096045,0.192090395480226,0.1977401129943503,0.2598870056497175
