var1,var2,var3,var4,var5,var6
0.03508771929824561,0.05847953216374269,0.1286549707602339,0.14619883040935672,0.29239766081871343,0.3391812865497076
