var1,var2,var3,var4,var5,var6
0.0749063670411985,0.10486891385767791,0.14232209737827714,0.1947565543071161,0.22846441947565543,0.2546816479400749
