var1,var2,var3,var4,var5,var6
0.050724637681159424,0.07971014492753623,0.14492753623188406,0.21014492753623187,0.2463768115942029,0.26811594202898553
