var1,var2,var3,var4,var5,var6
0.049723756906077346,0.06629834254143646,0.07734806629834254,0.19889502762430938,0.287292817679558,0.32044198895027626
