var1,var2,var3,var4,var5,var6
0.036036036036036036,0.07207207207207207,0.09009009009009009,0.11711711711711711,0.23423423423423423,0.45045045045045046
