var1,var2,var3,var4,var5,var6
0.06944444444444445,0.10648148148148148,0.12962962962962962,0.1527777777777778,0.22685185185185186,0.3148148148148148
