var1,var2,var3,var4,var5,var6
0.043209876543209874,0.06172839506172839,0.1111111111111111,0.2037037037037037,0.2777777777777778,0.30246913580246915
