var1,var2,var3,var4,var5,var6
0.05806451612903226,0.06451612903225806,0.09032258064516129,0.14193548387096774,0.2709677419354839,0.3741935483870968
