var1,var2,var3,var4,var5,var6
0.01675977653631285,0.0670391061452514,0.1452513966480447,0.16759776536312848,0.18994413407821228,0.4134078212290503
