var1,var2,var3,var4,var5,var6
0.05747126436781609,0.13793103448275862,0.15517241379310345,0.16666666666666666,0.22988505747126436,0.25287356321839083
