var1,var2,var3,var4,var5,var6
0.032467532467532464,0.045454545454545456,0.14285714285714285,0.2077922077922078,0.22727272727272727,0.34415584415584416
