var1,var2,var3,var4,var5,var6
0.05673758865248227,0.10638297872340426,0.11347517730496454,0.18439716312056736,0.22695035460992907,0.3120567375886525
