var1,var2,var3,var4,var5,var6
0.04519774011299435,0.1016949152542373,0.12429378531073447,0.21468926553672316,0.24858757062146894,0.2655367231638418
