var1,var2,var3,var4,var5,var6
0.06324110671936758,0.15019762845849802,0.16996047430830039,0.18181818181818182,0.20553359683794467,0.22924901185770752
