var1,var2,var3,var4,var5,var6
0.06428571428571428,0.08571428571428572,0.10714285714285714,0.16428571428571428,0.2,0.37857142857142856
