var1,var2,var3,var4,var5,var6
0.07468879668049792,0.0954356846473029,0.14107883817427386,0.16597510373443983,0.1991701244813278,0.3236514522821577
