var1,var2,var3,var4,var5,var6
0.029197080291970802,0.051094890510948905,0.13138686131386862,0.17518248175182483,0.24817518248175183,0.36496350364963503
