var1,var2,var3,var4,var5,var6
0.0498220640569395,0.08896797153024912,0.10676156583629894,0.13523131672597866,0.2775800711743772,0.3416370106761566
