var1,var2,var3,var4,var5,var6
0.03468208092485549,0.057803468208092484,0.14450867052023122,0.19653179190751446,0.24277456647398843,0.3236994219653179
