var1,var2,var3,var4,var5,var6
0.028169014084507043,0.0892018779342723,0.13145539906103287,0.22535211267605634,0.24413145539906103,0.28169014084507044
