var1,var2,var3,var4,var5,var6
0.0918918918918919,0.11891891891891893,0.16756756756756758,0.1837837837837838,0.21621621621621623,0.22162162162162163
