var1,var2,var3,var4,var5,var6
0.02027027027027027,0.04054054054054054,0.11486486486486487,0.16891891891891891,0.23648648648648649,0.4189189189189189
