var1,var2,var3,var4,var5,var6
0.04504504504504504,0.07207207207207207,0.0990990990990991,0.16216216216216217,0.2702702702702703,0.35135135135135137
