var1,var2,var3,var4,var5,var6
0.06629834254143646,0.11049723756906077,0.14917127071823205,0.15469613259668508,0.16574585635359115,0.35359116022099446
