var1,var2,var3,var4,var5,var6
0.032432432432432434,0.10270270270270271,0.11891891891891893,0.1945945945945946,0.24864864864864866,0.3027027027027027
