var1,var2,var3,var4,var5,var6
0.0892018779342723,0.09389671361502347,0.16901408450704225,0.19718309859154928,0.215962441314554,0.2347417840375587
