var1,var2,var3,var4,var5,var6
0.07272727272727272,0.08484848484848485,0.09696969696969697,0.20606060606060606,0.24242424242424243,0.296969696969697
