var1,var2,var3,var4,var5,var6
0.009852216748768473,0.06403940886699508,0.10837438423645321,0.18719211822660098,0.23645320197044334,0.39408866995073893
