var1,var2,var3,var4,var5,var6
0.03508771929824561,0.05263157894736842,0.07017543859649122,0.24561403508771928,0.2573099415204678,0.3391812865497076
