var1,var2,var3,var4,var5,var6
0.09852216748768473,0.10344827586206896,0.16748768472906403,0.17733990147783252,0.21674876847290642,0.23645320197044334
