var1,var2,var3,var4,var5,var6
0.014388489208633094,0.06474820143884892,0.08633093525179857,0.17266187050359713,0.2158273381294964,0.4460431654676259
