var1,var2,var3,var4,var5,var6
0.02072538860103627,0.09326424870466321,0.15544041450777202,0.19689119170984457,0.23316062176165803,0.3005181347150259
