var1,var2,var3,var4,var5,var6
0.05847953216374269,0.14035087719298245,0.15204678362573099,0.18128654970760233,0.2222222222222222,0.24561403508771928
