var1,var2,var3,var4,var5,var6
0.047337278106508875,0.05917159763313609,0.11834319526627218,0.13609467455621302,0.3076923076923077,0.33136094674556216
