var1,var2,var3,var4,var5,var6
0.013245033112582781,0.033112582781456956,0.07947019867549669,0.23841059602649006,0.26490066225165565,0.3708609271523179
