var1,var2,var3,var4,var5,var6
0.046153846153846156,0.13846153846153847,0.15384615384615385,0.20512820512820512,0.2153846153846154,0.24102564102564103
