var1,var2,var3,var4,var5,var6
0.03804347826086957,0.10869565217391304,0.11956521739130435,0.16847826086956522,0.2554347826086957,0.30978260869565216
