var1,var2,var3,var4,var5,var6
0.04864864864864865,0.10810810810810811,0.14054054054054055,0.16216216216216217,0.1837837837837838,0.3567567567567568
