var1,var2,var3,var4,var5,var6
0.057803468208092484,0.08670520231213873,0.12716763005780346,0.13872832369942195,0.24277456647398843,0.3468208092485549
