var1,var2,var3,var4,var5,var6
0.06417112299465241,0.13903743315508021,0.1657754010695187,0.17647058823529413,0.19786096256684493,0.25668449197860965
