var1,var2,var3,var4,var5,var6
0.02185792349726776,0.060109289617486336,0.12021857923497267,0.18579234972677597,0.2896174863387978,0.3224043715846995
