var1,var2,var3,var4,var5,var6
0.016574585635359115,0.055248618784530384,0.143646408839779,0.16574585635359115,0.2596685082872928,0.35911602209944754
