var1,var2,var3,var4,var5,var6
0.047619047619047616,0.05714285714285714,0.1523809523809524,0.18095238095238095,0.24761904761904763,0.3142857142857143
