var1,var2,var3,var4,var5,var6
0.03355704697986577,0.10738255033557047,0.1476510067114094,0.18791946308724833,0.20134228187919462,0.3221476510067114
