var1,var2,var3,var4,var5,var6
0.010526315789473684,0.042105263157894736,0.14736842105263157,0.23157894736842105,0.25263157894736843,0.3157894736842105
