var1,var2,var3,var4,var5,var6
0.02843601895734597,0.06635071090047394,0.14218009478672985,0.1943127962085308,0.27488151658767773,0.2938388625592417
