var1,var2,var3,var4,var5,var6
0.047619047619047616,0.05442176870748299,0.1360544217687075,0.17006802721088435,0.2653061224489796,0.32653061224489793
