var1,var2,var3,var4,var5,var6
0.06716417910447761,0.08208955223880597,0.11194029850746269,0.1417910447761194,0.23134328358208955,0.3656716417910448
