var1,var2,var3,var4,var5,var6
0.11155378486055777,0.14342629482071714,0.1593625498007968,0.16733067729083664,0.18725099601593626,0.23107569721115537
