var1,var2,var3,var4,var5,var6
0.019704433497536946,0.06403940886699508,0.13793103448275862,0.17733990147783252,0.2561576354679803,0.3448275862068966
