var1,var2,var3,var4,var5,var6
0.04093567251461988,0.05847953216374269,0.0935672514619883,0.1286549707602339,0.28654970760233917,0.391812865497076
