var1,var2,var3,var4,var5,var6
0.08771929824561403,0.11929824561403508,0.14035087719298245,0.16842105263157894,0.21052631578947367,0.2736842105263158
