var1,var2,var3,var4,var5,var6
0.06504065040650407,0.08943089430894309,0.11382113821138211,0.22764227642276422,0.24390243902439024,0.2601626016260163
