var1,var2,var3,var4,var5,var6
0.01809954751131222,0.058823529411764705,0.14479638009049775,0.18099547511312217,0.26244343891402716,0.334841628959276
