var1,var2,var3,var4,var5,var6
0.03225806451612903,0.043010752688172046,0.10752688172043011,0.17204301075268819,0.22580645161290322,0.41935483870967744
