var1,var2,var3,var4,var5,var6
0.0392156862745098,0.0915032679738562,0.12418300653594772,0.1437908496732026,0.26143790849673204,0.33986928104575165
