var1,var2,var3,var4,var5,var6
0.04093567251461988,0.0935672514619883,0.14035087719298245,0.19883040935672514,0.2573099415204678,0.26900584795321636
