var1,var2,var3,var4,var5,var6
0.10404624277456648,0.11560693641618497,0.12716763005780346,0.16184971098265896,0.1791907514450867,0.31213872832369943
