var1,var2,var3,var4,var5,var6
0.09722222222222222,0.12037037037037036,0.14351851851851852,0.18055555555555555,0.20833333333333334,0.25
