var1,var2,var3,var4,var5,var6
0.025157232704402517,0.1069182389937107,0.1761006289308176,0.18867924528301888,0.22641509433962265,0.27672955974842767
