var1,var2,var3,var4,var5,var6
0.03007518796992481,0.06766917293233082,0.18045112781954886,0.18796992481203006,0.24060150375939848,0.2932330827067669
