var1,var2,var3,var4,var5,var6
0.04895104895104895,0.06993006993006994,0.08391608391608392,0.13986013986013987,0.27972027972027974,0.3776223776223776
