var1,var2,var3,var4,var5,var6
0.07423580786026202,0.09606986899563319,0.13100436681222707,0.1572052401746725,0.24890829694323144,0.2925764192139738
