var1,var2,var3,var4,var5,var6
0.022900763358778626,0.061068702290076333,0.06870229007633588,0.16030534351145037,0.21374045801526717,0.4732824427480916
