var1,var2,var3,var4,var5,var6
0.06015037593984962,0.08270676691729323,0.09022556390977443,0.12030075187969924,0.2857142857142857,0.3609022556390977
