var1,var2,var3,var4,var5,var6
0.05263157894736842,0.06766917293233082,0.08270676691729323,0.21052631578947367,0.2706766917293233,0.3157894736842105
