var1,var2,var3,var4,var5,var6
0.039603960396039604,0.0594059405940594,0.07920792079207921,0.1485148514851485,0.21782178217821782,0.45544554455445546
