var1,var2,var3,var4,var5,var6
0.0966183574879227,0.13526570048309178,0.14009661835748793,0.17391304347826086,0.1932367149758454,0.2608695652173913
