var1,var2,var3,var4,var5,var6
0.05755395683453238,0.07194244604316546,0.14388489208633093,0.16546762589928057,0.2589928057553957,0.302158273381295
