var1,var2,var3,var4,var5,var6
0.026200873362445413,0.039301310043668124,0.18340611353711792,0.19213973799126638,0.25327510917030566,0.3056768558951965
