var1,var2,var3,var4,var5,var6
0.03875968992248062,0.046511627906976744,0.10852713178294573,0.21705426356589147,0.24806201550387597,0.34108527131782945
