var1,var2,var3,var4,var5,var6
0.050314465408805034,0.06289308176100629,0.14465408805031446,0.16352201257861634,0.25157232704402516,0.3270440251572327
