var1,var2,var3,var4,var5,var6
0.03125,0.041666666666666664,0.08333333333333333,0.16666666666666666,0.1875,0.4895833333333333
