var1,var2,var3,var4,var5,var6
0.04864864864864865,0.07027027027027027,0.15135135135135136,0.20540540540540542,0.24324324324324326,0.2810810810810811
