var1,var2,var3,var4,var5,var6
0.07860262008733625,0.11353711790393013,0.12663755458515283,0.14847161572052403,0.2183406113537118,0.314410480349345
