var1,var2,var3,var4,var5,var6
0.04697986577181208,0.053691275167785234,0.16778523489932887,0.18120805369127516,0.26174496644295303,0.28859060402684567
