var1,var2,var3,var4,var5,var6
0.07804878048780488,0.11707317073170732,0.12682926829268293,0.14634146341463414,0.23902439024390243,0.2926829268292683
