var1,var2,var3,var4,var5,var6
0.015625,0.0546875,0.109375,0.21875,0.25,0.3515625
