var1,var2,var3,var4,var5,var6
0.011560693641618497,0.08670520231213873,0.15028901734104047,0.20809248554913296,0.2543352601156069,0.28901734104046245
