var1,var2,var3,var4,var5,var6
0.013605442176870748,0.10204081632653061,0.1564625850340136,0.17687074829931973,0.25170068027210885,0.29931972789115646
