var1,var2,var3,var4,var5,var6
0.04878048780487805,0.05853658536585366,0.18048780487804877,0.2,0.24390243902439024,0.2682926829268293
