var1,var2,var3,var4,var5,var6
0.09578544061302682,0.12260536398467432,0.1685823754789272,0.17624521072796934,0.20689655172413793,0.22988505747126436
