var1,var2,var3,var4,var5,var6
0.06938775510204082,0.08979591836734693,0.17142857142857143,0.21224489795918366,0.22040816326530613,0.23673469387755103
