var1,var2,var3,var4,var5,var6
0.05504587155963303,0.07339449541284404,0.09174311926605505,0.1743119266055046,0.2018348623853211,0.4036697247706422
