var1,var2,var3,var4,var5,var6
0.0784313725490196,0.13333333333333333,0.1568627450980392,0.17254901960784313,0.2,0.25882352941176473
