var1,var2,var3,var4,var5,var6
0.03271028037383177,0.0794392523364486,0.14018691588785046,0.19158878504672897,0.26635514018691586,0.2897196261682243
