var1,var2,var3,var4,var5,var6
0.034722222222222224,0.05555555555555555,0.1111111111111111,0.1875,0.2708333333333333,0.3402777777777778
