var1,var2,var3,var4,var5,var6
0.061224489795918366,0.07482993197278912,0.10204081632653061,0.20408163265306123,0.22448979591836735,0.3333333333333333
