var1,var2,var3,var4,var5,var6
0.0761904761904762,0.08571428571428572,0.11428571428571428,0.13333333333333333,0.1523809523809524,0.4380952380952381
