var1,var2,var3,var4,var5,var6
0.05309734513274336,0.061946902654867256,0.1504424778761062,0.17699115044247787,0.25663716814159293,0.3008849557522124
