var1,var2,var3,var4,var5,var6
0.034482758620689655,0.06321839080459771,0.08620689655172414,0.21839080459770116,0.23563218390804597,0.3620689655172414
