var1,var2,var3,var4,var5,var6
0.03954802259887006,0.0903954802259887,0.1694915254237288,0.1807909604519774,0.22598870056497175,0.2937853107344633
