var1,var2,var3,var4,var5,var6
0.046511627906976744,0.06976744186046512,0.09302325581395349,0.18604651162790697,0.21705426356589147,0.3875968992248062
