var1,var2,var3,var4,var5,var6
0.05325443786982249,0.07100591715976332,0.07692307692307693,0.08875739644970414,0.2958579881656805,0.41420118343195267
