var1,var2,var3,var4,var5,var6
0.027649769585253458,0.07834101382488479,0.11981566820276497,0.1336405529953917,0.2764976958525346,0.3640552995391705
