var1,var2,var3,var4,var5,var6
0.012738853503184714,0.07643312101910828,0.10191082802547771,0.12738853503184713,0.3248407643312102,0.35668789808917195
