var1,var2,var3,var4,var5,var6
0.038834951456310676,0.07766990291262135,0.08737864077669903,0.13592233009708737,0.1941747572815534,0.46601941747572817
