var1,var2,var3,var4,var5,var6
0.018072289156626505,0.06626506024096386,0.10240963855421686,0.1927710843373494,0.25301204819277107,0.3674698795180723
