var1,var2,var3,var4,var5,var6
0.02512562814070352,0.08040201005025126,0.12060301507537688,0.18592964824120603,0.23115577889447236,0.35678391959798994
