var1,var2,var3,var4,var5,var6
0.06870229007633588,0.0916030534351145,0.12213740458015267,0.15267175572519084,0.22900763358778625,0.33587786259541985
