var1,var2,var3,var4,var5,var6
0.04195804195804196,0.06993006993006994,0.13286713286713286,0.15384615384615385,0.2517482517482518,0.34965034965034963
