var1,var2,var3,var4,var5,var6
0.04888888888888889,0.07111111111111111,0.13333333333333333,0.1688888888888889,0.28444444444444444,0.29333333333333333
