var1,var2,var3,var4,var5,var6
0.02158273381294964,0.08633093525179857,0.14388489208633093,0.15827338129496402,0.2733812949640288,0.31654676258992803
