var1,var2,var3,var4,var5,var6
0.08189655172413793,0.09482758620689655,0.14224137931034483,0.21120689655172414,0.21982758620689655,0.25
