var1,var2,var3,var4,var5,var6
0.06369426751592357,0.07643312101910828,0.1337579617834395,0.17197452229299362,0.25477707006369427,0.29936305732484075
