var1,var2,var3,var4,var5,var6
0.023923444976076555,0.028708133971291867,0.12440191387559808,0.18181818181818182,0.28708133971291866,0.35406698564593303
