var1,var2,var3,var4,var5,var6
0.029239766081871343,0.04678362573099415,0.07017543859649122,0.19883040935672514,0.2807017543859649,0.3742690058479532
