var1,var2,var3,var4,var5,var6
0.01990049751243781,0.07462686567164178,0.09950248756218906,0.11442786069651742,0.31343283582089554,0.3781094527363184
