var1,var2,var3,var4,var5,var6
0.01904761904761905,0.09523809523809523,0.10476190476190476,0.19047619047619047,0.22857142857142856,0.3619047619047619
