var1,var2,var3,var4,var5,var6
0.03686635944700461,0.1152073732718894,0.1382488479262673,0.20276497695852536,0.2119815668202765,0.29493087557603687
