var1,var2,var3,var4,var5,var6
0.06382978723404255,0.07801418439716312,0.10638297872340426,0.11347517730496454,0.19858156028368795,0.4397163120567376
