var1,var2,var3,var4,var5,var6
0.08187134502923976,0.09941520467836257,0.11695906432748537,0.15204678362573099,0.2046783625730994,0.34502923976608185
