var1,var2,var3,var4,var5,var6
0.020134228187919462,0.087248322147651,0.14093959731543623,0.174496644295302,0.2751677852348993,0.30201342281879195
