var1,var2,var3,var4,var5,var6
0.015267175572519083,0.07633587786259542,0.12213740458015267,0.16793893129770993,0.22137404580152673,0.3969465648854962
