var1,var2,var3,var4,var5,var6
0.027972027972027972,0.055944055944055944,0.17482517482517482,0.1888111888111888,0.2517482517482518,0.3006993006993007
