var1,var2,var3,var4,var5,var6
0.031007751937984496,0.08527131782945736,0.10077519379844961,0.23255813953488372,0.2558139534883721,0.29457364341085274
