var1,var2,var3,var4,var5,var6
0.03508771929824561,0.07017543859649122,0.17543859649122806,0.19298245614035087,0.2573099415204678,0.26900584795321636
