var1,var2,var3,var4,var5,var6
0.07441860465116279,0.10697674418604651,0.13953488372093023,0.17674418604651163,0.2372093023255814,0.2651162790697674
