var1,var2,var3,var4,var5,var6
0.030120481927710843,0.0963855421686747,0.14457831325301204,0.18072289156626506,0.20481927710843373,0.3433734939759036
