var1,var2,var3,var4,var5,var6
0.046153846153846156,0.06923076923076923,0.13076923076923078,0.18461538461538463,0.23846153846153847,0.33076923076923076
