var1,var2,var3,var4,var5,var6
0.027210884353741496,0.08843537414965986,0.10204081632653061,0.1360544217687075,0.1564625850340136,0.4897959183673469
