var1,var2,var3,var4,var5,var6
0.0547945205479452,0.0958904109589041,0.1232876712328767,0.136986301369863,0.17123287671232876,0.4178082191780822
