var1,var2,var3,var4,var5,var6
0.09230769230769231,0.12307692307692308,0.15384615384615385,0.1641025641025641,0.2,0.26666666666666666
