var1,var2,var3,var4,var5,var6
0.051094890510948905,0.08759124087591241,0.10948905109489052,0.21897810218978103,0.23357664233576642,0.29927007299270075
