var1,var2,var3,var4,var5,var6
0.028985507246376812,0.06763285024154589,0.14492753623188406,0.15942028985507245,0.27053140096618356,0.3285024154589372
