var1,var2,var3,var4,var5,var6
0.08064516129032258,0.0913978494623656,0.11827956989247312,0.13440860215053763,0.25806451612903225,0.3172043010752688
