var1,var2,var3,var4,var5,var6
0.03365384615384615,0.04807692307692308,0.13942307692307693,0.15865384615384615,0.24519230769230768,0.375
