var1,var2,var3,var4,var5,var6
0.01507537688442211,0.05025125628140704,0.07035175879396985,0.23115577889447236,0.271356783919598,0.36180904522613067
