var1,var2,var3,var4,var5,var6
0.013953488372093023,0.07441860465116279,0.11162790697674418,0.17674418604651163,0.19534883720930232,0.42790697674418604
