var1,var2,var3,var4,var5,var6
0.04739336492890995,0.11848341232227488,0.14218009478672985,0.18009478672985782,0.1990521327014218,0.3127962085308057
