var1,var2,var3,var4,var5,var6
0.08837209302325581,0.10697674418604651,0.13953488372093023,0.16279069767441862,0.2372093023255814,0.2651162790697674
