var1,var2,var3,var4,var5,var6
0.048034934497816595,0.0611353711790393,0.16593886462882096,0.20087336244541484,0.25327510917030566,0.27074235807860264
