var1,var2,var3,var4,var5,var6
0.044585987261146494,0.06369426751592357,0.07643312101910828,0.10191082802547771,0.2929936305732484,0.42038216560509556
