var1,var2,var3,var4,var5,var6
0.1004566210045662,0.1050228310502283,0.1187214611872146,0.1552511415525114,0.2374429223744292,0.2831050228310502
