var1,var2,var3,var4,var5,var6
0.06691449814126393,0.09665427509293681,0.12639405204460966,0.17472118959107807,0.20817843866171004,0.3271375464684015
