var1,var2,var3,var4,var5,var6
0.039735099337748346,0.052980132450331126,0.08609271523178808,0.15894039735099338,0.31788079470198677,0.3443708609271523
