var1,var2,var3,var4,var5,var6
0.03546099290780142,0.06382978723404255,0.18439716312056736,0.19858156028368795,0.20567375886524822,0.3120567375886525
