var1,var2,var3,var4,var5,var6
0.042328042328042326,0.06878306878306878,0.09523809523809523,0.2328042328042328,0.2698412698412698,0.291005291005291
