var1,var2,var3,var4,var5,var6
0.05389221556886228,0.1497005988023952,0.16766467065868262,0.18562874251497005,0.2155688622754491,0.2275449101796407
