var1,var2,var3,var4,var5,var6
0.030534351145038167,0.04580152671755725,0.08396946564885496,0.1984732824427481,0.2900763358778626,0.3511450381679389
