var1,var2,var3,var4,var5,var6
0.05235602094240838,0.07329842931937172,0.15706806282722513,0.17277486910994763,0.2513089005235602,0.2931937172774869
