var1,var2,var3,var4,var5,var6
0.046242774566473986,0.12138728323699421,0.12716763005780346,0.20809248554913296,0.21965317919075145,0.2774566473988439
