var1,var2,var3,var4,var5,var6
0.05860805860805861,0.12454212454212454,0.14652014652014653,0.20146520146520147,0.2271062271062271,0.24175824175824176
