var1,var2,var3,var4,var5,var6
0.016216216216216217,0.10810810810810811,0.12972972972972974,0.2,0.24324324324324326,0.3027027027027027
