var1,var2,var3,var4,var5,var6
0.028409090909090908,0.07386363636363637,0.09090909090909091,0.21022727272727273,0.2784090909090909,0.3181818181818182
