var1,var2,var3,var4,var5,var6
0.02880658436213992,0.0411522633744856,0.09053497942386832,0.23868312757201646,0.26337448559670784,0.3374485596707819
