var1,var2,var3,var4,var5,var6
0.04219409282700422,0.09282700421940929,0.1308016877637131,0.19831223628691982,0.25316455696202533,0.28270042194092826
