var1,var2,var3,var4,var5,var6
0.0759493670886076,0.0970464135021097,0.1518987341772152,0.17721518987341772,0.18565400843881857,0.31223628691983124
