var1,var2,var3,var4,var5,var6
0.03870967741935484,0.06451612903225806,0.1870967741935484,0.2,0.23225806451612904,0.27741935483870966
