var1,var2,var3,var4,var5,var6
0.09230769230769231,0.1076923076923077,0.14358974358974358,0.1641025641025641,0.23076923076923078,0.26153846153846155
