var1,var2,var3,var4,var5,var6
0.1048951048951049,0.11188811188811189,0.13286713286713286,0.14685314685314685,0.16083916083916083,0.34265734265734266
