var1,var2,var3,var4,var5,var6
0.06349206349206349,0.09523809523809523,0.1111111111111111,0.20105820105820105,0.25396825396825395,0.2751322751322751
