var1,var2,var3,var4,var5,var6
0.053231939163498096,0.11406844106463879,0.14068441064638784,0.18250950570342206,0.20532319391634982,0.3041825095057034
