var1,var2,var3,var4,var5,var6
0.02072538860103627,0.09326424870466321,0.11917098445595854,0.17616580310880828,0.27979274611398963,0.31088082901554404
