var1,var2,var3,var4,var5,var6
0.036036036036036036,0.07207207207207207,0.11711711711711711,0.14414414414414414,0.3063063063063063,0.32432432432432434
