var1,var2,var3,var4,var5,var6
0.01818181818181818,0.08484848484848485,0.12121212121212122,0.18181818181818182,0.24242424242424243,0.3515151515151515
