var1,var2,var3,var4,var5,var6
0.028037383177570093,0.07476635514018691,0.08411214953271028,0.12149532710280374,0.21495327102803738,0.4766355140186916
