var1,var2,var3,var4,var5,var6
0.01990049751243781,0.1044776119402985,0.15920398009950248,0.1691542288557214,0.24875621890547264,0.29850746268656714
