var1,var2,var3,var4,var5,var6
0.08762886597938144,0.10309278350515463,0.11855670103092783,0.13917525773195877,0.24742268041237114,0.30412371134020616
