var1,var2,var3,var4,var5,var6
0.05625,0.1375,0.15,0.18125,0.21875,0.25625
