var1,var2,var3,var4,var5,var6
0.023076923076923078,0.03076923076923077,0.07692307692307693,0.17692307692307693,0.3153846153846154,0.3769230769230769
