var1,var2,var3,var4,var5,var6
0.07106598984771574,0.14213197969543148,0.15736040609137056,0.16243654822335024,0.20304568527918782,0.2639593908629442
