var1,var2,var3,var4,var5,var6
0.018072289156626505,0.04819277108433735,0.08433734939759036,0.21686746987951808,0.27710843373493976,0.35542168674698793
