var1,var2,var3,var4,var5,var6
0.06637168141592921,0.084070796460177,0.11946902654867257,0.18141592920353983,0.2610619469026549,0.28761061946902655
