var1,var2,var3,var4,var5,var6
0.048034934497816595,0.06986899563318777,0.18340611353711792,0.20087336244541484,0.23580786026200873,0.26200873362445415
