var1,var2,var3,var4,var5,var6
0.02564102564102564,0.05128205128205128,0.08547008547008547,0.17094017094017094,0.21367521367521367,0.452991452991453
