var1,var2,var3,var4,var5,var6
0.08585858585858586,0.11616161616161616,0.12626262626262627,0.14646464646464646,0.21717171717171718,0.30808080808080807
