var1,var2,var3,var4,var5,var6
0.10218978102189781,0.15328467153284672,0.16058394160583941,0.17518248175182483,0.1897810218978102,0.21897810218978103
