var1,var2,var3,var4,var5,var6
0.06866952789699571,0.13733905579399142,0.15450643776824036,0.17167381974248927,0.21888412017167383,0.24892703862660945
