var1,var2,var3,var4,var5,var6
0.02564102564102564,0.042735042735042736,0.1282051282051282,0.18803418803418803,0.23931623931623933,0.37606837606837606
