var1,var2,var3,var4,var5,var6
0.035211267605633804,0.08450704225352113,0.14788732394366197,0.19014084507042253,0.2605633802816901,0.28169014084507044
