var1,var2,var3,var4,var5,var6
0.07804878048780488,0.11707317073170732,0.14146341463414633,0.15609756097560976,0.2048780487804878,0.3024390243902439
