var1,var2,var3,var4,var5,var6
0.007194244604316547,0.14388489208633093,0.15827338129496402,0.2014388489208633,0.2302158273381295,0.2589928057553957
