var1,var2,var3,var4,var5,var6
0.029850746268656716,0.04477611940298507,0.15920398009950248,0.1791044776119403,0.25870646766169153,0.3283582089552239
