var1,var2,var3,var4,var5,var6
0.0196078431372549,0.058823529411764705,0.08496732026143791,0.20261437908496732,0.3006535947712418,0.3333333333333333
