var1,var2,var3,var4,var5,var6
0.011834319526627219,0.08284023668639054,0.16568047337278108,0.1893491124260355,0.25443786982248523,0.2958579881656805
