var1,var2,var3,var4,var5,var6
0.06164383561643835,0.0684931506849315,0.10273972602739725,0.15753424657534246,0.2945205479452055,0.3150684931506849
