var1,var2,var3,var4,var5,var6
0.03669724770642202,0.045871559633027525,0.11926605504587157,0.1743119266055046,0.23853211009174313,0.3853211009174312
