var1,var2,var3,var4,var5,var6
0.024242424242424242,0.06666666666666667,0.12727272727272726,0.14545454545454545,0.30303030303030304,0.3333333333333333
