var1,var2,var3,var4,var5,var6
0.023622047244094488,0.047244094488188976,0.09448818897637795,0.1732283464566929,0.2755905511811024,0.3858267716535433
