var1,var2,var3,var4,var5,var6
0.07142857142857142,0.12337662337662338,0.18181818181818182,0.18831168831168832,0.2077922077922078,0.22727272727272727
