var1,var2,var3,var4,var5,var6
0.10043668122270742,0.13100436681222707,0.15283842794759825,0.1615720524017467,0.2183406113537118,0.23580786026200873
