var1,var2,var3,var4,var5,var6
0.02962962962962963,0.044444444444444446,0.1037037037037037,0.16296296296296298,0.25925925925925924,0.4
