var1,var2,var3,var4,var5,var6
0.02097902097902098,0.055944055944055944,0.13286713286713286,0.1958041958041958,0.22377622377622378,0.3706293706293706
