var1,var2,var3,var4,var5,var6
0.04054054054054054,0.0945945945945946,0.14864864864864866,0.20945945945945946,0.22972972972972974,0.27702702702702703
