var1,var2,var3,var4,var5,var6
0.03289473684210526,0.1118421052631579,0.17105263157894737,0.17763157894736842,0.24342105263157895,0.2631578947368421
