var1,var2,var3,var4,var5,var6
0.023668639053254437,0.07100591715976332,0.10650887573964497,0.11834319526627218,0.30177514792899407,0.378698224852071
