var1,var2,var3,var4,var5,var6
0.046052631578947366,0.07894736842105263,0.09868421052631579,0.23026315789473684,0.24342105263157895,0.3026315789473684
