var1,var2,var3,var4,var5,var6
0.021897810218978103,0.10218978102189781,0.16058394160583941,0.20437956204379562,0.21897810218978103,0.291970802919708
