var1,var2,var3,var4,var5,var6
0.04669260700389105,0.08560311284046693,0.15953307392996108,0.19455252918287938,0.2178988326848249,0.29571984435797666
