var1,var2,var3,var4,var5,var6
0.06153846153846154,0.12307692307692308,0.13846153846153847,0.15384615384615385,0.1641025641025641,0.358974358974359
