var1,var2,var3,var4,var5,var6
0.07344632768361582,0.07909604519774012,0.1807909604519774,0.192090395480226,0.22598870056497175,0.24858757062146894
