var1,var2,var3,var4,var5,var6
0.07177033492822966,0.10526315789473684,0.1339712918660287,0.15311004784688995,0.22009569377990432,0.3157894736842105
