var1,var2,var3,var4,var5,var6
0.012422360248447204,0.06832298136645963,0.09937888198757763,0.18633540372670807,0.2360248447204969,0.39751552795031053
