var1,var2,var3,var4,var5,var6
0.046948356807511735,0.07511737089201878,0.07981220657276995,0.20657276995305165,0.24413145539906103,0.3474178403755869
