var1,var2,var3,var4,var5,var6
0.012345679012345678,0.08024691358024691,0.11728395061728394,0.21604938271604937,0.25925925925925924,0.3148148148148148
