var1,var2,var3,var4,var5,var6
0.046242774566473986,0.12138728323699421,0.13872832369942195,0.1791907514450867,0.2023121387283237,0.31213872832369943
