var1,var2,var3,var4,var5,var6
0.07547169811320754,0.0830188679245283,0.14339622641509434,0.18490566037735848,0.19622641509433963,0.3169811320754717
