var1,var2,var3,var4,var5,var6
0.0125,0.09375,0.13125,0.20625,0.25,0.30625
