var1,var2,var3,var4,var5,var6
0.07006369426751592,0.12738853503184713,0.15286624203821655,0.17834394904458598,0.22929936305732485,0.24203821656050956
