var1,var2,var3,var4,var5,var6
0.045454545454545456,0.11363636363636363,0.12878787878787878,0.20454545454545456,0.22727272727272727,0.2803030303030303
