var1,var2,var3,var4,var5,var6
0.055248618784530384,0.11049723756906077,0.17679558011049723,0.1878453038674033,0.20441988950276244,0.26519337016574585
