var1,var2,var3,var4,var5,var6
0.041916167664670656,0.10778443113772455,0.11976047904191617,0.1317365269461078,0.2754491017964072,0.32335329341317365
