var1,var2,var3,var4,var5,var6
0.05460750853242321,0.06825938566552901,0.09215017064846416,0.21843003412969283,0.24573378839590443,0.32081911262798635
