var1,var2,var3,var4,var5,var6
0.0918918918918919,0.13513513513513514,0.16216216216216217,0.1945945945945946,0.2,0.21621621621621623
