var1,var2,var3,var4,var5,var6
0.022727272727272728,0.06363636363636363,0.17272727272727273,0.20454545454545456,0.25,0.2863636363636364
