var1,var2,var3,var4,var5,var6
0.013245033112582781,0.039735099337748346,0.12582781456953643,0.2185430463576159,0.2781456953642384,0.32450331125827814
