var1,var2,var3,var4,var5,var6
0.037209302325581395,0.08837209302325581,0.10697674418604651,0.15348837209302327,0.2372093023255814,0.3767441860465116
