var1,var2,var3,var4,var5,var6
0.03278688524590164,0.08196721311475409,0.12021857923497267,0.17486338797814208,0.18579234972677597,0.40437158469945356
