var1,var2,var3,var4,var5,var6
0.11522633744855967,0.12345679012345678,0.1646090534979424,0.17695473251028807,0.19753086419753085,0.2222222222222222
