var1,var2,var3,var4,var5,var6
0.04712041884816754,0.06282722513089005,0.14659685863874344,0.18324607329842932,0.24083769633507854,0.3193717277486911
