var1,var2,var3,var4,var5,var6
0.013333333333333334,0.04666666666666667,0.12,0.19333333333333333,0.2866666666666667,0.34
