var1,var2,var3,var4,var5,var6
0.1245136186770428,0.13618677042801555,0.1556420233463035,0.16342412451361868,0.17898832684824903,0.24124513618677043
