var1,var2,var3,var4,var5,var6
0.02843601895734597,0.07582938388625593,0.14218009478672985,0.16587677725118483,0.26540284360189575,0.3222748815165877
