var1,var2,var3,var4,var5,var6
0.12060301507537688,0.1407035175879397,0.15577889447236182,0.1708542713567839,0.20100502512562815,0.21105527638190955
