var1,var2,var3,var4,var5,var6
0.043478260869565216,0.11180124223602485,0.16149068322981366,0.18012422360248448,0.2360248447204969,0.2670807453416149
