var1,var2,var3,var4,var5,var6
0.020100502512562814,0.06532663316582915,0.1708542713567839,0.21105527638190955,0.24120603015075376,0.2914572864321608
