var1,var2,var3,var4,var5,var6
0.027586206896551724,0.041379310344827586,0.09655172413793103,0.1310344827586207,0.27586206896551724,0.42758620689655175
