var1,var2,var3,var4,var5,var6
0.024539877300613498,0.06134969325153374,0.07975460122699386,0.147239263803681,0.31901840490797545,0.36809815950920244
