var1,var2,var3,var4,var5,var6
0.018518518518518517,0.06790123456790123,0.10493827160493827,0.24074074074074073,0.25308641975308643,0.3148148148148148
