var1,var2,var3,var4,var5,var6
0.02030456852791878,0.050761421319796954,0.09137055837563451,0.233502538071066,0.26903553299492383,0.3350253807106599
