var1,var2,var3,var4,var5,var6
0.05945945945945946,0.08108108108108109,0.12972972972972974,0.2,0.22702702702702704,0.3027027027027027
