var1,var2,var3,var4,var5,var6
0.029940119760479042,0.0658682634730539,0.10778443113772455,0.1497005988023952,0.2994011976047904,0.3473053892215569
