var1,var2,var3,var4,var5,var6
0.029850746268656716,0.06965174129353234,0.12437810945273632,0.13930348258706468,0.30845771144278605,0.3283582089552239
