var1,var2,var3,var4,var5,var6
0.047619047619047616,0.05442176870748299,0.07482993197278912,0.17006802721088435,0.2585034013605442,0.3945578231292517
