var1,var2,var3,var4,var5,var6
0.04878048780487805,0.1073170731707317,0.13658536585365855,0.17560975609756097,0.1902439024390244,0.34146341463414637
