var1,var2,var3,var4,var5,var6
0.09859154929577464,0.1267605633802817,0.14788732394366197,0.1619718309859155,0.19718309859154928,0.2676056338028169
