var1,var2,var3,var4,var5,var6
0.03482587064676617,0.09950248756218906,0.12437810945273632,0.208955223880597,0.23880597014925373,0.2935323383084577
