var1,var2,var3,var4,var5,var6
0.025974025974025976,0.12987012987012986,0.14285714285714285,0.19480519480519481,0.21212121212121213,0.2943722943722944
