var1,var2,var3,var4,var5,var6
0.09770114942528736,0.12643678160919541,0.14942528735632185,0.1724137931034483,0.21839080459770116,0.23563218390804597
