var1,var2,var3,var4,var5,var6
0.05806451612903226,0.06451612903225806,0.1032258064516129,0.12903225806451613,0.24516129032258063,0.4
