var1,var2,var3,var4,var5,var6
0.029850746268656716,0.11194029850746269,0.12686567164179105,0.20149253731343283,0.2537313432835821,0.27611940298507465
