var1,var2,var3,var4,var5,var6
0.03636363636363636,0.07272727272727272,0.12727272727272726,0.18181818181818182,0.28484848484848485,0.296969696969697
