var1,var2,var3,var4,var5,var6
0.03980099502487562,0.1044776119402985,0.11940298507462686,0.1890547263681592,0.24875621890547264,0.29850746268656714
