var1,var2,var3,var4,var5,var6
0.017142857142857144,0.08,0.11428571428571428,0.14857142857142858,0.2742857142857143,0.3657142857142857
