var1,var2,var3,var4,var5,var6
0.04975124378109453,0.10945273631840796,0.14925373134328357,0.18407960199004975,0.23880597014925373,0.26865671641791045
