var1,var2,var3,var4,var5,var6
0.053475935828877004,0.0855614973262032,0.12834224598930483,0.19786096256684493,0.23529411764705882,0.2994652406417112
