var1,var2,var3,var4,var5,var6
0.03482587064676617,0.05472636815920398,0.14427860696517414,0.15920398009950248,0.24378109452736318,0.36318407960199006
