var1,var2,var3,var4,var5,var6
0.08290155440414508,0.12435233160621761,0.13989637305699482,0.16580310880829016,0.22797927461139897,0.25906735751295334
