var1,var2,var3,var4,var5,var6
0.055865921787709494,0.1005586592178771,0.16759776536312848,0.18435754189944134,0.2346368715083799,0.2569832402234637
