var1,var2,var3,var4,var5,var6
0.07373271889400922,0.08294930875576037,0.1336405529953917,0.17511520737327188,0.23963133640552994,0.29493087557603687
