var1,var2,var3,var4,var5,var6
0.034482758620689655,0.0896551724137931,0.13793103448275862,0.15862068965517243,0.2,0.3793103448275862
