var1,var2,var3,var4,var5,var6
0.0748663101604278,0.11764705882352941,0.13368983957219252,0.1711229946524064,0.2192513368983957,0.28342245989304815
