var1,var2,var3,var4,var5,var6
0.026490066225165563,0.046357615894039736,0.06622516556291391,0.2251655629139073,0.2781456953642384,0.3576158940397351
