var1,var2,var3,var4,var5,var6
0.035398230088495575,0.07079646017699115,0.13274336283185842,0.17699115044247787,0.19469026548672566,0.3893805309734513
