var1,var2,var3,var4,var5,var6
0.041379310344827586,0.0896551724137931,0.15862068965517243,0.16551724137931034,0.2413793103448276,0.30344827586206896
