var1,var2,var3,var4,var5,var6
0.060085836909871244,0.08583690987124463,0.10300429184549356,0.2145922746781116,0.2532188841201717,0.2832618025751073
