var1,var2,var3,var4,var5,var6
0.034482758620689655,0.08045977011494253,0.13793103448275862,0.1781609195402299,0.22988505747126436,0.3390804597701149
