var1,var2,var3,var4,var5,var6
0.027210884353741496,0.08163265306122448,0.10204081632653061,0.14965986394557823,0.3129251700680272,0.32653061224489793
