var1,var2,var3,var4,var5,var6
0.05714285714285714,0.10285714285714286,0.11428571428571428,0.18857142857142858,0.22857142857142856,0.30857142857142855
