var1,var2,var3,var4,var5,var6
0.027906976744186046,0.11627906976744186,0.13023255813953488,0.21395348837209302,0.22325581395348837,0.28837209302325584
