var1,var2,var3,var4,var5,var6
0.03292181069958848,0.11522633744855967,0.13168724279835392,0.205761316872428,0.21810699588477367,0.2962962962962963
