var1,var2,var3,var4,var5,var6
0.031496062992125984,0.08661417322834646,0.10236220472440945,0.14960629921259844,0.2283464566929134,0.4015748031496063
