var1,var2,var3,var4,var5,var6
0.04790419161676647,0.08383233532934131,0.09580838323353294,0.10778443113772455,0.32335329341317365,0.3413173652694611
