var1,var2,var3,var4,var5,var6
0.05333333333333334,0.07333333333333333,0.13333333333333333,0.16666666666666666,0.18,0.3933333333333333
