var1,var2,var3,var4,var5,var6
0.05357142857142857,0.14732142857142858,0.16517857142857142,0.17410714285714285,0.19642857142857142,0.26339285714285715
