var1,var2,var3,var4,var5,var6
0.025380710659898477,0.03553299492385787,0.1218274111675127,0.20812182741116753,0.2639593908629442,0.34517766497461927
