var1,var2,var3,var4,var5,var6
0.024844720496894408,0.09316770186335403,0.13664596273291926,0.2236024844720497,0.2360248447204969,0.2857142857142857
