var1,var2,var3,var4,var5,var6
0.018404907975460124,0.09815950920245399,0.13496932515337423,0.15950920245398773,0.26993865030674846,0.31901840490797545
