var1,var2,var3,var4,var5,var6
0.022857142857142857,0.10285714285714286,0.13714285714285715,0.1657142857142857,0.19428571428571428,0.37714285714285717
