var1,var2,var3,var4,var5,var6
0.03482587064676617,0.12935323383084577,0.13930348258706468,0.208955223880597,0.22885572139303484,0.25870646766169153
