var1,var2,var3,var4,var5,var6
0.022727272727272728,0.06060606060606061,0.09848484848484848,0.11363636363636363,0.2803030303030303,0.42424242424242425
