var1,var2,var3,var4,var5,var6
0.011976047904191617,0.08383233532934131,0.1437125748502994,0.19760479041916168,0.2634730538922156,0.2994011976047904
