var1,var2,var3,var4,var5,var6
0.0642570281124498,0.15261044176706828,0.1646586345381526,0.18473895582329317,0.1927710843373494,0.24096385542168675
