var1,var2,var3,var4,var5,var6
0.043478260869565216,0.049689440993788817,0.16149068322981366,0.18633540372670807,0.2484472049689441,0.3105590062111801
