var1,var2,var3,var4,var5,var6
0.09737827715355805,0.10861423220973783,0.12734082397003746,0.15730337078651685,0.23220973782771537,0.27715355805243447
