var1,var2,var3,var4,var5,var6
0.0797872340425532,0.09042553191489362,0.13829787234042554,0.2074468085106383,0.23404255319148937,0.25
