var1,var2,var3,var4,var5,var6
0.026737967914438502,0.10160427807486631,0.13903743315508021,0.17647058823529413,0.2620320855614973,0.29411764705882354
