var1,var2,var3,var4,var5,var6
0.015384615384615385,0.06153846153846154,0.12307692307692308,0.1641025641025641,0.27692307692307694,0.358974358974359
