var1,var2,var3,var4,var5,var6
0.04678362573099415,0.1111111111111111,0.11695906432748537,0.21052631578947367,0.24561403508771928,0.26900584795321636
