var1,var2,var3,var4,var5,var6
0.08241758241758242,0.12087912087912088,0.14835164835164835,0.17582417582417584,0.21978021978021978,0.25274725274725274
