var1,var2,var3,var4,var5,var6
0.11267605633802817,0.13615023474178403,0.14553990610328638,0.18779342723004694,0.20187793427230047,0.215962441314554
