var1,var2,var3,var4,var5,var6
0.05389221556886228,0.07784431137724551,0.15568862275449102,0.17365269461077845,0.24550898203592814,0.2934131736526946
