var1,var2,var3,var4,var5,var6
0.0995260663507109,0.13270142180094788,0.14218009478672985,0.16113744075829384,0.20853080568720378,0.2559241706161137
