var1,var2,var3,var4,var5,var6
0.06763285024154589,0.07729468599033816,0.12560386473429952,0.1642512077294686,0.2608695652173913,0.30434782608695654
