var1,var2,var3,var4,var5,var6
0.0546875,0.0859375,0.1171875,0.1796875,0.2734375,0.2890625
