var1,var2,var3,var4,var5,var6
0.017094017094017096,0.03418803418803419,0.06837606837606838,0.18803418803418803,0.3162393162393162,0.37606837606837606
