var1,var2,var3,var4,var5,var6
0.06965174129353234,0.07960199004975124,0.12935323383084577,0.17412935323383086,0.25870646766169153,0.2885572139303483
