var1,var2,var3,var4,var5,var6
0.025157232704402517,0.03773584905660377,0.10062893081761007,0.14465408805031446,0.2138364779874214,0.4779874213836478
