var1,var2,var3,var4,var5,var6
0.03508771929824561,0.05847953216374269,0.08187134502923976,0.19883040935672514,0.23976608187134502,0.38596491228070173
