var1,var2,var3,var4,var5,var6
0.04225352112676056,0.09389671361502347,0.1596244131455399,0.1784037558685446,0.2347417840375587,0.29107981220657275
