var1,var2,var3,var4,var5,var6
0.023952095808383235,0.1317365269461078,0.16167664670658682,0.20958083832335328,0.2275449101796407,0.24550898203592814
