var1,var2,var3,var4,var5,var6
0.07602339181286549,0.1286549707602339,0.16374269005847952,0.17543859649122806,0.19883040935672514,0.2573099415204678
