var1,var2,var3,var4,var5,var6
0.049689440993788817,0.14906832298136646,0.16149068322981366,0.16770186335403728,0.2236024844720497,0.2484472049689441
