var1,var2,var3,var4,var5,var6
0.08823529411764706,0.11274509803921569,0.12254901960784313,0.16666666666666666,0.24019607843137256,0.2696078431372549
