var1,var2,var3,var4,var5,var6
0.04046242774566474,0.11560693641618497,0.13872832369942195,0.17341040462427745,0.23121387283236994,0.30057803468208094
