var1,var2,var3,var4,var5,var6
0.029556650246305417,0.12807881773399016,0.1477832512315271,0.18226600985221675,0.22660098522167488,0.2857142857142857
