var1,var2,var3,var4,var5,var6
0.05291005291005291,0.06878306878306878,0.09523809523809523,0.20105820105820105,0.2222222222222222,0.35978835978835977
