var1,var2,var3,var4,var5,var6
0.04046242774566474,0.09248554913294797,0.15606936416184972,0.2138728323699422,0.2254335260115607,0.27167630057803466
