var1,var2,var3,var4,var5,var6
0.03375527426160337,0.0759493670886076,0.14345991561181434,0.19831223628691982,0.24472573839662448,0.3037974683544304
