var1,var2,var3,var4,var5,var6
0.046511627906976744,0.06976744186046512,0.08527131782945736,0.09302325581395349,0.3023255813953488,0.40310077519379844
