var1,var2,var3,var4,var5,var6
0.0670391061452514,0.0893854748603352,0.18994413407821228,0.2011173184357542,0.20670391061452514,0.24581005586592178
