var1,var2,var3,var4,var5,var6
0.0196078431372549,0.058823529411764705,0.09803921568627451,0.24836601307189543,0.2549019607843137,0.3202614379084967
