var1,var2,var3,var4,var5,var6
0.03636363636363636,0.05454545454545454,0.1696969696969697,0.18181818181818182,0.23030303030303031,0.32727272727272727
