var1,var2,var3,var4,var5,var6
0.037209302325581395,0.13023255813953488,0.17674418604651163,0.19534883720930232,0.22325581395348837,0.2372093023255814
