var1,var2,var3,var4,var5,var6
0.0718232044198895,0.09944751381215469,0.11049723756906077,0.13259668508287292,0.26519337016574585,0.32044198895027626
