var1,var2,var3,var4,var5,var6
0.041884816753926704,0.07329842931937172,0.09424083769633508,0.10471204188481675,0.2774869109947644,0.4083769633507853
