var1,var2,var3,var4,var5,var6
0.03968253968253968,0.06349206349206349,0.1111111111111111,0.14285714285714285,0.2222222222222222,0.42063492063492064
