var1,var2,var3,var4,var5,var6
0.024539877300613498,0.03680981595092025,0.18404907975460122,0.1901840490797546,0.25766871165644173,0.3067484662576687
