var1,var2,var3,var4,var5,var6
0.011976047904191617,0.041916167664670656,0.09580838323353294,0.2155688622754491,0.2874251497005988,0.3473053892215569
