var1,var2,var3,var4,var5,var6
0.09836065573770492,0.12021857923497267,0.15846994535519127,0.17486338797814208,0.20765027322404372,0.24043715846994534
