var1,var2,var3,var4,var5,var6
0.029239766081871343,0.10526315789473684,0.14035087719298245,0.15204678362573099,0.2222222222222222,0.3508771929824561
