var1,var2,var3,var4,var5,var6
0.050955414012738856,0.06369426751592357,0.12738853503184713,0.1464968152866242,0.22929936305732485,0.3821656050955414
