var1,var2,var3,var4,var5,var6
0.012552301255230125,0.09205020920502092,0.1087866108786611,0.1589958158995816,0.28451882845188287,0.34309623430962344
