var1,var2,var3,var4,var5,var6
0.07971014492753623,0.10869565217391304,0.15942028985507245,0.17391304347826086,0.18115942028985507,0.2971014492753623
