var1,var2,var3,var4,var5,var6
0.043478260869565216,0.12560386473429952,0.14492753623188406,0.18357487922705315,0.19806763285024154,0.30434782608695654
