var1,var2,var3,var4,var5,var6
0.015306122448979591,0.04081632653061224,0.1377551020408163,0.1989795918367347,0.25,0.35714285714285715
