var1,var2,var3,var4,var5,var6
0.014285714285714285,0.09285714285714286,0.11428571428571428,0.18571428571428572,0.2714285714285714,0.32142857142857145
