var1,var2,var3,var4,var5,var6
0.018604651162790697,0.10697674418604651,0.13953488372093023,0.18604651162790697,0.23255813953488372,0.31627906976744186
