var1,var2,var3,var4,var5,var6
0.052830188679245285,0.11320754716981132,0.15471698113207547,0.18867924528301888,0.2037735849056604,0.28679245283018867
