var1,var2,var3,var4,var5,var6
0.06451612903225806,0.07096774193548387,0.10967741935483871,0.16774193548387098,0.2,0.3870967741935484
