var1,var2,var3,var4,var5,var6
0.043243243243243246,0.08648648648648649,0.13513513513513514,0.15675675675675677,0.23783783783783785,0.34054054054054056
