var1,var2,var3,var4,var5,var6
0.051643192488262914,0.0892018779342723,0.15023474178403756,0.16901408450704225,0.26291079812206575,0.27699530516431925
