var1,var2,var3,var4,var5,var6
0.026845637583892617,0.06711409395973154,0.12080536912751678,0.16778523489932887,0.24161073825503357,0.37583892617449666
