var1,var2,var3,var4,var5,var6
0.037037037037037035,0.10493827160493827,0.11728395061728394,0.19135802469135801,0.24691358024691357,0.30246913580246915
