var1,var2,var3,var4,var5,var6
0.031818181818181815,0.1,0.13636363636363635,0.18636363636363637,0.25,0.29545454545454547
