var1,var2,var3,var4,var5,var6
0.044444444444444446,0.05925925925925926,0.07407407407407407,0.0962962962962963,0.2814814814814815,0.4444444444444444
