var1,var2,var3,var4,var5,var6
0.08695652173913043,0.11067193675889328,0.14624505928853754,0.2015810276679842,0.2134387351778656,0.24110671936758893
