var1,var2,var3,var4,var5,var6
0.026200873362445413,0.07423580786026202,0.13973799126637554,0.18340611353711792,0.2445414847161572,0.3318777292576419
