var1,var2,var3,var4,var5,var6
0.03571428571428571,0.05,0.07142857142857142,0.22857142857142856,0.2571428571428571,0.35714285714285715
