var1,var2,var3,var4,var5,var6
0.06179775280898876,0.12359550561797752,0.17415730337078653,0.19662921348314608,0.21348314606741572,0.2303370786516854
