var1,var2,var3,var4,var5,var6
0.05660377358490566,0.0880503144654088,0.10062893081761007,0.13836477987421383,0.27672955974842767,0.33962264150943394
