var1,var2,var3,var4,var5,var6
0.039603960396039604,0.04950495049504951,0.07920792079207921,0.1782178217821782,0.31683168316831684,0.33663366336633666
