var1,var2,var3,var4,var5,var6
0.05291005291005291,0.08465608465608465,0.1693121693121693,0.19047619047619047,0.23809523809523808,0.26455026455026454
