var1,var2,var3,var4,var5,var6
0.02631578947368421,0.03684210526315789,0.08947368421052632,0.23157894736842105,0.25263157894736843,0.3631578947368421
