var1,var2,var3,var4,var5,var6
0.018867924528301886,0.09433962264150944,0.13836477987421383,0.20125786163522014,0.2389937106918239,0.3081761006289308
