var1,var2,var3,var4,var5,var6
0.09259259259259259,0.1419753086419753,0.16049382716049382,0.1728395061728395,0.2037037037037037,0.22839506172839505
