var1,var2,var3,var4,var5,var6
0.028169014084507043,0.056338028169014086,0.14084507042253522,0.21830985915492956,0.2323943661971831,0.323943661971831
