var1,var2,var3,var4,var5,var6
0.012578616352201259,0.07547169811320754,0.1509433962264151,0.18238993710691823,0.2641509433962264,0.31446540880503143
