var1,var2,var3,var4,var5,var6
0.04678362573099415,0.06432748538011696,0.08187134502923976,0.10526315789473684,0.30409356725146197,0.39766081871345027
