var1,var2,var3,var4,var5,var6
0.018957345971563982,0.14218009478672985,0.15165876777251186,0.20853080568720378,0.22274881516587677,0.2559241706161137
