var1,var2,var3,var4,var5,var6
0.05660377358490566,0.11320754716981132,0.13584905660377358,0.19622641509433963,0.2339622641509434,0.2641509433962264
