var1,var2,var3,var4,var5,var6
0.026200873362445413,0.07423580786026202,0.1572052401746725,0.19213973799126638,0.25327510917030566,0.29694323144104806
