var1,var2,var3,var4,var5,var6
0.05909090909090909,0.12727272727272726,0.16818181818181818,0.19545454545454546,0.21818181818181817,0.2318181818181818
