var1,var2,var3,var4,var5,var6
0.0718562874251497,0.08982035928143713,0.15568862275449102,0.17964071856287425,0.19161676646706588,0.31137724550898205
