var1,var2,var3,var4,var5,var6
0.027932960893854747,0.0782122905027933,0.16759776536312848,0.2011173184357542,0.2122905027932961,0.3128491620111732
