var1,var2,var3,var4,var5,var6
0.07960199004975124,0.1044776119402985,0.12437810945273632,0.13930348258706468,0.23383084577114427,0.31840796019900497
