var1,var2,var3,var4,var5,var6
0.053811659192825115,0.1210762331838565,0.14349775784753363,0.2062780269058296,0.2242152466367713,0.25112107623318386
