var1,var2,var3,var4,var5,var6
0.09569377990430622,0.12440191387559808,0.14354066985645933,0.17703349282296652,0.20095693779904306,0.2583732057416268
