var1,var2,var3,var4,var5,var6
0.021164021164021163,0.0582010582010582,0.10582010582010581,0.19047619047619047,0.2328042328042328,0.3915343915343915
