var1,var2,var3,var4,var5,var6
0.029940119760479042,0.0718562874251497,0.15568862275449102,0.16766467065868262,0.2754491017964072,0.2994011976047904
