var1,var2,var3,var4,var5,var6
0.030864197530864196,0.1419753086419753,0.15432098765432098,0.19135802469135801,0.22839506172839505,0.25308641975308643
