var1,var2,var3,var4,var5,var6
0.08235294117647059,0.09411764705882353,0.11764705882352941,0.1411764705882353,0.18823529411764706,0.3764705882352941
