var1,var2,var3,var4,var5,var6
0.014150943396226415,0.08962264150943396,0.15566037735849056,0.2028301886792453,0.25,0.28773584905660377
