var1,var2,var3,var4,var5,var6
0.04316546762589928,0.1079136690647482,0.1366906474820144,0.16546762589928057,0.18705035971223022,0.3597122302158273
