var1,var2,var3,var4,var5,var6
0.018072289156626505,0.03614457831325301,0.08433734939759036,0.23493975903614459,0.25903614457831325,0.3674698795180723
