var1,var2,var3,var4,var5,var6
0.04060913705583756,0.12690355329949238,0.14720812182741116,0.18274111675126903,0.23857868020304568,0.2639593908629442
