var1,var2,var3,var4,var5,var6
0.06818181818181818,0.10227272727272728,0.125,0.13636363636363635,0.14772727272727273,0.42045454545454547
