var1,var2,var3,var4,var5,var6
0.023809523809523808,0.047619047619047616,0.09523809523809523,0.19047619047619047,0.30158730158730157,0.3412698412698413
