var1,var2,var3,var4,var5,var6
0.08294930875576037,0.09216589861751152,0.15668202764976957,0.19815668202764977,0.2119815668202765,0.25806451612903225
