var1,var2,var3,var4,var5,var6
0.05202312138728324,0.08092485549132948,0.14450867052023122,0.1791907514450867,0.23699421965317918,0.3063583815028902
