var1,var2,var3,var4,var5,var6
0.02643171806167401,0.04405286343612335,0.18061674008810572,0.1894273127753304,0.2643171806167401,0.29515418502202645
