var1,var2,var3,var4,var5,var6
0.017142857142857144,0.06857142857142857,0.08,0.2057142857142857,0.29714285714285715,0.3314285714285714
