var1,var2,var3,var4,var5,var6
0.014563106796116505,0.10194174757281553,0.12135922330097088,0.1796116504854369,0.27184466019417475,0.3106796116504854
