var1,var2,var3,var4,var5,var6
0.02158273381294964,0.1079136690647482,0.1366906474820144,0.16546762589928057,0.23741007194244604,0.33093525179856115
