var1,var2,var3,var4,var5,var6
0.03389830508474576,0.096045197740113,0.11299435028248588,0.1694915254237288,0.1807909604519774,0.4067796610169492
