var1,var2,var3,var4,var5,var6
0.02702702702702703,0.0990990990990991,0.15315315315315314,0.1981981981981982,0.21621621621621623,0.3063063063063063
