var1,var2,var3,var4,var5,var6
0.0603448275862069,0.07758620689655173,0.12931034482758622,0.15517241379310345,0.19827586206896552,0.3793103448275862
