var1,var2,var3,var4,var5,var6
0.032679738562091505,0.05228758169934641,0.10457516339869281,0.17647058823529413,0.29411764705882354,0.33986928104575165
