var1,var2,var3,var4,var5,var6
0.07608695652173914,0.08695652173913043,0.09782608695652174,0.11956521739130435,0.15217391304347827,0.4673913043478261
