var1,var2,var3,var4,var5,var6
0.08502024291497975,0.12955465587044535,0.145748987854251,0.16194331983805668,0.21052631578947367,0.26720647773279355
