var1,var2,var3,var4,var5,var6
0.11411411411411411,0.13213213213213212,0.15015015015015015,0.18018018018018017,0.2042042042042042,0.21921921921921922
