var1,var2,var3,var4,var5,var6
0.029850746268656716,0.04975124378109453,0.1691542288557214,0.21393034825870647,0.23880597014925373,0.29850746268656714
