var1,var2,var3,var4,var5,var6
0.05853658536585366,0.08292682926829269,0.0975609756097561,0.18536585365853658,0.2634146341463415,0.3121951219512195
