var1,var2,var3,var4,var5,var6
0.1164021164021164,0.13756613756613756,0.14285714285714285,0.1693121693121693,0.18518518518518517,0.24867724867724866
