var1,var2,var3,var4,var5,var6
0.07035175879396985,0.08040201005025126,0.12562814070351758,0.22110552763819097,0.24120603015075376,0.2613065326633166
