var1,var2,var3,var4,var5,var6
0.04046242774566474,0.057803468208092484,0.15028901734104047,0.17341040462427745,0.21965317919075145,0.3583815028901734
