var1,var2,var3,var4,var5,var6
0.0353356890459364,0.08480565371024736,0.10247349823321555,0.1625441696113074,0.2968197879858657,0.31802120141342755
