var1,var2,var3,var4,var5,var6
0.06015037593984962,0.14285714285714285,0.15037593984962405,0.17293233082706766,0.18796992481203006,0.2857142857142857
