var1,var2,var3,var4,var5,var6
0.06870229007633588,0.07633587786259542,0.15267175572519084,0.1984732824427481,0.24427480916030533,0.2595419847328244
