var1,var2,var3,var4,var5,var6
0.015267175572519083,0.04580152671755725,0.07633587786259542,0.21374045801526717,0.25190839694656486,0.3969465648854962
