var1,var2,var3,var4,var5,var6
0.046052631578947366,0.06578947368421052,0.13157894736842105,0.19078947368421054,0.20394736842105263,0.3618421052631579
