var1,var2,var3,var4,var5,var6
0.04790419161676647,0.10778443113772455,0.16167664670658682,0.20359281437125748,0.23353293413173654,0.24550898203592814
