var1,var2,var3,var4,var5,var6
0.02,0.06666666666666667,0.1,0.20666666666666667,0.24666666666666667,0.36
