var1,var2,var3,var4,var5,var6
0.07964601769911504,0.08849557522123894,0.10619469026548672,0.17699115044247787,0.24778761061946902,0.3008849557522124
