var1,var2,var3,var4,var5,var6
0.015789473684210527,0.07894736842105263,0.1,0.13157894736842105,0.3157894736842105,0.35789473684210527
