var1,var2,var3,var4,var5,var6
0.045454545454545456,0.11038961038961038,0.13636363636363635,0.16233766233766234,0.17532467532467533,0.37012987012987014
