var1,var2,var3,var4,var5,var6
0.02092050209205021,0.0502092050209205,0.1087866108786611,0.16736401673640167,0.30962343096234307,0.34309623430962344
