var1,var2,var3,var4,var5,var6
0.025477707006369428,0.03821656050955414,0.1464968152866242,0.17834394904458598,0.267515923566879,0.34394904458598724
