var1,var2,var3,var4,var5,var6
0.05161290322580645,0.10967741935483871,0.16774193548387098,0.17419354838709677,0.23870967741935484,0.25806451612903225
