var1,var2,var3,var4,var5,var6
0.05309734513274336,0.061946902654867256,0.07964601769911504,0.20353982300884957,0.24778761061946902,0.35398230088495575
