var1,var2,var3,var4,var5,var6
0.03910614525139665,0.0782122905027933,0.13966480446927373,0.18435754189944134,0.25139664804469275,0.30726256983240224
