var1,var2,var3,var4,var5,var6
0.02586206896551724,0.05172413793103448,0.1206896551724138,0.15517241379310345,0.2413793103448276,0.4051724137931034
