var1,var2,var3,var4,var5,var6
0.012422360248447204,0.07453416149068323,0.16149068322981366,0.20496894409937888,0.2608695652173913,0.2857142857142857
