var1,var2,var3,var4,var5,var6
0.047619047619047616,0.061224489795918366,0.1360544217687075,0.14285714285714285,0.17687074829931973,0.43537414965986393
