var1,var2,var3,var4,var5,var6
0.06763285024154589,0.11594202898550725,0.12560386473429952,0.20772946859903382,0.2222222222222222,0.2608695652173913
