var1,var2,var3,var4,var5,var6
0.08290155440414508,0.09844559585492228,0.11398963730569948,0.15544041450777202,0.20725388601036268,0.34196891191709844
