var1,var2,var3,var4,var5,var6
0.0728476821192053,0.08609271523178808,0.13245033112582782,0.19205298013245034,0.23178807947019867,0.2847682119205298
