var1,var2,var3,var4,var5,var6
0.03686635944700461,0.06451612903225806,0.08294930875576037,0.22119815668202766,0.24423963133640553,0.35023041474654376
