var1,var2,var3,var4,var5,var6
0.05660377358490566,0.0660377358490566,0.1320754716981132,0.1792452830188679,0.20754716981132076,0.3584905660377358
