var1,var2,var3,var4,var5,var6
0.11299435028248588,0.12994350282485875,0.14689265536723164,0.1864406779661017,0.20903954802259886,0.21468926553672316
