var1,var2,var3,var4,var5,var6
0.03773584905660377,0.07547169811320754,0.09433962264150944,0.12578616352201258,0.2641509433962264,0.4025157232704403
