var1,var2,var3,var4,var5,var6
0.017341040462427744,0.06936416184971098,0.11560693641618497,0.12716763005780346,0.3179190751445087,0.35260115606936415
