var1,var2,var3,var4,var5,var6
0.04371584699453552,0.07103825136612021,0.07650273224043716,0.13114754098360656,0.32786885245901637,0.34972677595628415
