var1,var2,var3,var4,var5,var6
0.013422818791946308,0.040268456375838924,0.08053691275167785,0.174496644295302,0.28859060402684567,0.40268456375838924
