var1,var2,var3,var4,var5,var6
0.054945054945054944,0.10256410256410256,0.1391941391941392,0.17582417582417584,0.2564102564102564,0.27106227106227104
