var1,var2,var3,var4,var5,var6
0.061611374407582936,0.08530805687203792,0.0947867298578199,0.11374407582938388,0.2985781990521327,0.3459715639810427
