var1,var2,var3,var4,var5,var6
0.04580152671755725,0.061068702290076333,0.16793893129770993,0.1984732824427481,0.2366412213740458,0.2900763358778626
