var1,var2,var3,var4,var5,var6
0.0947867298578199,0.12322274881516587,0.17061611374407584,0.17535545023696683,0.20853080568720378,0.22748815165876776
