var1,var2,var3,var4,var5,var6
0.08928571428571429,0.125,0.14285714285714285,0.16071428571428573,0.20833333333333334,0.27380952380952384
