var1,var2,var3,var4,var5,var6
0.029850746268656716,0.07462686567164178,0.11940298507462686,0.1691542288557214,0.208955223880597,0.39800995024875624
