var1,var2,var3,var4,var5,var6
0.02617801047120419,0.041884816753926704,0.13089005235602094,0.20418848167539266,0.2513089005235602,0.34554973821989526
