var1,var2,var3,var4,var5,var6
0.017857142857142856,0.0625,0.08928571428571429,0.16071428571428573,0.19642857142857142,0.4732142857142857
