var1,var2,var3,var4,var5,var6
0.06280193236714976,0.10144927536231885,0.11594202898550725,0.18357487922705315,0.1932367149758454,0.34299516908212563
