var1,var2,var3,var4,var5,var6
0.02877697841726619,0.07913669064748201,0.11510791366906475,0.2302158273381295,0.2446043165467626,0.302158273381295
