var1,var2,var3,var4,var5,var6
0.01818181818181818,0.13333333333333333,0.14545454545454545,0.20606060606060606,0.23030303030303031,0.26666666666666666
