var1,var2,var3,var4,var5,var6
0.04739336492890995,0.10900473933649289,0.11374407582938388,0.14218009478672985,0.27488151658767773,0.3127962085308057
