var1,var2,var3,var4,var5,var6
0.015503875968992248,0.046511627906976744,0.13178294573643412,0.17054263565891473,0.27906976744186046,0.35658914728682173
