var1,var2,var3,var4,var5,var6
0.03076923076923077,0.11692307692307692,0.16923076923076924,0.18461538461538463,0.24,0.25846153846153846
