var1,var2,var3,var4,var5,var6
0.05405405405405406,0.15135135135135136,0.16216216216216217,0.1783783783783784,0.1837837837837838,0.2702702702702703
