var1,var2,var3,var4,var5,var6
0.05825242718446602,0.08737864077669903,0.0970873786407767,0.13592233009708737,0.2524271844660194,0.36893203883495146
