var1,var2,var3,var4,var5,var6
0.014814814814814815,0.044444444444444446,0.07407407407407407,0.2222222222222222,0.2740740740740741,0.37037037037037035
