var1,var2,var3,var4,var5,var6
0.10256410256410256,0.1111111111111111,0.1282051282051282,0.15384615384615385,0.20512820512820512,0.29914529914529914
