var1,var2,var3,var4,var5,var6
0.05521472392638037,0.08588957055214724,0.17177914110429449,0.2085889570552147,0.2331288343558282,0.24539877300613497
