var1,var2,var3,var4,var5,var6
0.08917197452229299,0.14012738853503184,0.16560509554140126,0.17834394904458598,0.1910828025477707,0.2356687898089172
