var1,var2,var3,var4,var5,var6
0.06474820143884892,0.09352517985611511,0.1366906474820144,0.17266187050359713,0.20863309352517986,0.3237410071942446
