var1,var2,var3,var4,var5,var6
0.04678362573099415,0.10526315789473684,0.11695906432748537,0.18128654970760233,0.23391812865497075,0.3157894736842105
