var1,var2,var3,var4,var5,var6
0.02617801047120419,0.08376963350785341,0.1256544502617801,0.17801047120418848,0.21465968586387435,0.3717277486910995
