var1,var2,var3,var4,var5,var6
0.04672897196261682,0.056074766355140186,0.11214953271028037,0.205607476635514,0.22429906542056074,0.35514018691588783
