var1,var2,var3,var4,var5,var6
0.009950248756218905,0.12935323383084577,0.16417910447761194,0.208955223880597,0.22885572139303484,0.25870646766169153
