var1,var2,var3,var4,var5,var6
0.060240963855421686,0.10441767068273092,0.11244979919678715,0.20080321285140562,0.24899598393574296,0.27309236947791166
