var1,var2,var3,var4,var5,var6
0.04864864864864865,0.08648648648648649,0.14054054054054055,0.21081081081081082,0.24324324324324326,0.2702702702702703
