var1,var2,var3,var4,var5,var6
0.04072398190045249,0.09049773755656108,0.14479638009049775,0.16289592760180996,0.26244343891402716,0.2986425339366516
