var1,var2,var3,var4,var5,var6
0.08636363636363636,0.09090909090909091,0.1590909090909091,0.20454545454545456,0.21818181818181817,0.2409090909090909
