var1,var2,var3,var4,var5,var6
0.017391304347826087,0.06086956521739131,0.12173913043478261,0.1565217391304348,0.22608695652173913,0.41739130434782606
