var1,var2,var3,var4,var5,var6
0.03255813953488372,0.046511627906976744,0.07441860465116279,0.24186046511627907,0.26046511627906976,0.34418604651162793
