var1,var2,var3,var4,var5,var6
0.024793388429752067,0.049586776859504134,0.09917355371900827,0.1322314049586777,0.2892561983471074,0.4049586776859504
