var1,var2,var3,var4,var5,var6
0.07531380753138076,0.09205020920502092,0.1589958158995816,0.19665271966527198,0.20920502092050208,0.26778242677824265
