var1,var2,var3,var4,var5,var6
0.011976047904191617,0.03592814371257485,0.1497005988023952,0.2215568862275449,0.2634730538922156,0.31736526946107785
