var1,var2,var3,var4,var5,var6
0.023391812865497075,0.04678362573099415,0.07602339181286549,0.21052631578947367,0.29239766081871343,0.3508771929824561
