var1,var2,var3,var4,var5,var6
0.06611570247933884,0.09090909090909091,0.1487603305785124,0.18181818181818182,0.23140495867768596,0.2809917355371901
