var1,var2,var3,var4,var5,var6
0.05405405405405406,0.07207207207207207,0.09009009009009009,0.15315315315315314,0.1981981981981982,0.43243243243243246
