var1,var2,var3,var4,var5,var6
0.015503875968992248,0.06201550387596899,0.08527131782945736,0.13953488372093023,0.29457364341085274,0.40310077519379844
