var1,var2,var3,var4,var5,var6
0.05240174672489083,0.09606986899563319,0.1222707423580786,0.1703056768558952,0.2096069868995633,0.34934497816593885
