var1,var2,var3,var4,var5,var6
0.022727272727272728,0.09090909090909091,0.13636363636363635,0.16666666666666666,0.18181818181818182,0.4015151515151515
