var1,var2,var3,var4,var5,var6
0.03296703296703297,0.07692307692307693,0.09340659340659341,0.21428571428571427,0.22527472527472528,0.35714285714285715
