var1,var2,var3,var4,var5,var6
0.048484848484848485,0.08484848484848485,0.18181818181818182,0.19393939393939394,0.23636363636363636,0.2545454545454545
