var1,var2,var3,var4,var5,var6
0.043478260869565216,0.13664596273291926,0.17391304347826086,0.19254658385093168,0.2111801242236025,0.2422360248447205
