var1,var2,var3,var4,var5,var6
0.056962025316455694,0.08227848101265822,0.0949367088607595,0.16455696202531644,0.2911392405063291,0.310126582278481
