var1,var2,var3,var4,var5,var6
0.061224489795918366,0.08163265306122448,0.17687074829931973,0.20408163265306123,0.23129251700680273,0.24489795918367346
