var1,var2,var3,var4,var5,var6
0.014925373134328358,0.05223880597014925,0.13432835820895522,0.16417910447761194,0.23880597014925373,0.39552238805970147
