var1,var2,var3,var4,var5,var6
0.03980099502487562,0.11442786069651742,0.13432835820895522,0.1791044776119403,0.20398009950248755,0.3283582089552239
