var1,var2,var3,var4,var5,var6
0.039735099337748346,0.046357615894039736,0.15894039735099338,0.2251655629139073,0.23841059602649006,0.2913907284768212
