var1,var2,var3,var4,var5,var6
0.03076923076923077,0.08717948717948718,0.12307692307692308,0.13333333333333333,0.27692307692307694,0.3487179487179487
