var1,var2,var3,var4,var5,var6
0.08843537414965986,0.10884353741496598,0.1292517006802721,0.16326530612244897,0.22448979591836735,0.2857142857142857
