var1,var2,var3,var4,var5,var6
0.05917159763313609,0.11834319526627218,0.14792899408284024,0.1952662721893491,0.21893491124260356,0.2603550295857988
