var1,var2,var3,var4,var5,var6
0.03361344537815126,0.09243697478991597,0.1092436974789916,0.2184873949579832,0.2605042016806723,0.2857142857142857
