var1,var2,var3,var4,var5,var6
0.013986013986013986,0.055944055944055944,0.17482517482517482,0.20279720279720279,0.2517482517482518,0.3006993006993007
