var1,var2,var3,var4,var5,var6
0.03125,0.0625,0.175,0.2,0.25625,0.275
