var1,var2,var3,var4,var5,var6
0.023668639053254437,0.029585798816568046,0.1301775147928994,0.17751479289940827,0.27218934911242604,0.3668639053254438
