var1,var2,var3,var4,var5,var6
0.028901734104046242,0.08670520231213873,0.12138728323699421,0.15606936416184972,0.2658959537572254,0.34104046242774566
