var1,var2,var3,var4,var5,var6
0.010471204188481676,0.07329842931937172,0.14659685863874344,0.18324607329842932,0.27225130890052357,0.31413612565445026
