var1,var2,var3,var4,var5,var6
0.047619047619047616,0.07407407407407407,0.14814814814814814,0.1693121693121693,0.2751322751322751,0.2857142857142857
