var1,var2,var3,var4,var5,var6
0.05439330543933055,0.12552301255230125,0.13389121338912133,0.1506276150627615,0.22594142259414227,0.30962343096234307
