var1,var2,var3,var4,var5,var6
0.053497942386831275,0.06584362139917696,0.12345679012345678,0.14814814814814814,0.2880658436213992,0.32098765432098764
