var1,var2,var3,var4,var5,var6
0.017391304347826087,0.06956521739130435,0.13043478260869565,0.1565217391304348,0.2956521739130435,0.33043478260869563
