var1,var2,var3,var4,var5,var6
0.07650273224043716,0.08196721311475409,0.09836065573770492,0.20765027322404372,0.24043715846994534,0.29508196721311475
