var1,var2,var3,var4,var5,var6
0.04926108374384237,0.15763546798029557,0.16748768472906403,0.17733990147783252,0.1921182266009852,0.2561576354679803
