var1,var2,var3,var4,var5,var6
0.028169014084507043,0.056338028169014086,0.09154929577464789,0.1267605633802817,0.30985915492957744,0.3873239436619718
