var1,var2,var3,var4,var5,var6
0.035398230088495575,0.05309734513274336,0.10619469026548672,0.13274336283185842,0.23008849557522124,0.4424778761061947
