var1,var2,var3,var4,var5,var6
0.02127659574468085,0.07801418439716312,0.0851063829787234,0.12056737588652482,0.3120567375886525,0.3829787234042553
