var1,var2,var3,var4,var5,var6
0.035398230088495575,0.04424778761061947,0.08849557522123894,0.1592920353982301,0.26548672566371684,0.40707964601769914
