var1,var2,var3,var4,var5,var6
0.05405405405405406,0.10810810810810811,0.12432432432432433,0.15135135135135136,0.2702702702702703,0.2918918918918919
