var1,var2,var3,var4,var5,var6
0.06711409395973154,0.09395973154362416,0.18120805369127516,0.18791946308724833,0.22818791946308725,0.24161073825503357
