var1,var2,var3,var4,var5,var6
0.01818181818181818,0.07272727272727272,0.09696969696969697,0.15757575757575756,0.30303030303030304,0.3515151515151515
