var1,var2,var3,var4,var5,var6
0.05181347150259067,0.11917098445595854,0.13471502590673576,0.16062176165803108,0.22279792746113988,0.31088082901554404
