var1,var2,var3,var4,var5,var6
0.020905923344947737,0.14634146341463414,0.17421602787456447,0.18118466898954705,0.23344947735191637,0.24390243902439024
