var1,var2,var3,var4,var5,var6
0.062111801242236024,0.08695652173913043,0.11180124223602485,0.19254658385093168,0.2111801242236025,0.33540372670807456
