var1,var2,var3,var4,var5,var6
0.09883720930232558,0.13372093023255813,0.14534883720930233,0.18604651162790697,0.20930232558139536,0.22674418604651161
