var1,var2,var3,var4,var5,var6
0.021834061135371178,0.034934497816593885,0.1222707423580786,0.2096069868995633,0.27074235807860264,0.3406113537117904
