var1,var2,var3,var4,var5,var6
0.028901734104046242,0.05202312138728324,0.15028901734104047,0.21965317919075145,0.23699421965317918,0.31213872832369943
