var1,var2,var3,var4,var5,var6
0.05741626794258373,0.09569377990430622,0.10526315789473684,0.12440191387559808,0.2727272727272727,0.3444976076555024
