var1,var2,var3,var4,var5,var6
0.0223463687150838,0.05027932960893855,0.11173184357541899,0.18994413407821228,0.2346368715083799,0.39106145251396646
