var1,var2,var3,var4,var5,var6
0.013392857142857142,0.12053571428571429,0.13839285714285715,0.19642857142857142,0.23214285714285715,0.29910714285714285
