var1,var2,var3,var4,var5,var6
0.050359712230215826,0.08633093525179857,0.1079136690647482,0.18705035971223022,0.2517985611510791,0.31654676258992803
