var1,var2,var3,var4,var5,var6
0.04145077720207254,0.07253886010362694,0.12435233160621761,0.18134715025906736,0.27979274611398963,0.3005181347150259
