var1,var2,var3,var4,var5,var6
0.01818181818181818,0.10303030303030303,0.1393939393939394,0.18787878787878787,0.23636363636363636,0.3151515151515151
