var1,var2,var3,var4,var5,var6
0.028735632183908046,0.13218390804597702,0.15517241379310345,0.20114942528735633,0.23563218390804597,0.2471264367816092
