var1,var2,var3,var4,var5,var6
0.03553299492385787,0.10152284263959391,0.116751269035533,0.18781725888324874,0.2131979695431472,0.34517766497461927
