var1,var2,var3,var4,var5,var6
0.027210884353741496,0.09523809523809523,0.1292517006802721,0.17006802721088435,0.24489795918367346,0.3333333333333333
