var1,var2,var3,var4,var5,var6
0.030534351145038167,0.061068702290076333,0.16793893129770993,0.17557251908396945,0.2748091603053435,0.2900763358778626
