var1,var2,var3,var4,var5,var6
0.031746031746031744,0.06349206349206349,0.14285714285714285,0.23015873015873015,0.24603174603174602,0.2857142857142857
