var1,var2,var3,var4,var5,var6
0.03278688524590164,0.07650273224043716,0.10382513661202186,0.1912568306010929,0.273224043715847,0.3224043715846995
