var1,var2,var3,var4,var5,var6
0.01015228426395939,0.030456852791878174,0.12690355329949238,0.17258883248730963,0.28426395939086296,0.3756345177664975
