var1,var2,var3,var4,var5,var6
0.03418803418803419,0.05128205128205128,0.11965811965811966,0.1623931623931624,0.18803418803418803,0.4444444444444444
