var1,var2,var3,var4,var5,var6
0.06748466257668712,0.09815950920245399,0.1411042944785276,0.17791411042944785,0.2147239263803681,0.3006134969325153
