var1,var2,var3,var4,var5,var6
0.07531380753138076,0.11715481171548117,0.16736401673640167,0.1799163179916318,0.200836820083682,0.2594142259414226
