var1,var2,var3,var4,var5,var6
0.021505376344086023,0.07526881720430108,0.08602150537634409,0.17204301075268819,0.3010752688172043,0.34408602150537637
