var1,var2,var3,var4,var5,var6
0.014705882352941176,0.07352941176470588,0.14705882352941177,0.19852941176470587,0.2426470588235294,0.3235294117647059
