var1,var2,var3,var4,var5,var6
0.01910828025477707,0.050955414012738856,0.12738853503184713,0.16560509554140126,0.267515923566879,0.36942675159235666
