var1,var2,var3,var4,var5,var6
0.039603960396039604,0.06930693069306931,0.15841584158415842,0.1782178217821782,0.2376237623762376,0.31683168316831684
