var1,var2,var3,var4,var5,var6
0.07253886010362694,0.12953367875647667,0.15544041450777202,0.16580310880829016,0.21761658031088082,0.25906735751295334
