var1,var2,var3,var4,var5,var6
0.03361344537815126,0.06722689075630252,0.1092436974789916,0.13445378151260504,0.31932773109243695,0.33613445378151263
