var1,var2,var3,var4,var5,var6
0.03017241379310345,0.1336206896551724,0.14655172413793102,0.20689655172413793,0.22844827586206898,0.2543103448275862
