var1,var2,var3,var4,var5,var6
0.025974025974025976,0.08441558441558442,0.1038961038961039,0.19480519480519481,0.24675324675324675,0.34415584415584416
