var1,var2,var3,var4,var5,var6
0.03361344537815126,0.06722689075630252,0.09243697478991597,0.11764705882352941,0.20168067226890757,0.48739495798319327
