var1,var2,var3,var4,var5,var6
0.03763440860215054,0.11827956989247312,0.13440860215053763,0.16666666666666666,0.22580645161290322,0.3172043010752688
