var1,var2,var3,var4,var5,var6
0.03954802259887006,0.11299435028248588,0.13559322033898305,0.14689265536723164,0.2542372881355932,0.3107344632768362
