var1,var2,var3,var4,var5,var6
0.02717391304347826,0.043478260869565216,0.17391304347826086,0.21195652173913043,0.23369565217391305,0.30978260869565216
