var1,var2,var3,var4,var5,var6
0.037037037037037035,0.10052910052910052,0.1164021164021164,0.18518518518518517,0.24338624338624337,0.31746031746031744
