var1,var2,var3,var4,var5,var6
0.08287292817679558,0.08839779005524862,0.15469613259668508,0.17679558011049723,0.19889502762430938,0.2983425414364641
