var1,var2,var3,var4,var5,var6
0.04020100502512563,0.1457286432160804,0.1507537688442211,0.16080402010050251,0.24120603015075376,0.2613065326633166
