var1,var2,var3,var4,var5,var6
0.017857142857142856,0.08928571428571429,0.1130952380952381,0.1488095238095238,0.2916666666666667,0.3392857142857143
