var1,var2,var3,var4,var5,var6
0.02617801047120419,0.041884816753926704,0.14659685863874344,0.15706806282722513,0.23036649214659685,0.39790575916230364
