var1,var2,var3,var4,var5,var6
0.0375,0.09375,0.10625,0.1875,0.23125,0.34375
