var1,var2,var3,var4,var5,var6
0.01694915254237288,0.08135593220338982,0.13559322033898305,0.19661016949152543,0.26440677966101694,0.3050847457627119
