var1,var2,var3,var4,var5,var6
0.07453416149068323,0.08074534161490683,0.12422360248447205,0.13664596273291926,0.2732919254658385,0.3105590062111801
