var1,var2,var3,var4,var5,var6
0.02824858757062147,0.06779661016949153,0.07909604519774012,0.1694915254237288,0.3050847457627119,0.3502824858757062
