var1,var2,var3,var4,var5,var6
0.045112781954887216,0.09022556390977443,0.12030075187969924,0.15037593984962405,0.21804511278195488,0.37593984962406013
