var1,var2,var3,var4,var5,var6
0.039735099337748346,0.046357615894039736,0.10596026490066225,0.12582781456953643,0.32450331125827814,0.3576158940397351
