var1,var2,var3,var4,var5,var6
0.024390243902439025,0.08130081300813008,0.15447154471544716,0.16260162601626016,0.22764227642276422,0.34959349593495936
