var1,var2,var3,var4,var5,var6
0.05741626794258373,0.09569377990430622,0.14354066985645933,0.16267942583732056,0.2631578947368421,0.27751196172248804
