var1,var2,var3,var4,var5,var6
0.03314917127071823,0.06629834254143646,0.143646408839779,0.19889502762430938,0.23756906077348067,0.32044198895027626
