var1,var2,var3,var4,var5,var6
0.02564102564102564,0.06837606837606838,0.13675213675213677,0.15384615384615385,0.21367521367521367,0.4017094017094017
