var1,var2,var3,var4,var5,var6
0.009302325581395349,0.12093023255813953,0.16279069767441862,0.20465116279069767,0.23255813953488372,0.26976744186046514
