var1,var2,var3,var4,var5,var6
0.053061224489795916,0.0653061224489796,0.1306122448979592,0.16326530612244897,0.2857142857142857,0.3020408163265306
