var1,var2,var3,var4,var5,var6
0.014925373134328358,0.05223880597014925,0.1044776119402985,0.20149253731343283,0.27611940298507465,0.35074626865671643
