var1,var2,var3,var4,var5,var6
0.06896551724137931,0.07586206896551724,0.12413793103448276,0.2206896551724138,0.2482758620689655,0.2620689655172414
