var1,var2,var3,var4,var5,var6
0.07017543859649122,0.13333333333333333,0.15789473684210525,0.17543859649122806,0.18947368421052632,0.2736842105263158
