var1,var2,var3,var4,var5,var6
0.015267175572519083,0.06870229007633588,0.12213740458015267,0.1450381679389313,0.2748091603053435,0.37404580152671757
