var1,var2,var3,var4,var5,var6
0.031007751937984496,0.07751937984496124,0.08527131782945736,0.13953488372093023,0.32558139534883723,0.34108527131782945
