var1,var2,var3,var4,var5,var6
0.08296943231441048,0.13973799126637554,0.1572052401746725,0.17467248908296942,0.20087336244541484,0.2445414847161572
