var1,var2,var3,var4,var5,var6
0.048458149779735685,0.07048458149779736,0.10572687224669604,0.14096916299559473,0.27312775330396477,0.36123348017621143
