var1,var2,var3,var4,var5,var6
0.09923664122137404,0.10687022900763359,0.12213740458015267,0.1450381679389313,0.2366412213740458,0.2900763358778626
