var1,var2,var3,var4,var5,var6
0.03636363636363636,0.07272727272727272,0.13333333333333333,0.15757575757575756,0.24848484848484848,0.3515151515151515
