var1,var2,var3,var4,var5,var6
0.0213903743315508,0.06951871657754011,0.0962566844919786,0.12834224598930483,0.32085561497326204,0.36363636363636365
