var1,var2,var3,var4,var5,var6
0.04926108374384237,0.07881773399014778,0.08374384236453201,0.09852216748768473,0.31527093596059114,0.37438423645320196
