var1,var2,var3,var4,var5,var6
0.046511627906976744,0.08527131782945736,0.12403100775193798,0.13953488372093023,0.24806201550387597,0.35658914728682173
