var1,var2,var3,var4,var5,var6
0.05405405405405406,0.07207207207207207,0.08108108108108109,0.14414414414414414,0.3063063063063063,0.34234234234234234
