var1,var2,var3,var4,var5,var6
0.06299212598425197,0.07874015748031496,0.09448818897637795,0.12598425196850394,0.2283464566929134,0.4094488188976378
