var1,var2,var3,var4,var5,var6
0.03278688524590164,0.08196721311475409,0.1092896174863388,0.17486338797814208,0.24043715846994534,0.36065573770491804
