var1,var2,var3,var4,var5,var6
0.023474178403755867,0.07511737089201878,0.14084507042253522,0.1596244131455399,0.24413145539906103,0.3568075117370892
