var1,var2,var3,var4,var5,var6
0.09933774834437085,0.12582781456953643,0.13245033112582782,0.1390728476821192,0.2119205298013245,0.2913907284768212
