var1,var2,var3,var4,var5,var6
0.025157232704402517,0.10062893081761007,0.1320754716981132,0.18867924528301888,0.25157232704402516,0.3018867924528302
