var1,var2,var3,var4,var5,var6
0.06837606837606838,0.09401709401709402,0.13675213675213677,0.1794871794871795,0.19658119658119658,0.3247863247863248
