var1,var2,var3,var4,var5,var6
0.06,0.09333333333333334,0.10666666666666667,0.22666666666666666,0.24666666666666667,0.26666666666666666
