var1,var2,var3,var4,var5,var6
0.04149377593360996,0.11203319502074689,0.14937759336099585,0.17012448132780084,0.2157676348547718,0.3112033195020747
