var1,var2,var3,var4,var5,var6
0.028735632183908046,0.040229885057471264,0.09195402298850575,0.23563218390804597,0.25287356321839083,0.3505747126436782
