var1,var2,var3,var4,var5,var6
0.06535947712418301,0.08496732026143791,0.1437908496732026,0.19607843137254902,0.24183006535947713,0.2679738562091503
