var1,var2,var3,var4,var5,var6
0.023391812865497075,0.07602339181286549,0.11695906432748537,0.13450292397660818,0.2807017543859649,0.3684210526315789
