var1,var2,var3,var4,var5,var6
0.04242424242424243,0.09696969696969697,0.10909090909090909,0.21818181818181817,0.24242424242424243,0.2909090909090909
