var1,var2,var3,var4,var5,var6
0.03680981595092025,0.06748466257668712,0.147239263803681,0.17177914110429449,0.24539877300613497,0.3312883435582822
