var1,var2,var3,var4,var5,var6
0.0962566844919786,0.11229946524064172,0.1711229946524064,0.18181818181818182,0.20320855614973263,0.23529411764705882
