var1,var2,var3,var4,var5,var6
0.06837606837606838,0.11965811965811966,0.15384615384615385,0.1623931623931624,0.23931623931623933,0.2564102564102564
