var1,var2,var3,var4,var5,var6
0.05652173913043478,0.09130434782608696,0.12173913043478261,0.1956521739130435,0.2565217391304348,0.2782608695652174
