var1,var2,var3,var4,var5,var6
0.03676470588235294,0.058823529411764705,0.1323529411764706,0.13970588235294118,0.2426470588235294,0.3897058823529412
