var1,var2,var3,var4,var5,var6
0.049723756906077346,0.08839779005524862,0.15469613259668508,0.1878453038674033,0.22099447513812154,0.2983425414364641
