var1,var2,var3,var4,var5,var6
0.06936416184971098,0.10404624277456648,0.12716763005780346,0.15028901734104047,0.1791907514450867,0.3699421965317919
