var1,var2,var3,var4,var5,var6
0.07407407407407407,0.1037037037037037,0.11851851851851852,0.15555555555555556,0.2074074074074074,0.34074074074074073
