var1,var2,var3,var4,var5,var6
0.027972027972027972,0.03496503496503497,0.11188811188811189,0.21678321678321677,0.25874125874125875,0.34965034965034963
