var1,var2,var3,var4,var5,var6
0.010256410256410256,0.05641025641025641,0.14358974358974358,0.17435897435897435,0.2564102564102564,0.358974358974359
