var1,var2,var3,var4,var5,var6
0.02857142857142857,0.0761904761904762,0.11428571428571428,0.1523809523809524,0.20952380952380953,0.41904761904761906
