var1,var2,var3,var4,var5,var6
0.0893854748603352,0.09497206703910614,0.11731843575418995,0.13966480446927373,0.2011173184357542,0.3575418994413408
