var1,var2,var3,var4,var5,var6
0.046052631578947366,0.07894736842105263,0.1118421052631579,0.24342105263157895,0.25,0.26973684210526316
