var1,var2,var3,var4,var5,var6
0.02531645569620253,0.06329113924050633,0.08227848101265822,0.2088607594936709,0.22151898734177214,0.3987341772151899
