var1,var2,var3,var4,var5,var6
0.0273224043715847,0.04918032786885246,0.14207650273224043,0.15846994535519127,0.2677595628415301,0.3551912568306011
