var1,var2,var3,var4,var5,var6
0.03225806451612903,0.04838709677419355,0.12903225806451613,0.1693548387096774,0.25806451612903225,0.3629032258064516
