var1,var2,var3,var4,var5,var6
0.024691358024691357,0.04938271604938271,0.09876543209876543,0.13580246913580246,0.24691358024691357,0.4444444444444444
