var1,var2,var3,var4,var5,var6
0.043209876543209874,0.07407407407407407,0.12345679012345678,0.19135802469135801,0.21604938271604937,0.35185185185185186
