var1,var2,var3,var4,var5,var6
0.049079754601226995,0.07975460122699386,0.11042944785276074,0.147239263803681,0.294478527607362,0.31901840490797545
