var1,var2,var3,var4,var5,var6
0.08383233532934131,0.10179640718562874,0.11976047904191617,0.16766467065868262,0.2275449101796407,0.2994011976047904
