var1,var2,var3,var4,var5,var6
0.029940119760479042,0.059880239520958084,0.10778443113772455,0.18562874251497005,0.25748502994011974,0.3592814371257485
