var1,var2,var3,var4,var5,var6
0.03827751196172249,0.10526315789473684,0.1291866028708134,0.1722488038277512,0.2679425837320574,0.28708133971291866
