var1,var2,var3,var4,var5,var6
0.027972027972027972,0.04195804195804196,0.07692307692307693,0.11188811188811189,0.26573426573426573,0.4755244755244755
