var1,var2,var3,var4,var5,var6
0.051094890510948905,0.058394160583941604,0.08029197080291971,0.16058394160583941,0.30656934306569344,0.34306569343065696
