var1,var2,var3,var4,var5,var6
0.02459016393442623,0.05737704918032787,0.09016393442622951,0.13934426229508196,0.29508196721311475,0.39344262295081966
