var1,var2,var3,var4,var5,var6
0.022099447513812154,0.03314917127071823,0.08839779005524862,0.20994475138121546,0.27071823204419887,0.3756906077348066
