var1,var2,var3,var4,var5,var6
0.03184713375796178,0.08280254777070063,0.08917197452229299,0.22929936305732485,0.27388535031847133,0.2929936305732484
