var1,var2,var3,var4,var5,var6
0.025806451612903226,0.09032258064516129,0.17419354838709677,0.2064516129032258,0.24516129032258063,0.25806451612903225
