var1,var2,var3,var4,var5,var6
0.050980392156862744,0.11764705882352941,0.14901960784313725,0.1803921568627451,0.24313725490196078,0.25882352941176473
