var1,var2,var3,var4,var5,var6
0.03225806451612903,0.05161290322580645,0.16774193548387098,0.1935483870967742,0.23225806451612904,0.3225806451612903
