var1,var2,var3,var4,var5,var6
0.026143790849673203,0.0457516339869281,0.13071895424836602,0.1437908496732026,0.2222222222222222,0.43137254901960786
