var1,var2,var3,var4,var5,var6
0.030534351145038167,0.07633587786259542,0.0916030534351145,0.183206106870229,0.22137404580152673,0.3969465648854962
