var1,var2,var3,var4,var5,var6
0.10843373493975904,0.13654618473895583,0.1606425702811245,0.17670682730923695,0.18473895582329317,0.23293172690763053
