var1,var2,var3,var4,var5,var6
0.07017543859649122,0.08771929824561403,0.12280701754385964,0.17543859649122806,0.21637426900584794,0.32748538011695905
