var1,var2,var3,var4,var5,var6
0.060240963855421686,0.0963855421686747,0.14457831325301204,0.18473895582329317,0.21686746987951808,0.2971887550200803
