var1,var2,var3,var4,var5,var6
0.015306122448979591,0.11224489795918367,0.1377551020408163,0.19387755102040816,0.23979591836734693,0.3010204081632653
