var1,var2,var3,var4,var5,var6
0.0410958904109589,0.1187214611872146,0.1552511415525114,0.182648401826484,0.2465753424657534,0.2557077625570776
