var1,var2,var3,var4,var5,var6
0.020942408376963352,0.031413612565445025,0.09947643979057591,0.23036649214659685,0.27225130890052357,0.34554973821989526
