var1,var2,var3,var4,var5,var6
0.014184397163120567,0.04964539007092199,0.07801418439716312,0.24822695035460993,0.2553191489361702,0.3546099290780142
