var1,var2,var3,var4,var5,var6
0.014814814814814815,0.02962962962962963,0.16296296296296298,0.21481481481481482,0.2518518518518518,0.32592592592592595
