var1,var2,var3,var4,var5,var6
0.03184713375796178,0.07643312101910828,0.15286624203821655,0.17834394904458598,0.21656050955414013,0.34394904458598724
