var1,var2,var3,var4,var5,var6
0.023952095808383235,0.0718562874251497,0.08383233532934131,0.18562874251497005,0.20359281437125748,0.4311377245508982
