var1,var2,var3,var4,var5,var6
0.07065217391304347,0.11956521739130435,0.125,0.15217391304347827,0.21195652173913043,0.32065217391304346
