var1,var2,var3,var4,var5,var6
0.042328042328042326,0.06349206349206349,0.08465608465608465,0.15873015873015872,0.31216931216931215,0.3386243386243386
