var1,var2,var3,var4,var5,var6
0.04093567251461988,0.07017543859649122,0.11695906432748537,0.18128654970760233,0.24561403508771928,0.34502923976608185
