var1,var2,var3,var4,var5,var6
0.049689440993788817,0.062111801242236024,0.14285714285714285,0.16149068322981366,0.2484472049689441,0.33540372670807456
