var1,var2,var3,var4,var5,var6
0.010471204188481676,0.10471204188481675,0.13612565445026178,0.17277486910994763,0.2617801047120419,0.31413612565445026
