var1,var2,var3,var4,var5,var6
0.0625,0.08125,0.1125,0.15625,0.18125,0.40625
