var1,var2,var3,var4,var5,var6
0.06167400881057269,0.09691629955947137,0.13215859030837004,0.18061674008810572,0.21145374449339208,0.31718061674008813
