var1,var2,var3,var4,var5,var6
0.05825242718446602,0.08737864077669903,0.11650485436893204,0.13592233009708737,0.1553398058252427,0.44660194174757284
