var1,var2,var3,var4,var5,var6
0.0425531914893617,0.04964539007092199,0.0851063829787234,0.15602836879432624,0.3262411347517731,0.3404255319148936
