var1,var2,var3,var4,var5,var6
0.04678362573099415,0.11695906432748537,0.14619883040935672,0.1871345029239766,0.21052631578947367,0.29239766081871343
