var1,var2,var3,var4,var5,var6
0.018404907975460124,0.049079754601226995,0.147239263803681,0.18404907975460122,0.24539877300613497,0.3558282208588957
