var1,var2,var3,var4,var5,var6
0.037209302325581395,0.14883720930232558,0.15813953488372093,0.17674418604651163,0.22790697674418606,0.25116279069767444
