var1,var2,var3,var4,var5,var6
0.03187250996015936,0.055776892430278883,0.099601593625498,0.11952191235059761,0.3107569721115538,0.38247011952191234
