var1,var2,var3,var4,var5,var6
0.024242424242424242,0.05454545454545454,0.12121212121212122,0.20606060606060606,0.2787878787878788,0.3151515151515151
