var1,var2,var3,var4,var5,var6
0.07531380753138076,0.1087866108786611,0.13807531380753138,0.1799163179916318,0.2301255230125523,0.26778242677824265
