var1,var2,var3,var4,var5,var6
0.03529411764705882,0.1,0.18823529411764706,0.2,0.22941176470588234,0.24705882352941178
