var1,var2,var3,var4,var5,var6
0.02577319587628866,0.07731958762886598,0.10824742268041238,0.13917525773195877,0.30412371134020616,0.34536082474226804
