var1,var2,var3,var4,var5,var6
0.07174887892376682,0.13004484304932734,0.16143497757847533,0.17937219730941703,0.21524663677130046,0.242152466367713
