var1,var2,var3,var4,var5,var6
0.02727272727272727,0.08181818181818182,0.12727272727272726,0.13636363636363635,0.22727272727272727,0.4
