var1,var2,var3,var4,var5,var6
0.057692307692307696,0.09615384615384616,0.11538461538461539,0.16666666666666666,0.25,0.3141025641025641
