var1,var2,var3,var4,var5,var6
0.016129032258064516,0.056451612903225805,0.11290322580645161,0.16129032258064516,0.1935483870967742,0.4596774193548387
