var1,var2,var3,var4,var5,var6
0.024390243902439025,0.0975609756097561,0.14634146341463414,0.16260162601626016,0.1951219512195122,0.37398373983739835
