var1,var2,var3,var4,var5,var6
0.04316546762589928,0.10071942446043165,0.11510791366906475,0.16546762589928057,0.18705035971223022,0.38848920863309355
