var1,var2,var3,var4,var5,var6
0.0658682634730539,0.08383233532934131,0.15568862275449102,0.19161676646706588,0.20359281437125748,0.2994011976047904
