var1,var2,var3,var4,var5,var6
0.04932735426008968,0.14349775784753363,0.15246636771300448,0.17040358744394618,0.2062780269058296,0.27802690582959644
