var1,var2,var3,var4,var5,var6
0.049079754601226995,0.0736196319018405,0.07975460122699386,0.19631901840490798,0.25766871165644173,0.34355828220858897
