var1,var2,var3,var4,var5,var6
0.08383233532934131,0.1317365269461078,0.1497005988023952,0.16766467065868262,0.2215568862275449,0.24550898203592814
