var1,var2,var3,var4,var5,var6
0.04854368932038835,0.08737864077669903,0.0970873786407767,0.1262135922330097,0.24271844660194175,0.39805825242718446
