var1,var2,var3,var4,var5,var6
0.025477707006369428,0.03821656050955414,0.07006369426751592,0.1910828025477707,0.267515923566879,0.40764331210191085
