var1,var2,var3,var4,var5,var6
0.041884816753926704,0.10471204188481675,0.1256544502617801,0.15706806282722513,0.17277486910994763,0.39790575916230364
