var1,var2,var3,var4,var5,var6
0.06722689075630252,0.07563025210084033,0.15126050420168066,0.21008403361344538,0.23529411764705882,0.2605042016806723
