var1,var2,var3,var4,var5,var6
0.03910614525139665,0.10614525139664804,0.12849162011173185,0.17318435754189945,0.22905027932960895,0.3240223463687151
