var1,var2,var3,var4,var5,var6
0.11070110701107011,0.12546125461254612,0.15129151291512916,0.16974169741697417,0.17712177121771217,0.2656826568265683
