var1,var2,var3,var4,var5,var6
0.024875621890547265,0.03980099502487562,0.08955223880597014,0.208955223880597,0.26865671641791045,0.3681592039800995
