var1,var2,var3,var4,var5,var6
0.0196078431372549,0.08496732026143791,0.13071895424836602,0.1895424836601307,0.22875816993464052,0.3464052287581699
