var1,var2,var3,var4,var5,var6
0.07692307692307693,0.10256410256410256,0.14871794871794872,0.16923076923076924,0.2205128205128205,0.28205128205128205
