var1,var2,var3,var4,var5,var6
0.05474452554744526,0.10218978102189781,0.12773722627737227,0.19343065693430658,0.24452554744525548,0.2773722627737226
