var1,var2,var3,var4,var5,var6
0.05429864253393665,0.06787330316742081,0.15384615384615385,0.17647058823529413,0.22624434389140272,0.3212669683257919
