var1,var2,var3,var4,var5,var6
0.02962962962962963,0.08888888888888889,0.1259259259259259,0.14814814814814814,0.2222222222222222,0.3851851851851852
