var1,var2,var3,var4,var5,var6
0.041884816753926704,0.05235602094240838,0.1256544502617801,0.15706806282722513,0.2774869109947644,0.34554973821989526
