var1,var2,var3,var4,var5,var6
0.026845637583892617,0.10067114093959731,0.1476510067114094,0.21476510067114093,0.22818791946308725,0.28187919463087246
