var1,var2,var3,var4,var5,var6
0.0653061224489796,0.07755102040816327,0.12244897959183673,0.16326530612244897,0.2693877551020408,0.3020408163265306
