var1,var2,var3,var4,var5,var6
0.021352313167259787,0.09252669039145907,0.1423487544483986,0.17793594306049823,0.2526690391459075,0.31316725978647686
