var1,var2,var3,var4,var5,var6
0.013071895424836602,0.08496732026143791,0.10457516339869281,0.19607843137254902,0.23529411764705882,0.3660130718954248
