var1,var2,var3,var4,var5,var6
0.04516129032258064,0.10967741935483871,0.12903225806451613,0.16129032258064516,0.23225806451612904,0.3225806451612903
