var1,var2,var3,var4,var5,var6
0.030534351145038167,0.04580152671755725,0.16793893129770993,0.17557251908396945,0.2595419847328244,0.32061068702290074
