var1,var2,var3,var4,var5,var6
0.03619909502262444,0.058823529411764705,0.16289592760180996,0.19004524886877827,0.25339366515837103,0.2986425339366516
