var1,var2,var3,var4,var5,var6
0.01015228426395939,0.1116751269035533,0.14213197969543148,0.19796954314720813,0.233502538071066,0.30456852791878175
