var1,var2,var3,var4,var5,var6
0.07692307692307693,0.08391608391608392,0.11888111888111888,0.13286713286713286,0.18181818181818182,0.40559440559440557
