var1,var2,var3,var4,var5,var6
0.046357615894039736,0.059602649006622516,0.13245033112582782,0.16556291390728478,0.2781456953642384,0.31788079470198677
