var1,var2,var3,var4,var5,var6
0.015151515151515152,0.08585858585858586,0.12626262626262627,0.17676767676767677,0.2828282828282828,0.31313131313131315
