var1,var2,var3,var4,var5,var6
0.023668639053254437,0.05917159763313609,0.13609467455621302,0.20118343195266272,0.21301775147928995,0.3668639053254438
