var1,var2,var3,var4,var5,var6
0.030120481927710843,0.060240963855421686,0.13855421686746988,0.21686746987951808,0.23493975903614459,0.3192771084337349
