var1,var2,var3,var4,var5,var6
0.04504504504504504,0.05405405405405406,0.07207207207207207,0.14414414414414414,0.18018018018018017,0.5045045045045045
