var1,var2,var3,var4,var5,var6
0.0873015873015873,0.11904761904761904,0.15079365079365079,0.1746031746031746,0.21428571428571427,0.25396825396825395
