var1,var2,var3,var4,var5,var6
0.024844720496894408,0.08695652173913043,0.13043478260869565,0.14906832298136646,0.2236024844720497,0.38509316770186336
