var1,var2,var3,var4,var5,var6
0.037037037037037035,0.05291005291005291,0.1164021164021164,0.2222222222222222,0.24338624338624337,0.328042328042328
