var1,var2,var3,var4,var5,var6
0.03867403314917127,0.09392265193370165,0.11049723756906077,0.11602209944751381,0.287292817679558,0.35359116022099446
