var1,var2,var3,var4,var5,var6
0.08552631578947369,0.1118421052631579,0.125,0.15789473684210525,0.19078947368421054,0.32894736842105265
