var1,var2,var3,var4,var5,var6
0.05154639175257732,0.10309278350515463,0.12886597938144329,0.19072164948453607,0.24742268041237114,0.27835051546391754
