var1,var2,var3,var4,var5,var6
0.0335195530726257,0.1340782122905028,0.16201117318435754,0.17318435754189945,0.24022346368715083,0.2569832402234637
