var1,var2,var3,var4,var5,var6
0.04878048780487805,0.13008130081300814,0.13821138211382114,0.14634146341463414,0.16260162601626016,0.37398373983739835
