var1,var2,var3,var4,var5,var6
0.06976744186046512,0.11162790697674418,0.13023255813953488,0.16279069767441862,0.20930232558139536,0.31627906976744186
