var1,var2,var3,var4,var5,var6
0.026490066225165563,0.052980132450331126,0.09271523178807947,0.17880794701986755,0.2119205298013245,0.4370860927152318
