var1,var2,var3,var4,var5,var6
0.04,0.06666666666666667,0.11333333333333333,0.16,0.21333333333333335,0.4066666666666667
