var1,var2,var3,var4,var5,var6
0.021052631578947368,0.042105263157894736,0.08421052631578947,0.15789473684210525,0.23157894736842105,0.4631578947368421
