var1,var2,var3,var4,var5,var6
0.06369426751592357,0.11464968152866242,0.15286624203821655,0.16560509554140126,0.24203821656050956,0.2611464968152866
