var1,var2,var3,var4,var5,var6
0.0228310502283105,0.0821917808219178,0.1187214611872146,0.1643835616438356,0.273972602739726,0.3378995433789954
