var1,var2,var3,var4,var5,var6
0.055944055944055944,0.08391608391608392,0.0979020979020979,0.20279720279720279,0.22377622377622378,0.3356643356643357
