var1,var2,var3,var4,var5,var6
0.023121387283236993,0.12716763005780346,0.14450867052023122,0.2023121387283237,0.23699421965317918,0.2658959537572254
