var1,var2,var3,var4,var5,var6
0.017391304347826087,0.06956521739130435,0.1391304347826087,0.1826086956521739,0.24347826086956523,0.34782608695652173
