var1,var2,var3,var4,var5,var6
0.04790419161676647,0.0658682634730539,0.08383233532934131,0.17964071856287425,0.2994011976047904,0.32335329341317365
