var1,var2,var3,var4,var5,var6
0.05687203791469194,0.12796208530805686,0.14218009478672985,0.16587677725118483,0.2037914691943128,0.3033175355450237
