var1,var2,var3,var4,var5,var6
0.022222222222222223,0.08888888888888889,0.14666666666666667,0.19111111111111112,0.24444444444444444,0.30666666666666664
