var1,var2,var3,var4,var5,var6
0.04436860068259386,0.10921501706484642,0.13993174061433447,0.19112627986348124,0.2525597269624573,0.2627986348122867
