var1,var2,var3,var4,var5,var6
0.04416403785488959,0.05362776025236593,0.11356466876971609,0.1892744479495268,0.2902208201892745,0.30914826498422715
