var1,var2,var3,var4,var5,var6
0.03278688524590164,0.060109289617486336,0.16393442622950818,0.17486338797814208,0.25136612021857924,0.31693989071038253
