var1,var2,var3,var4,var5,var6
0.015625,0.1015625,0.109375,0.1875,0.265625,0.3203125
