var1,var2,var3,var4,var5,var6
0.10857142857142857,0.13142857142857142,0.17142857142857143,0.18285714285714286,0.18857142857142858,0.21714285714285714
