var1,var2,var3,var4,var5,var6
0.019138755980861243,0.05263157894736842,0.14354066985645933,0.1722488038277512,0.2583732057416268,0.35406698564593303
