var1,var2,var3,var4,var5,var6
0.03468208092485549,0.08092485549132948,0.09248554913294797,0.2023121387283237,0.24277456647398843,0.3468208092485549
