var1,var2,var3,var4,var5,var6
0.05263157894736842,0.06315789473684211,0.12631578947368421,0.16842105263157894,0.25263157894736843,0.3368421052631579
