var1,var2,var3,var4,var5,var6
0.034013605442176874,0.047619047619047616,0.11564625850340136,0.17006802721088435,0.24489795918367346,0.3877551020408163
