var1,var2,var3,var4,var5,var6
0.07109004739336493,0.07582938388625593,0.10426540284360189,0.23222748815165878,0.24644549763033174,0.27014218009478674
