var1,var2,var3,var4,var5,var6
0.04294478527607362,0.05521472392638037,0.12269938650306748,0.17177914110429449,0.2331288343558282,0.37423312883435583
