var1,var2,var3,var4,var5,var6
0.03619909502262444,0.1085972850678733,0.12217194570135746,0.17194570135746606,0.27149321266968324,0.2895927601809955
