var1,var2,var3,var4,var5,var6
0.04590163934426229,0.10819672131147541,0.12459016393442623,0.2098360655737705,0.24262295081967214,0.26885245901639343
