var1,var2,var3,var4,var5,var6
0.11616161616161616,0.13131313131313133,0.15656565656565657,0.16666666666666666,0.18686868686868688,0.24242424242424243
