var1,var2,var3,var4,var5,var6
0.022988505747126436,0.04597701149425287,0.05747126436781609,0.13793103448275862,0.22988505747126436,0.5057471264367817
