var1,var2,var3,var4,var5,var6
0.04145077720207254,0.08290155440414508,0.09844559585492228,0.22797927461139897,0.24870466321243523,0.3005181347150259
