var1,var2,var3,var4,var5,var6
0.12075471698113208,0.13584905660377358,0.14339622641509434,0.16981132075471697,0.19622641509433963,0.2339622641509434
