var1,var2,var3,var4,var5,var6
0.01744186046511628,0.046511627906976744,0.18023255813953487,0.20348837209302326,0.23837209302325582,0.313953488372093
