var1,var2,var3,var4,var5,var6
0.054878048780487805,0.07926829268292683,0.11585365853658537,0.18902439024390244,0.27439024390243905,0.2865853658536585
