var1,var2,var3,var4,var5,var6
0.027906976744186046,0.06511627906976744,0.07906976744186046,0.21395348837209302,0.22325581395348837,0.39069767441860465
