var1,var2,var3,var4,var5,var6
0.07563025210084033,0.14285714285714285,0.15126050420168066,0.18487394957983194,0.21008403361344538,0.23529411764705882
