var1,var2,var3,var4,var5,var6
0.00975609756097561,0.04390243902439024,0.13658536585365855,0.1951219512195122,0.25365853658536586,0.36097560975609755
