var1,var2,var3,var4,var5,var6
0.015873015873015872,0.021164021164021163,0.08465608465608465,0.2222222222222222,0.26455026455026454,0.3915343915343915
