var1,var2,var3,var4,var5,var6
0.023255813953488372,0.06201550387596899,0.07751937984496124,0.20155038759689922,0.23255813953488372,0.40310077519379844
