var1,var2,var3,var4,var5,var6
0.09954751131221719,0.14479638009049775,0.15384615384615385,0.17194570135746606,0.2081447963800905,0.22171945701357465
