var1,var2,var3,var4,var5,var6
0.05527638190954774,0.10050251256281408,0.1306532663316583,0.1708542713567839,0.19095477386934673,0.35175879396984927
