var1,var2,var3,var4,var5,var6
0.044444444444444446,0.08888888888888889,0.1111111111111111,0.14074074074074075,0.26666666666666666,0.34814814814814815
