var1,var2,var3,var4,var5,var6
0.06976744186046512,0.09302325581395349,0.10232558139534884,0.12093023255813953,0.28837209302325584,0.32558139534883723
