var1,var2,var3,var4,var5,var6
0.06722689075630252,0.07563025210084033,0.11764705882352941,0.17647058823529413,0.23529411764705882,0.3277310924369748
