var1,var2,var3,var4,var5,var6
0.04060913705583756,0.1116751269035533,0.15736040609137056,0.2131979695431472,0.233502538071066,0.2436548223350254
