var1,var2,var3,var4,var5,var6
0.09302325581395349,0.12558139534883722,0.13953488372093023,0.16744186046511628,0.18604651162790697,0.28837209302325584
