var1,var2,var3,var4,var5,var6
0.02097902097902098,0.11188811188811189,0.15384615384615385,0.16783216783216784,0.23776223776223776,0.3076923076923077
