var1,var2,var3,var4,var5,var6
0.04225352112676056,0.11267605633802817,0.14788732394366197,0.18309859154929578,0.24647887323943662,0.2676056338028169
