var1,var2,var3,var4,var5,var6
0.04838709677419355,0.06989247311827956,0.08602150537634409,0.20967741935483872,0.26344086021505375,0.3225806451612903
