var1,var2,var3,var4,var5,var6
0.018518518518518517,0.08024691358024691,0.10493827160493827,0.16049382716049382,0.25308641975308643,0.38271604938271603
