var1,var2,var3,var4,var5,var6
0.09333333333333334,0.11555555555555555,0.13777777777777778,0.19555555555555557,0.21333333333333335,0.24444444444444444
