var1,var2,var3,var4,var5,var6
0.052830188679245285,0.12075471698113208,0.1320754716981132,0.19622641509433963,0.2188679245283019,0.2792452830188679
