var1,var2,var3,var4,var5,var6
0.125,0.14130434782608695,0.14673913043478262,0.1793478260869565,0.19021739130434784,0.21739130434782608
