var1,var2,var3,var4,var5,var6
0.01282051282051282,0.04487179487179487,0.11538461538461539,0.21153846153846154,0.26282051282051283,0.3525641025641026
