var1,var2,var3,var4,var5,var6
0.024539877300613498,0.03680981595092025,0.1165644171779141,0.18404907975460122,0.26993865030674846,0.36809815950920244
