var1,var2,var3,var4,var5,var6
0.01015228426395939,0.08121827411167512,0.1116751269035533,0.14213197969543148,0.30456852791878175,0.350253807106599
