var1,var2,var3,var4,var5,var6
0.015267175572519083,0.12213740458015267,0.1297709923664122,0.17557251908396945,0.22900763358778625,0.3282442748091603
