var1,var2,var3,var4,var5,var6
0.0398406374501992,0.13147410358565736,0.14342629482071714,0.20717131474103587,0.22310756972111553,0.2549800796812749
