var1,var2,var3,var4,var5,var6
0.03529411764705882,0.09411764705882353,0.1568627450980392,0.21176470588235294,0.23529411764705882,0.26666666666666666
