var1,var2,var3,var4,var5,var6
0.01834862385321101,0.06422018348623854,0.09174311926605505,0.14678899082568808,0.24770642201834864,0.43119266055045874
