var1,var2,var3,var4,var5,var6
0.03684210526315789,0.07894736842105263,0.14736842105263157,0.20526315789473684,0.25263157894736843,0.2789473684210526
