var1,var2,var3,var4,var5,var6
0.023668639053254437,0.11242603550295859,0.15384615384615385,0.1893491124260355,0.23668639053254437,0.28402366863905326
