var1,var2,var3,var4,var5,var6
0.06015037593984962,0.08270676691729323,0.12030075187969924,0.22556390977443608,0.24060150375939848,0.2706766917293233
