var1,var2,var3,var4,var5,var6
0.03546099290780142,0.09929078014184398,0.11347517730496454,0.18439716312056736,0.2553191489361702,0.3120567375886525
