var1,var2,var3,var4,var5,var6
0.08888888888888889,0.1111111111111111,0.13333333333333333,0.14814814814814814,0.17777777777777778,0.34074074074074073
