var1,var2,var3,var4,var5,var6
0.04945054945054945,0.07142857142857142,0.13186813186813187,0.15934065934065933,0.2857142857142857,0.3021978021978022
