var1,var2,var3,var4,var5,var6
0.04929577464788732,0.06338028169014084,0.09154929577464789,0.19718309859154928,0.28169014084507044,0.31690140845070425
