var1,var2,var3,var4,var5,var6
0.0718562874251497,0.1437125748502994,0.15568862275449102,0.16766467065868262,0.18562874251497005,0.2754491017964072
