var1,var2,var3,var4,var5,var6
0.020100502512562814,0.05527638190954774,0.1457286432160804,0.19597989949748743,0.22613065326633167,0.35678391959798994
