var1,var2,var3,var4,var5,var6
0.07106598984771574,0.15228426395939088,0.15736040609137056,0.18274111675126903,0.19289340101522842,0.2436548223350254
