var1,var2,var3,var4,var5,var6
0.02,0.04,0.14,0.20666666666666667,0.26,0.3333333333333333
