var1,var2,var3,var4,var5,var6
0.044585987261146494,0.06369426751592357,0.07006369426751592,0.18471337579617833,0.24203821656050956,0.39490445859872614
