var1,var2,var3,var4,var5,var6
0.019867549668874173,0.052980132450331126,0.17218543046357615,0.2119205298013245,0.23841059602649006,0.304635761589404
