var1,var2,var3,var4,var5,var6
0.03550295857988166,0.08284023668639054,0.1301775147928994,0.14201183431952663,0.2958579881656805,0.3136094674556213
