var1,var2,var3,var4,var5,var6
0.058823529411764705,0.09049773755656108,0.12669683257918551,0.17194570135746606,0.22624434389140272,0.3257918552036199
