var1,var2,var3,var4,var5,var6
0.012121212121212121,0.03636363636363636,0.10909090909090909,0.12727272727272726,0.26666666666666666,0.4484848484848485
