var1,var2,var3,var4,var5,var6
0.025157232704402517,0.0440251572327044,0.1509433962264151,0.2138364779874214,0.27672955974842767,0.2893081761006289
