var1,var2,var3,var4,var5,var6
0.06374501992031872,0.09561752988047809,0.11952191235059761,0.13545816733067728,0.28286852589641437,0.30278884462151395
