var1,var2,var3,var4,var5,var6
0.06334841628959276,0.08144796380090498,0.17194570135746606,0.18552036199095023,0.19909502262443438,0.2986425339366516
