var1,var2,var3,var4,var5,var6
0.05202312138728324,0.08092485549132948,0.12716763005780346,0.15028901734104047,0.17341040462427745,0.4161849710982659
