var1,var2,var3,var4,var5,var6
0.06341463414634146,0.07317073170731707,0.11219512195121951,0.17073170731707318,0.2682926829268293,0.3121951219512195
