var1,var2,var3,var4,var5,var6
0.015748031496062992,0.047244094488188976,0.07874015748031496,0.13385826771653545,0.28346456692913385,0.4409448818897638
