var1,var2,var3,var4,var5,var6
0.014563106796116505,0.06796116504854369,0.10679611650485436,0.23786407766990292,0.25728155339805825,0.3155339805825243
