var1,var2,var3,var4,var5,var6
0.022222222222222223,0.13333333333333333,0.14222222222222222,0.18666666666666668,0.2222222222222222,0.29333333333333333
