var1,var2,var3,var4,var5,var6
0.011834319526627219,0.03550295857988166,0.1242603550295858,0.17751479289940827,0.27218934911242604,0.378698224852071
