var1,var2,var3,var4,var5,var6
0.04678362573099415,0.06432748538011696,0.10526315789473684,0.21052631578947367,0.2807017543859649,0.29239766081871343
