var1,var2,var3,var4,var5,var6
0.08633093525179857,0.1079136690647482,0.12949640287769784,0.15827338129496402,0.18705035971223022,0.33093525179856115
