var1,var2,var3,var4,var5,var6
0.06369426751592357,0.08280254777070063,0.10191082802547771,0.12738853503184713,0.24203821656050956,0.3821656050955414
