var1,var2,var3,var4,var5,var6
0.016042780748663103,0.053475935828877004,0.0962566844919786,0.13903743315508021,0.31016042780748665,0.3850267379679144
