var1,var2,var3,var4,var5,var6
0.022556390977443608,0.05263157894736842,0.09774436090225563,0.14285714285714285,0.3233082706766917,0.3609022556390977
