var1,var2,var3,var4,var5,var6
0.01485148514851485,0.06435643564356436,0.11386138613861387,0.19801980198019803,0.2524752475247525,0.3564356435643564
