var1,var2,var3,var4,var5,var6
0.027972027972027972,0.0979020979020979,0.16783216783216784,0.17482517482517482,0.2097902097902098,0.32167832167832167
