var1,var2,var3,var4,var5,var6
0.03208556149732621,0.08021390374331551,0.1711229946524064,0.18181818181818182,0.23529411764705882,0.2994652406417112
