var1,var2,var3,var4,var5,var6
0.012422360248447204,0.11180124223602485,0.15527950310559005,0.2111801242236025,0.2360248447204969,0.2732919254658385
