var1,var2,var3,var4,var5,var6
0.031578947368421054,0.05263157894736842,0.10526315789473684,0.16842105263157894,0.17894736842105263,0.4631578947368421
