var1,var2,var3,var4,var5,var6
0.018018018018018018,0.06306306306306306,0.10810810810810811,0.1981981981981982,0.23423423423423423,0.3783783783783784
