var1,var2,var3,var4,var5,var6
0.08284023668639054,0.09467455621301775,0.11242603550295859,0.21301775147928995,0.23668639053254437,0.2603550295857988
