var1,var2,var3,var4,var5,var6
0.045662100456621,0.1095890410958904,0.1643835616438356,0.182648401826484,0.2328767123287671,0.2648401826484018
