var1,var2,var3,var4,var5,var6
0.04329004329004329,0.06493506493506493,0.1645021645021645,0.19047619047619047,0.24242424242424243,0.2943722943722944
