var1,var2,var3,var4,var5,var6
0.023668639053254437,0.07692307692307693,0.10650887573964497,0.17751479289940827,0.2485207100591716,0.3668639053254438
