var1,var2,var3,var4,var5,var6
0.025423728813559324,0.06779661016949153,0.11864406779661017,0.1694915254237288,0.2542372881355932,0.3644067796610169
