var1,var2,var3,var4,var5,var6
0.013245033112582781,0.0728476821192053,0.11920529801324503,0.23841059602649006,0.26490066225165565,0.2913907284768212
