var1,var2,var3,var4,var5,var6
0.014492753623188406,0.057971014492753624,0.08695652173913043,0.21256038647342995,0.2898550724637681,0.33816425120772947
