var1,var2,var3,var4,var5,var6
0.06557377049180328,0.1092896174863388,0.15300546448087432,0.18579234972677597,0.20218579234972678,0.28415300546448086
