var1,var2,var3,var4,var5,var6
0.07792207792207792,0.11038961038961038,0.17532467532467533,0.19480519480519481,0.2012987012987013,0.24025974025974026
