var1,var2,var3,var4,var5,var6
0.025806451612903226,0.0967741935483871,0.11612903225806452,0.16774193548387098,0.18064516129032257,0.4129032258064516
