var1,var2,var3,var4,var5,var6
0.03278688524590164,0.07650273224043716,0.12568306010928962,0.15300546448087432,0.24043715846994534,0.37158469945355194
