var1,var2,var3,var4,var5,var6
0.046948356807511735,0.11267605633802817,0.14553990610328638,0.16901408450704225,0.2535211267605634,0.27230046948356806
