var1,var2,var3,var4,var5,var6
0.059907834101382486,0.06912442396313365,0.08755760368663594,0.24423963133640553,0.25806451612903225,0.28110599078341014
