var1,var2,var3,var4,var5,var6
0.09558823529411764,0.11029411764705882,0.13970588235294118,0.14705882352941177,0.16911764705882354,0.3382352941176471
