var1,var2,var3,var4,var5,var6
0.03289473684210526,0.046052631578947366,0.1118421052631579,0.19736842105263158,0.23684210526315788,0.375
