var1,var2,var3,var4,var5,var6
0.07373271889400922,0.10138248847926268,0.14746543778801843,0.17972350230414746,0.2304147465437788,0.2672811059907834
