var1,var2,var3,var4,var5,var6
0.04195804195804196,0.08391608391608392,0.14685314685314685,0.18181818181818182,0.1958041958041958,0.34965034965034963
