var1,var2,var3,var4,var5,var6
0.04132231404958678,0.06611570247933884,0.1322314049586777,0.1652892561983471,0.2231404958677686,0.371900826446281
