var1,var2,var3,var4,var5,var6
0.02040816326530612,0.04081632653061224,0.10204081632653061,0.11564625850340136,0.2857142857142857,0.43537414965986393
