var1,var2,var3,var4,var5,var6
0.022026431718061675,0.09251101321585903,0.16299559471365638,0.19383259911894274,0.24669603524229075,0.28193832599118945
