var1,var2,var3,var4,var5,var6
0.09282700421940929,0.11392405063291139,0.1518987341772152,0.18565400843881857,0.21940928270042195,0.23628691983122363
