var1,var2,var3,var4,var5,var6
0.025380710659898477,0.06598984771573604,0.1065989847715736,0.14213197969543148,0.22842639593908629,0.43147208121827413
