var1,var2,var3,var4,var5,var6
0.043478260869565216,0.12422360248447205,0.14906832298136646,0.17391304347826086,0.2236024844720497,0.2857142857142857
