var1,var2,var3,var4,var5,var6
0.01809954751131222,0.049773755656108594,0.1085972850678733,0.18099547511312217,0.25339366515837103,0.3891402714932127
