var1,var2,var3,var4,var5,var6
0.02459016393442623,0.06557377049180328,0.10655737704918032,0.1557377049180328,0.22950819672131148,0.4180327868852459
