var1,var2,var3,var4,var5,var6
0.035398230088495575,0.07079646017699115,0.07964601769911504,0.19469026548672566,0.2831858407079646,0.336283185840708
