var1,var2,var3,var4,var5,var6
0.013605442176870748,0.061224489795918366,0.08163265306122448,0.14965986394557823,0.25170068027210885,0.4421768707482993
