var1,var2,var3,var4,var5,var6
0.10232558139534884,0.12093023255813953,0.13488372093023257,0.19534883720930232,0.20465116279069767,0.24186046511627907
