var1,var2,var3,var4,var5,var6
0.06896551724137931,0.0896551724137931,0.12413793103448276,0.13793103448275862,0.23448275862068965,0.3448275862068966
