var1,var2,var3,var4,var5,var6
0.026845637583892617,0.09395973154362416,0.1342281879194631,0.2080536912751678,0.24161073825503357,0.2953020134228188
