var1,var2,var3,var4,var5,var6
0.06535947712418301,0.09803921568627451,0.1568627450980392,0.17647058823529413,0.21568627450980393,0.2875816993464052
