var1,var2,var3,var4,var5,var6
0.031746031746031744,0.037037037037037035,0.1164021164021164,0.12698412698412698,0.31746031746031744,0.37037037037037035
