var1,var2,var3,var4,var5,var6
0.04519774011299435,0.05084745762711865,0.1751412429378531,0.192090395480226,0.23163841807909605,0.3050847457627119
