var1,var2,var3,var4,var5,var6
0.03286384976525822,0.07511737089201878,0.14084507042253522,0.19718309859154928,0.2535211267605634,0.3004694835680751
