var1,var2,var3,var4,var5,var6
0.024691358024691357,0.09876543209876543,0.14814814814814814,0.20987654320987653,0.23045267489711935,0.2880658436213992
