var1,var2,var3,var4,var5,var6
0.03864734299516908,0.057971014492753624,0.14492753623188406,0.16908212560386474,0.2608695652173913,0.3285024154589372
