var1,var2,var3,var4,var5,var6
0.035398230088495575,0.05309734513274336,0.168141592920354,0.17699115044247787,0.24778761061946902,0.3185840707964602
