var1,var2,var3,var4,var5,var6
0.04145077720207254,0.07253886010362694,0.10362694300518134,0.12953367875647667,0.27979274611398963,0.37305699481865284
