var1,var2,var3,var4,var5,var6
0.01834862385321101,0.06422018348623854,0.12844036697247707,0.1834862385321101,0.25688073394495414,0.3486238532110092
