var1,var2,var3,var4,var5,var6
0.0196078431372549,0.11764705882352941,0.1437908496732026,0.1568627450980392,0.23529411764705882,0.32679738562091504
