var1,var2,var3,var4,var5,var6
0.045714285714285714,0.08,0.10285714285714286,0.11428571428571428,0.2571428571428571,0.4
