var1,var2,var3,var4,var5,var6
0.04504504504504504,0.06306306306306306,0.12612612612612611,0.15315315315315314,0.16216216216216217,0.45045045045045046
