var1,var2,var3,var4,var5,var6
0.03292181069958848,0.05761316872427984,0.09465020576131687,0.19753086419753085,0.2716049382716049,0.345679012345679
