var1,var2,var3,var4,var5,var6
0.03389830508474576,0.0903954802259887,0.15254237288135594,0.1694915254237288,0.2711864406779661,0.2824858757062147
