var1,var2,var3,var4,var5,var6
0.024539877300613498,0.0736196319018405,0.12269938650306748,0.13496932515337423,0.22699386503067484,0.4171779141104294
