var1,var2,var3,var4,var5,var6
0.026595744680851064,0.03723404255319149,0.10106382978723404,0.22872340425531915,0.26063829787234044,0.34574468085106386
