var1,var2,var3,var4,var5,var6
0.027210884353741496,0.07482993197278912,0.1564625850340136,0.17687074829931973,0.2653061224489796,0.29931972789115646
