var1,var2,var3,var4,var5,var6
0.03076923076923077,0.07692307692307693,0.09230769230769231,0.20512820512820512,0.2153846153846154,0.37948717948717947
