var1,var2,var3,var4,var5,var6
0.05025125628140704,0.07537688442211055,0.16080402010050251,0.18090452261306533,0.22110552763819097,0.31155778894472363
