var1,var2,var3,var4,var5,var6
0.1092896174863388,0.12021857923497267,0.13114754098360656,0.18032786885245902,0.18579234972677597,0.273224043715847
