var1,var2,var3,var4,var5,var6
0.08743169398907104,0.1092896174863388,0.15846994535519127,0.17486338797814208,0.2185792349726776,0.25136612021857924
