var1,var2,var3,var4,var5,var6
0.06926406926406926,0.09523809523809523,0.11688311688311688,0.12987012987012986,0.2510822510822511,0.33766233766233766
