var1,var2,var3,var4,var5,var6
0.023809523809523808,0.031746031746031744,0.06349206349206349,0.20634920634920634,0.2857142857142857,0.3888888888888889
