var1,var2,var3,var4,var5,var6
0.04838709677419355,0.0967741935483871,0.13709677419354838,0.1774193548387097,0.20967741935483872,0.33064516129032256
