var1,var2,var3,var4,var5,var6
0.04072398190045249,0.1085972850678733,0.11764705882352941,0.2081447963800905,0.23529411764705882,0.2895927601809955
