var1,var2,var3,var4,var5,var6
0.026143790849673203,0.06535947712418301,0.11764705882352941,0.21568627450980393,0.2222222222222222,0.35294117647058826
