var1,var2,var3,var4,var5,var6
0.044585987261146494,0.07006369426751592,0.08917197452229299,0.19745222929936307,0.2929936305732484,0.3057324840764331
