var1,var2,var3,var4,var5,var6
0.04145077720207254,0.10362694300518134,0.11398963730569948,0.19689119170984457,0.26424870466321243,0.27979274611398963
