var1,var2,var3,var4,var5,var6
0.0440251572327044,0.11949685534591195,0.16981132075471697,0.1949685534591195,0.20754716981132076,0.2641509433962264
