var1,var2,var3,var4,var5,var6
0.0196078431372549,0.09803921568627451,0.13071895424836602,0.1568627450980392,0.21568627450980393,0.3790849673202614
