var1,var2,var3,var4,var5,var6
0.045662100456621,0.1187214611872146,0.1415525114155251,0.2191780821917808,0.2237442922374429,0.2511415525114155
