var1,var2,var3,var4,var5,var6
0.03980099502487562,0.11940298507462686,0.14427860696517414,0.1890547263681592,0.208955223880597,0.29850746268656714
