var1,var2,var3,var4,var5,var6
0.038834951456310676,0.06796116504854369,0.07766990291262135,0.13592233009708737,0.2621359223300971,0.4174757281553398
