var1,var2,var3,var4,var5,var6
0.0502092050209205,0.12133891213389121,0.14225941422594143,0.17573221757322174,0.200836820083682,0.30962343096234307
