var1,var2,var3,var4,var5,var6
0.027777777777777776,0.05555555555555555,0.10185185185185185,0.1388888888888889,0.25,0.42592592592592593
