var1,var2,var3,var4,var5,var6
0.08163265306122448,0.10204081632653061,0.14285714285714285,0.17006802721088435,0.20408163265306123,0.29931972789115646
