var1,var2,var3,var4,var5,var6
0.04678362573099415,0.1111111111111111,0.13450292397660818,0.17543859649122806,0.19298245614035087,0.3391812865497076
