var1,var2,var3,var4,var5,var6
0.03482587064676617,0.07960199004975124,0.09950248756218906,0.208955223880597,0.25870646766169153,0.31840796019900497
