var1,var2,var3,var4,var5,var6
0.02702702702702703,0.043243243243243246,0.07567567567567568,0.16216216216216217,0.31351351351351353,0.3783783783783784
