var1,var2,var3,var4,var5,var6
0.033112582781456956,0.052980132450331126,0.10596026490066225,0.13245033112582782,0.2781456953642384,0.3973509933774834
