var1,var2,var3,var4,var5,var6
0.04864864864864865,0.05945945945945946,0.0972972972972973,0.1837837837837838,0.2648648648648649,0.34594594594594597
