var1,var2,var3,var4,var5,var6
0.062146892655367235,0.07909604519774012,0.096045197740113,0.23163841807909605,0.2598870056497175,0.2711864406779661
