var1,var2,var3,var4,var5,var6
0.08888888888888889,0.11851851851851852,0.1259259259259259,0.14814814814814814,0.1925925925925926,0.32592592592592595
