var1,var2,var3,var4,var5,var6
0.04895104895104895,0.0979020979020979,0.13286713286713286,0.15384615384615385,0.1958041958041958,0.3706293706293706
