var1,var2,var3,var4,var5,var6
0.0223463687150838,0.055865921787709494,0.1005586592178771,0.24581005586592178,0.2569832402234637,0.31843575418994413
