var1,var2,var3,var4,var5,var6
0.015503875968992248,0.046511627906976744,0.14728682170542637,0.2248062015503876,0.24806201550387597,0.3178294573643411
