var1,var2,var3,var4,var5,var6
0.0440251572327044,0.0880503144654088,0.15723270440251572,0.18867924528301888,0.20754716981132076,0.31446540880503143
