var1,var2,var3,var4,var5,var6
0.059602649006622516,0.0728476821192053,0.08609271523178808,0.16556291390728478,0.24503311258278146,0.3708609271523179
