var1,var2,var3,var4,var5,var6
0.022988505747126436,0.05363984674329502,0.18007662835249041,0.19540229885057472,0.25287356321839083,0.2950191570881226
