var1,var2,var3,var4,var5,var6
0.03278688524590164,0.06557377049180328,0.13114754098360656,0.18032786885245902,0.28415300546448086,0.30601092896174864
