var1,var2,var3,var4,var5,var6
0.031055900621118012,0.08074534161490683,0.09937888198757763,0.17391304347826086,0.2484472049689441,0.36645962732919257
