var1,var2,var3,var4,var5,var6
0.047244094488188976,0.07874015748031496,0.09448818897637795,0.11023622047244094,0.2440944881889764,0.4251968503937008
