var1,var2,var3,var4,var5,var6
0.013422818791946308,0.08053691275167785,0.12751677852348994,0.174496644295302,0.22818791946308725,0.37583892617449666
