var1,var2,var3,var4,var5,var6
0.015037593984962405,0.07518796992481203,0.15037593984962405,0.17293233082706766,0.2706766917293233,0.3157894736842105
