var1,var2,var3,var4,var5,var6
0.0851063829787234,0.10638297872340426,0.11347517730496454,0.14184397163120568,0.15602836879432624,0.3971631205673759
