var1,var2,var3,var4,var5,var6
0.04201680672268908,0.05042016806722689,0.058823529411764705,0.15966386554621848,0.18487394957983194,0.5042016806722689
