var1,var2,var3,var4,var5,var6
0.02877697841726619,0.03597122302158273,0.12949640287769784,0.17266187050359713,0.2589928057553957,0.37410071942446044
