var1,var2,var3,var4,var5,var6
0.023622047244094488,0.07874015748031496,0.12598425196850394,0.15748031496062992,0.2204724409448819,0.3937007874015748
