var1,var2,var3,var4,var5,var6
0.07518796992481203,0.11278195488721804,0.12030075187969924,0.16541353383458646,0.2556390977443609,0.2706766917293233
