var1,var2,var3,var4,var5,var6
0.012738853503184714,0.050955414012738856,0.1592356687898089,0.20382165605095542,0.22929936305732485,0.34394904458598724
