var1,var2,var3,var4,var5,var6
0.01910828025477707,0.07643312101910828,0.10191082802547771,0.11464968152866242,0.3184713375796178,0.36942675159235666
