var1,var2,var3,var4,var5,var6
0.02127659574468085,0.11347517730496454,0.1702127659574468,0.19858156028368795,0.22695035460992907,0.2695035460992908
