var1,var2,var3,var4,var5,var6
0.10559006211180125,0.11801242236024845,0.14285714285714285,0.18012422360248448,0.19875776397515527,0.2546583850931677
