var1,var2,var3,var4,var5,var6
0.02666666666666667,0.08,0.09333333333333334,0.14222222222222222,0.32,0.3377777777777778
