var1,var2,var3,var4,var5,var6
0.0213903743315508,0.11764705882352941,0.1497326203208556,0.21390374331550802,0.2192513368983957,0.27807486631016043
