var1,var2,var3,var4,var5,var6
0.09036144578313253,0.10843373493975904,0.12650602409638553,0.15060240963855423,0.1927710843373494,0.3313253012048193
