var1,var2,var3,var4,var5,var6
0.11834319526627218,0.14201183431952663,0.15384615384615385,0.16568047337278108,0.1952662721893491,0.22485207100591717
