var1,var2,var3,var4,var5,var6
0.06451612903225806,0.07741935483870968,0.0967741935483871,0.15483870967741936,0.24516129032258063,0.36129032258064514
