var1,var2,var3,var4,var5,var6
0.03333333333333333,0.09166666666666666,0.15833333333333333,0.18333333333333332,0.2,0.3333333333333333
