var1,var2,var3,var4,var5,var6
0.08135593220338982,0.13559322033898305,0.15254237288135594,0.1694915254237288,0.19661016949152543,0.26440677966101694
