var1,var2,var3,var4,var5,var6
0.062111801242236024,0.06832298136645963,0.08074534161490683,0.18012422360248448,0.2919254658385093,0.3167701863354037
