var1,var2,var3,var4,var5,var6
0.027777777777777776,0.09027777777777778,0.10416666666666667,0.1597222222222222,0.2847222222222222,0.3333333333333333
