var1,var2,var3,var4,var5,var6
0.05179282868525897,0.09163346613545817,0.11553784860557768,0.1394422310756972,0.2908366533864542,0.3107569721115538
