var1,var2,var3,var4,var5,var6
0.1065989847715736,0.1218274111675127,0.16243654822335024,0.17258883248730963,0.18274111675126903,0.25380710659898476
