var1,var2,var3,var4,var5,var6
0.0641025641025641,0.07692307692307693,0.10897435897435898,0.21794871794871795,0.2564102564102564,0.27564102564102566
