var1,var2,var3,var4,var5,var6
0.023668639053254437,0.10059171597633136,0.14792899408284024,0.17751479289940827,0.24260355029585798,0.3076923076923077
