var1,var2,var3,var4,var5,var6
0.03636363636363636,0.10909090909090909,0.12727272727272726,0.15757575757575756,0.21818181818181817,0.3515151515151515
