var1,var2,var3,var4,var5,var6
0.04201680672268908,0.05042016806722689,0.10084033613445378,0.2184873949579832,0.2857142857142857,0.3025210084033613
