var1,var2,var3,var4,var5,var6
0.015503875968992248,0.06201550387596899,0.09302325581395349,0.16279069767441862,0.21705426356589147,0.4496124031007752
