var1,var2,var3,var4,var5,var6
0.016216216216216217,0.07567567567567568,0.11891891891891893,0.14054054054054055,0.20540540540540542,0.44324324324324327
