var1,var2,var3,var4,var5,var6
0.05555555555555555,0.07407407407407407,0.1111111111111111,0.19135802469135801,0.2037037037037037,0.36419753086419754
