var1,var2,var3,var4,var5,var6
0.04142011834319527,0.05917159763313609,0.09467455621301775,0.11834319526627218,0.2781065088757396,0.40828402366863903
