var1,var2,var3,var4,var5,var6
0.025423728813559324,0.05084745762711865,0.059322033898305086,0.211864406779661,0.2542372881355932,0.3983050847457627
