var1,var2,var3,var4,var5,var6
0.04371584699453552,0.07650273224043716,0.16393442622950818,0.18579234972677597,0.23497267759562843,0.29508196721311475
