var1,var2,var3,var4,var5,var6
0.016597510373443983,0.07883817427385892,0.12448132780082988,0.2074688796680498,0.27385892116182575,0.2987551867219917
