var1,var2,var3,var4,var5,var6
0.01775147928994083,0.08284023668639054,0.17751479289940827,0.1893491124260355,0.23668639053254437,0.2958579881656805
