var1,var2,var3,var4,var5,var6
0.027932960893854747,0.1340782122905028,0.15083798882681565,0.18435754189944134,0.22346368715083798,0.27932960893854747
