var1,var2,var3,var4,var5,var6
0.043795620437956206,0.08759124087591241,0.10218978102189781,0.12408759124087591,0.26277372262773724,0.3795620437956204
