var1,var2,var3,var4,var5,var6
0.019736842105263157,0.05263157894736842,0.06578947368421052,0.21710526315789475,0.27631578947368424,0.3684210526315789
