var1,var2,var3,var4,var5,var6
0.07262569832402235,0.1005586592178771,0.1340782122905028,0.1564245810055866,0.2122905027932961,0.3240223463687151
