var1,var2,var3,var4,var5,var6
0.05755395683453238,0.07913669064748201,0.08633093525179857,0.11510791366906475,0.26618705035971224,0.39568345323741005
