var1,var2,var3,var4,var5,var6
0.015706806282722512,0.12041884816753927,0.16230366492146597,0.193717277486911,0.21465968586387435,0.2931937172774869
