var1,var2,var3,var4,var5,var6
0.05641025641025641,0.08717948717948718,0.13333333333333333,0.2,0.24102564102564103,0.28205128205128205
