var1,var2,var3,var4,var5,var6
0.015625,0.125,0.171875,0.19270833333333334,0.21875,0.2760416666666667
