var1,var2,var3,var4,var5,var6
0.041025641025641026,0.09230769230769231,0.1641025641025641,0.17435897435897435,0.21025641025641026,0.31794871794871793
