var1,var2,var3,var4,var5,var6
0.05660377358490566,0.14622641509433962,0.15566037735849056,0.1792452830188679,0.22169811320754718,0.24056603773584906
