var1,var2,var3,var4,var5,var6
0.008130081300813009,0.032520325203252036,0.16260162601626016,0.21138211382113822,0.2601626016260163,0.3252032520325203
