var1,var2,var3,var4,var5,var6
0.017064846416382253,0.08873720136518772,0.14334470989761092,0.18430034129692832,0.2525597269624573,0.31399317406143346
