var1,var2,var3,var4,var5,var6
0.013793103448275862,0.04827586206896552,0.1103448275862069,0.13793103448275862,0.30344827586206896,0.38620689655172413
