var1,var2,var3,var4,var5,var6
0.025423728813559324,0.13983050847457626,0.1483050847457627,0.2076271186440678,0.22033898305084745,0.2584745762711864
