var1,var2,var3,var4,var5,var6
0.04477611940298507,0.1044776119402985,0.12935323383084577,0.1691542288557214,0.26865671641791045,0.2835820895522388
