var1,var2,var3,var4,var5,var6
0.06341463414634146,0.08780487804878048,0.14146341463414633,0.18536585365853658,0.25365853658536586,0.2682926829268293
