var1,var2,var3,var4,var5,var6
0.06511627906976744,0.08372093023255814,0.10232558139534884,0.22325581395348837,0.24651162790697675,0.27906976744186046
