var1,var2,var3,var4,var5,var6
0.046511627906976744,0.06201550387596899,0.07751937984496124,0.20155038759689922,0.2558139534883721,0.35658914728682173
