var1,var2,var3,var4,var5,var6
0.06293706293706294,0.11188811188811189,0.14685314685314685,0.16083916083916083,0.23776223776223776,0.27972027972027974
