var1,var2,var3,var4,var5,var6
0.06837606837606838,0.10256410256410256,0.11965811965811966,0.13675213675213677,0.1794871794871795,0.39316239316239315
