var1,var2,var3,var4,var5,var6
0.025974025974025976,0.09090909090909091,0.12987012987012986,0.2077922077922078,0.2683982683982684,0.27705627705627706
