var1,var2,var3,var4,var5,var6
0.029411764705882353,0.041176470588235294,0.11176470588235295,0.21176470588235294,0.23529411764705882,0.37058823529411766
