var1,var2,var3,var4,var5,var6
0.07692307692307693,0.10256410256410256,0.11282051282051282,0.1641025641025641,0.20512820512820512,0.3384615384615385
