var1,var2,var3,var4,var5,var6
0.03007518796992481,0.07518796992481203,0.09022556390977443,0.14285714285714285,0.24060150375939848,0.42105263157894735
