var1,var2,var3,var4,var5,var6
0.012578616352201259,0.0880503144654088,0.13836477987421383,0.20125786163522014,0.24528301886792453,0.31446540880503143
