var1,var2,var3,var4,var5,var6
0.06341463414634146,0.12195121951219512,0.16585365853658537,0.1951219512195122,0.21951219512195122,0.23414634146341465
