var1,var2,var3,var4,var5,var6
0.07335907335907337,0.10810810810810811,0.12355212355212356,0.19305019305019305,0.22393822393822393,0.277992277992278
