var1,var2,var3,var4,var5,var6
0.062146892655367235,0.096045197740113,0.14689265536723164,0.21468926553672316,0.22033898305084745,0.2598870056497175
