var1,var2,var3,var4,var5,var6
0.046875,0.0703125,0.109375,0.140625,0.21875,0.4140625
