var1,var2,var3,var4,var5,var6
0.022857142857142857,0.10857142857142857,0.13714285714285715,0.15428571428571428,0.2571428571428571,0.32
