var1,var2,var3,var4,var5,var6
0.031055900621118012,0.062111801242236024,0.08074534161490683,0.2236024844720497,0.2795031055900621,0.32298136645962733
