var1,var2,var3,var4,var5,var6
0.09655172413793103,0.1310344827586207,0.14482758620689656,0.15172413793103448,0.20689655172413793,0.2689655172413793
