var1,var2,var3,var4,var5,var6
0.06206896551724138,0.06896551724137931,0.15172413793103448,0.16551724137931034,0.2620689655172414,0.2896551724137931
