var1,var2,var3,var4,var5,var6
0.050314465408805034,0.08176100628930817,0.11320754716981132,0.20125786163522014,0.2138364779874214,0.33962264150943394
