var1,var2,var3,var4,var5,var6
0.03783783783783784,0.12432432432432433,0.14054054054054055,0.1891891891891892,0.23783783783783785,0.2702702702702703
