var1,var2,var3,var4,var5,var6
0.027210884353741496,0.061224489795918366,0.1360544217687075,0.19047619047619047,0.272108843537415,0.3129251700680272
