var1,var2,var3,var4,var5,var6
0.04790419161676647,0.059880239520958084,0.08383233532934131,0.17964071856287425,0.19760479041916168,0.4311377245508982
