var1,var2,var3,var4,var5,var6
0.03636363636363636,0.07272727272727272,0.18181818181818182,0.20606060606060606,0.23030303030303031,0.2727272727272727
