var1,var2,var3,var4,var5,var6
0.05909090909090909,0.09090909090909091,0.1318181818181818,0.18181818181818182,0.19545454545454546,0.3409090909090909
