var1,var2,var3,var4,var5,var6
0.046511627906976744,0.08527131782945736,0.09302325581395349,0.10852713178294573,0.29457364341085274,0.37209302325581395
