var1,var2,var3,var4,var5,var6
0.06936416184971098,0.08092485549132948,0.10982658959537572,0.12716763005780346,0.2543352601156069,0.3583815028901734
