var1,var2,var3,var4,var5,var6
0.04184100418410042,0.07531380753138076,0.09623430962343096,0.12552301255230125,0.2594142259414226,0.401673640167364
