var1,var2,var3,var4,var5,var6
0.041666666666666664,0.14285714285714285,0.16071428571428573,0.17857142857142858,0.23214285714285715,0.24404761904761904
