var1,var2,var3,var4,var5,var6
0.05622489959839357,0.14457831325301204,0.1646586345381526,0.1927710843373494,0.20883534136546184,0.23293172690763053
