var1,var2,var3,var4,var5,var6
0.015384615384615385,0.05384615384615385,0.13846153846153847,0.16153846153846155,0.2230769230769231,0.4076923076923077
