var1,var2,var3,var4,var5,var6
0.014814814814814815,0.11851851851851852,0.1259259259259259,0.2074074074074074,0.23703703703703705,0.2962962962962963
