var1,var2,var3,var4,var5,var6
0.05405405405405406,0.10810810810810811,0.17297297297297298,0.2,0.21621621621621623,0.24864864864864866
