var1,var2,var3,var4,var5,var6
0.03508771929824561,0.08187134502923976,0.13450292397660818,0.17543859649122806,0.1871345029239766,0.38596491228070173
