var1,var2,var3,var4,var5,var6
0.016483516483516484,0.06043956043956044,0.1043956043956044,0.19230769230769232,0.25824175824175827,0.36813186813186816
