var1,var2,var3,var4,var5,var6
0.04524886877828054,0.05429864253393665,0.11764705882352941,0.14479638009049775,0.31221719457013575,0.3257918552036199
