var1,var2,var3,var4,var5,var6
0.06435643564356436,0.08415841584158416,0.10396039603960396,0.15841584158415842,0.2871287128712871,0.30198019801980197
