var1,var2,var3,var4,var5,var6
0.03870967741935484,0.05161290322580645,0.11612903225806452,0.16129032258064516,0.21935483870967742,0.4129032258064516
