var1,var2,var3,var4,var5,var6
0.058577405857740586,0.06694560669456066,0.08368200836820083,0.1087866108786611,0.32217573221757323,0.3598326359832636
