var1,var2,var3,var4,var5,var6
0.02185792349726776,0.08196721311475409,0.14754098360655737,0.2185792349726776,0.2568306010928962,0.273224043715847
