var1,var2,var3,var4,var5,var6
0.018633540372670808,0.049689440993788817,0.15527950310559005,0.2111801242236025,0.2360248447204969,0.32919254658385094
