var1,var2,var3,var4,var5,var6
0.041474654377880185,0.09216589861751152,0.1152073732718894,0.12903225806451613,0.28110599078341014,0.34101382488479265
