var1,var2,var3,var4,var5,var6
0.1079136690647482,0.11510791366906475,0.1223021582733813,0.15827338129496402,0.17985611510791366,0.31654676258992803
