var1,var2,var3,var4,var5,var6
0.031007751937984496,0.06201550387596899,0.15503875968992248,0.20930232558139536,0.26356589147286824,0.27906976744186046
