var1,var2,var3,var4,var5,var6
0.025906735751295335,0.11398963730569948,0.12953367875647667,0.19170984455958548,0.22797927461139897,0.31088082901554404
