var1,var2,var3,var4,var5,var6
0.04580152671755725,0.10687022900763359,0.16030534351145037,0.21374045801526717,0.22900763358778625,0.24427480916030533
