var1,var2,var3,var4,var5,var6
0.03278688524590164,0.13114754098360656,0.15300546448087432,0.20218579234972678,0.2185792349726776,0.26229508196721313
