var1,var2,var3,var4,var5,var6
0.08648648648648649,0.0972972972972973,0.14054054054054055,0.16756756756756758,0.21621621621621623,0.2918918918918919
