var1,var2,var3,var4,var5,var6
0.03773584905660377,0.0660377358490566,0.12264150943396226,0.20754716981132076,0.2169811320754717,0.3490566037735849
