var1,var2,var3,var4,var5,var6
0.04580152671755725,0.10687022900763359,0.13740458015267176,0.1450381679389313,0.16793893129770993,0.3969465648854962
