var1,var2,var3,var4,var5,var6
0.04964539007092199,0.0851063829787234,0.12056737588652482,0.14184397163120568,0.14893617021276595,0.45390070921985815
