var1,var2,var3,var4,var5,var6
0.08670520231213873,0.10404624277456648,0.1329479768786127,0.16184971098265896,0.23121387283236994,0.2832369942196532
