var1,var2,var3,var4,var5,var6
0.012578616352201259,0.0440251572327044,0.11320754716981132,0.2389937106918239,0.2641509433962264,0.3270440251572327
