var1,var2,var3,var4,var5,var6
0.02702702702702703,0.06486486486486487,0.14054054054054055,0.21621621621621623,0.22702702702702704,0.32432432432432434
