var1,var2,var3,var4,var5,var6
0.011428571428571429,0.13714285714285715,0.17142857142857143,0.19428571428571428,0.2342857142857143,0.25142857142857145
