var1,var2,var3,var4,var5,var6
0.055865921787709494,0.0782122905027933,0.12290502793296089,0.17318435754189945,0.2681564245810056,0.3016759776536313
