var1,var2,var3,var4,var5,var6
0.020512820512820513,0.06666666666666667,0.12307692307692308,0.2153846153846154,0.26666666666666666,0.3076923076923077
