var1,var2,var3,var4,var5,var6
0.049586776859504134,0.09090909090909091,0.12396694214876033,0.1322314049586777,0.2892561983471074,0.3140495867768595
