var1,var2,var3,var4,var5,var6
0.06349206349206349,0.10582010582010581,0.14285714285714285,0.15873015873015872,0.19047619047619047,0.3386243386243386
