var1,var2,var3,var4,var5,var6
0.0440251572327044,0.07547169811320754,0.1069182389937107,0.23270440251572327,0.25157232704402516,0.2893081761006289
