var1,var2,var3,var4,var5,var6
0.029556650246305417,0.04926108374384237,0.1724137931034483,0.18226600985221675,0.2660098522167488,0.30049261083743845
