var1,var2,var3,var4,var5,var6
0.05309734513274336,0.07964601769911504,0.12389380530973451,0.23008849557522124,0.24778761061946902,0.26548672566371684
