var1,var2,var3,var4,var5,var6
0.019138755980861243,0.06698564593301436,0.10047846889952153,0.15311004784688995,0.3157894736842105,0.3444976076555024
