var1,var2,var3,var4,var5,var6
0.01910828025477707,0.06369426751592357,0.11464968152866242,0.16560509554140126,0.2229299363057325,0.4140127388535032
