var1,var2,var3,var4,var5,var6
0.07729468599033816,0.12077294685990338,0.17391304347826086,0.18357487922705315,0.21256038647342995,0.2318840579710145
