var1,var2,var3,var4,var5,var6
0.014925373134328358,0.06467661691542288,0.14427860696517414,0.1890547263681592,0.24875621890547264,0.3383084577114428
