var1,var2,var3,var4,var5,var6
0.04371584699453552,0.060109289617486336,0.18579234972677597,0.19672131147540983,0.2185792349726776,0.29508196721311475
