var1,var2,var3,var4,var5,var6
0.0670391061452514,0.1340782122905028,0.1564245810055866,0.1787709497206704,0.18435754189944134,0.27932960893854747
