var1,var2,var3,var4,var5,var6
0.03067484662576687,0.049079754601226995,0.1411042944785276,0.2085889570552147,0.26380368098159507,0.3067484662576687
