var1,var2,var3,var4,var5,var6
0.07772020725388601,0.09844559585492228,0.14507772020725387,0.17098445595854922,0.23316062176165803,0.27461139896373055
