var1,var2,var3,var4,var5,var6
0.10426540284360189,0.13270142180094788,0.15165876777251186,0.16113744075829384,0.21800947867298578,0.23222748815165878
