var1,var2,var3,var4,var5,var6
0.07106598984771574,0.08121827411167512,0.16751269035532995,0.18274111675126903,0.20304568527918782,0.29441624365482233
