var1,var2,var3,var4,var5,var6
0.02127659574468085,0.05673758865248227,0.09929078014184398,0.1276595744680851,0.2907801418439716,0.40425531914893614
