var1,var2,var3,var4,var5,var6
0.023391812865497075,0.05847953216374269,0.0935672514619883,0.16374269005847952,0.28654970760233917,0.3742690058479532
