var1,var2,var3,var4,var5,var6
0.018779342723004695,0.0892018779342723,0.14084507042253522,0.20657276995305165,0.2535211267605634,0.29107981220657275
