var1,var2,var3,var4,var5,var6
0.05517241379310345,0.09655172413793103,0.15862068965517243,0.16551724137931034,0.2482758620689655,0.27586206896551724
