var1,var2,var3,var4,var5,var6
0.0670391061452514,0.0782122905027933,0.1005586592178771,0.17318435754189945,0.2122905027932961,0.3687150837988827
