var1,var2,var3,var4,var5,var6
0.018404907975460124,0.06748466257668712,0.1165644171779141,0.2331288343558282,0.26993865030674846,0.294478527607362
