var1,var2,var3,var4,var5,var6
0.034934497816593885,0.09606986899563319,0.1091703056768559,0.19213973799126638,0.2096069868995633,0.35807860262008734
