var1,var2,var3,var4,var5,var6
0.10795454545454546,0.11931818181818182,0.13636363636363635,0.17613636363636365,0.19886363636363635,0.26136363636363635
