var1,var2,var3,var4,var5,var6
0.022222222222222223,0.06666666666666667,0.13333333333333333,0.1925925925925926,0.24444444444444444,0.34074074074074073
