var1,var2,var3,var4,var5,var6
0.08888888888888889,0.12444444444444444,0.16,0.19111111111111112,0.20444444444444446,0.2311111111111111
