var1,var2,var3,var4,var5,var6
0.04895104895104895,0.06993006993006994,0.08391608391608392,0.1258741258741259,0.2867132867132867,0.38461538461538464
