var1,var2,var3,var4,var5,var6
0.023622047244094488,0.07086614173228346,0.10236220472440945,0.16535433070866143,0.2283464566929134,0.4094488188976378
