var1,var2,var3,var4,var5,var6
0.02962962962962963,0.11851851851851852,0.14074074074074075,0.16296296296296298,0.2222222222222222,0.32592592592592595
