var1,var2,var3,var4,var5,var6
0.04419889502762431,0.06629834254143646,0.10497237569060773,0.13259668508287292,0.2983425414364641,0.35359116022099446
