var1,var2,var3,var4,var5,var6
0.028901734104046242,0.10982658959537572,0.14450867052023122,0.15028901734104047,0.21965317919075145,0.3468208092485549
