var1,var2,var3,var4,var5,var6
0.08376963350785341,0.10471204188481675,0.14136125654450263,0.16753926701570682,0.18324607329842932,0.3193717277486911
