var1,var2,var3,var4,var5,var6
0.04794520547945205,0.07534246575342465,0.10273972602739725,0.136986301369863,0.2328767123287671,0.4041095890410959
