var1,var2,var3,var4,var5,var6
0.027149321266968326,0.11312217194570136,0.12217194570135746,0.19004524886877827,0.2669683257918552,0.28054298642533937
