var1,var2,var3,var4,var5,var6
0.06369426751592357,0.08280254777070063,0.14012738853503184,0.18471337579617833,0.22929936305732485,0.29936305732484075
