var1,var2,var3,var4,var5,var6
0.03821656050955414,0.05732484076433121,0.07643312101910828,0.16560509554140126,0.17834394904458598,0.4840764331210191
