var1,var2,var3,var4,var5,var6
0.022099447513812154,0.08287292817679558,0.15469613259668508,0.19889502762430938,0.26519337016574585,0.27624309392265195
