var1,var2,var3,var4,var5,var6
0.03932584269662921,0.07865168539325842,0.1348314606741573,0.20786516853932585,0.21910112359550563,0.3202247191011236
