var1,var2,var3,var4,var5,var6
0.017543859649122806,0.04678362573099415,0.0935672514619883,0.2222222222222222,0.23391812865497075,0.38596491228070173
