var1,var2,var3,var4,var5,var6
0.020833333333333332,0.125,0.16666666666666666,0.2013888888888889,0.22916666666666666,0.2569444444444444
