var1,var2,var3,var4,var5,var6
0.021621621621621623,0.0918918918918919,0.12972972972972974,0.22702702702702704,0.23783783783783785,0.2918918918918919
