var1,var2,var3,var4,var5,var6
0.044444444444444446,0.14222222222222222,0.16,0.2,0.2222222222222222,0.2311111111111111
