var1,var2,var3,var4,var5,var6
0.04861111111111111,0.0763888888888889,0.13194444444444445,0.16666666666666666,0.1875,0.3888888888888889
