var1,var2,var3,var4,var5,var6
0.03125,0.0625,0.10625,0.225,0.2625,0.3125
