var1,var2,var3,var4,var5,var6
0.02074688796680498,0.07468879668049792,0.11618257261410789,0.1991701244813278,0.22406639004149378,0.3651452282157676
