var1,var2,var3,var4,var5,var6
0.03680981595092025,0.11042944785276074,0.1411042944785276,0.20245398773006135,0.24539877300613497,0.26380368098159507
