var1,var2,var3,var4,var5,var6
0.08092485549132948,0.09826589595375723,0.12716763005780346,0.17341040462427745,0.18497109826589594,0.3352601156069364
