var1,var2,var3,var4,var5,var6
0.03361344537815126,0.04201680672268908,0.10084033613445378,0.20168067226890757,0.25210084033613445,0.3697478991596639
