var1,var2,var3,var4,var5,var6
0.020618556701030927,0.07216494845360824,0.10309278350515463,0.16494845360824742,0.20618556701030927,0.4329896907216495
