var1,var2,var3,var4,var5,var6
0.07407407407407407,0.08888888888888889,0.1259259259259259,0.14814814814814814,0.26666666666666666,0.2962962962962963
