var1,var2,var3,var4,var5,var6
0.011049723756906077,0.12154696132596685,0.14917127071823205,0.20994475138121546,0.23204419889502761,0.27624309392265195
