var1,var2,var3,var4,var5,var6
0.016260162601626018,0.0975609756097561,0.12195121951219512,0.14634146341463414,0.21138211382113822,0.4065040650406504
