var1,var2,var3,var4,var5,var6
0.04201680672268908,0.10084033613445378,0.1092436974789916,0.13445378151260504,0.15966386554621848,0.453781512605042
