var1,var2,var3,var4,var5,var6
0.07272727272727272,0.09696969696969697,0.16363636363636364,0.18181818181818182,0.21818181818181817,0.26666666666666666
