var1,var2,var3,var4,var5,var6
0.09239130434782608,0.10869565217391304,0.1358695652173913,0.14673913043478262,0.1956521739130435,0.32065217391304346
