var1,var2,var3,var4,var5,var6
0.050314465408805034,0.06289308176100629,0.13836477987421383,0.15723270440251572,0.27672955974842767,0.31446540880503143
