var1,var2,var3,var4,var5,var6
0.047619047619047616,0.10714285714285714,0.13095238095238096,0.19444444444444445,0.25,0.2698412698412698
