var1,var2,var3,var4,var5,var6
0.04065040650406504,0.07317073170731707,0.08130081300813008,0.2032520325203252,0.2926829268292683,0.3089430894308943
