var1,var2,var3,var4,var5,var6
0.0972972972972973,0.10810810810810811,0.13513513513513514,0.1837837837837838,0.21621621621621623,0.2594594594594595
