var1,var2,var3,var4,var5,var6
0.05982905982905983,0.08547008547008547,0.10256410256410256,0.17094017094017094,0.1794871794871795,0.4017094017094017
