var1,var2,var3,var4,var5,var6
0.05384615384615385,0.11538461538461539,0.17692307692307693,0.18461538461538463,0.2153846153846154,0.25384615384615383
