var1,var2,var3,var4,var5,var6
0.035897435897435895,0.1282051282051282,0.14358974358974358,0.18461538461538463,0.24102564102564103,0.26666666666666666
