var1,var2,var3,var4,var5,var6
0.06956521739130435,0.11304347826086956,0.1391304347826087,0.17391304347826086,0.22608695652173913,0.2782608695652174
