var1,var2,var3,var4,var5,var6
0.024539877300613498,0.05521472392638037,0.17177914110429449,0.2085889570552147,0.24539877300613497,0.294478527607362
