var1,var2,var3,var4,var5,var6
0.029411764705882353,0.12352941176470589,0.1411764705882353,0.18235294117647058,0.2235294117647059,0.3
