var1,var2,var3,var4,var5,var6
0.03980099502487562,0.07462686567164178,0.1791044776119403,0.19900497512437812,0.208955223880597,0.29850746268656714
