var1,var2,var3,var4,var5,var6
0.04477611940298507,0.05970149253731343,0.08208955223880597,0.20149253731343283,0.23134328358208955,0.3805970149253731
