var1,var2,var3,var4,var5,var6
0.035555555555555556,0.08444444444444445,0.12444444444444444,0.17777777777777778,0.2577777777777778,0.32
