var1,var2,var3,var4,var5,var6
0.06818181818181818,0.11363636363636363,0.13636363636363635,0.1590909090909091,0.23484848484848486,0.2878787878787879
