var1,var2,var3,var4,var5,var6
0.08121827411167512,0.13705583756345177,0.15228426395939088,0.18274111675126903,0.20304568527918782,0.2436548223350254
