var1,var2,var3,var4,var5,var6
0.022857142857142857,0.10285714285714286,0.11428571428571428,0.17142857142857143,0.2571428571428571,0.3314285714285714
