var1,var2,var3,var4,var5,var6
0.06965174129353234,0.08955223880597014,0.17412935323383086,0.19900497512437812,0.208955223880597,0.25870646766169153
