var1,var2,var3,var4,var5,var6
0.030456852791878174,0.050761421319796954,0.17258883248730963,0.18781725888324874,0.27411167512690354,0.28426395939086296
