var1,var2,var3,var4,var5,var6
0.034013605442176874,0.10884353741496598,0.1360544217687075,0.16326530612244897,0.20408163265306123,0.35374149659863946
