var1,var2,var3,var4,var5,var6
0.024844720496894408,0.037267080745341616,0.08695652173913043,0.15527950310559005,0.2360248447204969,0.45962732919254656
