var1,var2,var3,var4,var5,var6
0.015503875968992248,0.06201550387596899,0.14728682170542637,0.20155038759689922,0.23255813953488372,0.34108527131782945
