var1,var2,var3,var4,var5,var6
0.0783132530120482,0.09036144578313253,0.10240963855421686,0.21686746987951808,0.23493975903614459,0.27710843373493976
