var1,var2,var3,var4,var5,var6
0.08284023668639054,0.10650887573964497,0.1301775147928994,0.14792899408284024,0.17751479289940827,0.35502958579881655
