var1,var2,var3,var4,var5,var6
0.0457516339869281,0.05228758169934641,0.1830065359477124,0.19607843137254902,0.2222222222222222,0.3006535947712418
