var1,var2,var3,var4,var5,var6
0.05405405405405406,0.0918918918918919,0.15135135135135136,0.1837837837837838,0.22702702702702704,0.2918918918918919
