var1,var2,var3,var4,var5,var6
0.00816326530612245,0.04897959183673469,0.12653061224489795,0.18775510204081633,0.27755102040816326,0.3510204081632653
