var1,var2,var3,var4,var5,var6
0.08866995073891626,0.12315270935960591,0.1477832512315271,0.19704433497536947,0.21674876847290642,0.22660098522167488
