var1,var2,var3,var4,var5,var6
0.014598540145985401,0.058394160583941604,0.15328467153284672,0.20437956204379562,0.23357664233576642,0.3357664233576642
