var1,var2,var3,var4,var5,var6
0.05970149253731343,0.09950248756218906,0.10945273631840796,0.20398009950248755,0.24875621890547264,0.27860696517412936
