var1,var2,var3,var4,var5,var6
0.03056768558951965,0.07860262008733625,0.10480349344978165,0.14847161572052403,0.2183406113537118,0.4192139737991266
