var1,var2,var3,var4,var5,var6
0.09826589595375723,0.10404624277456648,0.15028901734104047,0.18497109826589594,0.21965317919075145,0.24277456647398843
