var1,var2,var3,var4,var5,var6
0.03347280334728033,0.07531380753138076,0.13389121338912133,0.1506276150627615,0.25523012552301255,0.3514644351464435
