var1,var2,var3,var4,var5,var6
0.0970464135021097,0.10970464135021098,0.1350210970464135,0.1518987341772152,0.22784810126582278,0.27848101265822783
