var1,var2,var3,var4,var5,var6
0.031055900621118012,0.09937888198757763,0.13664596273291926,0.14285714285714285,0.21739130434782608,0.37267080745341613
