var1,var2,var3,var4,var5,var6
0.03592814371257485,0.08982035928143713,0.09580838323353294,0.20359281437125748,0.2275449101796407,0.3473053892215569
