var1,var2,var3,var4,var5,var6
0.10967741935483871,0.12258064516129032,0.12903225806451613,0.14838709677419354,0.2064516129032258,0.2838709677419355
