var1,var2,var3,var4,var5,var6
0.034482758620689655,0.05517241379310345,0.13793103448275862,0.14482758620689656,0.18620689655172415,0.4413793103448276
