var1,var2,var3,var4,var5,var6
0.01935483870967742,0.025806451612903226,0.16774193548387098,0.21935483870967742,0.23225806451612904,0.33548387096774196
