var1,var2,var3,var4,var5,var6
0.07751937984496124,0.09302325581395349,0.10852713178294573,0.15503875968992248,0.2713178294573643,0.29457364341085274
