var1,var2,var3,var4,var5,var6
0.02702702702702703,0.07567567567567568,0.08648648648648649,0.1945945945945946,0.23783783783783785,0.3783783783783784
