var1,var2,var3,var4,var5,var6
0.038461538461538464,0.04807692307692308,0.09615384615384616,0.15384615384615385,0.2692307692307692,0.3942307692307692
