var1,var2,var3,var4,var5,var6
0.01680672268907563,0.05042016806722689,0.10084033613445378,0.14285714285714285,0.2184873949579832,0.47058823529411764
