var1,var2,var3,var4,var5,var6
0.03550295857988166,0.09467455621301775,0.13609467455621302,0.15384615384615385,0.23668639053254437,0.3431952662721893
