var1,var2,var3,var4,var5,var6
0.036231884057971016,0.057971014492753624,0.15217391304347827,0.1956521739130435,0.2246376811594203,0.3333333333333333
