var1,var2,var3,var4,var5,var6
0.024154589371980676,0.057971014492753624,0.13043478260869565,0.20772946859903382,0.27053140096618356,0.30917874396135264
