var1,var2,var3,var4,var5,var6
0.026143790849673203,0.06535947712418301,0.1503267973856209,0.1568627450980392,0.26143790849673204,0.33986928104575165
