var1,var2,var3,var4,var5,var6
0.033707865168539325,0.0449438202247191,0.0898876404494382,0.1797752808988764,0.29213483146067415,0.3595505617977528
