var1,var2,var3,var4,var5,var6
0.06572769953051644,0.08450704225352113,0.1784037558685446,0.20187793427230047,0.2112676056338028,0.25821596244131456
