var1,var2,var3,var4,var5,var6
0.04065040650406504,0.08130081300813008,0.11382113821138211,0.14634146341463414,0.24390243902439024,0.37398373983739835
