var1,var2,var3,var4,var5,var6
0.07017543859649122,0.10526315789473684,0.12280701754385964,0.14035087719298245,0.23391812865497075,0.32748538011695905
