var1,var2,var3,var4,var5,var6
0.01744186046511628,0.046511627906976744,0.14534883720930233,0.21511627906976744,0.22674418604651161,0.3488372093023256
