var1,var2,var3,var4,var5,var6
0.061946902654867256,0.12389380530973451,0.1415929203539823,0.17699115044247787,0.21238938053097345,0.2831858407079646
