var1,var2,var3,var4,var5,var6
0.043689320388349516,0.07281553398058252,0.11165048543689321,0.16019417475728157,0.23786407766990292,0.3737864077669903
