var1,var2,var3,var4,var5,var6
0.034482758620689655,0.06206896551724138,0.08275862068965517,0.19310344827586207,0.2620689655172414,0.36551724137931035
