var1,var2,var3,var4,var5,var6
0.028368794326241134,0.07092198581560284,0.09219858156028368,0.14184397163120568,0.3262411347517731,0.3404255319148936
