var1,var2,var3,var4,var5,var6
0.037267080745341616,0.09316770186335403,0.10559006211180125,0.15527950310559005,0.2422360248447205,0.36645962732919257
