var1,var2,var3,var4,var5,var6
0.05106382978723404,0.11063829787234042,0.11914893617021277,0.2,0.24680851063829787,0.2723404255319149
