var1,var2,var3,var4,var5,var6
0.11299435028248588,0.13559322033898305,0.14689265536723164,0.1807909604519774,0.1977401129943503,0.22598870056497175
