var1,var2,var3,var4,var5,var6
0.06060606060606061,0.09090909090909091,0.12121212121212122,0.20202020202020202,0.24242424242424243,0.2828282828282828
