var1,var2,var3,var4,var5,var6
0.017094017094017096,0.06837606837606838,0.1282051282051282,0.17094017094017094,0.2905982905982906,0.3247863247863248
