var1,var2,var3,var4,var5,var6
0.027586206896551724,0.06206896551724138,0.1103448275862069,0.16551724137931034,0.20689655172413793,0.42758620689655175
