var1,var2,var3,var4,var5,var6
0.05263157894736842,0.12030075187969924,0.12781954887218044,0.16541353383458646,0.2556390977443609,0.2781954887218045
