var1,var2,var3,var4,var5,var6
0.04371584699453552,0.08743169398907104,0.09836065573770492,0.1092896174863388,0.31693989071038253,0.3442622950819672
