var1,var2,var3,var4,var5,var6
0.09251101321585903,0.14096916299559473,0.14977973568281938,0.16740088105726872,0.19383259911894274,0.2555066079295154
