var1,var2,var3,var4,var5,var6
0.08759124087591241,0.11678832116788321,0.13138686131386862,0.1678832116788321,0.17518248175182483,0.32116788321167883
