var1,var2,var3,var4,var5,var6
0.05084745762711865,0.12429378531073447,0.14689265536723164,0.1807909604519774,0.21468926553672316,0.2824858757062147
