var1,var2,var3,var4,var5,var6
0.029069767441860465,0.0755813953488372,0.1511627906976744,0.1686046511627907,0.2616279069767442,0.313953488372093
