var1,var2,var3,var4,var5,var6
0.10884353741496598,0.12244897959183673,0.1360544217687075,0.1564625850340136,0.20408163265306123,0.272108843537415
