var1,var2,var3,var4,var5,var6
0.037914691943127965,0.11848341232227488,0.13270142180094788,0.1895734597156398,0.20853080568720378,0.3127962085308057
