var1,var2,var3,var4,var5,var6
0.01809954751131222,0.10407239819004525,0.1493212669683258,0.18099547511312217,0.2398190045248869,0.3076923076923077
