var1,var2,var3,var4,var5,var6
0.047619047619047616,0.06802721088435375,0.10204081632653061,0.1564625850340136,0.23129251700680273,0.3945578231292517
