var1,var2,var3,var4,var5,var6
0.09090909090909091,0.12834224598930483,0.1497326203208556,0.1711229946524064,0.22459893048128343,0.23529411764705882
