var1,var2,var3,var4,var5,var6
0.022598870056497175,0.1016949152542373,0.12994350282485875,0.192090395480226,0.24858757062146894,0.3050847457627119
