var1,var2,var3,var4,var5,var6
0.08695652173913043,0.10559006211180125,0.11180124223602485,0.12422360248447205,0.2608695652173913,0.3105590062111801
