var1,var2,var3,var4,var5,var6
0.026200873362445413,0.11790393013100436,0.16593886462882096,0.20087336244541484,0.2183406113537118,0.27074235807860264
