var1,var2,var3,var4,var5,var6
0.031746031746031744,0.06349206349206349,0.1746031746031746,0.19047619047619047,0.26455026455026454,0.2751322751322751
