var1,var2,var3,var4,var5,var6
0.09929078014184398,0.10638297872340426,0.14184397163120568,0.18439716312056736,0.19858156028368795,0.2695035460992908
