var1,var2,var3,var4,var5,var6
0.023255813953488372,0.09302325581395349,0.12403100775193798,0.18604651162790697,0.24806201550387597,0.32558139534883723
