var1,var2,var3,var4,var5,var6
0.011299435028248588,0.07909604519774012,0.12994350282485875,0.1807909604519774,0.22598870056497175,0.3728813559322034
