var1,var2,var3,var4,var5,var6
0.0898876404494382,0.11797752808988764,0.1404494382022472,0.16292134831460675,0.2247191011235955,0.2640449438202247
