var1,var2,var3,var4,var5,var6
0.0379746835443038,0.10759493670886076,0.12025316455696203,0.13291139240506328,0.2848101265822785,0.31645569620253167
