var1,var2,var3,var4,var5,var6
0.02531645569620253,0.06329113924050633,0.11392405063291139,0.2088607594936709,0.25316455696202533,0.33544303797468356
