var1,var2,var3,var4,var5,var6
0.040268456375838924,0.053691275167785234,0.16778523489932887,0.20134228187919462,0.22818791946308725,0.3087248322147651
