var1,var2,var3,var4,var5,var6
0.058823529411764705,0.0784313725490196,0.09803921568627451,0.19607843137254902,0.2679738562091503,0.3006535947712418
