var1,var2,var3,var4,var5,var6
0.02654867256637168,0.035398230088495575,0.08849557522123894,0.1415929203539823,0.2743362831858407,0.4336283185840708
