var1,var2,var3,var4,var5,var6
0.02586206896551724,0.14655172413793102,0.16379310344827586,0.1810344827586207,0.21551724137931033,0.2672413793103448
