var1,var2,var3,var4,var5,var6
0.012903225806451613,0.06451612903225806,0.14193548387096774,0.16129032258064516,0.25806451612903225,0.36129032258064514
