var1,var2,var3,var4,var5,var6
0.0650887573964497,0.07100591715976332,0.11834319526627218,0.15384615384615385,0.28402366863905326,0.3076923076923077
