var1,var2,var3,var4,var5,var6
0.032432432432432434,0.07567567567567568,0.0918918918918919,0.17297297297297298,0.3027027027027027,0.32432432432432434
