var1,var2,var3,var4,var5,var6
0.05673758865248227,0.11347517730496454,0.14893617021276595,0.2127659574468085,0.22695035460992907,0.24113475177304963
