var1,var2,var3,var4,var5,var6
0.038461538461538464,0.1,0.19230769230769232,0.2,0.2230769230769231,0.24615384615384617
