var1,var2,var3,var4,var5,var6
0.0364963503649635,0.072992700729927,0.12408759124087591,0.1678832116788321,0.24817518248175183,0.35036496350364965
