var1,var2,var3,var4,var5,var6
0.06639004149377593,0.08298755186721991,0.11203319502074689,0.17427385892116182,0.26556016597510373,0.2987551867219917
