var1,var2,var3,var4,var5,var6
0.035175879396984924,0.08542713567839195,0.1507537688442211,0.18090452261306533,0.2613065326633166,0.2864321608040201
