var1,var2,var3,var4,var5,var6
0.0196078431372549,0.08333333333333333,0.1323529411764706,0.20098039215686275,0.2549019607843137,0.3088235294117647
