var1,var2,var3,var4,var5,var6
0.04419889502762431,0.09944751381215469,0.11602209944751381,0.17679558011049723,0.19889502762430938,0.36464088397790057
