var1,var2,var3,var4,var5,var6
0.03349282296650718,0.09569377990430622,0.1674641148325359,0.18181818181818182,0.23923444976076555,0.2822966507177033
