var1,var2,var3,var4,var5,var6
0.08695652173913043,0.11594202898550725,0.15942028985507245,0.17391304347826086,0.2222222222222222,0.24154589371980675
