var1,var2,var3,var4,var5,var6
0.04060913705583756,0.07106598984771574,0.1218274111675127,0.17766497461928935,0.2639593908629442,0.3248730964467005
