var1,var2,var3,var4,var5,var6
0.017937219730941704,0.07174887892376682,0.15246636771300448,0.17488789237668162,0.26905829596412556,0.31390134529147984
