var1,var2,var3,var4,var5,var6
0.0425531914893617,0.07801418439716312,0.10638297872340426,0.1347517730496454,0.2624113475177305,0.375886524822695
