var1,var2,var3,var4,var5,var6
0.02030456852791878,0.030456852791878174,0.1116751269035533,0.18274111675126903,0.29949238578680204,0.3553299492385787
