var1,var2,var3,var4,var5,var6
0.03333333333333333,0.05333333333333334,0.13333333333333333,0.19333333333333333,0.2866666666666667,0.3
