var1,var2,var3,var4,var5,var6
0.06349206349206349,0.07936507936507936,0.09523809523809523,0.20634920634920634,0.26455026455026454,0.291005291005291
