var1,var2,var3,var4,var5,var6
0.011976047904191617,0.041916167664670656,0.1437125748502994,0.19161676646706588,0.25149700598802394,0.3592814371257485
