var1,var2,var3,var4,var5,var6
0.03783783783783784,0.04864864864864865,0.10810810810810811,0.16756756756756758,0.2810810810810811,0.3567567567567568
