var1,var2,var3,var4,var5,var6
0.05434782608695652,0.07065217391304347,0.09239130434782608,0.15760869565217392,0.29891304347826086,0.32608695652173914
