var1,var2,var3,var4,var5,var6
0.040268456375838924,0.08053691275167785,0.1342281879194631,0.2348993288590604,0.24161073825503357,0.2684563758389262
