var1,var2,var3,var4,var5,var6
0.054901960784313725,0.08627450980392157,0.11764705882352941,0.21568627450980393,0.24313725490196078,0.2823529411764706
