var1,var2,var3,var4,var5,var6
0.0670391061452514,0.12290502793296089,0.1340782122905028,0.16201117318435754,0.2346368715083799,0.27932960893854747
