var1,var2,var3,var4,var5,var6
0.015267175572519083,0.030534351145038167,0.0916030534351145,0.183206106870229,0.26717557251908397,0.4122137404580153
