var1,var2,var3,var4,var5,var6
0.09090909090909091,0.11363636363636363,0.1534090909090909,0.19318181818181818,0.21022727272727273,0.23863636363636365
