var1,var2,var3,var4,var5,var6
0.018779342723004695,0.09859154929577464,0.15023474178403756,0.18779342723004694,0.2347417840375587,0.30985915492957744
