var1,var2,var3,var4,var5,var6
0.06629834254143646,0.09392265193370165,0.1712707182320442,0.20994475138121546,0.2265193370165746,0.23204419889502761
