var1,var2,var3,var4,var5,var6
0.04395604395604396,0.054945054945054944,0.06593406593406594,0.08791208791208792,0.26373626373626374,0.4835164835164835
