var1,var2,var3,var4,var5,var6
0.02962962962962963,0.044444444444444446,0.05925925925925926,0.2074074074074074,0.25925925925925924,0.4
