var1,var2,var3,var4,var5,var6
0.11244979919678715,0.14457831325301204,0.15261044176706828,0.1686746987951807,0.20481927710843373,0.21686746987951808
