var1,var2,var3,var4,var5,var6
0.037037037037037035,0.14074074074074075,0.16296296296296298,0.18518518518518517,0.1925925925925926,0.2814814814814815
