var1,var2,var3,var4,var5,var6
0.08875739644970414,0.10059171597633136,0.11242603550295859,0.13609467455621302,0.26627218934911245,0.2958579881656805
