var1,var2,var3,var4,var5,var6
0.02586206896551724,0.04310344827586207,0.14655172413793102,0.19827586206896552,0.25,0.33620689655172414
