var1,var2,var3,var4,var5,var6
0.05240174672489083,0.11790393013100436,0.13973799126637554,0.17467248908296942,0.2445414847161572,0.27074235807860264
