var1,var2,var3,var4,var5,var6
0.037383177570093455,0.04672897196261682,0.11214953271028037,0.1308411214953271,0.18691588785046728,0.48598130841121495
