var1,var2,var3,var4,var5,var6
0.012903225806451613,0.05806451612903226,0.07741935483870968,0.18064516129032257,0.2645161290322581,0.4064516129032258
