var1,var2,var3,var4,var5,var6
0.013157894736842105,0.08552631578947369,0.13815789473684212,0.20394736842105263,0.25,0.3092105263157895
