var1,var2,var3,var4,var5,var6
0.012269938650306749,0.03680981595092025,0.08588957055214724,0.15950920245398773,0.3006134969325153,0.4049079754601227
