var1,var2,var3,var4,var5,var6
0.04678362573099415,0.06432748538011696,0.0935672514619883,0.23391812865497075,0.26900584795321636,0.29239766081871343
