var1,var2,var3,var4,var5,var6
0.0845771144278607,0.12935323383084577,0.14925373134328357,0.1890547263681592,0.19900497512437812,0.24875621890547264
