var1,var2,var3,var4,var5,var6
0.05325443786982249,0.07692307692307693,0.13609467455621302,0.16568047337278108,0.1952662721893491,0.3727810650887574
