var1,var2,var3,var4,var5,var6
0.026755852842809364,0.07692307692307693,0.17391304347826086,0.19063545150501673,0.22073578595317725,0.3110367892976589
