var1,var2,var3,var4,var5,var6
0.018867924528301886,0.050314465408805034,0.10062893081761007,0.16352201257861634,0.32075471698113206,0.34591194968553457
