var1,var2,var3,var4,var5,var6
0.02912621359223301,0.05825242718446602,0.13592233009708737,0.21359223300970873,0.23300970873786409,0.3300970873786408
