var1,var2,var3,var4,var5,var6
0.08609271523178808,0.10596026490066225,0.11920529801324503,0.18543046357615894,0.23841059602649006,0.26490066225165565
