var1,var2,var3,var4,var5,var6
0.03755868544600939,0.08450704225352113,0.14553990610328638,0.215962441314554,0.24413145539906103,0.27230046948356806
