var1,var2,var3,var4,var5,var6
0.06349206349206349,0.07407407407407407,0.10582010582010581,0.15873015873015872,0.23809523809523808,0.35978835978835977
