var1,var2,var3,var4,var5,var6
0.06470588235294118,0.08235294117647059,0.1,0.22941176470588234,0.2411764705882353,0.2823529411764706
