var1,var2,var3,var4,var5,var6
0.05181347150259067,0.06217616580310881,0.18652849740932642,0.20207253886010362,0.22797927461139897,0.2694300518134715
