var1,var2,var3,var4,var5,var6
0.015873015873015872,0.08994708994708994,0.13227513227513227,0.1693121693121693,0.2804232804232804,0.31216931216931215
