var1,var2,var3,var4,var5,var6
0.024390243902439025,0.08780487804878048,0.16585365853658537,0.18536585365853658,0.24390243902439024,0.2926829268292683
