var1,var2,var3,var4,var5,var6
0.02112676056338028,0.1056338028169014,0.14788732394366197,0.1619718309859155,0.176056338028169,0.3873239436619718
