var1,var2,var3,var4,var5,var6
0.025380710659898477,0.03553299492385787,0.1065989847715736,0.16243654822335024,0.27411167512690354,0.39593908629441626
