var1,var2,var3,var4,var5,var6
0.045714285714285714,0.05714285714285714,0.12571428571428572,0.17714285714285713,0.19428571428571428,0.4
