var1,var2,var3,var4,var5,var6
0.06164383561643835,0.0821917808219178,0.13013698630136986,0.1780821917808219,0.2534246575342466,0.2945205479452055
