var1,var2,var3,var4,var5,var6
0.04564315352697095,0.06639004149377593,0.14937759336099585,0.16597510373443983,0.26556016597510373,0.3070539419087137
