var1,var2,var3,var4,var5,var6
0.02586206896551724,0.06896551724137931,0.11206896551724138,0.2413793103448276,0.25,0.3017241379310345
