var1,var2,var3,var4,var5,var6
0.06040268456375839,0.0738255033557047,0.1476510067114094,0.174496644295302,0.2684563758389262,0.2751677852348993
