var1,var2,var3,var4,var5,var6
0.060810810810810814,0.10135135135135136,0.10810810810810811,0.1554054054054054,0.27702702702702703,0.2972972972972973
