var1,var2,var3,var4,var5,var6
0.027906976744186046,0.13953488372093023,0.15813953488372093,0.20465116279069767,0.22790697674418606,0.24186046511627907
