var1,var2,var3,var4,var5,var6
0.04878048780487805,0.06504065040650407,0.07317073170731707,0.08130081300813008,0.2764227642276423,0.45528455284552843
