var1,var2,var3,var4,var5,var6
0.07834101382488479,0.10599078341013825,0.11981566820276497,0.14285714285714285,0.2534562211981567,0.2995391705069124
