var1,var2,var3,var4,var5,var6
0.05925925925925926,0.11851851851851852,0.14074074074074075,0.16296296296296298,0.1925925925925926,0.32592592592592595
