var1,var2,var3,var4,var5,var6
0.027586206896551724,0.041379310344827586,0.1103448275862069,0.2413793103448276,0.2620689655172414,0.31724137931034485
