var1,var2,var3,var4,var5,var6
0.03550295857988166,0.07100591715976332,0.08875739644970414,0.09467455621301775,0.2958579881656805,0.41420118343195267
