var1,var2,var3,var4,var5,var6
0.028985507246376812,0.04830917874396135,0.1642512077294686,0.2028985507246377,0.27053140096618356,0.28502415458937197
