var1,var2,var3,var4,var5,var6
0.014814814814814815,0.02962962962962963,0.14074074074074075,0.1925925925925926,0.26666666666666666,0.35555555555555557
