var1,var2,var3,var4,var5,var6
0.02702702702702703,0.0972972972972973,0.15135135135135136,0.20540540540540542,0.22702702702702704,0.2918918918918919
