var1,var2,var3,var4,var5,var6
0.02857142857142857,0.05714285714285714,0.10476190476190476,0.14285714285714285,0.2571428571428571,0.4095238095238095
