var1,var2,var3,var4,var5,var6
0.04945054945054945,0.11538461538461539,0.14285714285714285,0.17032967032967034,0.25274725274725274,0.2692307692307692
