var1,var2,var3,var4,var5,var6
0.10285714285714286,0.12571428571428572,0.14285714285714285,0.16,0.19428571428571428,0.2742857142857143
