var1,var2,var3,var4,var5,var6
0.016835016835016835,0.08754208754208755,0.12121212121212122,0.14814814814814814,0.2895622895622896,0.3367003367003367
