var1,var2,var3,var4,var5,var6
0.11464968152866242,0.1337579617834395,0.14012738853503184,0.16560509554140126,0.20382165605095542,0.24203821656050956
