var1,var2,var3,var4,var5,var6
0.03773584905660377,0.06918238993710692,0.1509433962264151,0.16352201257861634,0.2389937106918239,0.33962264150943394
