var1,var2,var3,var4,var5,var6
0.05851063829787234,0.10106382978723404,0.17553191489361702,0.19148936170212766,0.2127659574468085,0.26063829787234044
