var1,var2,var3,var4,var5,var6
0.023255813953488372,0.06201550387596899,0.10077519379844961,0.21705426356589147,0.26356589147286824,0.3333333333333333
