var1,var2,var3,var4,var5,var6
0.02127659574468085,0.0425531914893617,0.1276595744680851,0.15602836879432624,0.2978723404255319,0.3546099290780142
