var1,var2,var3,var4,var5,var6
0.046242774566473986,0.06358381502890173,0.09248554913294797,0.20809248554913296,0.2774566473988439,0.31213872832369943
