var1,var2,var3,var4,var5,var6
0.02654867256637168,0.05309734513274336,0.07079646017699115,0.19469026548672566,0.2831858407079646,0.37168141592920356
