var1,var2,var3,var4,var5,var6
0.08547008547008547,0.09401709401709402,0.11965811965811966,0.15384615384615385,0.2222222222222222,0.3247863247863248
