var1,var2,var3,var4,var5,var6
0.03773584905660377,0.07547169811320754,0.1509433962264151,0.20754716981132076,0.2389937106918239,0.2893081761006289
