var1,var2,var3,var4,var5,var6
0.09944751381215469,0.13812154696132597,0.143646408839779,0.16574585635359115,0.22099447513812154,0.23204419889502761
