var1,var2,var3,var4,var5,var6
0.06451612903225806,0.07741935483870968,0.12903225806451613,0.23225806451612904,0.23870967741935484,0.25806451612903225
