var1,var2,var3,var4,var5,var6
0.09655172413793103,0.10344827586206896,0.13793103448275862,0.1793103448275862,0.22758620689655173,0.25517241379310346
