var1,var2,var3,var4,var5,var6
0.04430379746835443,0.06962025316455696,0.10759493670886076,0.22784810126582278,0.2468354430379747,0.3037974683544304
