var1,var2,var3,var4,var5,var6
0.03614457831325301,0.11244979919678715,0.15261044176706828,0.20080321285140562,0.20883534136546184,0.2891566265060241
