var1,var2,var3,var4,var5,var6
0.03225806451612903,0.12258064516129032,0.14193548387096774,0.14838709677419354,0.22580645161290322,0.32903225806451614
