var1,var2,var3,var4,var5,var6
0.0425531914893617,0.0851063829787234,0.1574468085106383,0.17872340425531916,0.2553191489361702,0.28085106382978725
