var1,var2,var3,var4,var5,var6
0.039735099337748346,0.06622516556291391,0.16556291390728478,0.17218543046357615,0.25165562913907286,0.304635761589404
