var1,var2,var3,var4,var5,var6
0.023696682464454975,0.061611374407582936,0.10900473933649289,0.2037914691943128,0.23222748815165878,0.3696682464454976
