var1,var2,var3,var4,var5,var6
0.024793388429752067,0.08264462809917356,0.09917355371900827,0.14049586776859505,0.23140495867768596,0.4214876033057851
