var1,var2,var3,var4,var5,var6
0.026905829596412557,0.07623318385650224,0.12556053811659193,0.13901345291479822,0.26905829596412556,0.3632286995515695
