var1,var2,var3,var4,var5,var6
0.012422360248447204,0.055900621118012424,0.12422360248447205,0.2236024844720497,0.2732919254658385,0.3105590062111801
