var1,var2,var3,var4,var5,var6
0.0547945205479452,0.136986301369863,0.1461187214611872,0.1643835616438356,0.2328767123287671,0.2648401826484018
