var1,var2,var3,var4,var5,var6
0.03076923076923077,0.08461538461538462,0.12307692307692308,0.14615384615384616,0.2230769230769231,0.3923076923076923
