var1,var2,var3,var4,var5,var6
0.04225352112676056,0.06103286384976526,0.1643192488262911,0.20187793427230047,0.25821596244131456,0.27230046948356806
