var1,var2,var3,var4,var5,var6
0.015151515151515152,0.04040404040404041,0.08080808080808081,0.23737373737373738,0.25757575757575757,0.3686868686868687
