var1,var2,var3,var4,var5,var6
0.030864197530864196,0.07407407407407407,0.08641975308641975,0.13580246913580246,0.18518518518518517,0.4876543209876543
