var1,var2,var3,var4,var5,var6
0.059602649006622516,0.12582781456953643,0.152317880794702,0.15894039735099338,0.23178807947019867,0.271523178807947
