var1,var2,var3,var4,var5,var6
0.017241379310344827,0.0896551724137931,0.14482758620689656,0.1896551724137931,0.25862068965517243,0.3
