var1,var2,var3,var4,var5,var6
0.05485232067510549,0.0759493670886076,0.12658227848101267,0.14345991561181434,0.27848101265822783,0.3206751054852321
