var1,var2,var3,var4,var5,var6
0.07258064516129033,0.08870967741935484,0.14516129032258066,0.1693548387096774,0.20161290322580644,0.3225806451612903
