var1,var2,var3,var4,var5,var6
0.028368794326241134,0.05673758865248227,0.19148936170212766,0.20567375886524822,0.2127659574468085,0.3049645390070922
