var1,var2,var3,var4,var5,var6
0.03347280334728033,0.04184100418410042,0.058577405857740586,0.23430962343096234,0.24686192468619247,0.38493723849372385
