var1,var2,var3,var4,var5,var6
0.022900763358778626,0.04580152671755725,0.061068702290076333,0.21374045801526717,0.2900763358778626,0.366412213740458
