var1,var2,var3,var4,var5,var6
0.052132701421800945,0.14691943127962084,0.17061611374407584,0.1848341232227488,0.21800947867298578,0.22748815165876776
