var1,var2,var3,var4,var5,var6
0.03676470588235294,0.11764705882352941,0.13970588235294118,0.18382352941176472,0.21323529411764705,0.3088235294117647
