var1,var2,var3,var4,var5,var6
0.08032128514056225,0.10843373493975904,0.13654618473895583,0.15261044176706828,0.17670682730923695,0.3453815261044177
