var1,var2,var3,var4,var5,var6
0.020512820512820513,0.11794871794871795,0.13333333333333333,0.2,0.22564102564102564,0.30256410256410254
