var1,var2,var3,var4,var5,var6
0.07792207792207792,0.11255411255411256,0.1645021645021645,0.18181818181818182,0.22510822510822512,0.23809523809523808
