var1,var2,var3,var4,var5,var6
0.07246376811594203,0.10628019323671498,0.13526570048309178,0.1642512077294686,0.2028985507246377,0.3188405797101449
