var1,var2,var3,var4,var5,var6
0.07035175879396985,0.08542713567839195,0.12060301507537688,0.18090452261306533,0.20100502512562815,0.3417085427135678
