var1,var2,var3,var4,var5,var6
0.037037037037037035,0.11851851851851852,0.1259259259259259,0.14814814814814814,0.2,0.37037037037037035
