var1,var2,var3,var4,var5,var6
0.021505376344086023,0.043010752688172046,0.08602150537634409,0.1935483870967742,0.2903225806451613,0.3655913978494624
