var1,var2,var3,var4,var5,var6
0.043243243243243246,0.11891891891891893,0.14594594594594595,0.21621621621621623,0.22702702702702704,0.24864864864864866
