var1,var2,var3,var4,var5,var6
0.018518518518518517,0.07407407407407407,0.08641975308641975,0.19135802469135801,0.30246913580246915,0.3271604938271605
