var1,var2,var3,var4,var5,var6
0.042735042735042736,0.06837606837606838,0.09401709401709402,0.15384615384615385,0.21367521367521367,0.42735042735042733
