var1,var2,var3,var4,var5,var6
0.017341040462427744,0.057803468208092484,0.1329479768786127,0.1676300578034682,0.2774566473988439,0.3468208092485549
