var1,var2,var3,var4,var5,var6
0.021739130434782608,0.10869565217391304,0.15217391304347827,0.1956521739130435,0.2536231884057971,0.26811594202898553
