var1,var2,var3,var4,var5,var6
0.10699588477366255,0.12757201646090535,0.1728395061728395,0.18106995884773663,0.18930041152263374,0.2222222222222222
