var1,var2,var3,var4,var5,var6
0.0390625,0.0859375,0.1484375,0.171875,0.25,0.3046875
