var1,var2,var3,var4,var5,var6
0.02127659574468085,0.03546099290780142,0.10638297872340426,0.2127659574468085,0.2553191489361702,0.36879432624113473
