var1,var2,var3,var4,var5,var6
0.08,0.09142857142857143,0.14857142857142858,0.18285714285714286,0.2,0.29714285714285715
