var1,var2,var3,var4,var5,var6
0.020134228187919462,0.03355704697986577,0.1610738255033557,0.2080536912751678,0.2684563758389262,0.3087248322147651
