var1,var2,var3,var4,var5,var6
0.0423728813559322,0.0847457627118644,0.11864406779661017,0.1694915254237288,0.2796610169491525,0.3050847457627119
