var1,var2,var3,var4,var5,var6
0.08130081300813008,0.13821138211382114,0.14634146341463414,0.16260162601626016,0.21138211382113822,0.2601626016260163
