var1,var2,var3,var4,var5,var6
0.023255813953488372,0.09302325581395349,0.13953488372093023,0.18604651162790697,0.2248062015503876,0.3333333333333333
