var1,var2,var3,var4,var5,var6
0.05181347150259067,0.06217616580310881,0.08290155440414508,0.10362694300518134,0.30569948186528495,0.39378238341968913
