var1,var2,var3,var4,var5,var6
0.06629834254143646,0.13259668508287292,0.15469613259668508,0.17679558011049723,0.2154696132596685,0.2541436464088398
