var1,var2,var3,var4,var5,var6
0.03278688524590164,0.09836065573770492,0.11475409836065574,0.14207650273224043,0.29508196721311475,0.31693989071038253
