var1,var2,var3,var4,var5,var6
0.04216867469879518,0.1144578313253012,0.13253012048192772,0.16265060240963855,0.24096385542168675,0.3072289156626506
