var1,var2,var3,var4,var5,var6
0.053763440860215055,0.11469534050179211,0.13620071684587814,0.1935483870967742,0.23655913978494625,0.26523297491039427
