var1,var2,var3,var4,var5,var6
0.06521739130434782,0.10144927536231885,0.15942028985507245,0.18840579710144928,0.21739130434782608,0.26811594202898553
