var1,var2,var3,var4,var5,var6
0.022058823529411766,0.125,0.13970588235294118,0.19117647058823528,0.22058823529411764,0.3014705882352941
