var1,var2,var3,var4,var5,var6
0.028368794326241134,0.07092198581560284,0.12056737588652482,0.1702127659574468,0.22695035460992907,0.3829787234042553
