var1,var2,var3,var4,var5,var6
0.0776255707762557,0.1187214611872146,0.1324200913242009,0.1689497716894977,0.228310502283105,0.273972602739726
