var1,var2,var3,var4,var5,var6
0.0625,0.06875,0.15625,0.16875,0.25,0.29375
