var1,var2,var3,var4,var5,var6
0.03361344537815126,0.08403361344537816,0.15126050420168066,0.16806722689075632,0.2605042016806723,0.3025210084033613
