var1,var2,var3,var4,var5,var6
0.021164021164021163,0.031746031746031744,0.08465608465608465,0.15873015873015872,0.30158730158730157,0.4021164021164021
