var1,var2,var3,var4,var5,var6
0.03409090909090909,0.0625,0.17045454545454544,0.19318181818181818,0.26136363636363635,0.2784090909090909
