var1,var2,var3,var4,var5,var6
0.04929577464788732,0.09859154929577464,0.1619718309859155,0.176056338028169,0.19718309859154928,0.31690140845070425
