var1,var2,var3,var4,var5,var6
0.0423728813559322,0.059322033898305086,0.0847457627118644,0.11864406779661017,0.2711864406779661,0.423728813559322
