var1,var2,var3,var4,var5,var6
0.024271844660194174,0.06796116504854369,0.11165048543689321,0.14563106796116504,0.3058252427184466,0.3446601941747573
