var1,var2,var3,var4,var5,var6
0.02962962962962963,0.08888888888888889,0.16296296296296298,0.17777777777777778,0.21481481481481482,0.32592592592592595
