var1,var2,var3,var4,var5,var6
0.04142011834319527,0.10059171597633136,0.1301775147928994,0.14792899408284024,0.1834319526627219,0.39644970414201186
