var1,var2,var3,var4,var5,var6
0.08241758241758242,0.08791208791208792,0.12637362637362637,0.19230769230769232,0.24175824175824176,0.2692307692307692
