var1,var2,var3,var4,var5,var6
0.009389671361502348,0.13145539906103287,0.17370892018779344,0.18779342723004694,0.2347417840375587,0.26291079812206575
