var1,var2,var3,var4,var5,var6
0.059907834101382486,0.07373271889400922,0.10138248847926268,0.15668202764976957,0.2857142857142857,0.3225806451612903
