var1,var2,var3,var4,var5,var6
0.015625,0.052083333333333336,0.11458333333333333,0.16145833333333334,0.3072916666666667,0.3489583333333333
