var1,var2,var3,var4,var5,var6
0.040268456375838924,0.09395973154362416,0.10067114093959731,0.12080536912751678,0.2684563758389262,0.37583892617449666
