var1,var2,var3,var4,var5,var6
0.018604651162790697,0.08372093023255814,0.12093023255813953,0.21395348837209302,0.2744186046511628,0.28837209302325584
