var1,var2,var3,var4,var5,var6
0.03664921465968586,0.09424083769633508,0.11518324607329843,0.15706806282722513,0.2931937172774869,0.3036649214659686
