var1,var2,var3,var4,var5,var6
0.08484848484848485,0.09696969696969697,0.10909090909090909,0.1393939393939394,0.2545454545454545,0.3151515151515151
