var1,var2,var3,var4,var5,var6
0.11162790697674418,0.11627906976744186,0.14883720930232558,0.17674418604651163,0.19534883720930232,0.25116279069767444
