var1,var2,var3,var4,var5,var6
0.026845637583892617,0.09395973154362416,0.12751677852348994,0.1476510067114094,0.28187919463087246,0.3221476510067114
