var1,var2,var3,var4,var5,var6
0.08,0.08888888888888889,0.14666666666666667,0.19555555555555557,0.2222222222222222,0.26666666666666666
