var1,var2,var3,var4,var5,var6
0.072992700729927,0.0948905109489051,0.145985401459854,0.16058394160583941,0.20437956204379562,0.32116788321167883
