var1,var2,var3,var4,var5,var6
0.11428571428571428,0.12244897959183673,0.16326530612244897,0.17959183673469387,0.20408163265306123,0.2163265306122449
