var1,var2,var3,var4,var5,var6
0.009950248756218905,0.04975124378109453,0.12437810945273632,0.1890547263681592,0.27860696517412936,0.3482587064676617
