var1,var2,var3,var4,var5,var6
0.08648648648648649,0.10810810810810811,0.14054054054054055,0.15675675675675677,0.21621621621621623,0.2918918918918919
