var1,var2,var3,var4,var5,var6
0.05925925925925926,0.0962962962962963,0.14074074074074075,0.16296296296296298,0.18518518518518517,0.35555555555555557
