var1,var2,var3,var4,var5,var6
0.08163265306122448,0.10495626822157435,0.13411078717201166,0.17201166180758018,0.22157434402332363,0.2857142857142857
