var1,var2,var3,var4,var5,var6
0.02040816326530612,0.1292517006802721,0.16326530612244897,0.2108843537414966,0.21768707482993196,0.2585034013605442
