var1,var2,var3,var4,var5,var6
0.01639344262295082,0.07650273224043716,0.12021857923497267,0.2185792349726776,0.25136612021857924,0.31693989071038253
