var1,var2,var3,var4,var5,var6
0.05641025641025641,0.10256410256410256,0.14358974358974358,0.18461538461538463,0.19487179487179487,0.31794871794871793
