var1,var2,var3,var4,var5,var6
0.07239819004524888,0.14479638009049775,0.15384615384615385,0.16289592760180996,0.20361990950226244,0.26244343891402716
