var1,var2,var3,var4,var5,var6
0.043668122270742356,0.07423580786026202,0.13100436681222707,0.1572052401746725,0.27074235807860264,0.3231441048034934
