var1,var2,var3,var4,var5,var6
0.06666666666666667,0.10833333333333334,0.125,0.13333333333333333,0.15833333333333333,0.4083333333333333
