var1,var2,var3,var4,var5,var6
0.05084745762711865,0.062146892655367235,0.0903954802259887,0.21468926553672316,0.23163841807909605,0.3502824858757062
