var1,var2,var3,var4,var5,var6
0.014598540145985401,0.10218978102189781,0.13138686131386862,0.17518248175182483,0.2116788321167883,0.36496350364963503
