var1,var2,var3,var4,var5,var6
0.03463203463203463,0.07792207792207792,0.12987012987012986,0.19047619047619047,0.23809523809523808,0.329004329004329
