var1,var2,var3,var4,var5,var6
0.0975609756097561,0.11707317073170732,0.14634146341463414,0.18536585365853658,0.1951219512195122,0.25853658536585367
