var1,var2,var3,var4,var5,var6
0.08053691275167785,0.09395973154362416,0.12751677852348994,0.1342281879194631,0.2684563758389262,0.2953020134228188
