var1,var2,var3,var4,var5,var6
0.06217616580310881,0.13471502590673576,0.13989637305699482,0.19170984455958548,0.22797927461139897,0.24352331606217617
