var1,var2,var3,var4,var5,var6
0.0425531914893617,0.07801418439716312,0.14184397163120568,0.1702127659574468,0.22695035460992907,0.3404255319148936
