var1,var2,var3,var4,var5,var6
0.03821656050955414,0.1337579617834395,0.16560509554140126,0.17834394904458598,0.19745222929936307,0.28662420382165604
