var1,var2,var3,var4,var5,var6
0.0625,0.10714285714285714,0.125,0.15178571428571427,0.25,0.30357142857142855
