var1,var2,var3,var4,var5,var6
0.08771929824561403,0.12280701754385964,0.14035087719298245,0.15789473684210525,0.2222222222222222,0.26900584795321636
