var1,var2,var3,var4,var5,var6
0.041884816753926704,0.13089005235602094,0.14659685863874344,0.19895287958115182,0.23036649214659685,0.2513089005235602
