var1,var2,var3,var4,var5,var6
0.06748466257668712,0.10429447852760736,0.12269938650306748,0.15337423312883436,0.26380368098159507,0.2883435582822086
