var1,var2,var3,var4,var5,var6
0.022598870056497175,0.06779661016949153,0.15819209039548024,0.1977401129943503,0.2711864406779661,0.2824858757062147
