var1,var2,var3,var4,var5,var6
0.025157232704402517,0.03773584905660377,0.11320754716981132,0.18867924528301888,0.24528301886792453,0.389937106918239
