var1,var2,var3,var4,var5,var6
0.02824858757062147,0.04519774011299435,0.1694915254237288,0.1807909604519774,0.24858757062146894,0.327683615819209
