var1,var2,var3,var4,var5,var6
0.015384615384615385,0.07179487179487179,0.10256410256410256,0.24615384615384617,0.2564102564102564,0.3076923076923077
