var1,var2,var3,var4,var5,var6
0.11258278145695365,0.12582781456953643,0.1390728476821192,0.16556291390728478,0.1986754966887417,0.2582781456953642
