var1,var2,var3,var4,var5,var6
0.029850746268656716,0.07462686567164178,0.14925373134328357,0.20149253731343283,0.21641791044776118,0.3283582089552239
