var1,var2,var3,var4,var5,var6
0.07692307692307693,0.0979020979020979,0.1048951048951049,0.13286713286713286,0.16783216783216784,0.4195804195804196
