var1,var2,var3,var4,var5,var6
0.031578947368421054,0.11052631578947368,0.13157894736842105,0.20526315789473684,0.23157894736842105,0.2894736842105263
