var1,var2,var3,var4,var5,var6
0.01935483870967742,0.07741935483870968,0.10967741935483871,0.12258064516129032,0.3161290322580645,0.3548387096774194
