var1,var2,var3,var4,var5,var6
0.050724637681159424,0.07246376811594203,0.10869565217391304,0.1956521739130435,0.2028985507246377,0.3695652173913043
