var1,var2,var3,var4,var5,var6
0.00904977375565611,0.11764705882352941,0.1493212669683258,0.2081447963800905,0.23529411764705882,0.28054298642533937
