var1,var2,var3,var4,var5,var6
0.08484848484848485,0.10909090909090909,0.12121212121212122,0.18181818181818182,0.24242424242424243,0.2606060606060606
