var1,var2,var3,var4,var5,var6
0.0658682634730539,0.07784431137724551,0.10778443113772455,0.11377245508982035,0.30538922155688625,0.32934131736526945
