var1,var2,var3,var4,var5,var6
0.022857142857142857,0.045714285714285714,0.1657142857142857,0.2,0.2742857142857143,0.2914285714285714
