var1,var2,var3,var4,var5,var6
0.027777777777777776,0.05555555555555555,0.1111111111111111,0.24074074074074073,0.25,0.3148148148148148
