var1,var2,var3,var4,var5,var6
0.09815950920245399,0.1165644171779141,0.12269938650306748,0.15950920245398773,0.2085889570552147,0.294478527607362
