var1,var2,var3,var4,var5,var6
0.07281553398058252,0.09223300970873786,0.10194174757281553,0.21359223300970873,0.24757281553398058,0.27184466019417475
