var1,var2,var3,var4,var5,var6
0.07042253521126761,0.1056338028169014,0.11267605633802817,0.14084507042253522,0.2605633802816901,0.30985915492957744
