var1,var2,var3,var4,var5,var6
0.06936416184971098,0.12138728323699421,0.1329479768786127,0.15028901734104047,0.1791907514450867,0.3468208092485549
