var1,var2,var3,var4,var5,var6
0.05485232067510549,0.0759493670886076,0.08438818565400844,0.10126582278481013,0.3206751054852321,0.3628691983122363
