var1,var2,var3,var4,var5,var6
0.03821656050955414,0.07643312101910828,0.14012738853503184,0.16560509554140126,0.2611464968152866,0.3184713375796178
