var1,var2,var3,var4,var5,var6
0.03278688524590164,0.07650273224043716,0.09836065573770492,0.22404371584699453,0.24043715846994534,0.32786885245901637
