var1,var2,var3,var4,var5,var6
0.027972027972027972,0.06993006993006994,0.08391608391608392,0.16783216783216784,0.2867132867132867,0.36363636363636365
