var1,var2,var3,var4,var5,var6
0.015228426395939087,0.07106598984771574,0.116751269035533,0.20812182741116753,0.27411167512690354,0.3147208121827411
