var1,var2,var3,var4,var5,var6
0.07913669064748201,0.08633093525179857,0.14388489208633093,0.2014388489208633,0.23741007194244604,0.2517985611510791
