var1,var2,var3,var4,var5,var6
0.047337278106508875,0.05917159763313609,0.13609467455621302,0.21301775147928995,0.23668639053254437,0.3076923076923077
