var1,var2,var3,var4,var5,var6
0.06711409395973154,0.08053691275167785,0.09395973154362416,0.12080536912751678,0.30201342281879195,0.33557046979865773
