var1,var2,var3,var4,var5,var6
0.039525691699604744,0.09486166007905138,0.11462450592885376,0.1422924901185771,0.2924901185770751,0.31620553359683795
