var1,var2,var3,var4,var5,var6
0.024193548387096774,0.10887096774193548,0.14919354838709678,0.2056451612903226,0.22580645161290322,0.2862903225806452
