var1,var2,var3,var4,var5,var6
0.03783783783783784,0.0972972972972973,0.10810810810810811,0.17297297297297298,0.22702702702702704,0.3567567567567568
