var1,var2,var3,var4,var5,var6
0.03349282296650718,0.10526315789473684,0.16267942583732056,0.22009569377990432,0.22966507177033493,0.24880382775119617
