var1,var2,var3,var4,var5,var6
0.06417112299465241,0.06951871657754011,0.0855614973262032,0.10160427807486631,0.32620320855614976,0.35294117647058826
