var1,var2,var3,var4,var5,var6
0.03910614525139665,0.061452513966480445,0.13966480446927373,0.18994413407821228,0.20670391061452514,0.36312849162011174
