var1,var2,var3,var4,var5,var6
0.013422818791946308,0.026845637583892617,0.09395973154362416,0.21476510067114093,0.26174496644295303,0.38926174496644295
