var1,var2,var3,var4,var5,var6
0.08333333333333333,0.12254901960784313,0.15196078431372548,0.1715686274509804,0.18137254901960784,0.28921568627450983
