var1,var2,var3,var4,var5,var6
0.0364963503649635,0.072992700729927,0.11678832116788321,0.18248175182481752,0.2116788321167883,0.3795620437956204
