var1,var2,var3,var4,var5,var6
0.05027932960893855,0.0782122905027933,0.1340782122905028,0.21787709497206703,0.24022346368715083,0.27932960893854747
