var1,var2,var3,var4,var5,var6
0.08917197452229299,0.10191082802547771,0.12738853503184713,0.15286624203821655,0.17197452229299362,0.35668789808917195
