var1,var2,var3,var4,var5,var6
0.032467532467532464,0.045454545454545456,0.07142857142857142,0.23376623376623376,0.2532467532467532,0.36363636363636365
