var1,var2,var3,var4,var5,var6
0.02631578947368421,0.07368421052631578,0.1368421052631579,0.15789473684210525,0.18947368421052632,0.41578947368421054
