var1,var2,var3,var4,var5,var6
0.06372549019607843,0.08823529411764706,0.11764705882352941,0.16176470588235295,0.25980392156862747,0.3088235294117647
