var1,var2,var3,var4,var5,var6
0.09569377990430622,0.10526315789473684,0.15311004784688995,0.1674641148325359,0.18181818181818182,0.2966507177033493
