var1,var2,var3,var4,var5,var6
0.04046242774566474,0.10404624277456648,0.11560693641618497,0.20809248554913296,0.24277456647398843,0.28901734104046245
