var1,var2,var3,var4,var5,var6
0.020134228187919462,0.026845637583892617,0.15436241610738255,0.2080536912751678,0.26174496644295303,0.3288590604026846
