var1,var2,var3,var4,var5,var6
0.11333333333333333,0.12666666666666668,0.14666666666666667,0.16666666666666666,0.19333333333333333,0.25333333333333335
