var1,var2,var3,var4,var5,var6
0.03910614525139665,0.0670391061452514,0.09497206703910614,0.1564245810055866,0.21787709497206703,0.4245810055865922
