var1,var2,var3,var4,var5,var6
0.05291005291005291,0.08994708994708994,0.10582010582010581,0.13756613756613756,0.2751322751322751,0.3386243386243386
