var1,var2,var3,var4,var5,var6
0.045112781954887216,0.07518796992481203,0.09022556390977443,0.20300751879699247,0.24060150375939848,0.3458646616541353
