var1,var2,var3,var4,var5,var6
0.05063291139240506,0.06751054852320675,0.09282700421940929,0.20675105485232068,0.22784810126582278,0.35443037974683544
