var1,var2,var3,var4,var5,var6
0.03468208092485549,0.06358381502890173,0.13872832369942195,0.18497109826589594,0.23121387283236994,0.3468208092485549
