var1,var2,var3,var4,var5,var6
0.018867924528301886,0.05660377358490566,0.12578616352201258,0.15723270440251572,0.2893081761006289,0.3522012578616352
