var1,var2,var3,var4,var5,var6
0.017543859649122806,0.07017543859649122,0.14035087719298245,0.1871345029239766,0.24561403508771928,0.3391812865497076
