var1,var2,var3,var4,var5,var6
0.042328042328042326,0.10052910052910052,0.12698412698412698,0.15873015873015872,0.2751322751322751,0.2962962962962963
