var1,var2,var3,var4,var5,var6
0.03827751196172249,0.0861244019138756,0.14354066985645933,0.16267942583732056,0.2535885167464115,0.3157894736842105
