var1,var2,var3,var4,var5,var6
0.03684210526315789,0.10526315789473684,0.15263157894736842,0.2,0.22631578947368422,0.2789473684210526
