var1,var2,var3,var4,var5,var6
0.0457516339869281,0.05228758169934641,0.0718954248366013,0.23529411764705882,0.2679738562091503,0.32679738562091504
