var1,var2,var3,var4,var5,var6
0.02962962962962963,0.05925925925925926,0.14814814814814814,0.1925925925925926,0.21481481481481482,0.35555555555555557
