var1,var2,var3,var4,var5,var6
0.09815950920245399,0.11042944785276074,0.12883435582822086,0.17791411042944785,0.2147239263803681,0.26993865030674846
