var1,var2,var3,var4,var5,var6
0.06217616580310881,0.08808290155440414,0.10362694300518134,0.13471502590673576,0.27979274611398963,0.3316062176165803
