var1,var2,var3,var4,var5,var6
0.013793103448275862,0.10344827586206896,0.15172413793103448,0.19310344827586207,0.23448275862068965,0.30344827586206896
