var1,var2,var3,var4,var5,var6
0.06711409395973154,0.12080536912751678,0.1342281879194631,0.174496644295302,0.21476510067114093,0.28859060402684567
