var1,var2,var3,var4,var5,var6
0.03597122302158273,0.07194244604316546,0.1223021582733813,0.12949640287769784,0.2446043165467626,0.39568345323741005
