var1,var2,var3,var4,var5,var6
0.011428571428571429,0.11428571428571428,0.16,0.17714285714285713,0.22857142857142856,0.30857142857142855
