var1,var2,var3,var4,var5,var6
0.035175879396984924,0.08040201005025126,0.09045226130653267,0.24120603015075376,0.2613065326633166,0.2914572864321608
