var1,var2,var3,var4,var5,var6
0.09947643979057591,0.14136125654450263,0.1518324607329843,0.16230366492146597,0.2094240837696335,0.2356020942408377
