var1,var2,var3,var4,var5,var6
0.05228758169934641,0.10457516339869281,0.1437908496732026,0.16993464052287582,0.1895424836601307,0.33986928104575165
