var1,var2,var3,var4,var5,var6
0.05759162303664921,0.10471204188481675,0.13089005235602094,0.193717277486911,0.23036649214659685,0.28272251308900526
