var1,var2,var3,var4,var5,var6
0.03015075376884422,0.04020100502512563,0.1708542713567839,0.18592964824120603,0.2613065326633166,0.31155778894472363
