var1,var2,var3,var4,var5,var6
0.04946996466431095,0.08833922261484099,0.10600706713780919,0.21908127208480566,0.254416961130742,0.2826855123674912
