var1,var2,var3,var4,var5,var6
0.016216216216216217,0.12432432432432433,0.16756756756756758,0.1945945945945946,0.21621621621621623,0.2810810810810811
