var1,var2,var3,var4,var5,var6
0.08866995073891626,0.09852216748768473,0.13793103448275862,0.16748768472906403,0.22167487684729065,0.2857142857142857
