var1,var2,var3,var4,var5,var6
0.057803468208092484,0.13872832369942195,0.15606936416184972,0.1791907514450867,0.2023121387283237,0.2658959537572254
