var1,var2,var3,var4,var5,var6
0.02617801047120419,0.03664921465968586,0.1099476439790576,0.1256544502617801,0.2670157068062827,0.43455497382198954
