var1,var2,var3,var4,var5,var6
0.109375,0.125,0.140625,0.171875,0.19270833333333334,0.2604166666666667
