var1,var2,var3,var4,var5,var6
0.015706806282722512,0.11518324607329843,0.14659685863874344,0.18848167539267016,0.24083769633507854,0.2931937172774869
