var1,var2,var3,var4,var5,var6
0.04697986577181208,0.053691275167785234,0.174496644295302,0.18791946308724833,0.2550335570469799,0.28187919463087246
