var1,var2,var3,var4,var5,var6
0.011976047904191617,0.041916167664670656,0.059880239520958084,0.23952095808383234,0.2634730538922156,0.38323353293413176
