var1,var2,var3,var4,var5,var6
0.053475935828877004,0.10695187165775401,0.13368983957219252,0.1925133689839572,0.22459893048128343,0.2887700534759358
