var1,var2,var3,var4,var5,var6
0.018779342723004695,0.051643192488262914,0.12206572769953052,0.18779342723004694,0.2347417840375587,0.38497652582159625
