var1,var2,var3,var4,var5,var6
0.05925925925925926,0.06666666666666667,0.08888888888888889,0.11851851851851852,0.2814814814814815,0.3851851851851852
