var1,var2,var3,var4,var5,var6
0.025477707006369428,0.06369426751592357,0.15286624203821655,0.17197452229299362,0.267515923566879,0.3184713375796178
