var1,var2,var3,var4,var5,var6
0.019801980198019802,0.039603960396039604,0.10891089108910891,0.19801980198019803,0.27722772277227725,0.3564356435643564
