var1,var2,var3,var4,var5,var6
0.055865921787709494,0.0893854748603352,0.12290502793296089,0.12849162011173185,0.27932960893854747,0.3240223463687151
