var1,var2,var3,var4,var5,var6
0.046511627906976744,0.05426356589147287,0.15503875968992248,0.1937984496124031,0.26356589147286824,0.2868217054263566
