var1,var2,var3,var4,var5,var6
0.044642857142857144,0.0625,0.08928571428571429,0.16071428571428573,0.25892857142857145,0.38392857142857145
