var1,var2,var3,var4,var5,var6
0.049689440993788817,0.11180124223602485,0.18012422360248448,0.19875776397515527,0.2236024844720497,0.2360248447204969
