var1,var2,var3,var4,var5,var6
0.05325443786982249,0.08875739644970414,0.11242603550295859,0.15384615384615385,0.2603550295857988,0.33136094674556216
