var1,var2,var3,var4,var5,var6
0.03333333333333333,0.05,0.08888888888888889,0.20555555555555555,0.2722222222222222,0.35
