var1,var2,var3,var4,var5,var6
0.03305785123966942,0.08264462809917356,0.09090909090909091,0.1322314049586777,0.23140495867768596,0.4297520661157025
