var1,var2,var3,var4,var5,var6
0.024691358024691357,0.07818930041152264,0.1728395061728395,0.18930041152263374,0.2222222222222222,0.31275720164609055
