var1,var2,var3,var4,var5,var6
0.019736842105263157,0.09868421052631579,0.16447368421052633,0.17763157894736842,0.25,0.2894736842105263
