var1,var2,var3,var4,var5,var6
0.013986013986013986,0.04895104895104895,0.06993006993006994,0.22377622377622378,0.26573426573426573,0.3776223776223776
