var1,var2,var3,var4,var5,var6
0.032467532467532464,0.07792207792207792,0.12337662337662338,0.17532467532467533,0.22727272727272727,0.36363636363636365
