var1,var2,var3,var4,var5,var6
0.03954802259887006,0.05649717514124294,0.15254237288135594,0.1864406779661017,0.2768361581920904,0.288135593220339
