var1,var2,var3,var4,var5,var6
0.0411522633744856,0.06995884773662552,0.09053497942386832,0.18930041152263374,0.2222222222222222,0.3868312757201646
