var1,var2,var3,var4,var5,var6
0.026785714285714284,0.044642857142857144,0.05357142857142857,0.21428571428571427,0.2767857142857143,0.38392857142857145
