var1,var2,var3,var4,var5,var6
0.059880239520958084,0.09580838323353294,0.10778443113772455,0.1377245508982036,0.2874251497005988,0.31137724550898205
