var1,var2,var3,var4,var5,var6
0.058394160583941604,0.08029197080291971,0.10218978102189781,0.145985401459854,0.291970802919708,0.32116788321167883
