var1,var2,var3,var4,var5,var6
0.051643192488262914,0.09389671361502347,0.15492957746478872,0.17370892018779344,0.2300469483568075,0.29577464788732394
