var1,var2,var3,var4,var5,var6
0.050761421319796954,0.08629441624365482,0.14213197969543148,0.20304568527918782,0.2436548223350254,0.27411167512690354
