var1,var2,var3,var4,var5,var6
0.06806282722513089,0.11518324607329843,0.14659685863874344,0.18848167539267016,0.19895287958115182,0.28272251308900526
