var1,var2,var3,var4,var5,var6
0.057803468208092484,0.06936416184971098,0.1791907514450867,0.19653179190751446,0.2254335260115607,0.27167630057803466
