var1,var2,var3,var4,var5,var6
0.08053691275167785,0.11409395973154363,0.1610738255033557,0.16778523489932887,0.2080536912751678,0.2684563758389262
