var1,var2,var3,var4,var5,var6
0.0335195530726257,0.1340782122905028,0.1787709497206704,0.18994413407821228,0.20670391061452514,0.2569832402234637
