var1,var2,var3,var4,var5,var6
0.03825136612021858,0.060109289617486336,0.13114754098360656,0.17486338797814208,0.22404371584699453,0.37158469945355194
