var1,var2,var3,var4,var5,var6
0.053691275167785234,0.08053691275167785,0.09395973154362416,0.10738255033557047,0.3221476510067114,0.3422818791946309
