var1,var2,var3,var4,var5,var6
0.06866952789699571,0.11587982832618025,0.12875536480686695,0.1459227467811159,0.22317596566523606,0.31759656652360513
