var1,var2,var3,var4,var5,var6
0.021739130434782608,0.07065217391304347,0.13043478260869565,0.21195652173913043,0.2554347826086957,0.30978260869565216
