var1,var2,var3,var4,var5,var6
0.03870967741935484,0.11612903225806452,0.14838709677419354,0.1935483870967742,0.21935483870967742,0.2838709677419355
