var1,var2,var3,var4,var5,var6
0.06611570247933884,0.09917355371900827,0.1322314049586777,0.1487603305785124,0.15702479338842976,0.39669421487603307
