var1,var2,var3,var4,var5,var6
0.025477707006369428,0.06369426751592357,0.10828025477707007,0.1910828025477707,0.267515923566879,0.34394904458598724
