var1,var2,var3,var4,var5,var6
0.03864734299516908,0.057971014492753624,0.15458937198067632,0.178743961352657,0.28019323671497587,0.2898550724637681
