var1,var2,var3,var4,var5,var6
0.06802721088435375,0.10884353741496598,0.14285714285714285,0.19047619047619047,0.21768707482993196,0.272108843537415
