var1,var2,var3,var4,var5,var6
0.0784313725490196,0.13071895424836602,0.1437908496732026,0.16339869281045752,0.1830065359477124,0.3006535947712418
