var1,var2,var3,var4,var5,var6
0.07142857142857142,0.12755102040816327,0.1683673469387755,0.1836734693877551,0.2193877551020408,0.22959183673469388
