var1,var2,var3,var4,var5,var6
0.09944751381215469,0.13259668508287292,0.13812154696132597,0.16574585635359115,0.20994475138121546,0.2541436464088398
