var1,var2,var3,var4,var5,var6
0.044642857142857144,0.0625,0.07142857142857142,0.125,0.22321428571428573,0.4732142857142857
