var1,var2,var3,var4,var5,var6
0.0425531914893617,0.10212765957446808,0.14893617021276595,0.1829787234042553,0.24680851063829787,0.2765957446808511
