var1,var2,var3,var4,var5,var6
0.05128205128205128,0.11794871794871795,0.13333333333333333,0.17435897435897435,0.24615384615384617,0.27692307692307694
