var1,var2,var3,var4,var5,var6
0.12658227848101267,0.1308016877637131,0.14345991561181434,0.1729957805907173,0.1940928270042194,0.2320675105485232
