var1,var2,var3,var4,var5,var6
0.02197802197802198,0.054945054945054944,0.08791208791208792,0.17582417582417584,0.21978021978021978,0.43956043956043955
