var1,var2,var3,var4,var5,var6
0.03755868544600939,0.09389671361502347,0.16901408450704225,0.19718309859154928,0.22065727699530516,0.28169014084507044
