var1,var2,var3,var4,var5,var6
0.0582010582010582,0.06878306878306878,0.15343915343915343,0.18518518518518517,0.25925925925925924,0.2751322751322751
