var1,var2,var3,var4,var5,var6
0.043010752688172046,0.07526881720430108,0.0967741935483871,0.13440860215053763,0.3118279569892473,0.3387096774193548
