var1,var2,var3,var4,var5,var6
0.046052631578947366,0.05263157894736842,0.07236842105263158,0.17763157894736842,0.3092105263157895,0.34210526315789475
