var1,var2,var3,var4,var5,var6
0.025423728813559324,0.07627118644067797,0.0847457627118644,0.1271186440677966,0.2457627118644068,0.4406779661016949
