var1,var2,var3,var4,var5,var6
0.02973977695167286,0.11152416356877323,0.1449814126394052,0.21561338289962825,0.23048327137546468,0.26765799256505574
