var1,var2,var3,var4,var5,var6
0.023668639053254437,0.05325443786982249,0.11834319526627218,0.16568047337278108,0.20118343195266272,0.4378698224852071
