var1,var2,var3,var4,var5,var6
0.03317535545023697,0.10426540284360189,0.16587677725118483,0.1943127962085308,0.21800947867298578,0.2843601895734597
