var1,var2,var3,var4,var5,var6
0.09947643979057591,0.1099476439790576,0.1256544502617801,0.17277486910994763,0.23036649214659685,0.2617801047120419
