var1,var2,var3,var4,var5,var6
0.041916167664670656,0.0718562874251497,0.11976047904191617,0.1317365269461078,0.30538922155688625,0.32934131736526945
