var1,var2,var3,var4,var5,var6
0.04678362573099415,0.1286549707602339,0.1695906432748538,0.1871345029239766,0.2222222222222222,0.24561403508771928
