var1,var2,var3,var4,var5,var6
0.041884816753926704,0.06282722513089005,0.1256544502617801,0.193717277486911,0.27225130890052357,0.3036649214659686
