var1,var2,var3,var4,var5,var6
0.06896551724137931,0.10837438423645321,0.15270935960591134,0.20689655172413793,0.22660098522167488,0.23645320197044334
