var1,var2,var3,var4,var5,var6
0.078125,0.11979166666666667,0.14583333333333334,0.19270833333333334,0.21354166666666666,0.25
