var1,var2,var3,var4,var5,var6
0.05235602094240838,0.08376963350785341,0.11518324607329843,0.17801047120418848,0.20418848167539266,0.36649214659685864
