var1,var2,var3,var4,var5,var6
0.02054794520547945,0.0410958904109589,0.136986301369863,0.23972602739726026,0.2534246575342466,0.3082191780821918
