var1,var2,var3,var4,var5,var6
0.09777777777777778,0.10666666666666667,0.13777777777777778,0.18666666666666668,0.21333333333333335,0.2577777777777778
