var1,var2,var3,var4,var5,var6
0.011428571428571429,0.04,0.09142857142857143,0.14857142857142858,0.29714285714285715,0.4114285714285714
