var1,var2,var3,var4,var5,var6
0.042328042328042326,0.09523809523809523,0.13227513227513227,0.20634920634920634,0.2328042328042328,0.291005291005291
