var1,var2,var3,var4,var5,var6
0.03940886699507389,0.054187192118226604,0.08866995073891626,0.24630541871921183,0.2561576354679803,0.31527093596059114
