var1,var2,var3,var4,var5,var6
0.03626943005181347,0.11398963730569948,0.15544041450777202,0.21761658031088082,0.22797927461139897,0.24870466321243523
