var1,var2,var3,var4,var5,var6
0.02631578947368421,0.05263157894736842,0.13157894736842105,0.23684210526315788,0.2543859649122807,0.2982456140350877
