var1,var2,var3,var4,var5,var6
0.022026431718061675,0.06167400881057269,0.09691629955947137,0.13215859030837004,0.31718061674008813,0.3700440528634361
