var1,var2,var3,var4,var5,var6
0.031413612565445025,0.08900523560209424,0.09947643979057591,0.1518324607329843,0.24607329842931938,0.38219895287958117
