var1,var2,var3,var4,var5,var6
0.08666666666666667,0.1,0.15333333333333332,0.17333333333333334,0.18,0.30666666666666664
