var1,var2,var3,var4,var5,var6
0.06896551724137931,0.08866995073891626,0.16748768472906403,0.17733990147783252,0.2019704433497537,0.2955665024630542
