var1,var2,var3,var4,var5,var6
0.05847953216374269,0.0935672514619883,0.1286549707602339,0.1695906432748538,0.23391812865497075,0.3157894736842105
