var1,var2,var3,var4,var5,var6
0.050761421319796954,0.05583756345177665,0.19289340101522842,0.20304568527918782,0.2131979695431472,0.28426395939086296
