var1,var2,var3,var4,var5,var6
0.01702127659574468,0.11063829787234042,0.13617021276595745,0.17872340425531916,0.2553191489361702,0.3021276595744681
