var1,var2,var3,var4,var5,var6
0.030303030303030304,0.09090909090909091,0.10303030303030303,0.21818181818181817,0.2545454545454545,0.30303030303030304
