var1,var2,var3,var4,var5,var6
0.03278688524590164,0.13114754098360656,0.14754098360655737,0.17486338797814208,0.22950819672131148,0.28415300546448086
