var1,var2,var3,var4,var5,var6
0.047619047619047616,0.05442176870748299,0.1360544217687075,0.14965986394557823,0.24489795918367346,0.3673469387755102
