var1,var2,var3,var4,var5,var6
0.01652892561983471,0.03305785123966942,0.05785123966942149,0.21487603305785125,0.2809917355371901,0.39669421487603307
