var1,var2,var3,var4,var5,var6
0.08588957055214724,0.1411042944785276,0.147239263803681,0.15950920245398773,0.2085889570552147,0.25766871165644173
