var1,var2,var3,var4,var5,var6
0.04375,0.06875,0.125,0.15625,0.25,0.35625
