var1,var2,var3,var4,var5,var6
0.03508771929824561,0.05847953216374269,0.11695906432748537,0.18128654970760233,0.2807017543859649,0.32748538011695905
