var1,var2,var3,var4,var5,var6
0.031746031746031744,0.09523809523809523,0.15873015873015872,0.20634920634920634,0.21164021164021163,0.2962962962962963
