var1,var2,var3,var4,var5,var6
0.02877697841726619,0.05755395683453238,0.11510791366906475,0.12949640287769784,0.30935251798561153,0.3597122302158273
