var1,var2,var3,var4,var5,var6
0.05128205128205128,0.06666666666666667,0.15384615384615385,0.17435897435897435,0.23076923076923078,0.3230769230769231
