var1,var2,var3,var4,var5,var6
0.028368794326241134,0.0425531914893617,0.11347517730496454,0.19148936170212766,0.22695035460992907,0.3971631205673759
