var1,var2,var3,var4,var5,var6
0.012121212121212121,0.12121212121212122,0.14545454545454545,0.2,0.21818181818181817,0.30303030303030304
