var1,var2,var3,var4,var5,var6
0.06289308176100629,0.10062893081761007,0.1761006289308176,0.18238993710691823,0.22641509433962265,0.25157232704402516
