var1,var2,var3,var4,var5,var6
0.05235602094240838,0.11518324607329843,0.14136125654450263,0.18848167539267016,0.2094240837696335,0.2931937172774869
