var1,var2,var3,var4,var5,var6
0.03333333333333333,0.04666666666666667,0.14,0.14666666666666667,0.23333333333333334,0.4
