var1,var2,var3,var4,var5,var6
0.023255813953488372,0.05581395348837209,0.12558139534883722,0.18604651162790697,0.26046511627906976,0.3488372093023256
