var1,var2,var3,var4,var5,var6
0.03663003663003663,0.13186813186813187,0.1575091575091575,0.17582417582417584,0.24175824175824176,0.2564102564102564
