var1,var2,var3,var4,var5,var6
0.10569105691056911,0.12195121951219512,0.13008130081300814,0.13821138211382114,0.21138211382113822,0.2926829268292683
