var1,var2,var3,var4,var5,var6
0.03592814371257485,0.0658682634730539,0.09580838323353294,0.19161676646706588,0.2155688622754491,0.39520958083832336
