var1,var2,var3,var4,var5,var6
0.01675977653631285,0.0782122905027933,0.1564245810055866,0.22346368715083798,0.24581005586592178,0.27932960893854747
