var1,var2,var3,var4,var5,var6
0.020512820512820513,0.02564102564102564,0.13333333333333333,0.18461538461538463,0.27692307692307694,0.358974358974359
