var1,var2,var3,var4,var5,var6
0.03816793893129771,0.05343511450381679,0.12213740458015267,0.16793893129770993,0.29770992366412213,0.32061068702290074
