var1,var2,var3,var4,var5,var6
0.07142857142857142,0.09523809523809523,0.11904761904761904,0.20634920634920634,0.23809523809523808,0.2698412698412698
