var1,var2,var3,var4,var5,var6
0.07801418439716312,0.11347517730496454,0.1276595744680851,0.14184397163120568,0.18439716312056736,0.3546099290780142
