var1,var2,var3,var4,var5,var6
0.01680672268907563,0.025210084033613446,0.10084033613445378,0.13445378151260504,0.2689075630252101,0.453781512605042
