var1,var2,var3,var4,var5,var6
0.05847953216374269,0.08187134502923976,0.1111111111111111,0.1286549707602339,0.29239766081871343,0.32748538011695905
