var1,var2,var3,var4,var5,var6
0.04712041884816754,0.1256544502617801,0.13612565445026178,0.14659685863874344,0.24083769633507854,0.3036649214659686
