var1,var2,var3,var4,var5,var6
0.025806451612903226,0.03870967741935484,0.1032258064516129,0.21935483870967742,0.2709677419354839,0.3419354838709677
