var1,var2,var3,var4,var5,var6
0.09248554913294797,0.15028901734104047,0.16184971098265896,0.17341040462427745,0.19653179190751446,0.2254335260115607
