var1,var2,var3,var4,var5,var6
0.07468879668049792,0.08298755186721991,0.17427385892116182,0.2074688796680498,0.21991701244813278,0.24066390041493776
