var1,var2,var3,var4,var5,var6
0.0189873417721519,0.08227848101265822,0.12025316455696203,0.14556962025316456,0.2911392405063291,0.34177215189873417
