var1,var2,var3,var4,var5,var6
0.06748466257668712,0.07975460122699386,0.11042944785276074,0.18404907975460122,0.2331288343558282,0.32515337423312884
