var1,var2,var3,var4,var5,var6
0.03137254901960784,0.12549019607843137,0.1803921568627451,0.19607843137254902,0.2235294117647059,0.24313725490196078
