var1,var2,var3,var4,var5,var6
0.021739130434782608,0.028985507246376812,0.11594202898550725,0.21014492753623187,0.2826086956521739,0.34057971014492755
