var1,var2,var3,var4,var5,var6
0.02072538860103627,0.05181347150259067,0.09326424870466321,0.19689119170984457,0.2538860103626943,0.38341968911917096
