var1,var2,var3,var4,var5,var6
0.03225806451612903,0.07741935483870968,0.14193548387096774,0.2064516129032258,0.24516129032258063,0.2967741935483871
