var1,var2,var3,var4,var5,var6
0.03773584905660377,0.06918238993710692,0.0880503144654088,0.18867924528301888,0.20125786163522014,0.41509433962264153
