var1,var2,var3,var4,var5,var6
0.08187134502923976,0.09941520467836257,0.1286549707602339,0.14035087719298245,0.2573099415204678,0.29239766081871343
