var1,var2,var3,var4,var5,var6
0.02564102564102564,0.06837606837606838,0.10256410256410256,0.20512820512820512,0.2564102564102564,0.3418803418803419
