var1,var2,var3,var4,var5,var6
0.022058823529411766,0.058823529411764705,0.13970588235294118,0.16911764705882354,0.25735294117647056,0.35294117647058826
