var1,var2,var3,var4,var5,var6
0.02185792349726776,0.1092896174863388,0.14754098360655737,0.20765027322404372,0.24043715846994534,0.273224043715847
