var1,var2,var3,var4,var5,var6
0.10191082802547771,0.11464968152866242,0.12738853503184713,0.16560509554140126,0.17197452229299362,0.3184713375796178
