var1,var2,var3,var4,var5,var6
0.03940886699507389,0.04926108374384237,0.06896551724137931,0.22167487684729065,0.23645320197044334,0.3842364532019704
