var1,var2,var3,var4,var5,var6
0.06707317073170732,0.09146341463414634,0.10365853658536585,0.21951219512195122,0.25,0.2682926829268293
