var1,var2,var3,var4,var5,var6
0.027777777777777776,0.08333333333333333,0.11805555555555555,0.18055555555555555,0.2569444444444444,0.3333333333333333
