var1,var2,var3,var4,var5,var6
0.050955414012738856,0.1337579617834395,0.14012738853503184,0.17834394904458598,0.19745222929936307,0.29936305732484075
