var1,var2,var3,var4,var5,var6
0.039473684210526314,0.14473684210526316,0.15789473684210525,0.17982456140350878,0.21052631578947367,0.2675438596491228
