var1,var2,var3,var4,var5,var6
0.03558718861209965,0.12099644128113879,0.13167259786476868,0.21352313167259787,0.2277580071174377,0.2704626334519573
