var1,var2,var3,var4,var5,var6
0.018867924528301886,0.07547169811320754,0.16981132075471697,0.20754716981132076,0.22012578616352202,0.3081761006289308
