var1,var2,var3,var4,var5,var6
0.0297029702970297,0.0594059405940594,0.09900990099009901,0.16831683168316833,0.24752475247524752,0.39603960396039606
