var1,var2,var3,var4,var5,var6
0.06217616580310881,0.09326424870466321,0.15025906735751296,0.16580310880829016,0.23834196891191708,0.29015544041450775
