var1,var2,var3,var4,var5,var6
0.025974025974025976,0.06926406926406926,0.15151515151515152,0.19047619047619047,0.24242424242424243,0.3203463203463203
