var1,var2,var3,var4,var5,var6
0.02112676056338028,0.06338028169014084,0.09154929577464789,0.1056338028169014,0.2887323943661972,0.4295774647887324
