var1,var2,var3,var4,var5,var6
0.01951219512195122,0.11219512195121951,0.13658536585365855,0.17560975609756097,0.25365853658536586,0.3024390243902439
