var1,var2,var3,var4,var5,var6
0.02654867256637168,0.07079646017699115,0.08849557522123894,0.21238938053097345,0.24778761061946902,0.35398230088495575
