var1,var2,var3,var4,var5,var6
0.032432432432432434,0.08108108108108109,0.0918918918918919,0.11891891891891893,0.32972972972972975,0.34594594594594597
