var1,var2,var3,var4,var5,var6
0.015306122448979591,0.11734693877551021,0.1377551020408163,0.19387755102040816,0.23469387755102042,0.3010204081632653
