var1,var2,var3,var4,var5,var6
0.05847953216374269,0.09941520467836257,0.15204678362573099,0.17543859649122806,0.2222222222222222,0.29239766081871343
