var1,var2,var3,var4,var5,var6
0.07909604519774012,0.11299435028248588,0.1751412429378531,0.1807909604519774,0.2033898305084746,0.24858757062146894
