var1,var2,var3,var4,var5,var6
0.08,0.11428571428571428,0.13142857142857142,0.14857142857142858,0.16,0.3657142857142857
