var1,var2,var3,var4,var5,var6
0.02824858757062147,0.07909604519774012,0.1694915254237288,0.1807909604519774,0.21468926553672316,0.327683615819209
