var1,var2,var3,var4,var5,var6
0.010582010582010581,0.08994708994708994,0.14814814814814814,0.21164021164021163,0.25396825396825395,0.2857142857142857
