var1,var2,var3,var4,var5,var6
0.02040816326530612,0.07482993197278912,0.11564625850340136,0.21768707482993196,0.25170068027210885,0.3197278911564626
