var1,var2,var3,var4,var5,var6
0.03424657534246575,0.04794520547945205,0.0958904109589041,0.11643835616438356,0.2671232876712329,0.4383561643835616
