var1,var2,var3,var4,var5,var6
0.08520179372197309,0.10762331838565023,0.11659192825112108,0.14349775784753363,0.242152466367713,0.30493273542600896
