var1,var2,var3,var4,var5,var6
0.0546448087431694,0.09289617486338798,0.1092896174863388,0.22950819672131148,0.25136612021857924,0.26229508196721313
