var1,var2,var3,var4,var5,var6
0.019867549668874173,0.10596026490066225,0.1390728476821192,0.19205298013245034,0.2582781456953642,0.2847682119205298
