var1,var2,var3,var4,var5,var6
0.042105263157894736,0.05789473684210526,0.17894736842105263,0.2,0.24736842105263157,0.2736842105263158
