var1,var2,var3,var4,var5,var6
0.021052631578947368,0.042105263157894736,0.07368421052631578,0.14736842105263157,0.23157894736842105,0.4842105263157895
