var1,var2,var3,var4,var5,var6
0.03571428571428571,0.08928571428571429,0.14285714285714285,0.16071428571428573,0.2619047619047619,0.30952380952380953
