var1,var2,var3,var4,var5,var6
0.07329842931937172,0.09947643979057591,0.1256544502617801,0.15706806282722513,0.24083769633507854,0.3036649214659686
