var1,var2,var3,var4,var5,var6
0.1148936170212766,0.14893617021276595,0.15319148936170213,0.1702127659574468,0.2,0.2127659574468085
