var1,var2,var3,var4,var5,var6
0.02,0.09333333333333334,0.12666666666666668,0.17333333333333334,0.2733333333333333,0.31333333333333335
