var1,var2,var3,var4,var5,var6
0.05583756345177665,0.12690355329949238,0.1319796954314721,0.14720812182741116,0.22842639593908629,0.3096446700507614
