var1,var2,var3,var4,var5,var6
0.09230769230769231,0.12307692307692308,0.16615384615384615,0.17846153846153845,0.2,0.24
