var1,var2,var3,var4,var5,var6
0.04819277108433735,0.0783132530120482,0.18674698795180722,0.20481927710843373,0.22289156626506024,0.25903614457831325
