var1,var2,var3,var4,var5,var6
0.009852216748768473,0.059113300492610835,0.10837438423645321,0.13793103448275862,0.32019704433497537,0.3645320197044335
