var1,var2,var3,var4,var5,var6
0.03626943005181347,0.08290155440414508,0.10362694300518134,0.22797927461139897,0.2694300518134715,0.27979274611398963
