var1,var2,var3,var4,var5,var6
0.047337278106508875,0.13609467455621302,0.16568047337278108,0.1893491124260355,0.20118343195266272,0.2603550295857988
