var1,var2,var3,var4,var5,var6
0.014634146341463415,0.01951219512195122,0.11707317073170732,0.2048780487804878,0.28292682926829266,0.36097560975609755
