var1,var2,var3,var4,var5,var6
0.031746031746031744,0.06349206349206349,0.15873015873015872,0.20634920634920634,0.24338624338624337,0.2962962962962963
