var1,var2,var3,var4,var5,var6
0.09289617486338798,0.1092896174863388,0.1366120218579235,0.17486338797814208,0.21311475409836064,0.273224043715847
