var1,var2,var3,var4,var5,var6
0.07142857142857142,0.08928571428571429,0.17857142857142858,0.20238095238095238,0.21428571428571427,0.24404761904761904
