var1,var2,var3,var4,var5,var6
0.01092896174863388,0.07103825136612021,0.10382513661202186,0.22950819672131148,0.2677595628415301,0.31693989071038253
