var1,var2,var3,var4,var5,var6
0.013793103448275862,0.06896551724137931,0.09655172413793103,0.1724137931034483,0.2620689655172414,0.38620689655172413
