var1,var2,var3,var4,var5,var6
0.046632124352331605,0.08290155440414508,0.15544041450777202,0.19689119170984457,0.22797927461139897,0.29015544041450775
