var1,var2,var3,var4,var5,var6
0.04580152671755725,0.06870229007633588,0.12213740458015267,0.15267175572519084,0.2595419847328244,0.3511450381679389
