var1,var2,var3,var4,var5,var6
0.12408759124087591,0.13138686131386862,0.15328467153284672,0.17518248175182483,0.1897810218978102,0.22627737226277372
