var1,var2,var3,var4,var5,var6
0.0481283422459893,0.053475935828877004,0.06951871657754011,0.20855614973262032,0.23529411764705882,0.3850267379679144
