var1,var2,var3,var4,var5,var6
0.0546448087431694,0.07650273224043716,0.09836065573770492,0.14207650273224043,0.30601092896174864,0.3224043715846995
