var1,var2,var3,var4,var5,var6
0.08298755186721991,0.13278008298755187,0.14107883817427386,0.1825726141078838,0.2074688796680498,0.25311203319502074
