var1,var2,var3,var4,var5,var6
0.07432432432432433,0.08783783783783784,0.11486486486486487,0.1554054054054054,0.21621621621621623,0.35135135135135137
