var1,var2,var3,var4,var5,var6
0.02112676056338028,0.056338028169014086,0.07042253521126761,0.19718309859154928,0.29577464788732394,0.3591549295774648
