var1,var2,var3,var4,var5,var6
0.09623430962343096,0.12552301255230125,0.16736401673640167,0.17573221757322174,0.20920502092050208,0.22594142259414227
