var1,var2,var3,var4,var5,var6
0.032679738562091505,0.10457516339869281,0.12418300653594772,0.1437908496732026,0.27450980392156865,0.3202614379084967
