var1,var2,var3,var4,var5,var6
0.07380073800738007,0.1033210332103321,0.12546125461254612,0.14022140221402213,0.19557195571955718,0.36162361623616235
