var1,var2,var3,var4,var5,var6
0.015228426395939087,0.09137055837563451,0.17258883248730963,0.2131979695431472,0.2233502538071066,0.28426395939086296
