var1,var2,var3,var4,var5,var6
0.06896551724137931,0.1482758620689655,0.16206896551724137,0.18620689655172415,0.19655172413793104,0.23793103448275862
