var1,var2,var3,var4,var5,var6
0.02617801047120419,0.15706806282722513,0.16753926701570682,0.17801047120418848,0.2198952879581152,0.2513089005235602
