var1,var2,var3,var4,var5,var6
0.0611353711790393,0.09170305676855896,0.13100436681222707,0.20087336244541484,0.23580786026200873,0.2794759825327511
