var1,var2,var3,var4,var5,var6
0.04608294930875576,0.10599078341013825,0.12903225806451613,0.18433179723502305,0.2488479262672811,0.2857142857142857
