var1,var2,var3,var4,var5,var6
0.05472636815920398,0.08955223880597014,0.10945273631840796,0.208955223880597,0.24875621890547264,0.2885572139303483
