var1,var2,var3,var4,var5,var6
0.07048458149779736,0.14096916299559473,0.16740088105726872,0.19383259911894274,0.2026431718061674,0.22466960352422907
