var1,var2,var3,var4,var5,var6
0.09424083769633508,0.13089005235602094,0.15706806282722513,0.16753926701570682,0.2094240837696335,0.24083769633507854
