var1,var2,var3,var4,var5,var6
0.054455445544554455,0.09405940594059406,0.13366336633663367,0.1782178217821782,0.2524752475247525,0.2871287128712871
