var1,var2,var3,var4,var5,var6
0.03305785123966942,0.049586776859504134,0.11570247933884298,0.12396694214876033,0.23140495867768596,0.4462809917355372
