var1,var2,var3,var4,var5,var6
0.022026431718061675,0.06167400881057269,0.13215859030837004,0.15859030837004406,0.2555066079295154,0.3700440528634361
