var1,var2,var3,var4,var5,var6
0.04142011834319527,0.05325443786982249,0.11834319526627218,0.21893491124260356,0.2485207100591716,0.31952662721893493
