var1,var2,var3,var4,var5,var6
0.03937007874015748,0.07086614173228346,0.10236220472440945,0.18110236220472442,0.25984251968503935,0.3464566929133858
