var1,var2,var3,var4,var5,var6
0.06956521739130435,0.11304347826086956,0.1391304347826087,0.1565217391304348,0.24347826086956523,0.2782608695652174
