var1,var2,var3,var4,var5,var6
0.021505376344086023,0.03225806451612903,0.043010752688172046,0.1935483870967742,0.3010752688172043,0.40860215053763443
