var1,var2,var3,var4,var5,var6
0.055299539170506916,0.0967741935483871,0.11981566820276497,0.15668202764976957,0.2488479262672811,0.3225806451612903
