var1,var2,var3,var4,var5,var6
0.027972027972027972,0.04895104895104895,0.1258741258741259,0.13986013986013987,0.3006993006993007,0.35664335664335667
