var1,var2,var3,var4,var5,var6
0.014598540145985401,0.072992700729927,0.10948905109489052,0.16058394160583941,0.30656934306569344,0.3357664233576642
