var1,var2,var3,var4,var5,var6
0.05825242718446602,0.07766990291262135,0.0970873786407767,0.1262135922330097,0.21359223300970873,0.42718446601941745
