var1,var2,var3,var4,var5,var6
0.025477707006369428,0.07643312101910828,0.08280254777070063,0.1910828025477707,0.3057324840764331,0.3184713375796178
