var1,var2,var3,var4,var5,var6
0.07207207207207207,0.0990990990990991,0.15315315315315314,0.1981981981981982,0.23423423423423423,0.24324324324324326
