var1,var2,var3,var4,var5,var6
0.034722222222222224,0.04861111111111111,0.13194444444444445,0.1597222222222222,0.1875,0.4375
