var1,var2,var3,var4,var5,var6
0.034482758620689655,0.06896551724137931,0.12413793103448276,0.23448275862068965,0.2620689655172414,0.27586206896551724
