var1,var2,var3,var4,var5,var6
0.0425531914893617,0.06808510638297872,0.14468085106382977,0.16170212765957448,0.2680851063829787,0.3148936170212766
