var1,var2,var3,var4,var5,var6
0.02564102564102564,0.07051282051282051,0.08333333333333333,0.23076923076923078,0.23717948717948717,0.3525641025641026
