var1,var2,var3,var4,var5,var6
0.018867924528301886,0.06918238993710692,0.11949685534591195,0.18238993710691823,0.27672955974842767,0.3333333333333333
