var1,var2,var3,var4,var5,var6
0.043478260869565216,0.05217391304347826,0.10434782608695652,0.16521739130434782,0.30434782608695654,0.33043478260869563
