var1,var2,var3,var4,var5,var6
0.07518796992481203,0.09774436090225563,0.15037593984962405,0.15789473684210525,0.24060150375939848,0.2781954887218045
