var1,var2,var3,var4,var5,var6
0.020134228187919462,0.06711409395973154,0.09395973154362416,0.1342281879194631,0.28187919463087246,0.40268456375838924
