var1,var2,var3,var4,var5,var6
0.03954802259887006,0.12429378531073447,0.14689265536723164,0.1807909604519774,0.24858757062146894,0.2598870056497175
