var1,var2,var3,var4,var5,var6
0.03676470588235294,0.051470588235294115,0.125,0.18382352941176472,0.25,0.35294117647058826
