var1,var2,var3,var4,var5,var6
0.0335195530726257,0.0782122905027933,0.10614525139664804,0.2011173184357542,0.22346368715083798,0.3575418994413408
