var1,var2,var3,var4,var5,var6
0.03763440860215054,0.08602150537634409,0.14516129032258066,0.22043010752688172,0.24731182795698925,0.26344086021505375
