var1,var2,var3,var4,var5,var6
0.05649717514124294,0.06779661016949153,0.14689265536723164,0.1807909604519774,0.2655367231638418,0.2824858757062147
