var1,var2,var3,var4,var5,var6
0.03827751196172249,0.12440191387559808,0.15311004784688995,0.20095693779904306,0.22488038277511962,0.2583732057416268
