var1,var2,var3,var4,var5,var6
0.015228426395939087,0.08629441624365482,0.15736040609137056,0.2131979695431472,0.23857868020304568,0.2893401015228426
