var1,var2,var3,var4,var5,var6
0.018518518518518517,0.10740740740740741,0.14444444444444443,0.18888888888888888,0.24074074074074073,0.3
