var1,var2,var3,var4,var5,var6
0.11428571428571428,0.1469387755102041,0.15510204081632653,0.16326530612244897,0.2,0.22040816326530613
