var1,var2,var3,var4,var5,var6
0.032432432432432434,0.08108108108108109,0.17297297297297298,0.1837837837837838,0.22702702702702704,0.3027027027027027
