var1,var2,var3,var4,var5,var6
0.05128205128205128,0.11721611721611722,0.14652014652014653,0.18315018315018314,0.24175824175824176,0.2600732600732601
