var1,var2,var3,var4,var5,var6
0.026845637583892617,0.06711409395973154,0.1342281879194631,0.18120805369127516,0.18791946308724833,0.40268456375838924
