var1,var2,var3,var4,var5,var6
0.04697986577181208,0.09395973154362416,0.15436241610738255,0.16778523489932887,0.2348993288590604,0.30201342281879195
