var1,var2,var3,var4,var5,var6
0.041884816753926704,0.06806282722513089,0.09424083769633508,0.16753926701570682,0.21465968586387435,0.41361256544502617
