var1,var2,var3,var4,var5,var6
0.03827751196172249,0.07655502392344497,0.11961722488038277,0.17703349282296652,0.28708133971291866,0.3014354066985646
