var1,var2,var3,var4,var5,var6
0.06030150753768844,0.10552763819095477,0.1407035175879397,0.19095477386934673,0.24120603015075376,0.2613065326633166
