var1,var2,var3,var4,var5,var6
0.022988505747126436,0.04597701149425287,0.09195402298850575,0.14942528735632185,0.1839080459770115,0.5057471264367817
