var1,var2,var3,var4,var5,var6
0.053763440860215055,0.06451612903225806,0.12903225806451613,0.15053763440860216,0.17204301075268819,0.43010752688172044
