var1,var2,var3,var4,var5,var6
0.043243243243243246,0.0972972972972973,0.12432432432432433,0.15135135135135136,0.17297297297297298,0.41081081081081083
