var1,var2,var3,var4,var5,var6
0.0335195530726257,0.0893854748603352,0.1005586592178771,0.16759776536312848,0.19553072625698323,0.4134078212290503
