var1,var2,var3,var4,var5,var6
0.02962962962962963,0.044444444444444446,0.08888888888888889,0.14074074074074075,0.2518518518518518,0.4444444444444444
