var1,var2,var3,var4,var5,var6
0.04419889502762431,0.055248618784530384,0.11049723756906077,0.20441988950276244,0.2541436464088398,0.3314917127071823
