var1,var2,var3,var4,var5,var6
0.05161290322580645,0.14193548387096774,0.16129032258064516,0.18064516129032257,0.21935483870967742,0.24516129032258063
