var1,var2,var3,var4,var5,var6
0.032388663967611336,0.07692307692307693,0.11336032388663968,0.20647773279352227,0.2793522267206478,0.291497975708502
