var1,var2,var3,var4,var5,var6
0.0223463687150838,0.03910614525139665,0.11173184357541899,0.22346368715083798,0.27932960893854747,0.3240223463687151
