var1,var2,var3,var4,var5,var6
0.058823529411764705,0.1085972850678733,0.14027149321266968,0.18099547511312217,0.24434389140271492,0.2669683257918552
