var1,var2,var3,var4,var5,var6
0.08227848101265822,0.10759493670886076,0.13291139240506328,0.1518987341772152,0.2468354430379747,0.27848101265822783
