var1,var2,var3,var4,var5,var6
0.05263157894736842,0.11483253588516747,0.1339712918660287,0.15311004784688995,0.22966507177033493,0.3157894736842105
