var1,var2,var3,var4,var5,var6
0.028985507246376812,0.043478260869565216,0.11594202898550725,0.1642512077294686,0.2898550724637681,0.357487922705314
