var1,var2,var3,var4,var5,var6
0.023474178403755867,0.10328638497652583,0.12206572769953052,0.1596244131455399,0.2535211267605634,0.3380281690140845
