var1,var2,var3,var4,var5,var6
0.025510204081632654,0.04081632653061224,0.10714285714285714,0.17857142857142858,0.2653061224489796,0.3826530612244898
