var1,var2,var3,var4,var5,var6
0.06751054852320675,0.08016877637130802,0.11814345991561181,0.16877637130801687,0.270042194092827,0.29535864978902954
