var1,var2,var3,var4,var5,var6
0.01875,0.075,0.16875,0.19375,0.21875,0.325
