var1,var2,var3,var4,var5,var6
0.023809523809523808,0.09523809523809523,0.10317460317460317,0.15079365079365079,0.29365079365079366,0.3333333333333333
