var1,var2,var3,var4,var5,var6
0.032520325203252036,0.04065040650406504,0.16260162601626016,0.21138211382113822,0.22764227642276422,0.3252032520325203
