var1,var2,var3,var4,var5,var6
0.013605442176870748,0.04081632653061224,0.14285714285714285,0.2108843537414966,0.272108843537415,0.3197278911564626
