var1,var2,var3,var4,var5,var6
0.01834862385321101,0.03669724770642202,0.06422018348623854,0.2018348623853211,0.29357798165137616,0.3853211009174312
