var1,var2,var3,var4,var5,var6
0.034722222222222224,0.14583333333333334,0.16666666666666666,0.1736111111111111,0.2152777777777778,0.2638888888888889
