var1,var2,var3,var4,var5,var6
0.058577405857740586,0.100418410041841,0.1506276150627615,0.18828451882845187,0.23430962343096234,0.26778242677824265
