var1,var2,var3,var4,var5,var6
0.016129032258064516,0.0967741935483871,0.10752688172043011,0.15591397849462366,0.2849462365591398,0.3387096774193548
