var1,var2,var3,var4,var5,var6
0.026595744680851064,0.10106382978723404,0.16489361702127658,0.17553191489361702,0.24468085106382978,0.2872340425531915
