var1,var2,var3,var4,var5,var6
0.04477611940298507,0.05223880597014925,0.12686567164179105,0.16417910447761194,0.2537313432835821,0.3582089552238806
