var1,var2,var3,var4,var5,var6
0.032467532467532464,0.05194805194805195,0.11688311688311688,0.22077922077922077,0.2662337662337662,0.3116883116883117
