var1,var2,var3,var4,var5,var6
0.02631578947368421,0.06315789473684211,0.1,0.23684210526315788,0.25263157894736843,0.32105263157894737
