var1,var2,var3,var4,var5,var6
0.007874015748031496,0.031496062992125984,0.09448818897637795,0.1889763779527559,0.2677165354330709,0.4094488188976378
