var1,var2,var3,var4,var5,var6
0.0736196319018405,0.09202453987730061,0.12269938650306748,0.13496932515337423,0.17177914110429449,0.4049079754601227
