var1,var2,var3,var4,var5,var6
0.05714285714285714,0.10285714285714286,0.13142857142857142,0.18285714285714286,0.21714285714285714,0.30857142857142855
