var1,var2,var3,var4,var5,var6
0.08450704225352113,0.10328638497652583,0.11267605633802817,0.1596244131455399,0.25821596244131456,0.28169014084507044
