var1,var2,var3,var4,var5,var6
0.018072289156626505,0.07228915662650602,0.13253012048192772,0.1927710843373494,0.2289156626506024,0.35542168674698793
