var1,var2,var3,var4,var5,var6
0.03773584905660377,0.0440251572327044,0.15723270440251572,0.18867924528301888,0.27672955974842767,0.29559748427672955
