var1,var2,var3,var4,var5,var6
0.021052631578947368,0.042105263157894736,0.1368421052631579,0.16842105263157894,0.2736842105263158,0.35789473684210527
