var1,var2,var3,var4,var5,var6
0.0234375,0.03125,0.15625,0.1953125,0.2578125,0.3359375
