var1,var2,var3,var4,var5,var6
0.09716599190283401,0.11336032388663968,0.12955465587044535,0.16194331983805668,0.18218623481781376,0.3157894736842105
