var1,var2,var3,var4,var5,var6
0.05517241379310345,0.06896551724137931,0.08275862068965517,0.1103448275862069,0.32413793103448274,0.3586206896551724
