var1,var2,var3,var4,var5,var6
0.050761421319796954,0.10152284263959391,0.116751269035533,0.19289340101522842,0.233502538071066,0.30456852791878175
