var1,var2,var3,var4,var5,var6
0.09569377990430622,0.10526315789473684,0.14354066985645933,0.1722488038277512,0.22488038277511962,0.2583732057416268
