var1,var2,var3,var4,var5,var6
0.06504065040650407,0.07317073170731707,0.08130081300813008,0.18699186991869918,0.2845528455284553,0.3089430894308943
