var1,var2,var3,var4,var5,var6
0.03319502074688797,0.07883817427385892,0.17012448132780084,0.1825726141078838,0.21991701244813278,0.3153526970954357
