var1,var2,var3,var4,var5,var6
0.03723404255319149,0.05851063829787234,0.09042553191489362,0.13297872340425532,0.2872340425531915,0.39361702127659576
