var1,var2,var3,var4,var5,var6
0.03278688524590164,0.06557377049180328,0.09289617486338798,0.14207650273224043,0.32786885245901637,0.33879781420765026
