var1,var2,var3,var4,var5,var6
0.035175879396984924,0.11055276381909548,0.11557788944723618,0.1708542713567839,0.24120603015075376,0.32663316582914576
