var1,var2,var3,var4,var5,var6
0.03867403314917127,0.049723756906077346,0.11602209944751381,0.20994475138121546,0.2430939226519337,0.3425414364640884
