var1,var2,var3,var4,var5,var6
0.02666666666666667,0.14666666666666667,0.16,0.19111111111111112,0.2,0.27555555555555555
