var1,var2,var3,var4,var5,var6
0.015789473684210527,0.042105263157894736,0.1,0.1631578947368421,0.28421052631578947,0.39473684210526316
