var1,var2,var3,var4,var5,var6
0.010471204188481676,0.05235602094240838,0.14136125654450263,0.18848167539267016,0.2617801047120419,0.34554973821989526
