var1,var2,var3,var4,var5,var6
0.009009009009009009,0.036036036036036036,0.12612612612612611,0.18018018018018017,0.2882882882882883,0.36036036036036034
