var1,var2,var3,var4,var5,var6
0.03759398496240601,0.06015037593984962,0.11278195488721804,0.12781954887218044,0.2706766917293233,0.39097744360902253
