var1,var2,var3,var4,var5,var6
0.06504065040650407,0.10569105691056911,0.13008130081300814,0.15447154471544716,0.21138211382113822,0.3333333333333333
