var1,var2,var3,var4,var5,var6
0.05429864253393665,0.09049773755656108,0.11764705882352941,0.19004524886877827,0.2579185520361991,0.2895927601809955
