var1,var2,var3,var4,var5,var6
0.058091286307053944,0.08298755186721991,0.17427385892116182,0.18672199170124482,0.2157676348547718,0.2821576763485477
