var1,var2,var3,var4,var5,var6
0.08444444444444445,0.11555555555555555,0.16,0.18666666666666668,0.19555555555555557,0.2577777777777778
