var1,var2,var3,var4,var5,var6
0.017316017316017316,0.12121212121212122,0.15151515151515152,0.21645021645021645,0.22510822510822512,0.2683982683982684
