var1,var2,var3,var4,var5,var6
0.0915032679738562,0.13725490196078433,0.1437908496732026,0.16993464052287582,0.20915032679738563,0.24836601307189543
