var1,var2,var3,var4,var5,var6
0.06040268456375839,0.06711409395973154,0.16778523489932887,0.18791946308724833,0.24161073825503357,0.2751677852348993
