var1,var2,var3,var4,var5,var6
0.0213903743315508,0.10695187165775401,0.17647058823529413,0.1925133689839572,0.24598930481283424,0.25668449197860965
