var1,var2,var3,var4,var5,var6
0.025477707006369428,0.1337579617834395,0.15286624203821655,0.1910828025477707,0.20382165605095542,0.2929936305732484
