var1,var2,var3,var4,var5,var6
0.06358381502890173,0.10404624277456648,0.17341040462427745,0.19653179190751446,0.20809248554913296,0.2543352601156069
