var1,var2,var3,var4,var5,var6
0.06358381502890173,0.08092485549132948,0.10404624277456648,0.16184971098265896,0.28901734104046245,0.30057803468208094
