var1,var2,var3,var4,var5,var6
0.02127659574468085,0.0425531914893617,0.1347517730496454,0.1702127659574468,0.2553191489361702,0.375886524822695
