var1,var2,var3,var4,var5,var6
0.07344632768361582,0.0903954802259887,0.12429378531073447,0.14689265536723164,0.2598870056497175,0.3050847457627119
