var1,var2,var3,var4,var5,var6
0.033783783783783786,0.08108108108108109,0.0945945945945946,0.14864864864864866,0.20270270270270271,0.4391891891891892
