var1,var2,var3,var4,var5,var6
0.026143790849673203,0.0392156862745098,0.0915032679738562,0.12418300653594772,0.2875816993464052,0.43137254901960786
