var1,var2,var3,var4,var5,var6
0.09216589861751152,0.12903225806451613,0.16589861751152074,0.17511520737327188,0.19815668202764977,0.23963133640552994
