var1,var2,var3,var4,var5,var6
0.0213903743315508,0.0481283422459893,0.10695187165775401,0.18181818181818182,0.24598930481283424,0.39572192513368987
