var1,var2,var3,var4,var5,var6
0.024390243902439025,0.05853658536585366,0.12682926829268293,0.2048780487804878,0.2682926829268293,0.3170731707317073
