var1,var2,var3,var4,var5,var6
0.0738255033557047,0.10738255033557047,0.12080536912751678,0.1610738255033557,0.20134228187919462,0.33557046979865773
