var1,var2,var3,var4,var5,var6
0.022857142857142857,0.07428571428571429,0.10285714285714286,0.10857142857142857,0.3142857142857143,0.37714285714285717
