var1,var2,var3,var4,var5,var6
0.03870967741935484,0.1032258064516129,0.16129032258064516,0.21935483870967742,0.23225806451612904,0.24516129032258063
