var1,var2,var3,var4,var5,var6
0.029239766081871343,0.04678362573099415,0.0935672514619883,0.2046783625730994,0.24561403508771928,0.38011695906432746
