var1,var2,var3,var4,var5,var6
0.0896551724137931,0.12413793103448276,0.13793103448275862,0.15862068965517243,0.18620689655172415,0.30344827586206896
