var1,var2,var3,var4,var5,var6
0.047619047619047616,0.09523809523809523,0.10582010582010581,0.2275132275132275,0.25396825396825395,0.2698412698412698
