var1,var2,var3,var4,var5,var6
0.057971014492753624,0.14009661835748793,0.14492753623188406,0.18357487922705315,0.21256038647342995,0.2608695652173913
