var1,var2,var3,var4,var5,var6
0.08088235294117647,0.14705882352941177,0.16176470588235295,0.17647058823529413,0.19852941176470587,0.23529411764705882
