var1,var2,var3,var4,var5,var6
0.039735099337748346,0.052980132450331126,0.17880794701986755,0.2052980132450331,0.23841059602649006,0.2847682119205298
