var1,var2,var3,var4,var5,var6
0.02643171806167401,0.07488986784140969,0.0881057268722467,0.18502202643171806,0.2290748898678414,0.3964757709251101
