var1,var2,var3,var4,var5,var6
0.041916167664670656,0.11976047904191617,0.1317365269461078,0.20359281437125748,0.23952095808383234,0.2634730538922156
