var1,var2,var3,var4,var5,var6
0.01834862385321101,0.027522935779816515,0.12844036697247707,0.1834862385321101,0.27522935779816515,0.3669724770642202
