var1,var2,var3,var4,var5,var6
0.031007751937984496,0.07751937984496124,0.15503875968992248,0.16279069767441862,0.27906976744186046,0.29457364341085274
