var1,var2,var3,var4,var5,var6
0.025157232704402517,0.06289308176100629,0.1320754716981132,0.2138364779874214,0.22641509433962265,0.33962264150943394
