var1,var2,var3,var4,var5,var6
0.0873015873015873,0.12698412698412698,0.1349206349206349,0.14285714285714285,0.1984126984126984,0.30952380952380953
