var1,var2,var3,var4,var5,var6
0.019230769230769232,0.12179487179487179,0.1346153846153846,0.20512820512820512,0.23076923076923078,0.28846153846153844
