var1,var2,var3,var4,var5,var6
0.0196078431372549,0.08627450980392157,0.13725490196078433,0.2,0.2549019607843137,0.30196078431372547
