var1,var2,var3,var4,var5,var6
0.013071895424836602,0.058823529411764705,0.0784313725490196,0.1830065359477124,0.3137254901960784,0.35294117647058826
