var1,var2,var3,var4,var5,var6
0.010810810810810811,0.10810810810810811,0.15675675675675677,0.20540540540540542,0.23783783783783785,0.2810810810810811
