var1,var2,var3,var4,var5,var6
0.01818181818181818,0.09090909090909091,0.09696969696969697,0.13333333333333333,0.3151515151515151,0.34545454545454546
