var1,var2,var3,var4,var5,var6
0.05161290322580645,0.05806451612903226,0.09032258064516129,0.15483870967741936,0.25806451612903225,0.3870967741935484
