var1,var2,var3,var4,var5,var6
0.04433497536945813,0.07881773399014778,0.11330049261083744,0.2019704433497537,0.21674876847290642,0.3448275862068966
