var1,var2,var3,var4,var5,var6
0.02666666666666667,0.09777777777777778,0.18222222222222223,0.19111111111111112,0.24444444444444444,0.2577777777777778
