var1,var2,var3,var4,var5,var6
0.02142857142857143,0.04285714285714286,0.1,0.1357142857142857,0.30714285714285716,0.39285714285714285
