var1,var2,var3,var4,var5,var6
0.05853658536585366,0.07804878048780488,0.1902439024390244,0.2048780487804878,0.2146341463414634,0.25365853658536586
