var1,var2,var3,var4,var5,var6
0.05442176870748299,0.11564625850340136,0.17687074829931973,0.1836734693877551,0.19727891156462585,0.272108843537415
