var1,var2,var3,var4,var5,var6
0.015037593984962405,0.06015037593984962,0.09022556390977443,0.20300751879699247,0.2556390977443609,0.37593984962406013
