var1,var2,var3,var4,var5,var6
0.028409090909090908,0.08522727272727272,0.13068181818181818,0.2215909090909091,0.23295454545454544,0.30113636363636365
