var1,var2,var3,var4,var5,var6
0.018633540372670808,0.09316770186335403,0.13664596273291926,0.18633540372670807,0.2546583850931677,0.3105590062111801
