var1,var2,var3,var4,var5,var6
0.08571428571428572,0.10285714285714286,0.14285714285714285,0.17142857142857143,0.19428571428571428,0.3028571428571429
