var1,var2,var3,var4,var5,var6
0.030534351145038167,0.04580152671755725,0.0916030534351145,0.17557251908396945,0.22900763358778625,0.42748091603053434
