var1,var2,var3,var4,var5,var6
0.06405693950177936,0.09252669039145907,0.17793594306049823,0.19572953736654805,0.21352313167259787,0.25622775800711745
