var1,var2,var3,var4,var5,var6
0.07650273224043716,0.10382513661202186,0.12021857923497267,0.17486338797814208,0.18579234972677597,0.33879781420765026
