var1,var2,var3,var4,var5,var6
0.0962566844919786,0.12299465240641712,0.1497326203208556,0.1657754010695187,0.20855614973262032,0.25668449197860965
