var1,var2,var3,var4,var5,var6
0.04830917874396135,0.057971014492753624,0.13043478260869565,0.1642512077294686,0.2898550724637681,0.30917874396135264
