var1,var2,var3,var4,var5,var6
0.07194244604316546,0.09352517985611511,0.12949640287769784,0.2158273381294964,0.2302158273381295,0.2589928057553957
