var1,var2,var3,var4,var5,var6
0.07734806629834254,0.12154696132596685,0.13812154696132597,0.1878453038674033,0.22099447513812154,0.2541436464088398
