var1,var2,var3,var4,var5,var6
0.060109289617486336,0.10382513661202186,0.14754098360655737,0.18579234972677597,0.22404371584699453,0.2786885245901639
