var1,var2,var3,var4,var5,var6
0.07981220657276995,0.09389671361502347,0.12206572769953052,0.15023474178403756,0.20657276995305165,0.3474178403755869
