var1,var2,var3,var4,var5,var6
0.0673076923076923,0.08653846153846154,0.10576923076923077,0.1346153846153846,0.23076923076923078,0.375
