var1,var2,var3,var4,var5,var6
0.03636363636363636,0.06666666666666667,0.08484848484848485,0.14545454545454545,0.2545454545454545,0.4121212121212121
