var1,var2,var3,var4,var5,var6
0.03723404255319149,0.05319148936170213,0.12234042553191489,0.2074468085106383,0.21808510638297873,0.3617021276595745
