var1,var2,var3,var4,var5,var6
0.06474820143884892,0.08633093525179857,0.14388489208633093,0.15827338129496402,0.18705035971223022,0.3597122302158273
