var1,var2,var3,var4,var5,var6
0.014184397163120567,0.028368794326241134,0.14893617021276595,0.1702127659574468,0.2695035460992908,0.36879432624113473
