var1,var2,var3,var4,var5,var6
0.0815450643776824,0.12017167381974249,0.17167381974248927,0.1888412017167382,0.2145922746781116,0.22317596566523606
