var1,var2,var3,var4,var5,var6
0.07142857142857142,0.08673469387755102,0.10714285714285714,0.12755102040816327,0.29081632653061223,0.3163265306122449
