var1,var2,var3,var4,var5,var6
0.03225806451612903,0.07741935483870968,0.09032258064516129,0.1032258064516129,0.27741935483870966,0.41935483870967744
