var1,var2,var3,var4,var5,var6
0.037209302325581395,0.10697674418604651,0.14883720930232558,0.16279069767441862,0.22790697674418606,0.31627906976744186
