var1,var2,var3,var4,var5,var6
0.02553191489361702,0.059574468085106386,0.07234042553191489,0.16170212765957448,0.26382978723404255,0.41702127659574467
