var1,var2,var3,var4,var5,var6
0.029556650246305417,0.054187192118226604,0.1477832512315271,0.15763546798029557,0.270935960591133,0.3399014778325123
