var1,var2,var3,var4,var5,var6
0.026143790849673203,0.0718954248366013,0.08496732026143791,0.12418300653594772,0.2875816993464052,0.40522875816993464
