var1,var2,var3,var4,var5,var6
0.07650273224043716,0.08743169398907104,0.12568306010928962,0.14207650273224043,0.18579234972677597,0.3825136612021858
