var1,var2,var3,var4,var5,var6
0.04316546762589928,0.05755395683453238,0.06474820143884892,0.14388489208633093,0.2589928057553957,0.4316546762589928
