var1,var2,var3,var4,var5,var6
0.03015075376884422,0.08040201005025126,0.1306532663316583,0.22110552763819097,0.24623115577889448,0.2914572864321608
