var1,var2,var3,var4,var5,var6
0.02768166089965398,0.1314878892733564,0.14878892733564014,0.19377162629757785,0.2422145328719723,0.2560553633217993
