var1,var2,var3,var4,var5,var6
0.034013605442176874,0.08163265306122448,0.1292517006802721,0.19727891156462585,0.22448979591836735,0.3333333333333333
