var1,var2,var3,var4,var5,var6
0.02857142857142857,0.045714285714285714,0.12,0.13142857142857142,0.2,0.4742857142857143
