var1,var2,var3,var4,var5,var6
0.018633540372670808,0.049689440993788817,0.07453416149068323,0.14906832298136646,0.2484472049689441,0.45962732919254656
