var1,var2,var3,var4,var5,var6
0.09326424870466321,0.10880829015544041,0.14507772020725387,0.15025906735751296,0.22797927461139897,0.27461139896373055
