var1,var2,var3,var4,var5,var6
0.009009009009009009,0.07207207207207207,0.09009009009009009,0.10810810810810811,0.2882882882882883,0.43243243243243246
