var1,var2,var3,var4,var5,var6
0.047244094488188976,0.11023622047244094,0.13385826771653545,0.14173228346456693,0.1732283464566929,0.3937007874015748
