var1,var2,var3,var4,var5,var6
0.047619047619047616,0.13756613756613756,0.15873015873015872,0.1693121693121693,0.20105820105820105,0.2857142857142857
