var1,var2,var3,var4,var5,var6
0.01680672268907563,0.05042016806722689,0.07563025210084033,0.18487394957983194,0.2857142857142857,0.3865546218487395
