var1,var2,var3,var4,var5,var6
0.043795620437956206,0.08759124087591241,0.11678832116788321,0.145985401459854,0.27007299270072993,0.3357664233576642
