var1,var2,var3,var4,var5,var6
0.035175879396984924,0.08040201005025126,0.09547738693467336,0.11055276381909548,0.32663316582914576,0.35175879396984927
