var1,var2,var3,var4,var5,var6
0.047619047619047616,0.07482993197278912,0.14285714285714285,0.19727891156462585,0.23809523809523808,0.29931972789115646
