var1,var2,var3,var4,var5,var6
0.028368794326241134,0.0425531914893617,0.05673758865248227,0.24113475177304963,0.24822695035460993,0.3829787234042553
