var1,var2,var3,var4,var5,var6
0.026455026455026454,0.08465608465608465,0.15873015873015872,0.2222222222222222,0.2328042328042328,0.2751322751322751
