var1,var2,var3,var4,var5,var6
0.047872340425531915,0.06914893617021277,0.0797872340425532,0.21808510638297873,0.26063829787234044,0.324468085106383
