var1,var2,var3,var4,var5,var6
0.09392265193370165,0.12154696132596685,0.13812154696132597,0.16022099447513813,0.19889502762430938,0.287292817679558
