var1,var2,var3,var4,var5,var6
0.028708133971291867,0.14354066985645933,0.16267942583732056,0.18181818181818182,0.23444976076555024,0.24880382775119617
