var1,var2,var3,var4,var5,var6
0.036036036036036036,0.05405405405405406,0.07207207207207207,0.21621621621621623,0.22522522522522523,0.3963963963963964
