var1,var2,var3,var4,var5,var6
0.01775147928994083,0.047337278106508875,0.15384615384615385,0.22485207100591717,0.2485207100591716,0.3076923076923077
