var1,var2,var3,var4,var5,var6
0.08583690987124463,0.10300429184549356,0.13304721030042918,0.17167381974248927,0.22317596566523606,0.2832618025751073
