var1,var2,var3,var4,var5,var6
0.06338028169014084,0.09859154929577464,0.14788732394366197,0.176056338028169,0.19718309859154928,0.31690140845070425
