var1,var2,var3,var4,var5,var6
0.02040816326530612,0.08673469387755102,0.1377551020408163,0.20918367346938777,0.23469387755102042,0.3112244897959184
