var1,var2,var3,var4,var5,var6
0.0718562874251497,0.12574850299401197,0.1317365269461078,0.15568862275449102,0.16766467065868262,0.3473053892215569
