var1,var2,var3,var4,var5,var6
0.03669724770642202,0.11009174311926606,0.12844036697247707,0.1743119266055046,0.1834862385321101,0.3669724770642202
