var1,var2,var3,var4,var5,var6
0.04790419161676647,0.12574850299401197,0.1377245508982036,0.15568862275449102,0.20958083832335328,0.32335329341317365
