var1,var2,var3,var4,var5,var6
0.02564102564102564,0.09401709401709402,0.1452991452991453,0.1623931623931624,0.2222222222222222,0.3504273504273504
