var1,var2,var3,var4,var5,var6
0.037267080745341616,0.062111801242236024,0.14906832298136646,0.20496894409937888,0.2360248447204969,0.3105590062111801
