var1,var2,var3,var4,var5,var6
0.03783783783783784,0.05405405405405406,0.11891891891891893,0.1837837837837838,0.2594594594594595,0.34594594594594597
