var1,var2,var3,var4,var5,var6
0.047872340425531915,0.06914893617021277,0.1276595744680851,0.18617021276595744,0.22872340425531915,0.3404255319148936
