var1,var2,var3,var4,var5,var6
0.032432432432432434,0.04864864864864865,0.07567567567567568,0.16216216216216217,0.21621621621621623,0.4648648648648649
