var1,var2,var3,var4,var5,var6
0.09836065573770492,0.11475409836065574,0.13114754098360656,0.19672131147540983,0.20765027322404372,0.25136612021857924
