var1,var2,var3,var4,var5,var6
0.04395604395604396,0.12087912087912088,0.14652014652014653,0.1794871794871795,0.20146520146520147,0.3076923076923077
