var1,var2,var3,var4,var5,var6
0.037037037037037035,0.044444444444444446,0.07407407407407407,0.16296296296296298,0.28888888888888886,0.3925925925925926
