var1,var2,var3,var4,var5,var6
0.039647577092511016,0.04405286343612335,0.1145374449339207,0.1762114537444934,0.29955947136563876,0.32599118942731276
