var1,var2,var3,var4,var5,var6
0.058823529411764705,0.10588235294117647,0.13529411764705881,0.18823529411764706,0.2235294117647059,0.28823529411764703
