var1,var2,var3,var4,var5,var6
0.030303030303030304,0.08484848484848485,0.09696969696969697,0.20606060606060606,0.2545454545454545,0.32727272727272727
