var1,var2,var3,var4,var5,var6
0.05776173285198556,0.15162454873646208,0.1588447653429603,0.17689530685920576,0.18772563176895307,0.26714801444043323
