var1,var2,var3,var4,var5,var6
0.06382978723404255,0.12056737588652482,0.15602836879432624,0.16312056737588654,0.20567375886524822,0.2907801418439716
