var1,var2,var3,var4,var5,var6
0.047244094488188976,0.07874015748031496,0.14173228346456693,0.15748031496062992,0.18110236220472442,0.3937007874015748
