var1,var2,var3,var4,var5,var6
0.015957446808510637,0.06382978723404255,0.11702127659574468,0.18617021276595744,0.2712765957446808,0.34574468085106386
