var1,var2,var3,var4,var5,var6
0.057971014492753624,0.12560386473429952,0.16908212560386474,0.178743961352657,0.19806763285024154,0.27053140096618356
