var1,var2,var3,var4,var5,var6
0.0446927374301676,0.061452513966480445,0.11173184357541899,0.13966480446927373,0.3016759776536313,0.3407821229050279
