var1,var2,var3,var4,var5,var6
0.06989247311827956,0.10215053763440861,0.11290322580645161,0.1774193548387097,0.1935483870967742,0.34408602150537637
