var1,var2,var3,var4,var5,var6
0.04946996466431095,0.10600706713780919,0.17667844522968199,0.19434628975265017,0.21908127208480566,0.254416961130742
