var1,var2,var3,var4,var5,var6
0.0736196319018405,0.08588957055214724,0.09815950920245399,0.1901840490797546,0.2085889570552147,0.34355828220858897
