var1,var2,var3,var4,var5,var6
0.0234375,0.1015625,0.109375,0.15625,0.2734375,0.3359375
