var1,var2,var3,var4,var5,var6
0.0748663101604278,0.11764705882352941,0.12834224598930483,0.16042780748663102,0.2192513368983957,0.2994652406417112
