var1,var2,var3,var4,var5,var6
0.03902439024390244,0.13658536585365855,0.15121951219512195,0.1951219512195122,0.2146341463414634,0.2634146341463415
