var1,var2,var3,var4,var5,var6
0.028985507246376812,0.043478260869565216,0.07729468599033816,0.2222222222222222,0.28019323671497587,0.34782608695652173
