var1,var2,var3,var4,var5,var6
0.03619909502262444,0.08144796380090498,0.12217194570135746,0.18552036199095023,0.27601809954751133,0.2986425339366516
