var1,var2,var3,var4,var5,var6
0.06435643564356436,0.09405940594059406,0.13861386138613863,0.15346534653465346,0.22277227722772278,0.32673267326732675
