var1,var2,var3,var4,var5,var6
0.044585987261146494,0.1464968152866242,0.15286624203821655,0.20382165605095542,0.21656050955414013,0.2356687898089172
