var1,var2,var3,var4,var5,var6
0.02512562814070352,0.04020100502512563,0.09045226130653267,0.24120603015075376,0.2613065326633166,0.3417085427135678
