var1,var2,var3,var4,var5,var6
0.02952029520295203,0.1033210332103321,0.14391143911439114,0.22140221402214022,0.22878228782287824,0.2730627306273063
