var1,var2,var3,var4,var5,var6
0.05429864253393665,0.09502262443438914,0.12669683257918551,0.13574660633484162,0.28054298642533937,0.3076923076923077
