var1,var2,var3,var4,var5,var6
0.012711864406779662,0.11440677966101695,0.13983050847457626,0.19491525423728814,0.23728813559322035,0.3008474576271186
