var1,var2,var3,var4,var5,var6
0.05714285714285714,0.09142857142857143,0.13714285714285715,0.1657142857142857,0.24,0.30857142857142855
