var1,var2,var3,var4,var5,var6
0.006993006993006993,0.1258741258741259,0.16783216783216784,0.1958041958041958,0.22377622377622378,0.27972027972027974
