var1,var2,var3,var4,var5,var6
0.07017543859649122,0.1111111111111111,0.1286549707602339,0.21052631578947367,0.2222222222222222,0.2573099415204678
