var1,var2,var3,var4,var5,var6
0.03980099502487562,0.06467661691542288,0.10945273631840796,0.1691542288557214,0.26865671641791045,0.3482587064676617
