var1,var2,var3,var4,var5,var6
0.06358381502890173,0.10982658959537572,0.15606936416184972,0.1676300578034682,0.20809248554913296,0.2947976878612717
