var1,var2,var3,var4,var5,var6
0.04666666666666667,0.06,0.12,0.14,0.20666666666666667,0.4266666666666667
