var1,var2,var3,var4,var5,var6
0.024844720496894408,0.06832298136645963,0.18633540372670807,0.19254658385093168,0.2236024844720497,0.30434782608695654
