var1,var2,var3,var4,var5,var6
0.10526315789473684,0.11695906432748537,0.14035087719298245,0.1695906432748538,0.19883040935672514,0.26900584795321636
