var1,var2,var3,var4,var5,var6
0.04417670682730924,0.10441767068273092,0.13654618473895583,0.1927710843373494,0.2570281124497992,0.26506024096385544
