var1,var2,var3,var4,var5,var6
0.03932584269662921,0.10112359550561797,0.11235955056179775,0.1853932584269663,0.24157303370786518,0.3202247191011236
