var1,var2,var3,var4,var5,var6
0.05263157894736842,0.10526315789473684,0.15037593984962405,0.19548872180451127,0.23308270676691728,0.2631578947368421
