var1,var2,var3,var4,var5,var6
0.016483516483516484,0.07142857142857142,0.15934065934065933,0.2032967032967033,0.26373626373626374,0.2857142857142857
