var1,var2,var3,var4,var5,var6
0.07017543859649122,0.0935672514619883,0.10526315789473684,0.15204678362573099,0.2046783625730994,0.3742690058479532
