var1,var2,var3,var4,var5,var6
0.07741935483870968,0.12258064516129032,0.12903225806451613,0.15483870967741936,0.16774193548387098,0.34838709677419355
