var1,var2,var3,var4,var5,var6
0.03636363636363636,0.09090909090909091,0.10909090909090909,0.19393939393939394,0.2545454545454545,0.3151515151515151
