var1,var2,var3,var4,var5,var6
0.02962962962962963,0.037037037037037035,0.0962962962962963,0.21481481481481482,0.28888888888888886,0.3333333333333333
