var1,var2,var3,var4,var5,var6
0.046511627906976744,0.11627906976744186,0.13178294573643412,0.18604651162790697,0.24031007751937986,0.27906976744186046
