var1,var2,var3,var4,var5,var6
0.05389221556886228,0.07784431137724551,0.16766467065868262,0.18562874251497005,0.23353293413173654,0.281437125748503
