var1,var2,var3,var4,var5,var6
0.03932584269662921,0.05056179775280899,0.1404494382022472,0.17415730337078653,0.21910112359550563,0.37640449438202245
