var1,var2,var3,var4,var5,var6
0.024691358024691357,0.12757201646090535,0.13991769547325103,0.19753086419753085,0.205761316872428,0.3045267489711934
