var1,var2,var3,var4,var5,var6
0.023474178403755867,0.08450704225352113,0.11267605633802817,0.1784037558685446,0.2347417840375587,0.36619718309859156
