var1,var2,var3,var4,var5,var6
0.07253886010362694,0.10362694300518134,0.14507772020725387,0.17098445595854922,0.22797927461139897,0.27979274611398963
