var1,var2,var3,var4,var5,var6
0.03821656050955414,0.07006369426751592,0.10191082802547771,0.1910828025477707,0.21656050955414013,0.3821656050955414
