var1,var2,var3,var4,var5,var6
0.03048780487804878,0.14634146341463414,0.1524390243902439,0.18902439024390244,0.23170731707317074,0.25
