var1,var2,var3,var4,var5,var6
0.012422360248447204,0.062111801242236024,0.17391304347826086,0.19254658385093168,0.2608695652173913,0.2981366459627329
