var1,var2,var3,var4,var5,var6
0.042682926829268296,0.06707317073170732,0.13414634146341464,0.16463414634146342,0.23780487804878048,0.35365853658536583
