var1,var2,var3,var4,var5,var6
0.03550295857988166,0.047337278106508875,0.0650887573964497,0.14201183431952663,0.2958579881656805,0.41420118343195267
