var1,var2,var3,var4,var5,var6
0.027210884353741496,0.04081632653061224,0.14965986394557823,0.20408163265306123,0.2789115646258503,0.29931972789115646
