var1,var2,var3,var4,var5,var6
0.048484848484848485,0.07878787878787878,0.10909090909090909,0.21818181818181817,0.2606060606060606,0.28484848484848485
