var1,var2,var3,var4,var5,var6
0.05,0.0875,0.15625,0.2,0.225,0.28125
