var1,var2,var3,var4,var5,var6
0.029940119760479042,0.10778443113772455,0.1437125748502994,0.19161676646706588,0.20359281437125748,0.32335329341317365
