var1,var2,var3,var4,var5,var6
0.03571428571428571,0.08035714285714286,0.13392857142857142,0.22321428571428573,0.23214285714285715,0.29464285714285715
