var1,var2,var3,var4,var5,var6
0.024291497975708502,0.09716599190283401,0.145748987854251,0.17813765182186234,0.24696356275303644,0.3076923076923077
