var1,var2,var3,var4,var5,var6
0.07373271889400922,0.10599078341013825,0.1382488479262673,0.16589861751152074,0.1935483870967742,0.3225806451612903
