var1,var2,var3,var4,var5,var6
0.026455026455026454,0.07407407407407407,0.15873015873015872,0.19047619047619047,0.24338624338624337,0.30687830687830686
