var1,var2,var3,var4,var5,var6
0.02631578947368421,0.06315789473684211,0.15263157894736842,0.19473684210526315,0.22631578947368422,0.3368421052631579
