var1,var2,var3,var4,var5,var6
0.02247191011235955,0.0449438202247191,0.07865168539325842,0.1348314606741573,0.24719101123595505,0.47191011235955055
