var1,var2,var3,var4,var5,var6
0.011695906432748537,0.05847953216374269,0.15204678362573099,0.1695906432748538,0.24561403508771928,0.36257309941520466
