var1,var2,var3,var4,var5,var6
0.03305785123966942,0.06611570247933884,0.08264462809917356,0.19008264462809918,0.23140495867768596,0.39669421487603307
