var1,var2,var3,var4,var5,var6
0.0379746835443038,0.12658227848101267,0.14345991561181434,0.20253164556962025,0.22784810126582278,0.2616033755274262
