var1,var2,var3,var4,var5,var6
0.034013605442176874,0.05442176870748299,0.08163265306122448,0.21768707482993196,0.2857142857142857,0.32653061224489793
