var1,var2,var3,var4,var5,var6
0.05925925925925926,0.0962962962962963,0.13333333333333333,0.2222222222222222,0.23703703703703705,0.2518518518518518
