var1,var2,var3,var4,var5,var6
0.05612244897959184,0.07653061224489796,0.08673469387755102,0.20918367346938777,0.25,0.32142857142857145
