var1,var2,var3,var4,var5,var6
0.04294478527607362,0.06134969325153374,0.12269938650306748,0.13496932515337423,0.26993865030674846,0.36809815950920244
