var1,var2,var3,var4,var5,var6
0.01818181818181818,0.030303030303030304,0.15151515151515152,0.20606060606060606,0.24242424242424243,0.3515151515151515
