var1,var2,var3,var4,var5,var6
0.039735099337748346,0.06622516556291391,0.11920529801324503,0.13245033112582782,0.24503311258278146,0.3973509933774834
