var1,var2,var3,var4,var5,var6
0.0423728813559322,0.0847457627118644,0.11016949152542373,0.13559322033898305,0.1440677966101695,0.4830508474576271
