var1,var2,var3,var4,var5,var6
0.02654867256637168,0.035398230088495575,0.1415929203539823,0.1592920353982301,0.2831858407079646,0.35398230088495575
