var1,var2,var3,var4,var5,var6
0.04093567251461988,0.0935672514619883,0.1111111111111111,0.1695906432748538,0.28654970760233917,0.2982456140350877
