var1,var2,var3,var4,var5,var6
0.07407407407407407,0.08641975308641975,0.11522633744855967,0.1646090534979424,0.26337448559670784,0.2962962962962963
