var1,var2,var3,var4,var5,var6
0.028368794326241134,0.05673758865248227,0.09929078014184398,0.1702127659574468,0.19148936170212766,0.45390070921985815
