var1,var2,var3,var4,var5,var6
0.026881720430107527,0.053763440860215055,0.12365591397849462,0.14516129032258066,0.22043010752688172,0.43010752688172044
