var1,var2,var3,var4,var5,var6
0.0446927374301676,0.0893854748603352,0.13966480446927373,0.2011173184357542,0.2569832402234637,0.2681564245810056
