var1,var2,var3,var4,var5,var6
0.018404907975460124,0.08588957055214724,0.13496932515337423,0.2085889570552147,0.26380368098159507,0.2883435582822086
