var1,var2,var3,var4,var5,var6
0.04065040650406504,0.06504065040650407,0.08130081300813008,0.17886178861788618,0.25203252032520324,0.3821138211382114
