var1,var2,var3,var4,var5,var6
0.05228758169934641,0.0718954248366013,0.16339869281045752,0.17647058823529413,0.20261437908496732,0.3333333333333333
