var1,var2,var3,var4,var5,var6
0.03319502074688797,0.08298755186721991,0.14107883817427386,0.18672199170124482,0.24066390041493776,0.3153526970954357
