var1,var2,var3,var4,var5,var6
0.022727272727272728,0.06818181818181818,0.11363636363636363,0.15151515151515152,0.2727272727272727,0.3712121212121212
