var1,var2,var3,var4,var5,var6
0.051094890510948905,0.10218978102189781,0.13138686131386862,0.1897810218978102,0.22627737226277372,0.29927007299270075
