var1,var2,var3,var4,var5,var6
0.018867924528301886,0.0660377358490566,0.12264150943396226,0.1509433962264151,0.1792452830188679,0.46226415094339623
