var1,var2,var3,var4,var5,var6
0.08733624454148471,0.13100436681222707,0.14410480349344978,0.16593886462882096,0.22707423580786026,0.2445414847161572
