var1,var2,var3,var4,var5,var6
0.026143790849673203,0.0718954248366013,0.0915032679738562,0.13071895424836602,0.2549019607843137,0.42483660130718953
