var1,var2,var3,var4,var5,var6
0.012578616352201259,0.0440251572327044,0.12578616352201258,0.16352201257861634,0.29559748427672955,0.3584905660377358
