var1,var2,var3,var4,var5,var6
0.11244979919678715,0.1285140562248996,0.15261044176706828,0.18072289156626506,0.20883534136546184,0.21686746987951808
