var1,var2,var3,var4,var5,var6
0.042328042328042326,0.06349206349206349,0.1111111111111111,0.17989417989417988,0.25396825396825395,0.3492063492063492
