var1,var2,var3,var4,var5,var6
0.06746031746031746,0.11904761904761904,0.14285714285714285,0.17857142857142858,0.2261904761904762,0.26587301587301587
