var1,var2,var3,var4,var5,var6
0.07804878048780488,0.1024390243902439,0.13658536585365855,0.16585365853658537,0.1951219512195122,0.32195121951219513
