var1,var2,var3,var4,var5,var6
0.0392156862745098,0.07058823529411765,0.12941176470588237,0.1803921568627451,0.24313725490196078,0.33725490196078434
