var1,var2,var3,var4,var5,var6
0.07453416149068323,0.11180124223602485,0.11801242236024845,0.17391304347826086,0.19875776397515527,0.32298136645962733
