var1,var2,var3,var4,var5,var6
0.039735099337748346,0.046357615894039736,0.1456953642384106,0.15894039735099338,0.271523178807947,0.33774834437086093
