var1,var2,var3,var4,var5,var6
0.06976744186046512,0.10232558139534884,0.11162790697674418,0.16744186046511628,0.23255813953488372,0.31627906976744186
