var1,var2,var3,var4,var5,var6
0.043243243243243246,0.08648648648648649,0.10810810810810811,0.16216216216216217,0.23243243243243245,0.3675675675675676
