var1,var2,var3,var4,var5,var6
0.02040816326530612,0.047619047619047616,0.08163265306122448,0.23129251700680273,0.272108843537415,0.3469387755102041
