var1,var2,var3,var4,var5,var6
0.06832298136645963,0.07453416149068323,0.11180124223602485,0.14906832298136646,0.2732919254658385,0.32298136645962733
