var1,var2,var3,var4,var5,var6
0.03067484662576687,0.09815950920245399,0.147239263803681,0.19631901840490798,0.2085889570552147,0.31901840490797545
