var1,var2,var3,var4,var5,var6
0.0851063829787234,0.10638297872340426,0.1347517730496454,0.1702127659574468,0.2127659574468085,0.2907801418439716
