var1,var2,var3,var4,var5,var6
0.07801418439716312,0.09929078014184398,0.11347517730496454,0.1276595744680851,0.2695035460992908,0.3120567375886525
