var1,var2,var3,var4,var5,var6
0.06382978723404255,0.09219858156028368,0.11347517730496454,0.18439716312056736,0.2553191489361702,0.2907801418439716
