var1,var2,var3,var4,var5,var6
0.02824858757062147,0.0903954802259887,0.1638418079096045,0.20903954802259886,0.22033898305084745,0.288135593220339
