var1,var2,var3,var4,var5,var6
0.03007518796992481,0.09774436090225563,0.12030075187969924,0.22556390977443608,0.24060150375939848,0.2857142857142857
