var1,var2,var3,var4,var5,var6
0.02097902097902098,0.06293706293706294,0.09090909090909091,0.18181818181818182,0.25874125874125875,0.38461538461538464
