var1,var2,var3,var4,var5,var6
0.018779342723004695,0.15023474178403756,0.1643192488262911,0.18779342723004694,0.22535211267605634,0.2535211267605634
