var1,var2,var3,var4,var5,var6
0.05228758169934641,0.0784313725490196,0.10457516339869281,0.11764705882352941,0.2875816993464052,0.35947712418300654
