var1,var2,var3,var4,var5,var6
0.018072289156626505,0.04819277108433735,0.10843373493975904,0.1686746987951807,0.30120481927710846,0.35542168674698793
