var1,var2,var3,var4,var5,var6
0.015503875968992248,0.07751937984496124,0.13953488372093023,0.17054263565891473,0.24031007751937986,0.35658914728682173
