var1,var2,var3,var4,var5,var6
0.026143790849673203,0.0392156862745098,0.16993464052287582,0.1895424836601307,0.26143790849673204,0.3137254901960784
