var1,var2,var3,var4,var5,var6
0.08333333333333333,0.09259259259259259,0.12037037037037036,0.14814814814814814,0.16666666666666666,0.3888888888888889
