var1,var2,var3,var4,var5,var6
0.03888888888888889,0.10555555555555556,0.12222222222222222,0.15,0.2611111111111111,0.32222222222222224
