var1,var2,var3,var4,var5,var6
0.06060606060606061,0.10909090909090909,0.15757575757575756,0.18181818181818182,0.23636363636363636,0.2545454545454545
