var1,var2,var3,var4,var5,var6
0.09693877551020408,0.1326530612244898,0.14285714285714285,0.1683673469387755,0.20918367346938777,0.25
