var1,var2,var3,var4,var5,var6
0.029411764705882353,0.08823529411764706,0.12941176470588237,0.19411764705882353,0.27058823529411763,0.28823529411764703
