var1,var2,var3,var4,var5,var6
0.06808510638297872,0.07659574468085106,0.10638297872340426,0.23404255319148937,0.24680851063829787,0.2680851063829787
