var1,var2,var3,var4,var5,var6
0.056338028169014086,0.07746478873239436,0.1267605633802817,0.176056338028169,0.2112676056338028,0.352112676056338
