var1,var2,var3,var4,var5,var6
0.036036036036036036,0.0990990990990991,0.14414414414414414,0.16216216216216217,0.23423423423423423,0.32432432432432434
