var1,var2,var3,var4,var5,var6
0.02877697841726619,0.03597122302158273,0.05755395683453238,0.2302158273381295,0.2733812949640288,0.37410071942446044
