var1,var2,var3,var4,var5,var6
0.10067114093959731,0.11409395973154363,0.14093959731543623,0.174496644295302,0.2080536912751678,0.26174496644295303
