var1,var2,var3,var4,var5,var6
0.037037037037037035,0.08465608465608465,0.1693121693121693,0.19047619047619047,0.2328042328042328,0.2857142857142857
