var1,var2,var3,var4,var5,var6
0.026143790849673203,0.09803921568627451,0.10457516339869281,0.16993464052287582,0.1830065359477124,0.41830065359477125
