var1,var2,var3,var4,var5,var6
0.04878048780487805,0.08780487804878048,0.17560975609756097,0.2097560975609756,0.23414634146341465,0.24390243902439024
