var1,var2,var3,var4,var5,var6
0.05263157894736842,0.08187134502923976,0.0935672514619883,0.11695906432748537,0.30409356725146197,0.3508771929824561
