var1,var2,var3,var4,var5,var6
0.059880239520958084,0.10179640718562874,0.1317365269461078,0.18562874251497005,0.2215568862275449,0.2994011976047904
