var1,var2,var3,var4,var5,var6
0.018292682926829267,0.04878048780487805,0.1402439024390244,0.21341463414634146,0.25,0.32926829268292684
