var1,var2,var3,var4,var5,var6
0.026058631921824105,0.0749185667752443,0.14332247557003258,0.1563517915309446,0.254071661237785,0.34527687296416937
