var1,var2,var3,var4,var5,var6
0.03361344537815126,0.06722689075630252,0.1092436974789916,0.15126050420168066,0.23529411764705882,0.40336134453781514
