var1,var2,var3,var4,var5,var6
0.09580838323353294,0.10179640718562874,0.1437125748502994,0.15568862275449102,0.23353293413173654,0.2694610778443114
