var1,var2,var3,var4,var5,var6
0.012422360248447204,0.08695652173913043,0.11180124223602485,0.14906832298136646,0.2981366459627329,0.3416149068322981
