var1,var2,var3,var4,var5,var6
0.025396825396825397,0.12063492063492064,0.16507936507936508,0.2,0.21587301587301588,0.273015873015873
