var1,var2,var3,var4,var5,var6
0.04081632653061224,0.047619047619047616,0.06802721088435375,0.20408163265306123,0.2585034013605442,0.38095238095238093
