var1,var2,var3,var4,var5,var6
0.046296296296296294,0.07407407407407407,0.09259259259259259,0.14814814814814814,0.2037037037037037,0.4351851851851852
