var1,var2,var3,var4,var5,var6
0.023121387283236993,0.08670520231213873,0.10404624277456648,0.21965317919075145,0.2543352601156069,0.31213872832369943
