var1,var2,var3,var4,var5,var6
0.03278688524590164,0.11475409836065574,0.12568306010928962,0.16393442622950818,0.18032786885245902,0.3825136612021858
