var1,var2,var3,var4,var5,var6
0.0440251572327044,0.07547169811320754,0.16352201257861634,0.2138364779874214,0.23270440251572327,0.27044025157232704
