var1,var2,var3,var4,var5,var6
0.028368794326241134,0.10638297872340426,0.15602836879432624,0.19858156028368795,0.2127659574468085,0.2978723404255319
