var1,var2,var3,var4,var5,var6
0.07407407407407407,0.10582010582010581,0.13756613756613756,0.19576719576719576,0.2328042328042328,0.25396825396825395
