var1,var2,var3,var4,var5,var6
0.0425531914893617,0.09219858156028368,0.15602836879432624,0.1702127659574468,0.22695035460992907,0.3120567375886525
