var1,var2,var3,var4,var5,var6
0.03225806451612903,0.08387096774193549,0.1032258064516129,0.23225806451612904,0.2709677419354839,0.27741935483870966
