var1,var2,var3,var4,var5,var6
0.020512820512820513,0.08717948717948718,0.11282051282051282,0.2153846153846154,0.26666666666666666,0.29743589743589743
