var1,var2,var3,var4,var5,var6
0.0136986301369863,0.0821917808219178,0.136986301369863,0.1917808219178082,0.228310502283105,0.3470319634703196
