var1,var2,var3,var4,var5,var6
0.06713780918727916,0.1413427561837456,0.15547703180212014,0.17667844522968199,0.2049469964664311,0.254416961130742
