var1,var2,var3,var4,var5,var6
0.07947019867549669,0.08609271523178808,0.11920529801324503,0.2119205298013245,0.2251655629139073,0.2781456953642384
