var1,var2,var3,var4,var5,var6
0.011695906432748537,0.11695906432748537,0.14619883040935672,0.19883040935672514,0.24561403508771928,0.2807017543859649
