var1,var2,var3,var4,var5,var6
0.03821656050955414,0.050955414012738856,0.14012738853503184,0.19745222929936307,0.25477707006369427,0.3184713375796178
