var1,var2,var3,var4,var5,var6
0.045714285714285714,0.12,0.14857142857142858,0.17142857142857143,0.25142857142857145,0.26285714285714284
