var1,var2,var3,var4,var5,var6
0.04,0.06857142857142857,0.17714285714285713,0.21142857142857144,0.22857142857142856,0.2742857142857143
