var1,var2,var3,var4,var5,var6
0.03389830508474576,0.07909604519774012,0.096045197740113,0.1694915254237288,0.3050847457627119,0.3163841807909605
