var1,var2,var3,var4,var5,var6
0.027932960893854747,0.0670391061452514,0.11173184357541899,0.1564245810055866,0.24581005586592178,0.39106145251396646
