var1,var2,var3,var4,var5,var6
0.033112582781456956,0.10596026490066225,0.15894039735099338,0.2119205298013245,0.23841059602649006,0.25165562913907286
