var1,var2,var3,var4,var5,var6
0.05581395348837209,0.07906976744186046,0.12093023255813953,0.22325581395348837,0.25116279069767444,0.26976744186046514
