var1,var2,var3,var4,var5,var6
0.016666666666666666,0.07222222222222222,0.1,0.18333333333333332,0.23333333333333334,0.39444444444444443
