var1,var2,var3,var4,var5,var6
0.015228426395939087,0.05583756345177665,0.15228426395939088,0.16243654822335024,0.2639593908629442,0.350253807106599
