var1,var2,var3,var4,var5,var6
0.06091370558375635,0.09644670050761421,0.1218274111675127,0.2233502538071066,0.233502538071066,0.2639593908629442
