var1,var2,var3,var4,var5,var6
0.07547169811320754,0.13584905660377358,0.1509433962264151,0.17358490566037735,0.18490566037735848,0.2792452830188679
