var1,var2,var3,var4,var5,var6
0.06403940886699508,0.09852216748768473,0.17733990147783252,0.20689655172413793,0.21674876847290642,0.23645320197044334
