var1,var2,var3,var4,var5,var6
0.05421686746987952,0.0963855421686747,0.13253012048192772,0.16265060240963855,0.2469879518072289,0.3072289156626506
