var1,var2,var3,var4,var5,var6
0.05357142857142857,0.10714285714285714,0.14285714285714285,0.16964285714285715,0.24107142857142858,0.2857142857142857
