var1,var2,var3,var4,var5,var6
0.014778325123152709,0.07881773399014778,0.16748768472906403,0.20689655172413793,0.2561576354679803,0.27586206896551724
