var1,var2,var3,var4,var5,var6
0.024242424242424242,0.08484848484848485,0.09696969696969697,0.21212121212121213,0.21818181818181817,0.36363636363636365
