var1,var2,var3,var4,var5,var6
0.050955414012738856,0.07006369426751592,0.10191082802547771,0.22929936305732485,0.24203821656050956,0.3057324840764331
