var1,var2,var3,var4,var5,var6
0.022222222222222223,0.08333333333333333,0.09444444444444444,0.20555555555555555,0.2222222222222222,0.37222222222222223
