var1,var2,var3,var4,var5,var6
0.08530805687203792,0.10426540284360189,0.11374407582938388,0.16113744075829384,0.1943127962085308,0.3412322274881517
