var1,var2,var3,var4,var5,var6
0.04897959183673469,0.07755102040816327,0.14285714285714285,0.19591836734693877,0.2571428571428571,0.27755102040816326
