var1,var2,var3,var4,var5,var6
0.03389830508474576,0.05084745762711865,0.15819209039548024,0.1807909604519774,0.24858757062146894,0.327683615819209
