var1,var2,var3,var4,var5,var6
0.02,0.07333333333333333,0.13333333333333333,0.21333333333333335,0.24666666666666667,0.31333333333333335
