var1,var2,var3,var4,var5,var6
0.033783783783783786,0.06756756756756757,0.08108108108108109,0.19594594594594594,0.25,0.3716216216216216
