var1,var2,var3,var4,var5,var6
0.04477611940298507,0.09950248756218906,0.12935323383084577,0.1691542288557214,0.23880597014925373,0.31840796019900497
