var1,var2,var3,var4,var5,var6
0.0196078431372549,0.06535947712418301,0.0915032679738562,0.2222222222222222,0.26143790849673204,0.33986928104575165
