var1,var2,var3,var4,var5,var6
0.05235602094240838,0.11518324607329843,0.1256544502617801,0.1518324607329843,0.23036649214659685,0.32460732984293195
