var1,var2,var3,var4,var5,var6
0.06282722513089005,0.09424083769633508,0.1518324607329843,0.16230366492146597,0.24083769633507854,0.2879581151832461
