var1,var2,var3,var4,var5,var6
0.018018018018018018,0.036036036036036036,0.10810810810810811,0.17117117117117117,0.23423423423423423,0.43243243243243246
