var1,var2,var3,var4,var5,var6
0.024539877300613498,0.07975460122699386,0.09815950920245399,0.18404907975460122,0.2331288343558282,0.3803680981595092
