var1,var2,var3,var4,var5,var6
0.014218009478672985,0.0947867298578199,0.16587677725118483,0.2132701421800948,0.22274881516587677,0.2890995260663507
