var1,var2,var3,var4,var5,var6
0.06563706563706563,0.10038610038610038,0.12355212355212356,0.19305019305019305,0.23938223938223938,0.277992277992278
