var1,var2,var3,var4,var5,var6
0.08888888888888889,0.1288888888888889,0.1688888888888889,0.18666666666666668,0.19555555555555557,0.2311111111111111
