var1,var2,var3,var4,var5,var6
0.013986013986013986,0.08391608391608392,0.09090909090909091,0.13986013986013987,0.32167832167832167,0.34965034965034963
