var1,var2,var3,var4,var5,var6
0.013245033112582781,0.07947019867549669,0.11920529801324503,0.17218543046357615,0.19205298013245034,0.423841059602649
