var1,var2,var3,var4,var5,var6
0.05952380952380952,0.07738095238095238,0.15476190476190477,0.18452380952380953,0.25,0.27380952380952384
