var1,var2,var3,var4,var5,var6
0.03208556149732621,0.0962566844919786,0.13903743315508021,0.18181818181818182,0.25133689839572193,0.2994652406417112
