var1,var2,var3,var4,var5,var6
0.010582010582010581,0.07407407407407407,0.10582010582010581,0.13756613756613756,0.31216931216931215,0.35978835978835977
