var1,var2,var3,var4,var5,var6
0.028368794326241134,0.0425531914893617,0.07801418439716312,0.15602836879432624,0.2127659574468085,0.48226950354609927
