var1,var2,var3,var4,var5,var6
0.044642857142857144,0.0625,0.125,0.17857142857142858,0.25,0.3392857142857143
