var1,var2,var3,var4,var5,var6
0.06666666666666667,0.0784313725490196,0.10588235294117647,0.18823529411764706,0.23137254901960785,0.32941176470588235
