var1,var2,var3,var4,var5,var6
0.031088082901554404,0.03626943005181347,0.12435233160621761,0.17616580310880828,0.25906735751295334,0.37305699481865284
