var1,var2,var3,var4,var5,var6
0.046242774566473986,0.10404624277456648,0.11560693641618497,0.19653179190751446,0.26011560693641617,0.2774566473988439
