var1,var2,var3,var4,var5,var6
0.032432432432432434,0.06486486486486487,0.11891891891891893,0.1945945945945946,0.22162162162162163,0.3675675675675676
