var1,var2,var3,var4,var5,var6
0.008403361344537815,0.10084033613445378,0.13445378151260504,0.15126050420168066,0.2689075630252101,0.33613445378151263
