var1,var2,var3,var4,var5,var6
0.02877697841726619,0.05755395683453238,0.09352517985611511,0.17266187050359713,0.302158273381295,0.34532374100719426
