var1,var2,var3,var4,var5,var6
0.04712041884816754,0.10471204188481675,0.13612565445026178,0.17801047120418848,0.18848167539267016,0.34554973821989526
