var1,var2,var3,var4,var5,var6
0.045454545454545456,0.06493506493506493,0.09090909090909091,0.11688311688311688,0.3246753246753247,0.35714285714285715
