var1,var2,var3,var4,var5,var6
0.03827751196172249,0.0861244019138756,0.11961722488038277,0.14354066985645933,0.2727272727272727,0.3397129186602871
