var1,var2,var3,var4,var5,var6
0.05741626794258373,0.0861244019138756,0.10047846889952153,0.16267942583732056,0.23923444976076555,0.35406698564593303
