var1,var2,var3,var4,var5,var6
0.03529411764705882,0.058823529411764705,0.17058823529411765,0.2,0.21764705882352942,0.3176470588235294
