var1,var2,var3,var4,var5,var6
0.013245033112582781,0.019867549668874173,0.11920529801324503,0.15894039735099338,0.304635761589404,0.3841059602649007
