var1,var2,var3,var4,var5,var6
0.05392156862745098,0.07352941176470588,0.10784313725490197,0.12254901960784313,0.27941176470588236,0.3627450980392157
