var1,var2,var3,var4,var5,var6
0.023622047244094488,0.09448818897637795,0.13385826771653545,0.14960629921259844,0.2755905511811024,0.3228346456692913
