var1,var2,var3,var4,var5,var6
0.03571428571428571,0.04591836734693878,0.10204081632653061,0.17857142857142858,0.2653061224489796,0.37244897959183676
