var1,var2,var3,var4,var5,var6
0.03686635944700461,0.08294930875576037,0.10599078341013825,0.22119815668202766,0.23963133640552994,0.31336405529953915
