var1,var2,var3,var4,var5,var6
0.05847953216374269,0.0935672514619883,0.11695906432748537,0.1286549707602339,0.21637426900584794,0.38596491228070173
