var1,var2,var3,var4,var5,var6
0.015267175572519083,0.030534351145038167,0.10687022900763359,0.16030534351145037,0.21374045801526717,0.4732824427480916
