var1,var2,var3,var4,var5,var6
0.03664921465968586,0.09424083769633508,0.16230366492146597,0.17801047120418848,0.2513089005235602,0.2774869109947644
