var1,var2,var3,var4,var5,var6
0.04918032786885246,0.13114754098360656,0.16393442622950818,0.17486338797814208,0.19672131147540983,0.28415300546448086
