var1,var2,var3,var4,var5,var6
0.025806451612903226,0.03870967741935484,0.16129032258064516,0.16774193548387098,0.25806451612903225,0.34838709677419355
