var1,var2,var3,var4,var5,var6
0.01694915254237288,0.07909604519774012,0.15819209039548024,0.21468926553672316,0.2598870056497175,0.2711864406779661
