var1,var2,var3,var4,var5,var6
0.010362694300518135,0.13471502590673576,0.17098445595854922,0.18652849740932642,0.23834196891191708,0.25906735751295334
