var1,var2,var3,var4,var5,var6
0.025210084033613446,0.09243697478991597,0.1092436974789916,0.14285714285714285,0.2184873949579832,0.4117647058823529
