var1,var2,var3,var4,var5,var6
0.024896265560165973,0.058091286307053944,0.1078838174273859,0.12448132780082988,0.31950207468879666,0.3651452282157676
