var1,var2,var3,var4,var5,var6
0.059113300492610835,0.10344827586206896,0.11822660098522167,0.19704433497536947,0.24630541871921183,0.27586206896551724
