var1,var2,var3,var4,var5,var6
0.043478260869565216,0.05217391304347826,0.08695652173913043,0.12173913043478261,0.19130434782608696,0.5043478260869565
