var1,var2,var3,var4,var5,var6
0.03571428571428571,0.08571428571428572,0.1357142857142857,0.17857142857142858,0.2714285714285714,0.29285714285714287
