var1,var2,var3,var4,var5,var6
0.05179282868525897,0.12749003984063745,0.14342629482071714,0.19123505976095617,0.22310756972111553,0.26294820717131473
