var1,var2,var3,var4,var5,var6
0.07207207207207207,0.09009009009009009,0.14414414414414414,0.15315315315315314,0.18018018018018017,0.36036036036036034
