var1,var2,var3,var4,var5,var6
0.043478260869565216,0.049689440993788817,0.09937888198757763,0.11180124223602485,0.3105590062111801,0.38509316770186336
