var1,var2,var3,var4,var5,var6
0.020833333333333332,0.052083333333333336,0.08333333333333333,0.16666666666666666,0.20833333333333334,0.46875
