var1,var2,var3,var4,var5,var6
0.0196078431372549,0.0915032679738562,0.16993464052287582,0.1830065359477124,0.20915032679738563,0.32679738562091504
