var1,var2,var3,var4,var5,var6
0.016260162601626018,0.032520325203252036,0.0975609756097561,0.12195121951219512,0.2764227642276423,0.45528455284552843
