var1,var2,var3,var4,var5,var6
0.07434944237918216,0.11152416356877323,0.1412639405204461,0.1970260223048327,0.23048327137546468,0.24535315985130113
