var1,var2,var3,var4,var5,var6
0.020202020202020204,0.050505050505050504,0.10101010101010101,0.1414141414141414,0.25252525252525254,0.43434343434343436
