var1,var2,var3,var4,var5,var6
0.05084745762711865,0.06779661016949153,0.15254237288135594,0.22598870056497175,0.23728813559322035,0.2655367231638418
