var1,var2,var3,var4,var5,var6
0.027649769585253458,0.07834101382488479,0.1382488479262673,0.18433179723502305,0.23963133640552994,0.3317972350230415
