var1,var2,var3,var4,var5,var6
0.057692307692307696,0.11538461538461539,0.15,0.20384615384615384,0.2230769230769231,0.25
