var1,var2,var3,var4,var5,var6
0.027210884353741496,0.07482993197278912,0.10884353741496598,0.19047619047619047,0.2789115646258503,0.3197278911564626
