var1,var2,var3,var4,var5,var6
0.09316770186335403,0.11180124223602485,0.13664596273291926,0.16149068322981366,0.2111801242236025,0.2857142857142857
