var1,var2,var3,var4,var5,var6
0.012738853503184714,0.03821656050955414,0.10191082802547771,0.21656050955414013,0.2356687898089172,0.39490445859872614
