var1,var2,var3,var4,var5,var6
0.0379746835443038,0.06962025316455696,0.0949367088607595,0.12025316455696203,0.3291139240506329,0.34810126582278483
