var1,var2,var3,var4,var5,var6
0.06040268456375839,0.12080536912751678,0.1476510067114094,0.174496644295302,0.21476510067114093,0.28187919463087246
