var1,var2,var3,var4,var5,var6
0.027624309392265192,0.08839779005524862,0.16574585635359115,0.1878453038674033,0.2430939226519337,0.287292817679558
