var1,var2,var3,var4,var5,var6
0.042105263157894736,0.06315789473684211,0.09473684210526316,0.12631578947368421,0.21052631578947367,0.4631578947368421
