var1,var2,var3,var4,var5,var6
0.07051282051282051,0.08333333333333333,0.12179487179487179,0.17307692307692307,0.26282051282051283,0.28846153846153844
