var1,var2,var3,var4,var5,var6
0.06130268199233716,0.07662835249042145,0.18773946360153257,0.20689655172413793,0.21455938697318008,0.25287356321839083
