var1,var2,var3,var4,var5,var6
0.03546099290780142,0.09929078014184398,0.1276595744680851,0.1702127659574468,0.2765957446808511,0.2907801418439716
