var1,var2,var3,var4,var5,var6
0.06622516556291391,0.09271523178807947,0.11920529801324503,0.2052980132450331,0.25165562913907286,0.26490066225165565
