var1,var2,var3,var4,var5,var6
0.021164021164021163,0.07407407407407407,0.164021164021164,0.19576719576719576,0.24338624338624337,0.30158730158730157
