var1,var2,var3,var4,var5,var6
0.031055900621118012,0.07453416149068323,0.08695652173913043,0.12422360248447205,0.2919254658385093,0.391304347826087
