var1,var2,var3,var4,var5,var6
0.09285714285714286,0.1,0.15,0.2,0.22142857142857142,0.2357142857142857
