var1,var2,var3,var4,var5,var6
0.06451612903225806,0.12096774193548387,0.12903225806451613,0.1532258064516129,0.24193548387096775,0.2903225806451613
