var1,var2,var3,var4,var5,var6
0.055793991416309016,0.0815450643776824,0.12875536480686695,0.2017167381974249,0.2317596566523605,0.30042918454935624
