var1,var2,var3,var4,var5,var6
0.02185792349726776,0.060109289617486336,0.07650273224043716,0.22950819672131148,0.273224043715847,0.33879781420765026
