var1,var2,var3,var4,var5,var6
0.03636363636363636,0.06666666666666667,0.08484848484848485,0.18181818181818182,0.19393939393939394,0.43636363636363634
