var1,var2,var3,var4,var5,var6
0.11356466876971609,0.12618296529968454,0.15457413249211358,0.1640378548895899,0.2082018927444795,0.2334384858044164
