var1,var2,var3,var4,var5,var6
0.06986899563318777,0.1091703056768559,0.13100436681222707,0.2096069868995633,0.22707423580786026,0.25327510917030566
