var1,var2,var3,var4,var5,var6
0.04477611940298507,0.05970149253731343,0.11940298507462686,0.208955223880597,0.21890547263681592,0.3482587064676617
