var1,var2,var3,var4,var5,var6
0.025477707006369428,0.06369426751592357,0.10191082802547771,0.17197452229299362,0.24203821656050956,0.39490445859872614
