var1,var2,var3,var4,var5,var6
0.030456852791878174,0.06091370558375635,0.16243654822335024,0.20812182741116753,0.2639593908629442,0.27411167512690354
