var1,var2,var3,var4,var5,var6
0.01593625498007968,0.08366533864541832,0.12749003984063745,0.22310756972111553,0.26294820717131473,0.2868525896414343
