var1,var2,var3,var4,var5,var6
0.06369426751592357,0.07643312101910828,0.08917197452229299,0.21656050955414013,0.2229299363057325,0.33121019108280253
