var1,var2,var3,var4,var5,var6
0.06779661016949153,0.0847457627118644,0.11864406779661017,0.1807909604519774,0.2542372881355932,0.2937853107344633
