var1,var2,var3,var4,var5,var6
0.07207207207207207,0.08108108108108109,0.14414414414414414,0.1891891891891892,0.2072072072072072,0.3063063063063063
