var1,var2,var3,var4,var5,var6
0.03482587064676617,0.07960199004975124,0.08955223880597014,0.13930348258706468,0.26865671641791045,0.3880597014925373
