var1,var2,var3,var4,var5,var6
0.03731343283582089,0.05223880597014925,0.12686567164179105,0.15671641791044777,0.20149253731343283,0.4253731343283582
