var1,var2,var3,var4,var5,var6
0.03821656050955414,0.09554140127388536,0.16560509554140126,0.1910828025477707,0.19745222929936307,0.31210191082802546
