var1,var2,var3,var4,var5,var6
0.05527638190954774,0.07035175879396985,0.1407035175879397,0.1708542713567839,0.271356783919598,0.2914572864321608
