var1,var2,var3,var4,var5,var6
0.040268456375838924,0.09395973154362416,0.10738255033557047,0.14093959731543623,0.2684563758389262,0.348993288590604
