var1,var2,var3,var4,var5,var6
0.0410958904109589,0.1095890410958904,0.1461187214611872,0.1643835616438356,0.2374429223744292,0.3013698630136986
