var1,var2,var3,var4,var5,var6
0.029197080291970802,0.043795620437956206,0.058394160583941604,0.21897810218978103,0.2846715328467153,0.36496350364963503
