var1,var2,var3,var4,var5,var6
0.07860262008733625,0.1222707423580786,0.1572052401746725,0.17467248908296942,0.2052401746724891,0.26200873362445415
