var1,var2,var3,var4,var5,var6
0.01680672268907563,0.058823529411764705,0.09243697478991597,0.12605042016806722,0.3025210084033613,0.40336134453781514
