var1,var2,var3,var4,var5,var6
0.05625,0.06875,0.175,0.19375,0.2125,0.29375
