var1,var2,var3,var4,var5,var6
0.03870967741935484,0.06451612903225806,0.10967741935483871,0.18064516129032257,0.25806451612903225,0.34838709677419355
