var1,var2,var3,var4,var5,var6
0.049723756906077346,0.08287292817679558,0.143646408839779,0.19889502762430938,0.2541436464088398,0.27071823204419887
