var1,var2,var3,var4,var5,var6
0.021897810218978103,0.08029197080291971,0.145985401459854,0.17518248175182483,0.27007299270072993,0.30656934306569344
