var1,var2,var3,var4,var5,var6
0.021897810218978103,0.072992700729927,0.10218978102189781,0.13138686131386862,0.24087591240875914,0.4306569343065693
