var1,var2,var3,var4,var5,var6
0.06802721088435375,0.08843537414965986,0.12244897959183673,0.17006802721088435,0.17687074829931973,0.3741496598639456
