var1,var2,var3,var4,var5,var6
0.010471204188481676,0.05235602094240838,0.13089005235602094,0.16753926701570682,0.28272251308900526,0.35602094240837695
