var1,var2,var3,var4,var5,var6
0.015873015873015872,0.06349206349206349,0.14285714285714285,0.18518518518518517,0.25396825396825395,0.3386243386243386
