var1,var2,var3,var4,var5,var6
0.02727272727272727,0.09545454545454546,0.1590909090909091,0.20454545454545456,0.23636363636363636,0.2772727272727273
