var1,var2,var3,var4,var5,var6
0.020134228187919462,0.087248322147651,0.10067114093959731,0.15436241610738255,0.28859060402684567,0.348993288590604
