var1,var2,var3,var4,var5,var6
0.04032258064516129,0.04838709677419355,0.08064516129032258,0.23387096774193547,0.25,0.3467741935483871
