var1,var2,var3,var4,var5,var6
0.0748663101604278,0.0855614973262032,0.13368983957219252,0.18181818181818182,0.20320855614973263,0.32085561497326204
