var1,var2,var3,var4,var5,var6
0.022099447513812154,0.11602209944751381,0.16574585635359115,0.17679558011049723,0.22099447513812154,0.2983425414364641
