var1,var2,var3,var4,var5,var6
0.043795620437956206,0.072992700729927,0.0948905109489051,0.145985401459854,0.291970802919708,0.35036496350364965
