var1,var2,var3,var4,var5,var6
0.028169014084507043,0.056338028169014086,0.11267605633802817,0.1267605633802817,0.22535211267605634,0.4507042253521127
