var1,var2,var3,var4,var5,var6
0.022099447513812154,0.0718232044198895,0.10497237569060773,0.22099447513812154,0.281767955801105,0.2983425414364641
