var1,var2,var3,var4,var5,var6
0.07692307692307693,0.09340659340659341,0.17582417582417584,0.2032967032967033,0.21428571428571427,0.23626373626373626
