var1,var2,var3,var4,var5,var6
0.024844720496894408,0.06832298136645963,0.17391304347826086,0.19254658385093168,0.2111801242236025,0.32919254658385094
