var1,var2,var3,var4,var5,var6
0.0784313725490196,0.09313725490196079,0.12254901960784313,0.14215686274509803,0.2549019607843137,0.3088235294117647
