var1,var2,var3,var4,var5,var6
0.03821656050955414,0.06369426751592357,0.12101910828025478,0.14012738853503184,0.2929936305732484,0.34394904458598724
