var1,var2,var3,var4,var5,var6
0.032407407407407406,0.041666666666666664,0.12962962962962962,0.20833333333333334,0.2361111111111111,0.35185185185185186
