var1,var2,var3,var4,var5,var6
0.024096385542168676,0.12650602409638553,0.13855421686746988,0.18674698795180722,0.2289156626506024,0.29518072289156627
