var1,var2,var3,var4,var5,var6
0.03111111111111111,0.11555555555555555,0.16,0.19555555555555557,0.21333333333333335,0.28444444444444444
