var1,var2,var3,var4,var5,var6
0.0149812734082397,0.056179775280898875,0.10486891385767791,0.20224719101123595,0.2397003745318352,0.38202247191011235
