var1,var2,var3,var4,var5,var6
0.019867549668874173,0.09933774834437085,0.1390728476821192,0.16556291390728478,0.23178807947019867,0.3443708609271523
