var1,var2,var3,var4,var5,var6
0.03015075376884422,0.10050251256281408,0.16080402010050251,0.21105527638190955,0.22110552763819097,0.27638190954773867
