var1,var2,var3,var4,var5,var6
0.018404907975460124,0.049079754601226995,0.1165644171779141,0.1901840490797546,0.2822085889570552,0.34355828220858897
