var1,var2,var3,var4,var5,var6
0.05405405405405406,0.0972972972972973,0.11891891891891893,0.1945945945945946,0.23243243243243245,0.3027027027027027
