var1,var2,var3,var4,var5,var6
0.0425531914893617,0.05106382978723404,0.07234042553191489,0.2297872340425532,0.24680851063829787,0.3574468085106383
