var1,var2,var3,var4,var5,var6
0.10303030303030303,0.13333333333333333,0.15151515151515152,0.1696969696969697,0.17575757575757575,0.26666666666666666
