var1,var2,var3,var4,var5,var6
0.059880239520958084,0.0658682634730539,0.17365269461077845,0.2155688622754491,0.2275449101796407,0.25748502994011974
