var1,var2,var3,var4,var5,var6
0.06167400881057269,0.09691629955947137,0.16299559471365638,0.21145374449339208,0.2290748898678414,0.23788546255506607
