var1,var2,var3,var4,var5,var6
0.06666666666666667,0.08888888888888889,0.1037037037037037,0.11851851851851852,0.22962962962962963,0.3925925925925926
