var1,var2,var3,var4,var5,var6
0.015037593984962405,0.05263157894736842,0.06015037593984962,0.16541353383458646,0.2857142857142857,0.42105263157894735
