var1,var2,var3,var4,var5,var6
0.03592814371257485,0.0718562874251497,0.12574850299401197,0.16766467065868262,0.19161676646706588,0.40718562874251496
