var1,var2,var3,var4,var5,var6
0.030456852791878174,0.050761421319796954,0.10152284263959391,0.14213197969543148,0.3299492385786802,0.34517766497461927
