var1,var2,var3,var4,var5,var6
0.023391812865497075,0.07602339181286549,0.1111111111111111,0.14035087719298245,0.24561403508771928,0.40350877192982454
