var1,var2,var3,var4,var5,var6
0.03225806451612903,0.043010752688172046,0.15053763440860216,0.17204301075268819,0.25806451612903225,0.34408602150537637
