var1,var2,var3,var4,var5,var6
0.036231884057971016,0.07246376811594203,0.09420289855072464,0.11594202898550725,0.32608695652173914,0.35507246376811596
