var1,var2,var3,var4,var5,var6
0.059113300492610835,0.07881773399014778,0.16748768472906403,0.19704433497536947,0.23645320197044334,0.26108374384236455
