var1,var2,var3,var4,var5,var6
0.022099447513812154,0.055248618784530384,0.12154696132596685,0.13259668508287292,0.3149171270718232,0.35359116022099446
