var1,var2,var3,var4,var5,var6
0.029850746268656716,0.04975124378109453,0.12437810945273632,0.1791044776119403,0.2885572139303483,0.3283582089552239
