var1,var2,var3,var4,var5,var6
0.03546099290780142,0.05673758865248227,0.09929078014184398,0.1276595744680851,0.1773049645390071,0.5035460992907801
