var1,var2,var3,var4,var5,var6
0.0273972602739726,0.10273972602739725,0.14383561643835616,0.1780821917808219,0.21232876712328766,0.3356164383561644
