var1,var2,var3,var4,var5,var6
0.031413612565445025,0.08376963350785341,0.10471204188481675,0.17801047120418848,0.225130890052356,0.3769633507853403
