var1,var2,var3,var4,var5,var6
0.12021857923497267,0.1366120218579235,0.15300546448087432,0.18579234972677597,0.19672131147540983,0.20765027322404372
