var1,var2,var3,var4,var5,var6
0.034482758620689655,0.09770114942528736,0.10919540229885058,0.16666666666666666,0.28735632183908044,0.3045977011494253
