var1,var2,var3,var4,var5,var6
0.02564102564102564,0.09230769230769231,0.1282051282051282,0.2,0.2564102564102564,0.29743589743589743
