var1,var2,var3,var4,var5,var6
0.04672897196261682,0.08411214953271028,0.09345794392523364,0.11214953271028037,0.21495327102803738,0.4485981308411215
