var1,var2,var3,var4,var5,var6
0.04265402843601896,0.06635071090047394,0.13270142180094788,0.14218009478672985,0.2938388625592417,0.3222748815165877
