var1,var2,var3,var4,var5,var6
0.026737967914438502,0.0427807486631016,0.1711229946524064,0.20855614973262032,0.24598930481283424,0.3048128342245989
