var1,var2,var3,var4,var5,var6
0.04878048780487805,0.06504065040650407,0.08130081300813008,0.18699186991869918,0.22764227642276422,0.3902439024390244
