var1,var2,var3,var4,var5,var6
0.05581395348837209,0.09302325581395349,0.11627906976744186,0.19534883720930232,0.26046511627906976,0.27906976744186046
