var1,var2,var3,var4,var5,var6
0.047619047619047616,0.06802721088435375,0.16326530612244897,0.19727891156462585,0.22448979591836735,0.29931972789115646
