var1,var2,var3,var4,var5,var6
0.025806451612903226,0.07741935483870968,0.09032258064516129,0.12903225806451613,0.3032258064516129,0.3741935483870968
