var1,var2,var3,var4,var5,var6
0.025906735751295335,0.13989637305699482,0.15025906735751296,0.18652849740932642,0.22797927461139897,0.2694300518134715
