var1,var2,var3,var4,var5,var6
0.019933554817275746,0.11960132890365449,0.16943521594684385,0.19269102990033224,0.22591362126245848,0.2724252491694352
