var1,var2,var3,var4,var5,var6
0.04242424242424243,0.10303030303030303,0.13333333333333333,0.1393939393939394,0.18787878787878787,0.3939393939393939
