var1,var2,var3,var4,var5,var6
0.022598870056497175,0.07344632768361582,0.1807909604519774,0.20903954802259886,0.22598870056497175,0.288135593220339
