var1,var2,var3,var4,var5,var6
0.017241379310344827,0.05747126436781609,0.10344827586206896,0.23563218390804597,0.25862068965517243,0.3275862068965517
