var1,var2,var3,var4,var5,var6
0.030534351145038167,0.07633587786259542,0.16030534351145037,0.183206106870229,0.24427480916030533,0.3053435114503817
