var1,var2,var3,var4,var5,var6
0.08496732026143791,0.10457516339869281,0.12418300653594772,0.1568627450980392,0.23529411764705882,0.29411764705882354
