var1,var2,var3,var4,var5,var6
0.11822660098522167,0.12807881773399016,0.15763546798029557,0.1625615763546798,0.17733990147783252,0.2561576354679803
