var1,var2,var3,var4,var5,var6
0.03731343283582089,0.07462686567164178,0.14925373134328357,0.20149253731343283,0.2537313432835821,0.2835820895522388
