var1,var2,var3,var4,var5,var6
0.029197080291970802,0.058394160583941604,0.072992700729927,0.23357664233576642,0.25547445255474455,0.35036496350364965
