var1,var2,var3,var4,var5,var6
0.03067484662576687,0.04294478527607362,0.1165644171779141,0.20245398773006135,0.22085889570552147,0.38650306748466257
