var1,var2,var3,var4,var5,var6
0.06626506024096386,0.0783132530120482,0.0963855421686747,0.1144578313253012,0.29518072289156627,0.3493975903614458
