var1,var2,var3,var4,var5,var6
0.04477611940298507,0.06716417910447761,0.11940298507462686,0.19402985074626866,0.208955223880597,0.3656716417910448
