var1,var2,var3,var4,var5,var6
0.06563706563706563,0.12355212355212356,0.15057915057915058,0.16988416988416988,0.22393822393822393,0.26640926640926643
