var1,var2,var3,var4,var5,var6
0.018518518518518517,0.04938271604938271,0.09259259259259259,0.21604938271604937,0.25308641975308643,0.37037037037037035
