var1,var2,var3,var4,var5,var6
0.038461538461538464,0.05128205128205128,0.07692307692307693,0.10256410256410256,0.24358974358974358,0.48717948717948717
