var1,var2,var3,var4,var5,var6
0.06521739130434782,0.09239130434782608,0.16847826086956522,0.20108695652173914,0.21739130434782608,0.2554347826086957
