var1,var2,var3,var4,var5,var6
0.017699115044247787,0.035398230088495575,0.061946902654867256,0.19469026548672566,0.3008849557522124,0.3893805309734513
