var1,var2,var3,var4,var5,var6
0.01593625498007968,0.043824701195219126,0.09561752988047809,0.22310756972111553,0.2788844621513944,0.3426294820717131
