var1,var2,var3,var4,var5,var6
0.04926108374384237,0.08374384236453201,0.09852216748768473,0.20689655172413793,0.2660098522167488,0.2955665024630542
