var1,var2,var3,var4,var5,var6
0.028368794326241134,0.09219858156028368,0.09929078014184398,0.22695035460992907,0.2695035460992908,0.28368794326241137
