var1,var2,var3,var4,var5,var6
0.0311284046692607,0.1245136186770428,0.14785992217898833,0.19844357976653695,0.21011673151750973,0.28793774319066145
