var1,var2,var3,var4,var5,var6
0.014814814814814815,0.08148148148148149,0.17777777777777778,0.2,0.23703703703703705,0.28888888888888886
