var1,var2,var3,var4,var5,var6
0.030120481927710843,0.09036144578313253,0.15060240963855423,0.19879518072289157,0.2469879518072289,0.28313253012048195
