var1,var2,var3,var4,var5,var6
0.02097902097902098,0.0979020979020979,0.13286713286713286,0.21678321678321677,0.24475524475524477,0.2867132867132867
