var1,var2,var3,var4,var5,var6
0.08900523560209424,0.1256544502617801,0.14659685863874344,0.16753926701570682,0.2094240837696335,0.2617801047120419
