var1,var2,var3,var4,var5,var6
0.05847953216374269,0.0935672514619883,0.15789473684210525,0.1871345029239766,0.23976608187134502,0.2631578947368421
