var1,var2,var3,var4,var5,var6
0.03205128205128205,0.0641025641025641,0.11538461538461539,0.21794871794871795,0.26282051282051283,0.3076923076923077
