var1,var2,var3,var4,var5,var6
0.09090909090909091,0.11857707509881422,0.1383399209486166,0.16996047430830039,0.2134387351778656,0.26877470355731226
