var1,var2,var3,var4,var5,var6
0.06666666666666667,0.11794871794871795,0.14871794871794872,0.18974358974358974,0.19487179487179487,0.28205128205128205
