var1,var2,var3,var4,var5,var6
0.020833333333333332,0.06770833333333333,0.09895833333333333,0.21875,0.234375,0.359375
