var1,var2,var3,var4,var5,var6
0.05555555555555555,0.08333333333333333,0.09027777777777778,0.2361111111111111,0.2569444444444444,0.2777777777777778
