var1,var2,var3,var4,var5,var6
0.057692307692307696,0.07051282051282051,0.10256410256410256,0.23717948717948717,0.2564102564102564,0.27564102564102566
