var1,var2,var3,var4,var5,var6
0.035398230088495575,0.09734513274336283,0.11504424778761062,0.12389380530973451,0.23008849557522124,0.39823008849557523
