var1,var2,var3,var4,var5,var6
0.03208556149732621,0.0481283422459893,0.13903743315508021,0.20320855614973263,0.21390374331550802,0.36363636363636365
