var1,var2,var3,var4,var5,var6
0.030120481927710843,0.060240963855421686,0.0783132530120482,0.24096385542168675,0.2469879518072289,0.3433734939759036
