var1,var2,var3,var4,var5,var6
0.08053691275167785,0.12751677852348994,0.1476510067114094,0.1610738255033557,0.21476510067114093,0.2684563758389262
