var1,var2,var3,var4,var5,var6
0.025252525252525252,0.0707070707070707,0.16161616161616163,0.20202020202020202,0.25252525252525254,0.2878787878787879
