var1,var2,var3,var4,var5,var6
0.04132231404958678,0.049586776859504134,0.06611570247933884,0.18181818181818182,0.2809917355371901,0.38016528925619836
