var1,var2,var3,var4,var5,var6
0.023121387283236993,0.06358381502890173,0.08092485549132948,0.17341040462427745,0.31213872832369943,0.3468208092485549
