var1,var2,var3,var4,var5,var6
0.03940886699507389,0.059113300492610835,0.16748768472906403,0.18226600985221675,0.23645320197044334,0.31527093596059114
