var1,var2,var3,var4,var5,var6
0.07017543859649122,0.11228070175438597,0.14035087719298245,0.17543859649122806,0.23157894736842105,0.27017543859649124
