var1,var2,var3,var4,var5,var6
0.0457516339869281,0.06535947712418301,0.13071895424836602,0.23529411764705882,0.24836601307189543,0.27450980392156865
