var1,var2,var3,var4,var5,var6
0.03759398496240601,0.045112781954887216,0.12030075187969924,0.22556390977443608,0.24060150375939848,0.3308270676691729
