var1,var2,var3,var4,var5,var6
0.029585798816568046,0.07100591715976332,0.11834319526627218,0.17751479289940827,0.2603550295857988,0.3431952662721893
