var1,var2,var3,var4,var5,var6
0.0091324200913242,0.0547945205479452,0.0821917808219178,0.2100456621004566,0.2511415525114155,0.3926940639269406
