var1,var2,var3,var4,var5,var6
0.09386281588447654,0.10830324909747292,0.11552346570397112,0.1552346570397112,0.23826714801444043,0.2888086642599278
