var1,var2,var3,var4,var5,var6
0.07042253521126761,0.08450704225352113,0.11267605633802817,0.13145539906103287,0.28169014084507044,0.3192488262910798
