var1,var2,var3,var4,var5,var6
0.03076923076923077,0.05641025641025641,0.13333333333333333,0.15384615384615385,0.27692307692307694,0.3487179487179487
