var1,var2,var3,var4,var5,var6
0.030534351145038167,0.12213740458015267,0.13740458015267176,0.21374045801526717,0.22137404580152673,0.2748091603053435
