var1,var2,var3,var4,var5,var6
0.0546448087431694,0.06557377049180328,0.09289617486338798,0.20765027322404372,0.24043715846994534,0.33879781420765026
