var1,var2,var3,var4,var5,var6
0.042735042735042736,0.06837606837606838,0.10256410256410256,0.18803418803418803,0.27350427350427353,0.3247863247863248
