var1,var2,var3,var4,var5,var6
0.0374331550802139,0.06417112299465241,0.11229946524064172,0.18716577540106952,0.27807486631016043,0.32085561497326204
