var1,var2,var3,var4,var5,var6
0.03597122302158273,0.10071942446043165,0.1510791366906475,0.16546762589928057,0.23741007194244604,0.30935251798561153
