var1,var2,var3,var4,var5,var6
0.07773851590106007,0.14487632508833923,0.14840989399293286,0.1696113074204947,0.2049469964664311,0.254416961130742
