var1,var2,var3,var4,var5,var6
0.014285714285714285,0.05,0.12857142857142856,0.17142857142857143,0.24285714285714285,0.39285714285714285
