var1,var2,var3,var4,var5,var6
0.017543859649122806,0.11695906432748537,0.1286549707602339,0.16374269005847952,0.2573099415204678,0.3157894736842105
