var1,var2,var3,var4,var5,var6
0.022222222222222223,0.02962962962962963,0.11851851851851852,0.2222222222222222,0.2814814814814815,0.32592592592592595
