var1,var2,var3,var4,var5,var6
0.10119047619047619,0.1130952380952381,0.13095238095238096,0.1488095238095238,0.20833333333333334,0.2976190476190476
