var1,var2,var3,var4,var5,var6
0.035175879396984924,0.07035175879396985,0.12060301507537688,0.22110552763819097,0.23115577889447236,0.32160804020100503
