var1,var2,var3,var4,var5,var6
0.037267080745341616,0.07453416149068323,0.08695652173913043,0.13664596273291926,0.30434782608695654,0.36024844720496896
