var1,var2,var3,var4,var5,var6
0.10285714285714286,0.13714285714285715,0.14285714285714285,0.17142857142857143,0.18285714285714286,0.26285714285714284
