var1,var2,var3,var4,var5,var6
0.020618556701030927,0.07216494845360824,0.1134020618556701,0.14432989690721648,0.24742268041237114,0.4020618556701031
