var1,var2,var3,var4,var5,var6
0.045454545454545456,0.07575757575757576,0.12878787878787878,0.15151515151515152,0.1893939393939394,0.4090909090909091
