var1,var2,var3,var4,var5,var6
0.024844720496894408,0.037267080745341616,0.07453416149068323,0.16149068322981366,0.30434782608695654,0.39751552795031053
