var1,var2,var3,var4,var5,var6
0.05339805825242718,0.0825242718446602,0.0970873786407767,0.12135922330097088,0.3058252427184466,0.33980582524271846
