var1,var2,var3,var4,var5,var6
0.021739130434782608,0.10869565217391304,0.17391304347826086,0.2028985507246377,0.2391304347826087,0.2536231884057971
