var1,var2,var3,var4,var5,var6
0.03296703296703297,0.08241758241758242,0.09340659340659341,0.13736263736263737,0.31868131868131866,0.33516483516483514
