var1,var2,var3,var4,var5,var6
0.023622047244094488,0.07874015748031496,0.12598425196850394,0.1732283464566929,0.29133858267716534,0.30708661417322836
