var1,var2,var3,var4,var5,var6
0.050314465408805034,0.05660377358490566,0.0880503144654088,0.12578616352201258,0.3270440251572327,0.3522012578616352
