var1,var2,var3,var4,var5,var6
0.03888888888888889,0.06111111111111111,0.1111111111111111,0.20555555555555555,0.2222222222222222,0.3611111111111111
