var1,var2,var3,var4,var5,var6
0.07048458149779736,0.0881057268722467,0.11013215859030837,0.16740088105726872,0.2643171806167401,0.29955947136563876
