var1,var2,var3,var4,var5,var6
0.03783783783783784,0.05405405405405406,0.08648648648648649,0.21621621621621623,0.24324324324324326,0.3621621621621622
