var1,var2,var3,var4,var5,var6
0.08947368421052632,0.11052631578947368,0.14736842105263157,0.1631578947368421,0.20526315789473684,0.28421052631578947
