var1,var2,var3,var4,var5,var6
0.055865921787709494,0.0782122905027933,0.11173184357541899,0.1787709497206704,0.24022346368715083,0.33519553072625696
