var1,var2,var3,var4,var5,var6
0.013793103448275862,0.05517241379310345,0.15172413793103448,0.2,0.27586206896551724,0.30344827586206896
