var1,var2,var3,var4,var5,var6
0.0299625468164794,0.06741573033707865,0.14606741573033707,0.1647940074906367,0.2397003745318352,0.352059925093633
