var1,var2,var3,var4,var5,var6
0.02877697841726619,0.05755395683453238,0.15827338129496402,0.17985611510791366,0.2302158273381295,0.34532374100719426
