var1,var2,var3,var4,var5,var6
0.039525691699604744,0.05533596837944664,0.16996047430830039,0.2015810276679842,0.2608695652173913,0.2727272727272727
