var1,var2,var3,var4,var5,var6
0.062146892655367235,0.06779661016949153,0.0903954802259887,0.24293785310734464,0.2598870056497175,0.2768361581920904
