var1,var2,var3,var4,var5,var6
0.023255813953488372,0.0872093023255814,0.10465116279069768,0.19767441860465115,0.2558139534883721,0.3313953488372093
