var1,var2,var3,var4,var5,var6
0.013245033112582781,0.059602649006622516,0.11920529801324503,0.1986754966887417,0.2251655629139073,0.3841059602649007
