var1,var2,var3,var4,var5,var6
0.08839779005524862,0.10497237569060773,0.143646408839779,0.15469613259668508,0.23756906077348067,0.27071823204419887
