var1,var2,var3,var4,var5,var6
0.02654867256637168,0.10619469026548672,0.1504424778761062,0.20353982300884957,0.21238938053097345,0.3008849557522124
