var1,var2,var3,var4,var5,var6
0.09547738693467336,0.12060301507537688,0.1457286432160804,0.18090452261306533,0.20100502512562815,0.2562814070351759
