var1,var2,var3,var4,var5,var6
0.030534351145038167,0.10687022900763359,0.16793893129770993,0.183206106870229,0.22900763358778625,0.2824427480916031
