var1,var2,var3,var4,var5,var6
0.03636363636363636,0.09090909090909091,0.10909090909090909,0.21818181818181817,0.24242424242424243,0.30303030303030304
