var1,var2,var3,var4,var5,var6
0.011049723756906077,0.08839779005524862,0.16574585635359115,0.20994475138121546,0.23204419889502761,0.292817679558011
