var1,var2,var3,var4,var5,var6
0.07228915662650602,0.11244979919678715,0.13253012048192772,0.13654618473895583,0.23293172690763053,0.3132530120481928
