var1,var2,var3,var4,var5,var6
0.03731343283582089,0.05223880597014925,0.07462686567164178,0.22388059701492538,0.2537313432835821,0.3582089552238806
