var1,var2,var3,var4,var5,var6
0.04975124378109453,0.05970149253731343,0.13432835820895522,0.14925373134328357,0.23880597014925373,0.3681592039800995
