var1,var2,var3,var4,var5,var6
0.041379310344827586,0.06896551724137931,0.11724137931034483,0.16551724137931034,0.1793103448275862,0.42758620689655175
