var1,var2,var3,var4,var5,var6
0.03821656050955414,0.050955414012738856,0.12738853503184713,0.1592356687898089,0.2802547770700637,0.34394904458598724
