var1,var2,var3,var4,var5,var6
0.07729468599033816,0.10628019323671498,0.11594202898550725,0.2028985507246377,0.23671497584541062,0.2608695652173913
