var1,var2,var3,var4,var5,var6
0.024630541871921183,0.08866995073891626,0.10837438423645321,0.12807881773399016,0.2955665024630542,0.35467980295566504
