var1,var2,var3,var4,var5,var6
0.05263157894736842,0.10526315789473684,0.11695906432748537,0.14619883040935672,0.2807017543859649,0.2982456140350877
