var1,var2,var3,var4,var5,var6
0.03167420814479638,0.08144796380090498,0.15384615384615385,0.2171945701357466,0.25339366515837103,0.26244343891402716
