var1,var2,var3,var4,var5,var6
0.048672566371681415,0.07079646017699115,0.1504424778761062,0.1902654867256637,0.2168141592920354,0.3230088495575221
