var1,var2,var3,var4,var5,var6
0.03056768558951965,0.09606986899563319,0.1703056768558952,0.2052401746724891,0.21397379912663755,0.2838427947598253
