var1,var2,var3,var4,var5,var6
0.035555555555555556,0.08,0.14222222222222222,0.19555555555555557,0.22666666666666666,0.32
