var1,var2,var3,var4,var5,var6
0.0784313725490196,0.0915032679738562,0.12418300653594772,0.1895424836601307,0.22875816993464052,0.2875816993464052
