var1,var2,var3,var4,var5,var6
0.046632124352331605,0.10880829015544041,0.15025906735751296,0.18134715025906736,0.23834196891191708,0.27461139896373055
