var1,var2,var3,var4,var5,var6
0.06282722513089005,0.08900523560209424,0.10471204188481675,0.16230366492146597,0.27225130890052357,0.3089005235602094
