var1,var2,var3,var4,var5,var6
0.06077348066298342,0.08287292817679558,0.09944751381215469,0.13812154696132597,0.30386740331491713,0.3149171270718232
