var1,var2,var3,var4,var5,var6
0.030534351145038167,0.03816793893129771,0.12213740458015267,0.24427480916030533,0.2595419847328244,0.3053435114503817
