var1,var2,var3,var4,var5,var6
0.018072289156626505,0.08433734939759036,0.1566265060240964,0.19879518072289157,0.2469879518072289,0.29518072289156627
