var1,var2,var3,var4,var5,var6
0.025,0.06666666666666667,0.10833333333333334,0.19166666666666668,0.225,0.38333333333333336
