var1,var2,var3,var4,var5,var6
0.03184713375796178,0.10191082802547771,0.11464968152866242,0.15286624203821655,0.17834394904458598,0.42038216560509556
