var1,var2,var3,var4,var5,var6
0.05921052631578947,0.08552631578947369,0.09868421052631579,0.13157894736842105,0.1513157894736842,0.47368421052631576
