var1,var2,var3,var4,var5,var6
0.022222222222222223,0.05925925925925926,0.13333333333333333,0.16296296296296298,0.2074074074074074,0.4148148148148148
