var1,var2,var3,var4,var5,var6
0.06403940886699508,0.07881773399014778,0.10344827586206896,0.13793103448275862,0.22167487684729065,0.39408866995073893
