var1,var2,var3,var4,var5,var6
0.02158273381294964,0.04316546762589928,0.05755395683453238,0.2014388489208633,0.2733812949640288,0.4028776978417266
