var1,var2,var3,var4,var5,var6
0.02512562814070352,0.09045226130653267,0.1708542713567839,0.19095477386934673,0.23115577889447236,0.2914572864321608
