var1,var2,var3,var4,var5,var6
0.05027932960893855,0.061452513966480445,0.0893854748603352,0.20670391061452514,0.27932960893854747,0.3128491620111732
