var1,var2,var3,var4,var5,var6
0.023668639053254437,0.07100591715976332,0.11834319526627218,0.1834319526627219,0.28402366863905326,0.31952662721893493
