var1,var2,var3,var4,var5,var6
0.02926829268292683,0.09268292682926829,0.17073170731707318,0.17560975609756097,0.22926829268292684,0.3024390243902439
