var1,var2,var3,var4,var5,var6
0.08095238095238096,0.12380952380952381,0.1523809523809524,0.19047619047619047,0.21428571428571427,0.23809523809523808
