var1,var2,var3,var4,var5,var6
0.03571428571428571,0.05,0.15,0.19285714285714287,0.25,0.32142857142857145
