var1,var2,var3,var4,var5,var6
0.015873015873015872,0.06349206349206349,0.10582010582010581,0.17989417989417988,0.30687830687830686,0.328042328042328
