var1,var2,var3,var4,var5,var6
0.026143790849673203,0.0718954248366013,0.10457516339869281,0.19607843137254902,0.28104575163398693,0.3202614379084967
