var1,var2,var3,var4,var5,var6
0.047619047619047616,0.1360544217687075,0.14285714285714285,0.17687074829931973,0.23809523809523808,0.2585034013605442
