var1,var2,var3,var4,var5,var6
0.04285714285714286,0.1357142857142857,0.16428571428571428,0.19285714285714287,0.21428571428571427,0.25
