var1,var2,var3,var4,var5,var6
0.01680672268907563,0.03361344537815126,0.10084033613445378,0.14285714285714285,0.25210084033613445,0.453781512605042
