var1,var2,var3,var4,var5,var6
0.058394160583941604,0.10218978102189781,0.12408759124087591,0.20437956204379562,0.21897810218978103,0.291970802919708
