var1,var2,var3,var4,var5,var6
0.027906976744186046,0.06976744186046512,0.13023255813953488,0.17674418604651163,0.25116279069767444,0.34418604651162793
