var1,var2,var3,var4,var5,var6
0.04897959183673469,0.13877551020408163,0.16326530612244897,0.2,0.22040816326530613,0.22857142857142856
