var1,var2,var3,var4,var5,var6
0.04878048780487805,0.06829268292682927,0.14634146341463414,0.15121951219512195,0.2731707317073171,0.3121951219512195
