var1,var2,var3,var4,var5,var6
0.02877697841726619,0.07913669064748201,0.10071942446043165,0.14388489208633093,0.2302158273381295,0.4172661870503597
