var1,var2,var3,var4,var5,var6
0.03614457831325301,0.12650602409638553,0.13855421686746988,0.18674698795180722,0.24096385542168675,0.2710843373493976
