var1,var2,var3,var4,var5,var6
0.04827586206896552,0.06206896551724138,0.13793103448275862,0.19310344827586207,0.2620689655172414,0.296551724137931
