var1,var2,var3,var4,var5,var6
0.03592814371257485,0.059880239520958084,0.08982035928143713,0.15568862275449102,0.2754491017964072,0.38323353293413176
