var1,var2,var3,var4,var5,var6
0.05,0.1111111111111111,0.12777777777777777,0.16666666666666666,0.19444444444444445,0.35
