var1,var2,var3,var4,var5,var6
0.041379310344827586,0.06206896551724138,0.06896551724137931,0.09655172413793103,0.27586206896551724,0.45517241379310347
