var1,var2,var3,var4,var5,var6
0.07881773399014778,0.10837438423645321,0.13793103448275862,0.17733990147783252,0.2315270935960591,0.2660098522167488
