var1,var2,var3,var4,var5,var6
0.024844720496894408,0.11180124223602485,0.13043478260869565,0.16149068322981366,0.2111801242236025,0.36024844720496896
