var1,var2,var3,var4,var5,var6
0.021164021164021163,0.05291005291005291,0.164021164021164,0.19047619047619047,0.2328042328042328,0.3386243386243386
