var1,var2,var3,var4,var5,var6
0.029304029304029304,0.06593406593406594,0.14285714285714285,0.18315018315018314,0.23443223443223443,0.3443223443223443
