var1,var2,var3,var4,var5,var6
0.07734806629834254,0.09392265193370165,0.143646408839779,0.15469613259668508,0.19889502762430938,0.3314917127071823
