var1,var2,var3,var4,var5,var6
0.026845637583892617,0.040268456375838924,0.1476510067114094,0.18120805369127516,0.2550335570469799,0.348993288590604
