var1,var2,var3,var4,var5,var6
0.01818181818181818,0.09090909090909091,0.14545454545454545,0.18181818181818182,0.2606060606060606,0.30303030303030304
