var1,var2,var3,var4,var5,var6
0.029940119760479042,0.09580838323353294,0.15568862275449102,0.17964071856287425,0.2155688622754491,0.32335329341317365
