var1,var2,var3,var4,var5,var6
0.06989247311827956,0.10215053763440861,0.15053763440860216,0.1881720430107527,0.21505376344086022,0.27419354838709675
