var1,var2,var3,var4,var5,var6
0.04054054054054054,0.10810810810810811,0.14189189189189189,0.17567567567567569,0.20270270270270271,0.3310810810810811
