var1,var2,var3,var4,var5,var6
0.04697986577181208,0.0738255033557047,0.08053691275167785,0.11409395973154363,0.2751677852348993,0.40939597315436244
