var1,var2,var3,var4,var5,var6
0.07111111111111111,0.08,0.12,0.21333333333333335,0.24888888888888888,0.26666666666666666
