var1,var2,var3,var4,var5,var6
0.056768558951965066,0.07860262008733625,0.12663755458515283,0.14410480349344978,0.27510917030567683,0.31877729257641924
