var1,var2,var3,var4,var5,var6
0.08588957055214724,0.12269938650306748,0.15950920245398773,0.17791411042944785,0.22085889570552147,0.2331288343558282
