var1,var2,var3,var4,var5,var6
0.07476635514018691,0.11214953271028037,0.14953271028037382,0.1588785046728972,0.205607476635514,0.29906542056074764
