var1,var2,var3,var4,var5,var6
0.020512820512820513,0.13333333333333333,0.1641025641025641,0.20512820512820512,0.23076923076923078,0.24615384615384617
