var1,var2,var3,var4,var5,var6
0.03680981595092025,0.05521472392638037,0.08588957055214724,0.09815950920245399,0.2822085889570552,0.44171779141104295
