var1,var2,var3,var4,var5,var6
0.042328042328042326,0.05291005291005291,0.12169312169312169,0.14814814814814814,0.30687830687830686,0.328042328042328
