var1,var2,var3,var4,var5,var6
0.08743169398907104,0.12021857923497267,0.16939890710382513,0.18579234972677597,0.19672131147540983,0.24043715846994534
