var1,var2,var3,var4,var5,var6
0.01639344262295082,0.03278688524590164,0.15300546448087432,0.16393442622950818,0.26229508196721313,0.37158469945355194
