var1,var2,var3,var4,var5,var6
0.01951219512195122,0.0975609756097561,0.16585365853658537,0.2048780487804878,0.23414634146341465,0.2780487804878049
