var1,var2,var3,var4,var5,var6
0.07936507936507936,0.08465608465608465,0.17989417989417988,0.20105820105820105,0.2222222222222222,0.2328042328042328
