var1,var2,var3,var4,var5,var6
0.055944055944055944,0.06993006993006994,0.13986013986013987,0.18181818181818182,0.25874125874125875,0.2937062937062937
