var1,var2,var3,var4,var5,var6
0.06716417910447761,0.12686567164179105,0.1791044776119403,0.1865671641791045,0.208955223880597,0.23134328358208955
