var1,var2,var3,var4,var5,var6
0.022857142857142857,0.045714285714285714,0.11428571428571428,0.18857142857142858,0.26285714285714284,0.3657142857142857
