var1,var2,var3,var4,var5,var6
0.04504504504504504,0.0990990990990991,0.12162162162162163,0.16216216216216217,0.18018018018018017,0.3918918918918919
