var1,var2,var3,var4,var5,var6
0.049019607843137254,0.08823529411764706,0.10784313725490197,0.14215686274509803,0.29411764705882354,0.31862745098039214
