var1,var2,var3,var4,var5,var6
0.08227848101265822,0.12025316455696203,0.14556962025316456,0.189873417721519,0.22151898734177214,0.24050632911392406
