var1,var2,var3,var4,var5,var6
0.10948905109489052,0.13138686131386862,0.145985401459854,0.16058394160583941,0.1897810218978102,0.26277372262773724
