var1,var2,var3,var4,var5,var6
0.03550295857988166,0.1301775147928994,0.15976331360946747,0.21301775147928995,0.22485207100591717,0.23668639053254437
