var1,var2,var3,var4,var5,var6
0.013605442176870748,0.08843537414965986,0.1360544217687075,0.20408163265306123,0.2585034013605442,0.29931972789115646
