var1,var2,var3,var4,var5,var6
0.02564102564102564,0.041025641025641026,0.15384615384615385,0.20512820512820512,0.22564102564102564,0.3487179487179487
