var1,var2,var3,var4,var5,var6
0.06134969325153374,0.1165644171779141,0.12269938650306748,0.15337423312883436,0.20245398773006135,0.34355828220858897
