var1,var2,var3,var4,var5,var6
0.0718562874251497,0.11976047904191617,0.16167664670658682,0.18562874251497005,0.2215568862275449,0.23952095808383234
