var1,var2,var3,var4,var5,var6
0.022857142857142857,0.07428571428571429,0.11428571428571428,0.2057142857142857,0.2742857142857143,0.30857142857142855
