var1,var2,var3,var4,var5,var6
0.011560693641618497,0.04046242774566474,0.11560693641618497,0.15028901734104047,0.31213872832369943,0.3699421965317919
