var1,var2,var3,var4,var5,var6
0.031088082901554404,0.08290155440414508,0.09844559585492228,0.13471502590673576,0.32124352331606215,0.3316062176165803
