var1,var2,var3,var4,var5,var6
0.029239766081871343,0.04678362573099415,0.13450292397660818,0.19883040935672514,0.2222222222222222,0.3684210526315789
