var1,var2,var3,var4,var5,var6
0.02857142857142857,0.07857142857142857,0.09285714285714286,0.12857142857142856,0.30714285714285716,0.36428571428571427
