var1,var2,var3,var4,var5,var6
0.01904761904761905,0.06666666666666667,0.09523809523809523,0.13333333333333333,0.2571428571428571,0.42857142857142855
