var1,var2,var3,var4,var5,var6
0.031088082901554404,0.08290155440414508,0.09326424870466321,0.18134715025906736,0.22797927461139897,0.38341968911917096
