var1,var2,var3,var4,var5,var6
0.03404255319148936,0.10638297872340426,0.15319148936170213,0.1702127659574468,0.22127659574468084,0.3148936170212766
