var1,var2,var3,var4,var5,var6
0.07547169811320754,0.09433962264150944,0.1509433962264151,0.1761006289308176,0.22012578616352202,0.2830188679245283
