var1,var2,var3,var4,var5,var6
0.0410958904109589,0.0547945205479452,0.0684931506849315,0.17123287671232876,0.3219178082191781,0.3424657534246575
