var1,var2,var3,var4,var5,var6
0.03592814371257485,0.059880239520958084,0.1437125748502994,0.16167664670658682,0.2634730538922156,0.33532934131736525
