var1,var2,var3,var4,var5,var6
0.06077348066298342,0.07734806629834254,0.15469613259668508,0.17679558011049723,0.20994475138121546,0.32044198895027626
