var1,var2,var3,var4,var5,var6
0.02158273381294964,0.07194244604316546,0.1366906474820144,0.19424460431654678,0.2733812949640288,0.302158273381295
