var1,var2,var3,var4,var5,var6
0.055944055944055944,0.06293706293706294,0.06993006993006994,0.15384615384615385,0.3076923076923077,0.34965034965034963
