var1,var2,var3,var4,var5,var6
0.03571428571428571,0.11428571428571428,0.12857142857142856,0.19285714285714287,0.2357142857142857,0.29285714285714287
