var1,var2,var3,var4,var5,var6
0.06896551724137931,0.08620689655172414,0.12643678160919541,0.14942528735632185,0.1839080459770115,0.3850574712643678
