var1,var2,var3,var4,var5,var6
0.05442176870748299,0.07482993197278912,0.09523809523809523,0.1360544217687075,0.2585034013605442,0.38095238095238093
