var1,var2,var3,var4,var5,var6
0.02976190476190476,0.05952380952380952,0.17857142857142858,0.20238095238095238,0.24404761904761904,0.2857142857142857
