var1,var2,var3,var4,var5,var6
0.03428571428571429,0.06857142857142857,0.14857142857142858,0.2057142857142857,0.24571428571428572,0.29714285714285715
