var1,var2,var3,var4,var5,var6
0.038135593220338986,0.06779661016949153,0.0847457627118644,0.21610169491525424,0.2669491525423729,0.326271186440678
