var1,var2,var3,var4,var5,var6
0.08670520231213873,0.11560693641618497,0.16184971098265896,0.18497109826589594,0.20809248554913296,0.24277456647398843
