var1,var2,var3,var4,var5,var6
0.07650273224043716,0.1366120218579235,0.17486338797814208,0.18579234972677597,0.19672131147540983,0.22950819672131148
