var1,var2,var3,var4,var5,var6
0.012738853503184714,0.03821656050955414,0.15286624203821655,0.21019108280254778,0.25477707006369427,0.33121019108280253
