var1,var2,var3,var4,var5,var6
0.029069767441860465,0.0755813953488372,0.1744186046511628,0.19186046511627908,0.2441860465116279,0.28488372093023256
