var1,var2,var3,var4,var5,var6
0.05202312138728324,0.09248554913294797,0.1329479768786127,0.15028901734104047,0.1676300578034682,0.4046242774566474
