var1,var2,var3,var4,var5,var6
0.08163265306122448,0.10204081632653061,0.12244897959183673,0.16326530612244897,0.23129251700680273,0.29931972789115646
