var1,var2,var3,var4,var5,var6
0.018072289156626505,0.1144578313253012,0.16265060240963855,0.1746987951807229,0.2469879518072289,0.28313253012048195
