var1,var2,var3,var4,var5,var6
0.05732484076433121,0.07006369426751592,0.08280254777070063,0.21656050955414013,0.2356687898089172,0.3375796178343949
