var1,var2,var3,var4,var5,var6
0.08144796380090498,0.09502262443438914,0.14479638009049775,0.15384615384615385,0.19909502262443438,0.3257918552036199
