var1,var2,var3,var4,var5,var6
0.01694915254237288,0.1016949152542373,0.11299435028248588,0.1807909604519774,0.2711864406779661,0.3163841807909605
