var1,var2,var3,var4,var5,var6
0.049586776859504134,0.08264462809917356,0.12396694214876033,0.1487603305785124,0.21487603305785125,0.38016528925619836
