var1,var2,var3,var4,var5,var6
0.03208556149732621,0.053475935828877004,0.09090909090909091,0.21390374331550802,0.25668449197860965,0.35294117647058826
