var1,var2,var3,var4,var5,var6
0.030534351145038167,0.05343511450381679,0.13740458015267176,0.15267175572519084,0.21374045801526717,0.4122137404580153
