var1,var2,var3,var4,var5,var6
0.013605442176870748,0.04081632653061224,0.1292517006802721,0.14965986394557823,0.29931972789115646,0.3673469387755102
