var1,var2,var3,var4,var5,var6
0.04201680672268908,0.058823529411764705,0.09243697478991597,0.14285714285714285,0.226890756302521,0.4369747899159664
