var1,var2,var3,var4,var5,var6
0.04054054054054054,0.06756756756756757,0.08108108108108109,0.0945945945945946,0.22972972972972974,0.4864864864864865
