var1,var2,var3,var4,var5,var6
0.07051282051282051,0.14102564102564102,0.15384615384615385,0.17307692307692307,0.1987179487179487,0.26282051282051283
