var1,var2,var3,var4,var5,var6
0.08374384236453201,0.10837438423645321,0.13793103448275862,0.17733990147783252,0.23645320197044334,0.2561576354679803
