var1,var2,var3,var4,var5,var6
0.09202453987730061,0.11042944785276074,0.12883435582822086,0.15950920245398773,0.22699386503067484,0.2822085889570552
