var1,var2,var3,var4,var5,var6
0.05641025641025641,0.08717948717948718,0.15384615384615385,0.1641025641025641,0.2564102564102564,0.28205128205128205
