var1,var2,var3,var4,var5,var6
0.03680981595092025,0.06134969325153374,0.1165644171779141,0.13496932515337423,0.31901840490797545,0.3312883435582822
