var1,var2,var3,var4,var5,var6
0.013605442176870748,0.09523809523809523,0.14285714285714285,0.19047619047619047,0.24489795918367346,0.3129251700680272
