var1,var2,var3,var4,var5,var6
0.017391304347826087,0.05217391304347826,0.10434782608695652,0.11304347826086956,0.2608695652173913,0.45217391304347826
