var1,var2,var3,var4,var5,var6
0.018018018018018018,0.036036036036036036,0.09009009009009009,0.16216216216216217,0.3153153153153153,0.3783783783783784
