var1,var2,var3,var4,var5,var6
0.043795620437956206,0.10218978102189781,0.11678832116788321,0.18248175182481752,0.23357664233576642,0.32116788321167883
