var1,var2,var3,var4,var5,var6
0.06711409395973154,0.0738255033557047,0.10738255033557047,0.1610738255033557,0.28187919463087246,0.3087248322147651
