var1,var2,var3,var4,var5,var6
0.05027932960893855,0.0893854748603352,0.11731843575418995,0.16201117318435754,0.21787709497206703,0.36312849162011174
