var1,var2,var3,var4,var5,var6
0.01486988847583643,0.12639405204460966,0.1524163568773234,0.21561338289962825,0.22304832713754646,0.26765799256505574
