var1,var2,var3,var4,var5,var6
0.013888888888888888,0.09027777777777778,0.1111111111111111,0.19444444444444445,0.2638888888888889,0.3263888888888889
