var1,var2,var3,var4,var5,var6
0.0851063829787234,0.09361702127659574,0.11063829787234042,0.2127659574468085,0.2425531914893617,0.2553191489361702
