var1,var2,var3,var4,var5,var6
0.012269938650306749,0.03680981595092025,0.15337423312883436,0.2147239263803681,0.26993865030674846,0.3128834355828221
