var1,var2,var3,var4,var5,var6
0.029411764705882353,0.058823529411764705,0.0784313725490196,0.18627450980392157,0.30392156862745096,0.3431372549019608
