var1,var2,var3,var4,var5,var6
0.023952095808383235,0.029940119760479042,0.11976047904191617,0.2155688622754491,0.2275449101796407,0.38323353293413176
