var1,var2,var3,var4,var5,var6
0.08040201005025126,0.09547738693467336,0.1407035175879397,0.1507537688442211,0.1708542713567839,0.36180904522613067
