var1,var2,var3,var4,var5,var6
0.052980132450331126,0.09271523178807947,0.10596026490066225,0.17218543046357615,0.271523178807947,0.304635761589404
