var1,var2,var3,var4,var5,var6
0.02702702702702703,0.08108108108108109,0.11891891891891893,0.20540540540540542,0.2756756756756757,0.2918918918918919
