var1,var2,var3,var4,var5,var6
0.030303030303030304,0.10606060606060606,0.14393939393939395,0.18181818181818182,0.22727272727272727,0.3106060606060606
