var1,var2,var3,var4,var5,var6
0.046357615894039736,0.06622516556291391,0.1456953642384106,0.17218543046357615,0.2781456953642384,0.2913907284768212
