var1,var2,var3,var4,var5,var6
0.06349206349206349,0.07936507936507936,0.12698412698412698,0.15873015873015872,0.2275132275132275,0.3439153439153439
