var1,var2,var3,var4,var5,var6
0.0196078431372549,0.0392156862745098,0.1111111111111111,0.16339869281045752,0.3006535947712418,0.3660130718954248
