var1,var2,var3,var4,var5,var6
0.023474178403755867,0.03755868544600939,0.12206572769953052,0.20657276995305165,0.27230046948356806,0.3380281690140845
