var1,var2,var3,var4,var5,var6
0.04519774011299435,0.06779661016949153,0.07909604519774012,0.1694915254237288,0.288135593220339,0.3502824858757062
