var1,var2,var3,var4,var5,var6
0.04895104895104895,0.06993006993006994,0.08391608391608392,0.18181818181818182,0.23776223776223776,0.3776223776223776
