var1,var2,var3,var4,var5,var6
0.04895104895104895,0.08391608391608392,0.13986013986013987,0.15384615384615385,0.26573426573426573,0.3076923076923077
