var1,var2,var3,var4,var5,var6
0.06698564593301436,0.11483253588516747,0.1291866028708134,0.19138755980861244,0.22009569377990432,0.27751196172248804
