var1,var2,var3,var4,var5,var6
0.04568527918781726,0.07106598984771574,0.10152284263959391,0.1319796954314721,0.28426395939086296,0.36548223350253806
