var1,var2,var3,var4,var5,var6
0.06829268292682927,0.08780487804878048,0.1902439024390244,0.2,0.22439024390243903,0.22926829268292684
