var1,var2,var3,var4,var5,var6
0.03546099290780142,0.04964539007092199,0.07801418439716312,0.1347517730496454,0.2553191489361702,0.44680851063829785
