var1,var2,var3,var4,var5,var6
0.027586206896551724,0.07586206896551724,0.13793103448275862,0.1724137931034483,0.1793103448275862,0.4068965517241379
