var1,var2,var3,var4,var5,var6
0.03355704697986577,0.04697986577181208,0.11409395973154363,0.18120805369127516,0.24161073825503357,0.3825503355704698
