var1,var2,var3,var4,var5,var6
0.04405286343612335,0.13656387665198239,0.16740088105726872,0.1762114537444934,0.19383259911894274,0.28193832599118945
