var1,var2,var3,var4,var5,var6
0.031496062992125984,0.047244094488188976,0.08661417322834646,0.11023622047244094,0.23622047244094488,0.4881889763779528
