var1,var2,var3,var4,var5,var6
0.05128205128205128,0.06153846153846154,0.08717948717948718,0.10256410256410256,0.3076923076923077,0.38974358974358975
