var1,var2,var3,var4,var5,var6
0.03389830508474576,0.05084745762711865,0.14689265536723164,0.15819209039548024,0.2768361581920904,0.3333333333333333
