var1,var2,var3,var4,var5,var6
0.011299435028248588,0.04519774011299435,0.12994350282485875,0.1807909604519774,0.2824858757062147,0.3502824858757062
