var1,var2,var3,var4,var5,var6
0.06451612903225806,0.11981566820276497,0.14746543778801843,0.19815668202764977,0.2304147465437788,0.23963133640552994
