var1,var2,var3,var4,var5,var6
0.013986013986013986,0.04895104895104895,0.0979020979020979,0.23076923076923078,0.25874125874125875,0.34965034965034963
