var1,var2,var3,var4,var5,var6
0.03977272727272727,0.06818181818181818,0.09659090909090909,0.21022727272727273,0.26136363636363635,0.32386363636363635
