var1,var2,var3,var4,var5,var6
0.05343511450381679,0.12213740458015267,0.1297709923664122,0.16793893129770993,0.19083969465648856,0.33587786259541985
