var1,var2,var3,var4,var5,var6
0.02830188679245283,0.03773584905660377,0.09433962264150944,0.14150943396226415,0.25471698113207547,0.44339622641509435
