var1,var2,var3,var4,var5,var6
0.05485232067510549,0.11814345991561181,0.1350210970464135,0.16033755274261605,0.22784810126582278,0.3037974683544304
