var1,var2,var3,var4,var5,var6
0.049689440993788817,0.13043478260869565,0.13664596273291926,0.14906832298136646,0.2111801242236025,0.32298136645962733
