var1,var2,var3,var4,var5,var6
0.03205128205128205,0.10256410256410256,0.14102564102564102,0.1858974358974359,0.23717948717948717,0.30128205128205127
