var1,var2,var3,var4,var5,var6
0.046511627906976744,0.15503875968992248,0.17054263565891473,0.17829457364341086,0.18604651162790697,0.26356589147286824
