var1,var2,var3,var4,var5,var6
0.0111731843575419,0.0782122905027933,0.10614525139664804,0.1452513966480447,0.3128491620111732,0.3463687150837989
