var1,var2,var3,var4,var5,var6
0.04093567251461988,0.0935672514619883,0.1286549707602339,0.16374269005847952,0.23391812865497075,0.3391812865497076
