var1,var2,var3,var4,var5,var6
0.010582010582010581,0.12698412698412698,0.15873015873015872,0.21164021164021163,0.2275132275132275,0.26455026455026454
