var1,var2,var3,var4,var5,var6
0.06542056074766354,0.09968847352024922,0.11838006230529595,0.19314641744548286,0.24299065420560748,0.2803738317757009
