var1,var2,var3,var4,var5,var6
0.053475935828877004,0.09090909090909091,0.12834224598930483,0.22459893048128343,0.24598930481283424,0.25668449197860965
