var1,var2,var3,var4,var5,var6
0.031007751937984496,0.06201550387596899,0.10852713178294573,0.12403100775193798,0.3333333333333333,0.34108527131782945
