var1,var2,var3,var4,var5,var6
0.012269938650306749,0.10429447852760736,0.147239263803681,0.18404907975460122,0.24539877300613497,0.3067484662576687
