var1,var2,var3,var4,var5,var6
0.02575107296137339,0.06437768240343347,0.1888412017167382,0.2017167381974249,0.22317596566523606,0.296137339055794
