var1,var2,var3,var4,var5,var6
0.008968609865470852,0.04484304932735426,0.13004484304932734,0.17040358744394618,0.28699551569506726,0.35874439461883406
