var1,var2,var3,var4,var5,var6
0.06790123456790123,0.09259259259259259,0.11728395061728394,0.15432098765432098,0.21604938271604937,0.35185185185185186
