var1,var2,var3,var4,var5,var6
0.016853932584269662,0.10674157303370786,0.12921348314606743,0.1853932584269663,0.25842696629213485,0.30337078651685395
