var1,var2,var3,var4,var5,var6
0.030303030303030304,0.03636363636363636,0.12121212121212122,0.14545454545454545,0.3090909090909091,0.3575757575757576
