var1,var2,var3,var4,var5,var6
0.03755868544600939,0.09859154929577464,0.15023474178403756,0.215962441314554,0.22535211267605634,0.27230046948356806
