var1,var2,var3,var4,var5,var6
0.03067484662576687,0.0736196319018405,0.09815950920245399,0.12269938650306748,0.3312883435582822,0.34355828220858897
