var1,var2,var3,var4,var5,var6
0.025157232704402517,0.07547169811320754,0.12578616352201258,0.16352201257861634,0.20754716981132076,0.4025157232704403
