var1,var2,var3,var4,var5,var6
0.04419889502762431,0.08839779005524862,0.1270718232044199,0.19889502762430938,0.26519337016574585,0.27624309392265195
