var1,var2,var3,var4,var5,var6
0.04419889502762431,0.0718232044198895,0.11049723756906077,0.17679558011049723,0.2541436464088398,0.3425414364640884
