var1,var2,var3,var4,var5,var6
0.05853658536585366,0.11219512195121951,0.13658536585365855,0.2048780487804878,0.23414634146341465,0.25365853658536586
