var1,var2,var3,var4,var5,var6
0.05025125628140704,0.08040201005025126,0.11055276381909548,0.1507537688442211,0.2864321608040201,0.32160804020100503
