var1,var2,var3,var4,var5,var6
0.07692307692307693,0.09716599190283401,0.11740890688259109,0.20647773279352227,0.242914979757085,0.2591093117408907
