var1,var2,var3,var4,var5,var6
0.026455026455026454,0.07936507936507936,0.1164021164021164,0.21693121693121692,0.25925925925925924,0.30158730158730157
