var1,var2,var3,var4,var5,var6
0.02158273381294964,0.03597122302158273,0.09352517985611511,0.20863309352517986,0.2949640287769784,0.34532374100719426
