var1,var2,var3,var4,var5,var6
0.02666666666666667,0.06222222222222222,0.13777777777777778,0.16,0.28444444444444444,0.3288888888888889
