var1,var2,var3,var4,var5,var6
0.031446540880503145,0.0880503144654088,0.10062893081761007,0.12578616352201258,0.3018867924528302,0.3522012578616352
