var1,var2,var3,var4,var5,var6
0.02926829268292683,0.11707317073170732,0.14146341463414633,0.15609756097560976,0.22439024390243903,0.33170731707317075
