var1,var2,var3,var4,var5,var6
0.017964071856287425,0.08383233532934131,0.11976047904191617,0.1317365269461078,0.2275449101796407,0.41916167664670656
