var1,var2,var3,var4,var5,var6
0.02054794520547945,0.10273972602739725,0.13013698630136986,0.18493150684931506,0.2602739726027397,0.3013698630136986
