var1,var2,var3,var4,var5,var6
0.05063291139240506,0.07172995780590717,0.16033755274261605,0.18565400843881857,0.21940928270042195,0.31223628691983124
