var1,var2,var3,var4,var5,var6
0.058823529411764705,0.10294117647058823,0.1323529411764706,0.14705882352941177,0.18137254901960784,0.37745098039215685
