var1,var2,var3,var4,var5,var6
0.020512820512820513,0.03076923076923077,0.08205128205128205,0.20512820512820512,0.26153846153846155,0.4
