var1,var2,var3,var4,var5,var6
0.022598870056497175,0.0903954802259887,0.10734463276836158,0.192090395480226,0.22598870056497175,0.3615819209039548
