var1,var2,var3,var4,var5,var6
0.027624309392265192,0.13259668508287292,0.17679558011049723,0.1878453038674033,0.19889502762430938,0.27624309392265195
