var1,var2,var3,var4,var5,var6
0.04430379746835443,0.08227848101265822,0.10126582278481013,0.12025316455696203,0.310126582278481,0.34177215189873417
