var1,var2,var3,var4,var5,var6
0.08290155440414508,0.08808290155440414,0.10362694300518134,0.21761658031088082,0.22797927461139897,0.27979274611398963
