var1,var2,var3,var4,var5,var6
0.01990049751243781,0.09950248756218906,0.15920398009950248,0.21890547263681592,0.23383084577114427,0.26865671641791045
