var1,var2,var3,var4,var5,var6
0.02564102564102564,0.041025641025641026,0.1641025641025641,0.18461538461538463,0.24615384615384617,0.3384615384615385
