var1,var2,var3,var4,var5,var6
0.01568627450980392,0.058823529411764705,0.10980392156862745,0.19607843137254902,0.23529411764705882,0.3843137254901961
