var1,var2,var3,var4,var5,var6
0.0392156862745098,0.0457516339869281,0.10457516339869281,0.1830065359477124,0.23529411764705882,0.39215686274509803
