var1,var2,var3,var4,var5,var6
0.04310344827586207,0.0603448275862069,0.09482758620689655,0.14655172413793102,0.1724137931034483,0.4827586206896552
