var1,var2,var3,var4,var5,var6
0.03076923076923077,0.1,0.15384615384615385,0.2,0.23846153846153847,0.27692307692307694
