var1,var2,var3,var4,var5,var6
0.044444444444444446,0.06666666666666667,0.1037037037037037,0.1925925925925926,0.2814814814814815,0.3111111111111111
