var1,var2,var3,var4,var5,var6
0.08130081300813008,0.0975609756097561,0.13008130081300814,0.1951219512195122,0.23577235772357724,0.2601626016260163
