var1,var2,var3,var4,var5,var6
0.09045226130653267,0.10050251256281408,0.1457286432160804,0.18090452261306533,0.23115577889447236,0.25125628140703515
