var1,var2,var3,var4,var5,var6
0.062146892655367235,0.07909604519774012,0.192090395480226,0.2033898305084746,0.21468926553672316,0.24858757062146894
