var1,var2,var3,var4,var5,var6
0.0547945205479452,0.0639269406392694,0.0958904109589041,0.2100456621004566,0.2374429223744292,0.3378995433789954
