var1,var2,var3,var4,var5,var6
0.03977272727272727,0.05113636363636364,0.11363636363636363,0.21022727272727273,0.2784090909090909,0.3068181818181818
