var1,var2,var3,var4,var5,var6
0.04119850187265917,0.052434456928838954,0.17228464419475656,0.18726591760299627,0.26217228464419473,0.2846441947565543
