var1,var2,var3,var4,var5,var6
0.06857142857142857,0.13714285714285715,0.1657142857142857,0.17714285714285713,0.2,0.25142857142857145
