var1,var2,var3,var4,var5,var6
0.07035175879396985,0.09547738693467336,0.11055276381909548,0.1708542713567839,0.2613065326633166,0.2914572864321608
