var1,var2,var3,var4,var5,var6
0.06217616580310881,0.07253886010362694,0.11398963730569948,0.15544041450777202,0.2849740932642487,0.31088082901554404
