var1,var2,var3,var4,var5,var6
0.016042780748663103,0.0748663101604278,0.11764705882352941,0.20320855614973263,0.22459893048128343,0.36363636363636365
