var1,var2,var3,var4,var5,var6
0.0425531914893617,0.13297872340425532,0.16489361702127658,0.18617021276595744,0.22340425531914893,0.25
