var1,var2,var3,var4,var5,var6
0.053475935828877004,0.0962566844919786,0.11764705882352941,0.15508021390374332,0.24598930481283424,0.3315508021390374
