var1,var2,var3,var4,var5,var6
0.043478260869565216,0.07453416149068323,0.09937888198757763,0.13664596273291926,0.2608695652173913,0.38509316770186336
