var1,var2,var3,var4,var5,var6
0.02476780185758514,0.05572755417956656,0.12693498452012383,0.14241486068111456,0.30340557275541796,0.34674922600619196
