var1,var2,var3,var4,var5,var6
0.029197080291970802,0.08029197080291971,0.1386861313868613,0.18248175182481752,0.22627737226277372,0.34306569343065696
