var1,var2,var3,var4,var5,var6
0.05142857142857143,0.09142857142857143,0.12571428571428572,0.16,0.28,0.2914285714285714
