var1,var2,var3,var4,var5,var6
0.06535947712418301,0.1111111111111111,0.13071895424836602,0.1437908496732026,0.2222222222222222,0.32679738562091504
