var1,var2,var3,var4,var5,var6
0.014778325123152709,0.13793103448275862,0.16748768472906403,0.19704433497536947,0.23645320197044334,0.24630541871921183
