var1,var2,var3,var4,var5,var6
0.015873015873015872,0.05555555555555555,0.1111111111111111,0.2222222222222222,0.25396825396825395,0.3412698412698413
