var1,var2,var3,var4,var5,var6
0.016194331983805668,0.044534412955465584,0.09716599190283401,0.21862348178137653,0.2834008097165992,0.340080971659919
