var1,var2,var3,var4,var5,var6
0.043795620437956206,0.12408759124087591,0.17518248175182483,0.18248175182481752,0.20437956204379562,0.27007299270072993
