var1,var2,var3,var4,var5,var6
0.042735042735042736,0.08547008547008547,0.09401709401709402,0.21367521367521367,0.27350427350427353,0.2905982905982906
