var1,var2,var3,var4,var5,var6
0.03870967741935484,0.10967741935483871,0.15483870967741936,0.2,0.21935483870967742,0.27741935483870966
