var1,var2,var3,var4,var5,var6
0.034482758620689655,0.054187192118226604,0.08374384236453201,0.2019704433497537,0.30049261083743845,0.3251231527093596
