var1,var2,var3,var4,var5,var6
0.027522935779816515,0.05504587155963303,0.12844036697247707,0.14678899082568808,0.23853211009174313,0.4036697247706422
