var1,var2,var3,var4,var5,var6
0.041884816753926704,0.13612565445026178,0.1518324607329843,0.18324607329842932,0.20418848167539266,0.28272251308900526
