var1,var2,var3,var4,var5,var6
0.020512820512820513,0.05128205128205128,0.13333333333333333,0.2,0.27692307692307694,0.31794871794871793
