var1,var2,var3,var4,var5,var6
0.01875,0.06875,0.10625,0.2,0.24375,0.3625
