var1,var2,var3,var4,var5,var6
0.031496062992125984,0.047244094488188976,0.13385826771653545,0.1889763779527559,0.25196850393700787,0.3464566929133858
