var1,var2,var3,var4,var5,var6
0.07909604519774012,0.096045197740113,0.11864406779661017,0.14689265536723164,0.20903954802259886,0.3502824858757062
