var1,var2,var3,var4,var5,var6
0.020202020202020204,0.09090909090909091,0.10101010101010101,0.16161616161616163,0.20202020202020202,0.42424242424242425
