var1,var2,var3,var4,var5,var6
0.05339805825242718,0.07766990291262135,0.12135922330097088,0.1407766990291262,0.25728155339805825,0.34951456310679613
