var1,var2,var3,var4,var5,var6
0.031446540880503145,0.050314465408805034,0.0880503144654088,0.1761006289308176,0.25157232704402516,0.4025157232704403
