var1,var2,var3,var4,var5,var6
0.06030150753768844,0.1457286432160804,0.1507537688442211,0.1708542713567839,0.22110552763819097,0.25125628140703515
