var1,var2,var3,var4,var5,var6
0.061068702290076333,0.10687022900763359,0.12213740458015267,0.1297709923664122,0.24427480916030533,0.33587786259541985
