var1,var2,var3,var4,var5,var6
0.026737967914438502,0.13903743315508021,0.1711229946524064,0.1925133689839572,0.21390374331550802,0.25668449197860965
