var1,var2,var3,var4,var5,var6
0.029411764705882353,0.09558823529411764,0.11029411764705882,0.21323529411764705,0.25,0.3014705882352941
