var1,var2,var3,var4,var5,var6
0.10344827586206896,0.13793103448275862,0.1477832512315271,0.1724137931034483,0.17733990147783252,0.26108374384236455
