var1,var2,var3,var4,var5,var6
0.043243243243243246,0.05405405405405406,0.0918918918918919,0.15135135135135136,0.2918918918918919,0.3675675675675676
