var1,var2,var3,var4,var5,var6
0.02830188679245283,0.1179245283018868,0.13679245283018868,0.20754716981132076,0.22169811320754718,0.28773584905660377
