var1,var2,var3,var4,var5,var6
0.017094017094017096,0.11965811965811966,0.18803418803418803,0.19658119658119658,0.2222222222222222,0.2564102564102564
