var1,var2,var3,var4,var5,var6
0.044585987261146494,0.07643312101910828,0.10191082802547771,0.15286624203821655,0.2802547770700637,0.34394904458598724
