var1,var2,var3,var4,var5,var6
0.08125,0.09375,0.14375,0.16875,0.20625,0.30625
