var1,var2,var3,var4,var5,var6
0.03164556962025317,0.08227848101265822,0.12025316455696203,0.13291139240506328,0.22784810126582278,0.4050632911392405
