var1,var2,var3,var4,var5,var6
0.0392156862745098,0.05228758169934641,0.08496732026143791,0.20915032679738563,0.27450980392156865,0.33986928104575165
