var1,var2,var3,var4,var5,var6
0.02459016393442623,0.08196721311475409,0.12295081967213115,0.13934426229508196,0.1885245901639344,0.4426229508196721
