var1,var2,var3,var4,var5,var6
0.021505376344086023,0.08602150537634409,0.15053763440860216,0.16129032258064516,0.1935483870967742,0.3870967741935484
