var1,var2,var3,var4,var5,var6
0.03355704697986577,0.06711409395973154,0.10738255033557047,0.11409395973154363,0.3288590604026846,0.348993288590604
