var1,var2,var3,var4,var5,var6
0.08743169398907104,0.12568306010928962,0.13114754098360656,0.1912568306010929,0.22404371584699453,0.24043715846994534
