var1,var2,var3,var4,var5,var6
0.05084745762711865,0.059322033898305086,0.11864406779661017,0.1440677966101695,0.22033898305084745,0.4067796610169492
