var1,var2,var3,var4,var5,var6
0.01764705882352941,0.1,0.12941176470588237,0.21764705882352942,0.2411764705882353,0.29411764705882354
