var1,var2,var3,var4,var5,var6
0.0639269406392694,0.0821917808219178,0.1415525114155251,0.1735159817351598,0.2100456621004566,0.3287671232876712
