var1,var2,var3,var4,var5,var6
0.011299435028248588,0.096045197740113,0.13559322033898305,0.21468926553672316,0.24858757062146894,0.2937853107344633
