var1,var2,var3,var4,var5,var6
0.04145077720207254,0.13471502590673576,0.16062176165803108,0.20725388601036268,0.21761658031088082,0.23834196891191708
