var1,var2,var3,var4,var5,var6
0.03463203463203463,0.10822510822510822,0.1471861471861472,0.1645021645021645,0.24242424242424243,0.30303030303030304
