var1,var2,var3,var4,var5,var6
0.06837606837606838,0.08547008547008547,0.09401709401709402,0.13675213675213677,0.18803418803418803,0.42735042735042733
