var1,var2,var3,var4,var5,var6
0.01680672268907563,0.10084033613445378,0.14285714285714285,0.15126050420168066,0.18487394957983194,0.40336134453781514
