var1,var2,var3,var4,var5,var6
0.06711409395973154,0.10067114093959731,0.12080536912751678,0.1476510067114094,0.1610738255033557,0.40268456375838924
