var1,var2,var3,var4,var5,var6
0.04741379310344827,0.07327586206896551,0.10775862068965517,0.1939655172413793,0.22413793103448276,0.35344827586206895
