var1,var2,var3,var4,var5,var6
0.1076923076923077,0.13846153846153847,0.15897435897435896,0.1794871794871795,0.19487179487179487,0.2205128205128205
