var1,var2,var3,var4,var5,var6
0.03139013452914798,0.11210762331838565,0.16591928251121077,0.18834080717488788,0.23766816143497757,0.2645739910313901
