var1,var2,var3,var4,var5,var6
0.02158273381294964,0.05755395683453238,0.10071942446043165,0.14388489208633093,0.2733812949640288,0.4028776978417266
