var1,var2,var3,var4,var5,var6
0.047337278106508875,0.08284023668639054,0.11242603550295859,0.17751479289940827,0.23668639053254437,0.3431952662721893
