var1,var2,var3,var4,var5,var6
0.06829268292682927,0.08292682926829269,0.1073170731707317,0.11707317073170732,0.2975609756097561,0.32682926829268294
