var1,var2,var3,var4,var5,var6
0.025477707006369428,0.06369426751592357,0.10828025477707007,0.12738853503184713,0.33121019108280253,0.34394904458598724
