var1,var2,var3,var4,var5,var6
0.041025641025641026,0.10256410256410256,0.18461538461538463,0.19487179487179487,0.2153846153846154,0.26153846153846155
