var1,var2,var3,var4,var5,var6
0.09259259259259259,0.13703703703703704,0.14814814814814814,0.16666666666666666,0.18888888888888888,0.26666666666666666
