var1,var2,var3,var4,var5,var6
0.031746031746031744,0.1164021164021164,0.1693121693121693,0.19576719576719576,0.21164021164021163,0.2751322751322751
