var1,var2,var3,var4,var5,var6
0.02666666666666667,0.08,0.13333333333333333,0.14666666666666667,0.2577777777777778,0.35555555555555557
