var1,var2,var3,var4,var5,var6
0.05128205128205128,0.08205128205128205,0.10256410256410256,0.2153846153846154,0.24102564102564103,0.3076923076923077
