var1,var2,var3,var4,var5,var6
0.01639344262295082,0.0546448087431694,0.15300546448087432,0.19672131147540983,0.273224043715847,0.30601092896174864
