var1,var2,var3,var4,var5,var6
0.011834319526627219,0.07100591715976332,0.11242603550295859,0.14201183431952663,0.31952662721893493,0.3431952662721893
