var1,var2,var3,var4,var5,var6
0.03314917127071823,0.09944751381215469,0.16574585635359115,0.17679558011049723,0.23756906077348067,0.287292817679558
