var1,var2,var3,var4,var5,var6
0.03524229074889868,0.08370044052863436,0.09691629955947137,0.23788546255506607,0.2643171806167401,0.28193832599118945
