var1,var2,var3,var4,var5,var6
0.023121387283236993,0.057803468208092484,0.09248554913294797,0.18497109826589594,0.26011560693641617,0.3815028901734104
