var1,var2,var3,var4,var5,var6
0.027777777777777776,0.037037037037037035,0.09259259259259259,0.1388888888888889,0.21296296296296297,0.49074074074074076
