var1,var2,var3,var4,var5,var6
0.027522935779816515,0.10091743119266056,0.13761467889908258,0.1559633027522936,0.2018348623853211,0.3761467889908257
