var1,var2,var3,var4,var5,var6
0.04142011834319527,0.05917159763313609,0.10650887573964497,0.22485207100591717,0.2485207100591716,0.31952662721893493
