var1,var2,var3,var4,var5,var6
0.0642570281124498,0.08835341365461848,0.1606425702811245,0.18875502008032127,0.23293172690763053,0.26506024096385544
