var1,var2,var3,var4,var5,var6
0.06382978723404255,0.09929078014184398,0.11347517730496454,0.19858156028368795,0.24113475177304963,0.28368794326241137
