var1,var2,var3,var4,var5,var6
0.07738095238095238,0.08928571428571429,0.14285714285714285,0.19642857142857142,0.23809523809523808,0.25595238095238093
