var1,var2,var3,var4,var5,var6
0.0903954802259887,0.10734463276836158,0.12429378531073447,0.13559322033898305,0.23728813559322035,0.3050847457627119
