var1,var2,var3,var4,var5,var6
0.035211267605633804,0.04929577464788732,0.11971830985915492,0.22535211267605634,0.2535211267605634,0.31690140845070425
