var1,var2,var3,var4,var5,var6
0.07746478873239436,0.09154929577464789,0.14084507042253522,0.18309859154929578,0.20422535211267606,0.3028169014084507
