var1,var2,var3,var4,var5,var6
0.04827586206896552,0.06896551724137931,0.15172413793103448,0.18620689655172415,0.19310344827586207,0.35172413793103446
