var1,var2,var3,var4,var5,var6
0.03755868544600939,0.10328638497652583,0.13145539906103287,0.22065727699530516,0.22535211267605634,0.28169014084507044
