var1,var2,var3,var4,var5,var6
0.014354066985645933,0.03827751196172249,0.10526315789473684,0.22009569377990432,0.2679425837320574,0.35406698564593303
