var1,var2,var3,var4,var5,var6
0.03825136612021858,0.08743169398907104,0.09836065573770492,0.22950819672131148,0.26229508196721313,0.28415300546448086
