var1,var2,var3,var4,var5,var6
0.020833333333333332,0.09027777777777778,0.11805555555555555,0.19444444444444445,0.2569444444444444,0.3194444444444444
