var1,var2,var3,var4,var5,var6
0.02097902097902098,0.04195804195804196,0.11888111888111888,0.15384615384615385,0.27972027972027974,0.38461538461538464
