var1,var2,var3,var4,var5,var6
0.09090909090909091,0.13333333333333333,0.14545454545454545,0.15757575757575756,0.21818181818181817,0.2545454545454545
