var1,var2,var3,var4,var5,var6
0.03550295857988166,0.0650887573964497,0.08284023668639054,0.15384615384615385,0.24260355029585798,0.42011834319526625
