var1,var2,var3,var4,var5,var6
0.08542713567839195,0.12060301507537688,0.1306532663316583,0.16080402010050251,0.22613065326633167,0.27638190954773867
