var1,var2,var3,var4,var5,var6
0.07177033492822966,0.10526315789473684,0.16267942583732056,0.19138755980861244,0.22966507177033493,0.23923444976076555
