var1,var2,var3,var4,var5,var6
0.06369426751592357,0.07643312101910828,0.16560509554140126,0.20382165605095542,0.2356687898089172,0.25477707006369427
