var1,var2,var3,var4,var5,var6
0.04059040590405904,0.1033210332103321,0.14022140221402213,0.1918819188191882,0.25830258302583026,0.2656826568265683
