var1,var2,var3,var4,var5,var6
0.02702702702702703,0.06486486486486487,0.10270270270270271,0.1891891891891892,0.22162162162162163,0.3945945945945946
