var1,var2,var3,var4,var5,var6
0.04891304347826087,0.11413043478260869,0.15217391304347827,0.19021739130434784,0.20652173913043478,0.28804347826086957
