var1,var2,var3,var4,var5,var6
0.07262569832402235,0.0893854748603352,0.12290502793296089,0.1564245810055866,0.2569832402234637,0.3016759776536313
