var1,var2,var3,var4,var5,var6
0.07272727272727272,0.08484848484848485,0.1393939393939394,0.18181818181818182,0.23030303030303031,0.2909090909090909
