var1,var2,var3,var4,var5,var6
0.09271523178807947,0.10596026490066225,0.13245033112582782,0.16556291390728478,0.2119205298013245,0.2913907284768212
