var1,var2,var3,var4,var5,var6
0.050761421319796954,0.06598984771573604,0.09137055837563451,0.17258883248730963,0.233502538071066,0.38578680203045684
