var1,var2,var3,var4,var5,var6
0.10303030303030303,0.11515151515151516,0.1393939393939394,0.18787878787878787,0.20606060606060606,0.24848484848484848
