var1,var2,var3,var4,var5,var6
0.014184397163120567,0.06382978723404255,0.09929078014184398,0.14184397163120568,0.18439716312056736,0.49645390070921985
