var1,var2,var3,var4,var5,var6
0.03902439024390244,0.06829268292682927,0.15609756097560976,0.2097560975609756,0.25365853658536586,0.2731707317073171
