var1,var2,var3,var4,var5,var6
0.027624309392265192,0.055248618784530384,0.15469613259668508,0.19889502762430938,0.2430939226519337,0.32044198895027626
