var1,var2,var3,var4,var5,var6
0.059782608695652176,0.07608695652173914,0.10326086956521739,0.22282608695652173,0.24456521739130435,0.29347826086956524
