var1,var2,var3,var4,var5,var6
0.029197080291970802,0.0364963503649635,0.0948905109489051,0.22627737226277372,0.24817518248175183,0.36496350364963503
