var1,var2,var3,var4,var5,var6
0.062111801242236024,0.11180124223602485,0.16149068322981366,0.18012422360248448,0.19875776397515527,0.2857142857142857
