var1,var2,var3,var4,var5,var6
0.011299435028248588,0.07344632768361582,0.10734463276836158,0.22598870056497175,0.2655367231638418,0.3163841807909605
