var1,var2,var3,var4,var5,var6
0.056338028169014086,0.09859154929577464,0.12206572769953052,0.20657276995305165,0.2347417840375587,0.28169014084507044
