var1,var2,var3,var4,var5,var6
0.029850746268656716,0.0945273631840796,0.13930348258706468,0.1791044776119403,0.24875621890547264,0.30845771144278605
