var1,var2,var3,var4,var5,var6
0.026490066225165563,0.07947019867549669,0.1456953642384106,0.18543046357615894,0.24503311258278146,0.31788079470198677
