var1,var2,var3,var4,var5,var6
0.013953488372093023,0.12093023255813953,0.13023255813953488,0.20465116279069767,0.23255813953488372,0.29767441860465116
