var1,var2,var3,var4,var5,var6
0.03389830508474576,0.096045197740113,0.1016949152542373,0.12429378531073447,0.2824858757062147,0.3615819209039548
