var1,var2,var3,var4,var5,var6
0.026845637583892617,0.08053691275167785,0.087248322147651,0.20134228187919462,0.2684563758389262,0.33557046979865773
