var1,var2,var3,var4,var5,var6
0.05172413793103448,0.13793103448275862,0.15517241379310345,0.1724137931034483,0.23563218390804597,0.2471264367816092
