var1,var2,var3,var4,var5,var6
0.020618556701030927,0.05154639175257732,0.08247422680412371,0.18556701030927836,0.30927835051546393,0.35051546391752575
