var1,var2,var3,var4,var5,var6
0.029197080291970802,0.051094890510948905,0.13138686131386862,0.145985401459854,0.21897810218978103,0.4233576642335766
