var1,var2,var3,var4,var5,var6
0.036036036036036036,0.04504504504504504,0.14414414414414414,0.1981981981981982,0.25225225225225223,0.32432432432432434
