var1,var2,var3,var4,var5,var6
0.03680981595092025,0.06134969325153374,0.10429447852760736,0.22699386503067484,0.25766871165644173,0.3128834355828221
