var1,var2,var3,var4,var5,var6
0.04316546762589928,0.050359712230215826,0.11510791366906475,0.2158273381294964,0.2733812949640288,0.302158273381295
