var1,var2,var3,var4,var5,var6
0.078125,0.11979166666666667,0.13020833333333334,0.140625,0.21354166666666666,0.3177083333333333
