var1,var2,var3,var4,var5,var6
0.06629834254143646,0.08839779005524862,0.143646408839779,0.17679558011049723,0.24861878453038674,0.27624309392265195
