var1,var2,var3,var4,var5,var6
0.03597122302158273,0.04316546762589928,0.10071942446043165,0.18705035971223022,0.2158273381294964,0.4172661870503597
