var1,var2,var3,var4,var5,var6
0.02512562814070352,0.12562814070351758,0.1708542713567839,0.18592964824120603,0.20100502512562815,0.2914572864321608
