var1,var2,var3,var4,var5,var6
0.057971014492753624,0.12560386473429952,0.13526570048309178,0.1642512077294686,0.23671497584541062,0.28019323671497587
