var1,var2,var3,var4,var5,var6
0.09313725490196079,0.13725490196078433,0.15196078431372548,0.16176470588235295,0.19117647058823528,0.2647058823529412
