var1,var2,var3,var4,var5,var6
0.03314917127071823,0.055248618784530384,0.13259668508287292,0.16022099447513813,0.27624309392265195,0.3425414364640884
