var1,var2,var3,var4,var5,var6
0.07106598984771574,0.09137055837563451,0.15228426395939088,0.19289340101522842,0.233502538071066,0.25888324873096447
