var1,var2,var3,var4,var5,var6
0.020202020202020204,0.12121212121212122,0.13131313131313133,0.16161616161616163,0.24242424242424243,0.32323232323232326
