var1,var2,var3,var4,var5,var6
0.024054982817869417,0.07560137457044673,0.14432989690721648,0.20618556701030927,0.2542955326460481,0.29553264604810997
