var1,var2,var3,var4,var5,var6
0.08085106382978724,0.11063829787234042,0.17872340425531916,0.18723404255319148,0.20425531914893616,0.23829787234042554
