var1,var2,var3,var4,var5,var6
0.014598540145985401,0.06569343065693431,0.11678832116788321,0.16058394160583941,0.21897810218978103,0.4233576642335766
