var1,var2,var3,var4,var5,var6
0.01639344262295082,0.06557377049180328,0.14754098360655737,0.18032786885245902,0.2677595628415301,0.3224043715846995
