var1,var2,var3,var4,var5,var6
0.037209302325581395,0.10697674418604651,0.15813953488372093,0.16744186046511628,0.22325581395348837,0.30697674418604654
