var1,var2,var3,var4,var5,var6
0.0457516339869281,0.05228758169934641,0.11764705882352941,0.1830065359477124,0.26143790849673204,0.33986928104575165
