var1,var2,var3,var4,var5,var6
0.028901734104046242,0.03468208092485549,0.12716763005780346,0.19653179190751446,0.2658959537572254,0.3468208092485549
