var1,var2,var3,var4,var5,var6
0.020942408376963352,0.041884816753926704,0.09424083769633508,0.18848167539267016,0.24607329842931938,0.4083769633507853
