var1,var2,var3,var4,var5,var6
0.016260162601626018,0.032520325203252036,0.056910569105691054,0.1951219512195122,0.3089430894308943,0.3902439024390244
