var1,var2,var3,var4,var5,var6
0.0365296803652968,0.1461187214611872,0.1643835616438356,0.1735159817351598,0.2328767123287671,0.2465753424657534
