var1,var2,var3,var4,var5,var6
0.013986013986013986,0.055944055944055944,0.0979020979020979,0.16083916083916083,0.23776223776223776,0.43356643356643354
