var1,var2,var3,var4,var5,var6
0.017699115044247787,0.035398230088495575,0.08849557522123894,0.21238938053097345,0.25663716814159293,0.3893805309734513
