var1,var2,var3,var4,var5,var6
0.05128205128205128,0.07692307692307693,0.10256410256410256,0.18803418803418803,0.20512820512820512,0.37606837606837606
