var1,var2,var3,var4,var5,var6
0.03592814371257485,0.11377245508982035,0.1377245508982036,0.16167664670658682,0.20958083832335328,0.3413173652694611
