var1,var2,var3,var4,var5,var6
0.04040404040404041,0.10101010101010101,0.1111111111111111,0.18181818181818182,0.20202020202020202,0.36363636363636365
