var1,var2,var3,var4,var5,var6
0.026737967914438502,0.0427807486631016,0.0748663101604278,0.24598930481283424,0.25668449197860965,0.35294117647058826
