var1,var2,var3,var4,var5,var6
0.06474820143884892,0.07194244604316546,0.12949640287769784,0.22302158273381295,0.23741007194244604,0.2733812949640288
