var1,var2,var3,var4,var5,var6
0.03680981595092025,0.08588957055214724,0.10429447852760736,0.2331288343558282,0.26380368098159507,0.27607361963190186
