var1,var2,var3,var4,var5,var6
0.06832298136645963,0.08695652173913043,0.09937888198757763,0.14906832298136646,0.2422360248447205,0.35403726708074534
