var1,var2,var3,var4,var5,var6
0.0365296803652968,0.045662100456621,0.1141552511415525,0.1735159817351598,0.3013698630136986,0.3287671232876712
