var1,var2,var3,var4,var5,var6
0.027210884353741496,0.05442176870748299,0.08843537414965986,0.16326530612244897,0.3129251700680272,0.35374149659863946
