var1,var2,var3,var4,var5,var6
0.031007751937984496,0.07751937984496124,0.12403100775193798,0.13953488372093023,0.2713178294573643,0.35658914728682173
