var1,var2,var3,var4,var5,var6
0.03048780487804878,0.11585365853658537,0.17682926829268292,0.1951219512195122,0.21341463414634146,0.2682926829268293
