var1,var2,var3,var4,var5,var6
0.08040201005025126,0.11055276381909548,0.12562814070351758,0.16080402010050251,0.23115577889447236,0.2914572864321608
