var1,var2,var3,var4,var5,var6
0.09941520467836257,0.14035087719298245,0.15204678362573099,0.16374269005847952,0.1871345029239766,0.2573099415204678
