var1,var2,var3,var4,var5,var6
0.09523809523809523,0.12454212454212454,0.13186813186813187,0.1978021978021978,0.2087912087912088,0.24175824175824176
