var1,var2,var3,var4,var5,var6
0.012578616352201259,0.06289308176100629,0.16981132075471697,0.20754716981132076,0.25157232704402516,0.29559748427672955
