var1,var2,var3,var4,var5,var6
0.03550295857988166,0.1301775147928994,0.14792899408284024,0.17751479289940827,0.22485207100591717,0.28402366863905326
