var1,var2,var3,var4,var5,var6
0.014184397163120567,0.14184397163120568,0.1702127659574468,0.19148936170212766,0.2127659574468085,0.2695035460992908
