var1,var2,var3,var4,var5,var6
0.011049723756906077,0.055248618784530384,0.14917127071823205,0.16574585635359115,0.26519337016574585,0.35359116022099446
