var1,var2,var3,var4,var5,var6
0.023391812865497075,0.11695906432748537,0.16374269005847952,0.19298245614035087,0.21052631578947367,0.29239766081871343
