var1,var2,var3,var4,var5,var6
0.06766917293233082,0.12406015037593984,0.15413533834586465,0.17293233082706766,0.21428571428571427,0.2669172932330827
