var1,var2,var3,var4,var5,var6
0.02242152466367713,0.10762331838565023,0.16143497757847533,0.17040358744394618,0.25112107623318386,0.28699551569506726
