var1,var2,var3,var4,var5,var6
0.03076923076923077,0.046153846153846156,0.15384615384615385,0.20512820512820512,0.24615384615384617,0.31794871794871793
