var1,var2,var3,var4,var5,var6
0.05755395683453238,0.12949640287769784,0.1366906474820144,0.15827338129496402,0.2014388489208633,0.31654676258992803
