var1,var2,var3,var4,var5,var6
0.03636363636363636,0.07272727272727272,0.12121212121212122,0.21212121212121213,0.26666666666666666,0.2909090909090909
