var1,var2,var3,var4,var5,var6
0.024242424242424242,0.12121212121212122,0.16363636363636364,0.19393939393939394,0.24242424242424243,0.2545454545454545
