var1,var2,var3,var4,var5,var6
0.01652892561983471,0.05785123966942149,0.09917355371900827,0.1322314049586777,0.3140495867768595,0.38016528925619836
