var1,var2,var3,var4,var5,var6
0.12269938650306748,0.12883435582822086,0.15950920245398773,0.18404907975460122,0.19631901840490798,0.2085889570552147
