var1,var2,var3,var4,var5,var6
0.07111111111111111,0.12444444444444444,0.13333333333333333,0.1511111111111111,0.2088888888888889,0.3111111111111111
