var1,var2,var3,var4,var5,var6
0.030303030303030304,0.08333333333333333,0.09090909090909091,0.15151515151515152,0.19696969696969696,0.44696969696969696
