var1,var2,var3,var4,var5,var6
0.027472527472527472,0.07142857142857142,0.11538461538461539,0.15384615384615385,0.19230769230769232,0.43956043956043955
