var1,var2,var3,var4,var5,var6
0.04316546762589928,0.08633093525179857,0.14388489208633093,0.2158273381294964,0.2446043165467626,0.26618705035971224
