var1,var2,var3,var4,var5,var6
0.03007518796992481,0.09022556390977443,0.10526315789473684,0.15037593984962405,0.20300751879699247,0.42105263157894735
