var1,var2,var3,var4,var5,var6
0.039603960396039604,0.07920792079207921,0.10891089108910891,0.2079207920792079,0.25742574257425743,0.3069306930693069
