var1,var2,var3,var4,var5,var6
0.06951871657754011,0.09090909090909091,0.13903743315508021,0.1657754010695187,0.24064171122994651,0.29411764705882354
