var1,var2,var3,var4,var5,var6
0.028985507246376812,0.12560386473429952,0.1497584541062802,0.19806763285024154,0.20772946859903382,0.2898550724637681
