var1,var2,var3,var4,var5,var6
0.02702702702702703,0.036036036036036036,0.07207207207207207,0.14414414414414414,0.26126126126126126,0.4594594594594595
