var1,var2,var3,var4,var5,var6
0.035175879396984924,0.05025125628140704,0.1507537688442211,0.1708542713567839,0.23115577889447236,0.36180904522613067
