var1,var2,var3,var4,var5,var6
0.030534351145038167,0.061068702290076333,0.10687022900763359,0.1450381679389313,0.21374045801526717,0.44274809160305345
