var1,var2,var3,var4,var5,var6
0.031055900621118012,0.049689440993788817,0.14906832298136646,0.18633540372670807,0.2608695652173913,0.32298136645962733
