var1,var2,var3,var4,var5,var6
0.019230769230769232,0.05128205128205128,0.12179487179487179,0.1987179487179487,0.26282051282051283,0.34615384615384615
