var1,var2,var3,var4,var5,var6
0.020512820512820513,0.07692307692307693,0.14358974358974358,0.1794871794871795,0.23076923076923078,0.3487179487179487
