var1,var2,var3,var4,var5,var6
0.043478260869565216,0.08695652173913043,0.11304347826086956,0.12173913043478261,0.28695652173913044,0.34782608695652173
