var1,var2,var3,var4,var5,var6
0.05027932960893855,0.061452513966480445,0.08379888268156424,0.18994413407821228,0.2569832402234637,0.3575418994413408
