var1,var2,var3,var4,var5,var6
0.06748466257668712,0.0736196319018405,0.17177914110429449,0.18404907975460122,0.22699386503067484,0.27607361963190186
