var1,var2,var3,var4,var5,var6
0.058823529411764705,0.0784313725490196,0.14705882352941177,0.1568627450980392,0.18627450980392157,0.37254901960784315
