var1,var2,var3,var4,var5,var6
0.0784313725490196,0.10457516339869281,0.11764705882352941,0.13071895424836602,0.17647058823529413,0.39215686274509803
