var1,var2,var3,var4,var5,var6
0.023668639053254437,0.08875739644970414,0.10059171597633136,0.23668639053254437,0.25443786982248523,0.2958579881656805
