var1,var2,var3,var4,var5,var6
0.015873015873015872,0.08465608465608465,0.1164021164021164,0.13756613756613756,0.30158730158730157,0.3439153439153439
