var1,var2,var3,var4,var5,var6
0.025806451612903226,0.14193548387096774,0.15483870967741936,0.1935483870967742,0.23870967741935484,0.24516129032258063
