var1,var2,var3,var4,var5,var6
0.07722007722007722,0.0888030888030888,0.10810810810810811,0.14671814671814673,0.2625482625482625,0.3166023166023166
