var1,var2,var3,var4,var5,var6
0.03349282296650718,0.0861244019138756,0.1722488038277512,0.18181818181818182,0.23923444976076555,0.28708133971291866
