var1,var2,var3,var4,var5,var6
0.0196078431372549,0.058823529411764705,0.09803921568627451,0.1503267973856209,0.29411764705882354,0.3790849673202614
