var1,var2,var3,var4,var5,var6
0.03669724770642202,0.07339449541284404,0.09174311926605505,0.1743119266055046,0.23853211009174313,0.3853211009174312
