var1,var2,var3,var4,var5,var6
0.010752688172043012,0.06451612903225806,0.10752688172043011,0.21505376344086022,0.23655913978494625,0.3655913978494624
