var1,var2,var3,var4,var5,var6
0.03940886699507389,0.06896551724137931,0.09852216748768473,0.21182266009852216,0.24630541871921183,0.33497536945812806
