var1,var2,var3,var4,var5,var6
0.023255813953488372,0.10077519379844961,0.10852713178294573,0.11627906976744186,0.29457364341085274,0.35658914728682173
