var1,var2,var3,var4,var5,var6
0.0625,0.13636363636363635,0.1534090909090909,0.19318181818181818,0.2215909090909091,0.23295454545454544
