var1,var2,var3,var4,var5,var6
0.0297029702970297,0.054455445544554455,0.16831683168316833,0.18316831683168316,0.2722772277227723,0.29207920792079206
