var1,var2,var3,var4,var5,var6
0.017964071856287425,0.07784431137724551,0.1377245508982036,0.20958083832335328,0.24550898203592814,0.31137724550898205
