var1,var2,var3,var4,var5,var6
0.0213903743315508,0.13903743315508021,0.1711229946524064,0.18181818181818182,0.24064171122994651,0.24598930481283424
