var1,var2,var3,var4,var5,var6
0.03802281368821293,0.06844106463878327,0.1634980988593156,0.18631178707224336,0.22813688212927757,0.3155893536121673
