var1,var2,var3,var4,var5,var6
0.07947019867549669,0.09271523178807947,0.11920529801324503,0.15894039735099338,0.2052980132450331,0.3443708609271523
