var1,var2,var3,var4,var5,var6
0.04519774011299435,0.11864406779661017,0.12994350282485875,0.15254237288135594,0.23163841807909605,0.3220338983050847
