var1,var2,var3,var4,var5,var6
0.1134020618556701,0.12371134020618557,0.15463917525773196,0.16838487972508592,0.20618556701030927,0.23367697594501718
