var1,var2,var3,var4,var5,var6
0.026143790849673203,0.0392156862745098,0.09803921568627451,0.16993464052287582,0.2875816993464052,0.3790849673202614
