var1,var2,var3,var4,var5,var6
0.0718954248366013,0.08496732026143791,0.11764705882352941,0.1830065359477124,0.20915032679738563,0.3333333333333333
