var1,var2,var3,var4,var5,var6
0.0861244019138756,0.11483253588516747,0.11961722488038277,0.18181818181818182,0.22009569377990432,0.27751196172248804
