var1,var2,var3,var4,var5,var6
0.059880239520958084,0.07784431137724551,0.11976047904191617,0.2275449101796407,0.25149700598802394,0.2634730538922156
