var1,var2,var3,var4,var5,var6
0.08176100628930817,0.09433962264150944,0.1320754716981132,0.1509433962264151,0.20754716981132076,0.3333333333333333
