var1,var2,var3,var4,var5,var6
0.05426356589147287,0.07751937984496124,0.11627906976744186,0.18604651162790697,0.23255813953488372,0.3333333333333333
