var1,var2,var3,var4,var5,var6
0.015503875968992248,0.023255813953488372,0.10852713178294573,0.21705426356589147,0.27906976744186046,0.35658914728682173
