var1,var2,var3,var4,var5,var6
0.04484304932735426,0.05829596412556054,0.08071748878923767,0.242152466367713,0.2600896860986547,0.31390134529147984
