var1,var2,var3,var4,var5,var6
0.0670391061452514,0.1340782122905028,0.15083798882681565,0.18994413407821228,0.2122905027932961,0.24581005586592178
