var1,var2,var3,var4,var5,var6
0.01990049751243781,0.04975124378109453,0.14427860696517414,0.1791044776119403,0.25870646766169153,0.3482587064676617
