var1,var2,var3,var4,var5,var6
0.023668639053254437,0.10650887573964497,0.13609467455621302,0.16568047337278108,0.2603550295857988,0.3076923076923077
