var1,var2,var3,var4,var5,var6
0.020100502512562814,0.03015075376884422,0.09547738693467336,0.21105527638190955,0.2814070351758794,0.36180904522613067
