var1,var2,var3,var4,var5,var6
0.039735099337748346,0.10596026490066225,0.11258278145695365,0.15894039735099338,0.17218543046357615,0.4105960264900662
