var1,var2,var3,var4,var5,var6
0.04065040650406504,0.056910569105691054,0.11382113821138211,0.13821138211382114,0.24390243902439024,0.4065040650406504
