var1,var2,var3,var4,var5,var6
0.03508771929824561,0.13333333333333333,0.14035087719298245,0.21052631578947367,0.22456140350877193,0.256140350877193
