var1,var2,var3,var4,var5,var6
0.03980099502487562,0.07462686567164178,0.09950248756218906,0.1791044776119403,0.19900497512437812,0.4079601990049751
