var1,var2,var3,var4,var5,var6
0.08,0.09714285714285714,0.14857142857142858,0.18857142857142858,0.21142857142857144,0.2742857142857143
