var1,var2,var3,var4,var5,var6
0.03980099502487562,0.06965174129353234,0.12437810945273632,0.15920398009950248,0.21890547263681592,0.3880597014925373
