var1,var2,var3,var4,var5,var6
0.08839779005524862,0.11049723756906077,0.13259668508287292,0.16022099447513813,0.16574585635359115,0.3425414364640884
