var1,var2,var3,var4,var5,var6
0.04145077720207254,0.05699481865284974,0.17616580310880828,0.19689119170984457,0.25906735751295334,0.2694300518134715
