var1,var2,var3,var4,var5,var6
0.04666666666666667,0.06,0.09333333333333334,0.17333333333333334,0.24666666666666667,0.38
