var1,var2,var3,var4,var5,var6
0.0446927374301676,0.055865921787709494,0.0782122905027933,0.1564245810055866,0.2849162011173184,0.37988826815642457
