var1,var2,var3,var4,var5,var6
0.03636363636363636,0.08484848484848485,0.15757575757575756,0.1696969696969697,0.26666666666666666,0.28484848484848485
