var1,var2,var3,var4,var5,var6
0.08108108108108109,0.0990990990990991,0.11711711711711711,0.1891891891891892,0.23423423423423423,0.27927927927927926
