var1,var2,var3,var4,var5,var6
0.06986899563318777,0.1091703056768559,0.13100436681222707,0.13973799126637554,0.22707423580786026,0.3231441048034934
