var1,var2,var3,var4,var5,var6
0.014184397163120567,0.0851063829787234,0.11347517730496454,0.14184397163120568,0.2978723404255319,0.3475177304964539
