var1,var2,var3,var4,var5,var6
0.09665427509293681,0.10408921933085502,0.17100371747211895,0.1821561338289963,0.21561338289962825,0.23048327137546468
