var1,var2,var3,var4,var5,var6
0.020689655172413793,0.08275862068965517,0.09655172413793103,0.1103448275862069,0.31724137931034485,0.3724137931034483
