var1,var2,var3,var4,var5,var6
0.03773584905660377,0.07547169811320754,0.1320754716981132,0.18867924528301888,0.20125786163522014,0.36477987421383645
