var1,var2,var3,var4,var5,var6
0.0335195530726257,0.0893854748603352,0.16759776536312848,0.18435754189944134,0.2122905027932961,0.3128491620111732
