var1,var2,var3,var4,var5,var6
0.025423728813559324,0.059322033898305086,0.1694915254237288,0.211864406779661,0.22033898305084745,0.3135593220338983
