var1,var2,var3,var4,var5,var6
0.029197080291970802,0.043795620437956206,0.10218978102189781,0.10948905109489052,0.26277372262773724,0.45255474452554745
