var1,var2,var3,var4,var5,var6
0.039735099337748346,0.052980132450331126,0.1456953642384106,0.19205298013245034,0.25165562913907286,0.31788079470198677
