var1,var2,var3,var4,var5,var6
0.04784688995215311,0.06698564593301436,0.14832535885167464,0.19138755980861244,0.22009569377990432,0.3253588516746411
