var1,var2,var3,var4,var5,var6
0.05963302752293578,0.0871559633027523,0.12844036697247707,0.16055045871559634,0.2706422018348624,0.29357798165137616
