var1,var2,var3,var4,var5,var6
0.019138755980861243,0.07177033492822966,0.1722488038277512,0.21052631578947367,0.22009569377990432,0.3062200956937799
