var1,var2,var3,var4,var5,var6
0.03278688524590164,0.08196721311475409,0.09836065573770492,0.17486338797814208,0.29508196721311475,0.31693989071038253
