var1,var2,var3,var4,var5,var6
0.018433179723502304,0.059907834101382486,0.16589861751152074,0.1935483870967742,0.23963133640552994,0.3225806451612903
