var1,var2,var3,var4,var5,var6
0.02631578947368421,0.043859649122807015,0.10526315789473684,0.11403508771929824,0.2719298245614035,0.43859649122807015
