var1,var2,var3,var4,var5,var6
0.013422818791946308,0.040268456375838924,0.09395973154362416,0.18791946308724833,0.30201342281879195,0.3624161073825503
