var1,var2,var3,var4,var5,var6
0.04878048780487805,0.13658536585365855,0.16585365853658537,0.18048780487804877,0.2048780487804878,0.2634146341463415
