var1,var2,var3,var4,var5,var6
0.06153846153846154,0.08205128205128205,0.09230769230769231,0.18974358974358974,0.26666666666666666,0.3076923076923077
