var1,var2,var3,var4,var5,var6
0.04830917874396135,0.0821256038647343,0.15458937198067632,0.178743961352657,0.24154589371980675,0.2946859903381642
