var1,var2,var3,var4,var5,var6
0.018433179723502304,0.05069124423963134,0.11059907834101383,0.1382488479262673,0.30414746543778803,0.3778801843317972
