var1,var2,var3,var4,var5,var6
0.038834951456310676,0.05825242718446602,0.11650485436893204,0.14563106796116504,0.1941747572815534,0.44660194174757284
