var1,var2,var3,var4,var5,var6
0.046052631578947366,0.07236842105263158,0.125,0.17763157894736842,0.21052631578947367,0.3684210526315789
