var1,var2,var3,var4,var5,var6
0.08333333333333333,0.12777777777777777,0.14444444444444443,0.18333333333333332,0.20555555555555555,0.25555555555555554
