var1,var2,var3,var4,var5,var6
0.011976047904191617,0.059880239520958084,0.15568862275449102,0.19161676646706588,0.2694610778443114,0.31137724550898205
