var1,var2,var3,var4,var5,var6
0.043859649122807015,0.07017543859649122,0.12280701754385964,0.14035087719298245,0.17543859649122806,0.4473684210526316
