var1,var2,var3,var4,var5,var6
0.0594059405940594,0.10891089108910891,0.1188118811881188,0.21782178217821782,0.2376237623762376,0.25742574257425743
