var1,var2,var3,var4,var5,var6
0.031007751937984496,0.07751937984496124,0.10077519379844961,0.1937984496124031,0.27906976744186046,0.3178294573643411
