var1,var2,var3,var4,var5,var6
0.03278688524590164,0.08743169398907104,0.14207650273224043,0.15300546448087432,0.2677595628415301,0.31693989071038253
