var1,var2,var3,var4,var5,var6
0.025974025974025976,0.09740259740259741,0.12987012987012986,0.14935064935064934,0.21428571428571427,0.38311688311688313
