var1,var2,var3,var4,var5,var6
0.013574660633484163,0.08597285067873303,0.16289592760180996,0.19457013574660634,0.25339366515837103,0.2895927601809955
