var1,var2,var3,var4,var5,var6
0.03314917127071823,0.12154696132596685,0.13812154696132597,0.143646408839779,0.19889502762430938,0.36464088397790057
