var1,var2,var3,var4,var5,var6
0.06802721088435375,0.1360544217687075,0.14965986394557823,0.16326530612244897,0.22448979591836735,0.2585034013605442
