var1,var2,var3,var4,var5,var6
0.03636363636363636,0.11515151515151516,0.14545454545454545,0.1696969696969697,0.24242424242424243,0.2909090909090909
