var1,var2,var3,var4,var5,var6
0.034013605442176874,0.05442176870748299,0.16326530612244897,0.17687074829931973,0.272108843537415,0.29931972789115646
