var1,var2,var3,var4,var5,var6
0.05228758169934641,0.0915032679738562,0.1111111111111111,0.16993464052287582,0.19607843137254902,0.3790849673202614
