var1,var2,var3,var4,var5,var6
0.06334841628959276,0.13574660633484162,0.17647058823529413,0.19004524886877827,0.2081447963800905,0.22624434389140272
