var1,var2,var3,var4,var5,var6
0.020942408376963352,0.031413612565445025,0.09424083769633508,0.16753926701570682,0.2879581151832461,0.39790575916230364
