var1,var2,var3,var4,var5,var6
0.028708133971291867,0.05263157894736842,0.14354066985645933,0.15311004784688995,0.27751196172248804,0.3444976076555024
