var1,var2,var3,var4,var5,var6
0.021505376344086023,0.10752688172043011,0.11827956989247312,0.15053763440860216,0.1935483870967742,0.40860215053763443
