var1,var2,var3,var4,var5,var6
0.0748663101604278,0.09090909090909091,0.12834224598930483,0.19786096256684493,0.22994652406417113,0.27807486631016043
