var1,var2,var3,var4,var5,var6
0.04145077720207254,0.10362694300518134,0.15025906735751296,0.17098445595854922,0.20725388601036268,0.32642487046632124
