var1,var2,var3,var4,var5,var6
0.06329113924050633,0.1350210970464135,0.1518987341772152,0.17721518987341772,0.21940928270042195,0.25316455696202533
