var1,var2,var3,var4,var5,var6
0.047244094488188976,0.06299212598425197,0.07874015748031496,0.11811023622047244,0.2204724409448819,0.47244094488188976
