var1,var2,var3,var4,var5,var6
0.037209302325581395,0.09302325581395349,0.16744186046511628,0.2,0.2186046511627907,0.2837209302325581
