var1,var2,var3,var4,var5,var6
0.023121387283236993,0.10982658959537572,0.12716763005780346,0.19653179190751446,0.2658959537572254,0.2774566473988439
