var1,var2,var3,var4,var5,var6
0.06369426751592357,0.07006369426751592,0.10191082802547771,0.24203821656050956,0.25477707006369427,0.267515923566879
