var1,var2,var3,var4,var5,var6
0.019704433497536946,0.07881773399014778,0.12807881773399016,0.1921182266009852,0.24630541871921183,0.33497536945812806
