var1,var2,var3,var4,var5,var6
0.023809523809523808,0.07738095238095238,0.17261904761904762,0.21428571428571427,0.23214285714285715,0.27976190476190477
