var1,var2,var3,var4,var5,var6
0.05714285714285714,0.07755102040816327,0.10612244897959183,0.12244897959183673,0.24489795918367346,0.39183673469387753
