var1,var2,var3,var4,var5,var6
0.09326424870466321,0.10362694300518134,0.16062176165803108,0.19170984455958548,0.21761658031088082,0.23316062176165803
