var1,var2,var3,var4,var5,var6
0.03424657534246575,0.04794520547945205,0.1095890410958904,0.2328767123287671,0.2534246575342466,0.3219178082191781
