var1,var2,var3,var4,var5,var6
0.03278688524590164,0.0546448087431694,0.13114754098360656,0.19672131147540983,0.2459016393442623,0.33879781420765026
