var1,var2,var3,var4,var5,var6
0.037209302325581395,0.08837209302325581,0.10232558139534884,0.23255813953488372,0.26046511627906976,0.27906976744186046
