var1,var2,var3,var4,var5,var6
0.07722007722007722,0.09652509652509653,0.10424710424710425,0.138996138996139,0.25868725868725867,0.32432432432432434
