var1,var2,var3,var4,var5,var6
0.05649717514124294,0.07909604519774012,0.12994350282485875,0.14689265536723164,0.2711864406779661,0.3163841807909605
