var1,var2,var3,var4,var5,var6
0.01935483870967742,0.025806451612903226,0.1032258064516129,0.15483870967741936,0.24516129032258063,0.45161290322580644
