var1,var2,var3,var4,var5,var6
0.08823529411764706,0.11274509803921569,0.1568627450980392,0.19117647058823528,0.2107843137254902,0.24019607843137256
