var1,var2,var3,var4,var5,var6
0.03015075376884422,0.07537688442211055,0.1407035175879397,0.16080402010050251,0.25125628140703515,0.3417085427135678
