var1,var2,var3,var4,var5,var6
0.027777777777777776,0.09259259259259259,0.10185185185185185,0.2037037037037037,0.25925925925925924,0.3148148148148148
