var1,var2,var3,var4,var5,var6
0.02877697841726619,0.04316546762589928,0.1223021582733813,0.17266187050359713,0.2733812949640288,0.3597122302158273
