var1,var2,var3,var4,var5,var6
0.012738853503184714,0.03821656050955414,0.10191082802547771,0.1592356687898089,0.24203821656050956,0.445859872611465
