var1,var2,var3,var4,var5,var6
0.018867924528301886,0.07547169811320754,0.0880503144654088,0.10062893081761007,0.2893081761006289,0.4276729559748428
