var1,var2,var3,var4,var5,var6
0.05670103092783505,0.08762886597938144,0.09278350515463918,0.16494845360824742,0.29381443298969073,0.30412371134020616
