var1,var2,var3,var4,var5,var6
0.10650887573964497,0.1242603550295858,0.15384615384615385,0.15976331360946747,0.1834319526627219,0.27218934911242604
