var1,var2,var3,var4,var5,var6
0.024390243902439025,0.03902439024390244,0.14634146341463414,0.16585365853658537,0.24390243902439024,0.3804878048780488
