var1,var2,var3,var4,var5,var6
0.06417112299465241,0.0855614973262032,0.13368983957219252,0.21390374331550802,0.24598930481283424,0.25668449197860965
