var1,var2,var3,var4,var5,var6
0.037914691943127965,0.052132701421800945,0.07582938388625593,0.21800947867298578,0.22748815165876776,0.3886255924170616
