var1,var2,var3,var4,var5,var6
0.022222222222222223,0.07407407407407407,0.1037037037037037,0.2074074074074074,0.26666666666666666,0.32592592592592595
