var1,var2,var3,var4,var5,var6
0.020100502512562814,0.05527638190954774,0.16080402010050251,0.19095477386934673,0.23115577889447236,0.3417085427135678
