var1,var2,var3,var4,var5,var6
0.05042016806722689,0.058823529411764705,0.11764705882352941,0.15966386554621848,0.29411764705882354,0.31932773109243695
