var1,var2,var3,var4,var5,var6
0.0761904761904762,0.12857142857142856,0.16666666666666666,0.19047619047619047,0.21428571428571427,0.22380952380952382
