var1,var2,var3,var4,var5,var6
0.03723404255319149,0.06382978723404255,0.09042553191489362,0.21808510638297873,0.26595744680851063,0.324468085106383
