var1,var2,var3,var4,var5,var6
0.030534351145038167,0.061068702290076333,0.15267175572519084,0.16030534351145037,0.2595419847328244,0.33587786259541985
