var1,var2,var3,var4,var5,var6
0.07692307692307693,0.10650887573964497,0.13609467455621302,0.17159763313609466,0.1952662721893491,0.3136094674556213
