var1,var2,var3,var4,var5,var6
0.05181347150259067,0.12435233160621761,0.15025906735751296,0.18134715025906736,0.22797927461139897,0.26424870466321243
