var1,var2,var3,var4,var5,var6
0.014778325123152709,0.06896551724137931,0.09852216748768473,0.22660098522167488,0.27586206896551724,0.31527093596059114
