var1,var2,var3,var4,var5,var6
0.07643312101910828,0.12738853503184713,0.14012738853503184,0.15286624203821655,0.18471337579617833,0.3184713375796178
