var1,var2,var3,var4,var5,var6
0.01646090534979424,0.09465020576131687,0.13991769547325103,0.2139917695473251,0.24691358024691357,0.2880658436213992
