var1,var2,var3,var4,var5,var6
0.03289473684210526,0.09210526315789473,0.11842105263157894,0.16447368421052633,0.26973684210526316,0.3223684210526316
