var1,var2,var3,var4,var5,var6
0.033783783783783786,0.0472972972972973,0.1554054054054054,0.20945945945945946,0.22972972972972974,0.32432432432432434
