var1,var2,var3,var4,var5,var6
0.014388489208633094,0.08633093525179857,0.11510791366906475,0.15827338129496402,0.22302158273381295,0.4028776978417266
