var1,var2,var3,var4,var5,var6
0.0759493670886076,0.08438818565400844,0.17721518987341772,0.20253164556962025,0.22362869198312235,0.23628691983122363
