var1,var2,var3,var4,var5,var6
0.031746031746031744,0.07936507936507936,0.09523809523809523,0.17989417989417988,0.2857142857142857,0.328042328042328
