var1,var2,var3,var4,var5,var6
0.017241379310344827,0.07471264367816093,0.13218390804597702,0.1839080459770115,0.25287356321839083,0.3390804597701149
