var1,var2,var3,var4,var5,var6
0.025806451612903226,0.05161290322580645,0.12258064516129032,0.16774193548387098,0.2838709677419355,0.34838709677419355
