var1,var2,var3,var4,var5,var6
0.05291005291005291,0.08465608465608465,0.14285714285714285,0.21164021164021163,0.24867724867724866,0.25925925925925924
