var1,var2,var3,var4,var5,var6
0.031496062992125984,0.047244094488188976,0.06299212598425197,0.15748031496062992,0.30708661417322836,0.3937007874015748
