var1,var2,var3,var4,var5,var6
0.043243243243243246,0.07567567567567568,0.14054054054054055,0.1945945945945946,0.22162162162162163,0.32432432432432434
