var1,var2,var3,var4,var5,var6
0.015873015873015872,0.08465608465608465,0.13756613756613756,0.17989417989417988,0.25925925925925924,0.32275132275132273
