var1,var2,var3,var4,var5,var6
0.027210884353741496,0.05442176870748299,0.07482993197278912,0.23129251700680273,0.272108843537415,0.3401360544217687
