var1,var2,var3,var4,var5,var6
0.06451612903225806,0.07834101382488479,0.16589861751152074,0.1889400921658986,0.19815668202764977,0.30414746543778803
