var1,var2,var3,var4,var5,var6
0.03690036900369004,0.08487084870848709,0.11070110701107011,0.12546125461254612,0.2878228782287823,0.35424354243542433
