var1,var2,var3,var4,var5,var6
0.04017857142857143,0.07142857142857142,0.09375,0.20982142857142858,0.26785714285714285,0.3169642857142857
