var1,var2,var3,var4,var5,var6
0.11734693877551021,0.1326530612244898,0.1377551020408163,0.1836734693877551,0.20918367346938777,0.2193877551020408
