var1,var2,var3,var4,var5,var6
0.012875536480686695,0.06866952789699571,0.12446351931330472,0.15879828326180256,0.2918454935622318,0.34334763948497854
