var1,var2,var3,var4,var5,var6
0.0311284046692607,0.13229571984435798,0.1517509727626459,0.1867704280155642,0.24124513618677043,0.25680933852140075
