var1,var2,var3,var4,var5,var6
0.01904761904761905,0.0380952380952381,0.09523809523809523,0.20952380952380953,0.2571428571428571,0.38095238095238093
