var1,var2,var3,var4,var5,var6
0.03888888888888889,0.09444444444444444,0.1111111111111111,0.12777777777777777,0.28888888888888886,0.3388888888888889
