var1,var2,var3,var4,var5,var6
0.03664921465968586,0.11518324607329843,0.14136125654450263,0.16230366492146597,0.24607329842931938,0.29842931937172773
