var1,var2,var3,var4,var5,var6
0.08275862068965517,0.1103448275862069,0.14482758620689656,0.2,0.2206896551724138,0.2413793103448276
