var1,var2,var3,var4,var5,var6
0.02054794520547945,0.0547945205479452,0.0958904109589041,0.22602739726027396,0.23972602739726026,0.363013698630137
