var1,var2,var3,var4,var5,var6
0.07407407407407407,0.08888888888888889,0.15555555555555556,0.17777777777777778,0.2222222222222222,0.2814814814814815
