var1,var2,var3,var4,var5,var6
0.03902439024390244,0.0975609756097561,0.17073170731707318,0.2146341463414634,0.23414634146341465,0.24390243902439024
