var1,var2,var3,var4,var5,var6
0.07114624505928854,0.09881422924901186,0.15810276679841898,0.17391304347826086,0.18972332015810275,0.308300395256917
