var1,var2,var3,var4,var5,var6
0.015015015015015015,0.12612612612612611,0.16216216216216217,0.1981981981981982,0.2222222222222222,0.27627627627627627
