var1,var2,var3,var4,var5,var6
0.06896551724137931,0.09655172413793103,0.10344827586206896,0.1103448275862069,0.2482758620689655,0.3724137931034483
