var1,var2,var3,var4,var5,var6
0.11038961038961038,0.12337662337662338,0.14285714285714285,0.16233766233766234,0.2012987012987013,0.2597402597402597
