var1,var2,var3,var4,var5,var6
0.06060606060606061,0.07878787878787878,0.10909090909090909,0.12121212121212122,0.26666666666666666,0.36363636363636365
