var1,var2,var3,var4,var5,var6
0.07476635514018691,0.09345794392523364,0.102803738317757,0.11214953271028037,0.14953271028037382,0.4672897196261682
