var1,var2,var3,var4,var5,var6
0.05426356589147287,0.10852713178294573,0.15503875968992248,0.1937984496124031,0.23255813953488372,0.2558139534883721
