var1,var2,var3,var4,var5,var6
0.05442176870748299,0.10884353741496598,0.12244897959183673,0.19727891156462585,0.24489795918367346,0.272108843537415
