var1,var2,var3,var4,var5,var6
0.0851063829787234,0.09361702127659574,0.14042553191489363,0.16170212765957448,0.20425531914893616,0.3148936170212766
