var1,var2,var3,var4,var5,var6
0.03208556149732621,0.0855614973262032,0.10160427807486631,0.1497326203208556,0.31016042780748665,0.32085561497326204
