var1,var2,var3,var4,var5,var6
0.03755868544600939,0.07042253521126761,0.09389671361502347,0.19718309859154928,0.215962441314554,0.38497652582159625
