var1,var2,var3,var4,var5,var6
0.013071895424836602,0.06535947712418301,0.0915032679738562,0.20915032679738563,0.22875816993464052,0.39215686274509803
