var1,var2,var3,var4,var5,var6
0.030864197530864196,0.043209876543209874,0.08641975308641975,0.15432098765432098,0.29012345679012347,0.3950617283950617
