var1,var2,var3,var4,var5,var6
0.03007518796992481,0.06015037593984962,0.12030075187969924,0.20300751879699247,0.22556390977443608,0.3609022556390977
