var1,var2,var3,var4,var5,var6
0.022857142857142857,0.06857142857142857,0.17142857142857143,0.17714285714285713,0.25142857142857145,0.30857142857142855
