var1,var2,var3,var4,var5,var6
0.02459016393442623,0.040983606557377046,0.09836065573770492,0.1557377049180328,0.28688524590163933,0.39344262295081966
