var1,var2,var3,var4,var5,var6
0.07177033492822966,0.12440191387559808,0.15311004784688995,0.1722488038277512,0.22009569377990432,0.2583732057416268
