var1,var2,var3,var4,var5,var6
0.08588957055214724,0.10429447852760736,0.13496932515337423,0.147239263803681,0.17177914110429449,0.3558282208588957
