var1,var2,var3,var4,var5,var6
0.016129032258064516,0.056451612903225805,0.12903225806451613,0.1532258064516129,0.23387096774193547,0.4112903225806452
