var1,var2,var3,var4,var5,var6
0.017857142857142856,0.06547619047619048,0.10119047619047619,0.23214285714285715,0.2619047619047619,0.32142857142857145
