var1,var2,var3,var4,var5,var6
0.05853658536585366,0.08780487804878048,0.1073170731707317,0.12682926829268293,0.2682926829268293,0.35121951219512193
