var1,var2,var3,var4,var5,var6
0.05161290322580645,0.08387096774193549,0.14838709677419354,0.2064516129032258,0.24516129032258063,0.2645161290322581
