var1,var2,var3,var4,var5,var6
0.0728476821192053,0.08609271523178808,0.11258278145695365,0.13245033112582782,0.16556291390728478,0.4304635761589404
