var1,var2,var3,var4,var5,var6
0.010471204188481676,0.13612565445026178,0.16753926701570682,0.19895287958115182,0.2356020942408377,0.2513089005235602
