var1,var2,var3,var4,var5,var6
0.045714285714285714,0.07428571428571429,0.14857142857142858,0.21714285714285714,0.24,0.2742857142857143
