var1,var2,var3,var4,var5,var6
0.022900763358778626,0.08396946564885496,0.11450381679389313,0.12213740458015267,0.3053435114503817,0.3511450381679389
