var1,var2,var3,var4,var5,var6
0.08695652173913043,0.10559006211180125,0.13043478260869565,0.15527950310559005,0.2236024844720497,0.2981366459627329
