var1,var2,var3,var4,var5,var6
0.008130081300813009,0.0975609756097561,0.13008130081300814,0.1951219512195122,0.21138211382113822,0.35772357723577236
