var1,var2,var3,var4,var5,var6
0.06912442396313365,0.08755760368663594,0.1152073732718894,0.12903225806451613,0.28110599078341014,0.31797235023041476
