var1,var2,var3,var4,var5,var6
0.021505376344086023,0.06451612903225806,0.10752688172043011,0.11827956989247312,0.21505376344086022,0.4731182795698925
