var1,var2,var3,var4,var5,var6
0.04712041884816754,0.08376963350785341,0.16753926701570682,0.18848167539267016,0.19895287958115182,0.31413612565445026
