var1,var2,var3,var4,var5,var6
0.0718954248366013,0.10457516339869281,0.16993464052287582,0.1830065359477124,0.20915032679738563,0.26143790849673204
