var1,var2,var3,var4,var5,var6
0.015228426395939087,0.1065989847715736,0.13705583756345177,0.18781725888324874,0.23857868020304568,0.3147208121827411
