var1,var2,var3,var4,var5,var6
0.03424657534246575,0.0547945205479452,0.1095890410958904,0.17123287671232876,0.2534246575342466,0.3767123287671233
