var1,var2,var3,var4,var5,var6
0.03314917127071823,0.055248618784530384,0.06629834254143646,0.16022099447513813,0.2541436464088398,0.430939226519337
