var1,var2,var3,var4,var5,var6
0.07065217391304347,0.08695652173913043,0.11413043478260869,0.20652173913043478,0.2554347826086957,0.266304347826087
