var1,var2,var3,var4,var5,var6
0.07373271889400922,0.10138248847926268,0.15668202764976957,0.20276497695852536,0.22580645161290322,0.23963133640552994
