var1,var2,var3,var4,var5,var6
0.053763440860215055,0.12365591397849462,0.14516129032258066,0.16666666666666666,0.24731182795698925,0.26344086021505375
