var1,var2,var3,var4,var5,var6
0.026143790849673203,0.08496732026143791,0.09803921568627451,0.16993464052287582,0.3006535947712418,0.3202614379084967
