var1,var2,var3,var4,var5,var6
0.03205128205128205,0.07692307692307693,0.12179487179487179,0.23717948717948717,0.2564102564102564,0.27564102564102566
