var1,var2,var3,var4,var5,var6
0.030456852791878174,0.050761421319796954,0.15736040609137056,0.18274111675126903,0.25380710659898476,0.3248730964467005
