var1,var2,var3,var4,var5,var6
0.013100436681222707,0.0611353711790393,0.11353711790393013,0.19213973799126638,0.26200873362445415,0.35807860262008734
