var1,var2,var3,var4,var5,var6
0.041884816753926704,0.08376963350785341,0.15706806282722513,0.18324607329842932,0.2198952879581152,0.31413612565445026
