var1,var2,var3,var4,var5,var6
0.0912863070539419,0.1037344398340249,0.13278008298755187,0.15352697095435686,0.24066390041493776,0.27800829875518673
