var1,var2,var3,var4,var5,var6
0.029197080291970802,0.043795620437956206,0.10218978102189781,0.16058394160583941,0.32116788321167883,0.34306569343065696
