var1,var2,var3,var4,var5,var6
0.04201680672268908,0.058823529411764705,0.13445378151260504,0.15966386554621848,0.16806722689075632,0.4369747899159664
