var1,var2,var3,var4,var5,var6
0.056962025316455694,0.08860759493670886,0.13924050632911392,0.17721518987341772,0.20253164556962025,0.33544303797468356
