var1,var2,var3,var4,var5,var6
0.032432432432432434,0.14054054054054055,0.15135135135135136,0.1945945945945946,0.23243243243243245,0.24864864864864866
