var1,var2,var3,var4,var5,var6
0.04678362573099415,0.13450292397660818,0.15204678362573099,0.1871345029239766,0.21052631578947367,0.26900584795321636
