var1,var2,var3,var4,var5,var6
0.031578947368421054,0.1,0.15263157894736842,0.1736842105263158,0.2631578947368421,0.2789473684210526
