var1,var2,var3,var4,var5,var6
0.009216589861751152,0.07373271889400922,0.12442396313364056,0.15668202764976957,0.29493087557603687,0.34101382488479265
