var1,var2,var3,var4,var5,var6
0.07194244604316546,0.09352517985611511,0.11510791366906475,0.12949640287769784,0.14388489208633093,0.4460431654676259
