var1,var2,var3,var4,var5,var6
0.012269938650306749,0.0736196319018405,0.13496932515337423,0.1901840490797546,0.24539877300613497,0.34355828220858897
