var1,var2,var3,var4,var5,var6
0.06349206349206349,0.08994708994708994,0.13756613756613756,0.21164021164021163,0.2328042328042328,0.26455026455026454
