var1,var2,var3,var4,var5,var6
0.031914893617021274,0.09042553191489362,0.11702127659574468,0.19148936170212766,0.24468085106382978,0.324468085106383
