var1,var2,var3,var4,var5,var6
0.03821656050955414,0.07006369426751592,0.16560509554140126,0.21656050955414013,0.24203821656050956,0.267515923566879
