var1,var2,var3,var4,var5,var6
0.04633204633204633,0.1274131274131274,0.13513513513513514,0.15444015444015444,0.21235521235521235,0.32432432432432434
