var1,var2,var3,var4,var5,var6
0.03571428571428571,0.08571428571428572,0.1357142857142857,0.15714285714285714,0.2357142857142857,0.35
