var1,var2,var3,var4,var5,var6
0.03968253968253968,0.07936507936507936,0.09523809523809523,0.14285714285714285,0.20634920634920634,0.4365079365079365
