var1,var2,var3,var4,var5,var6
0.050955414012738856,0.06369426751592357,0.08917197452229299,0.1910828025477707,0.19745222929936307,0.40764331210191085
