var1,var2,var3,var4,var5,var6
0.020512820512820513,0.12307692307692308,0.1282051282051282,0.2153846153846154,0.22564102564102564,0.28717948717948716
