var1,var2,var3,var4,var5,var6
0.04713804713804714,0.05723905723905724,0.10774410774410774,0.18855218855218855,0.2895622895622896,0.30976430976430974
