var1,var2,var3,var4,var5,var6
0.0425531914893617,0.11347517730496454,0.1276595744680851,0.14893617021276595,0.2127659574468085,0.3546099290780142
