var1,var2,var3,var4,var5,var6
0.0234375,0.078125,0.15625,0.1875,0.21875,0.3359375
