var1,var2,var3,var4,var5,var6
0.0663265306122449,0.07653061224489796,0.10714285714285714,0.16326530612244897,0.2857142857142857,0.3010204081632653
