var1,var2,var3,var4,var5,var6
0.04597701149425287,0.10919540229885058,0.13218390804597702,0.1839080459770115,0.20114942528735633,0.3275862068965517
