var1,var2,var3,var4,var5,var6
0.08762886597938144,0.12886597938144329,0.13917525773195877,0.15979381443298968,0.19072164948453607,0.29381443298969073
