var1,var2,var3,var4,var5,var6
0.04669260700389105,0.11673151750972763,0.14396887159533073,0.2178988326848249,0.22568093385214008,0.2490272373540856
