var1,var2,var3,var4,var5,var6
0.06289308176100629,0.11320754716981132,0.18238993710691823,0.20125786163522014,0.2138364779874214,0.22641509433962265
