var1,var2,var3,var4,var5,var6
0.020689655172413793,0.06896551724137931,0.15172413793103448,0.15862068965517243,0.19310344827586207,0.4068965517241379
