var1,var2,var3,var4,var5,var6
0.019138755980861243,0.028708133971291867,0.11961722488038277,0.21052631578947367,0.27751196172248804,0.3444976076555024
