var1,var2,var3,var4,var5,var6
0.039301310043668124,0.06986899563318777,0.08733624454148471,0.11353711790393013,0.314410480349345,0.37554585152838427
