var1,var2,var3,var4,var5,var6
0.054878048780487805,0.12804878048780488,0.1402439024390244,0.2073170731707317,0.22560975609756098,0.24390243902439024
