var1,var2,var3,var4,var5,var6
0.017241379310344827,0.09770114942528736,0.14367816091954022,0.1839080459770115,0.25287356321839083,0.3045977011494253
