var1,var2,var3,var4,var5,var6
0.057777777777777775,0.09333333333333334,0.17777777777777778,0.19555555555555557,0.22666666666666666,0.24888888888888888
