var1,var2,var3,var4,var5,var6
0.031578947368421054,0.042105263157894736,0.08421052631578947,0.1368421052631579,0.2,0.5052631578947369
