var1,var2,var3,var4,var5,var6
0.01910828025477707,0.05732484076433121,0.1464968152866242,0.21656050955414013,0.2484076433121019,0.31210191082802546
