var1,var2,var3,var4,var5,var6
0.0392156862745098,0.09019607843137255,0.13333333333333333,0.1568627450980392,0.2549019607843137,0.3254901960784314
