var1,var2,var3,var4,var5,var6
0.015810276679841896,0.05928853754940711,0.13438735177865613,0.17391304347826086,0.2608695652173913,0.3557312252964427
