var1,var2,var3,var4,var5,var6
0.0273972602739726,0.0821917808219178,0.136986301369863,0.21232876712328766,0.22602739726027396,0.3150684931506849
