var1,var2,var3,var4,var5,var6
0.07114624505928854,0.10276679841897234,0.14624505928853754,0.18181818181818182,0.22924901185770752,0.26877470355731226
