var1,var2,var3,var4,var5,var6
0.03365384615384615,0.10576923076923077,0.14903846153846154,0.20192307692307693,0.22596153846153846,0.28365384615384615
