var1,var2,var3,var4,var5,var6
0.05442176870748299,0.10204081632653061,0.12244897959183673,0.1360544217687075,0.21768707482993196,0.3673469387755102
