var1,var2,var3,var4,var5,var6
0.03007518796992481,0.10526315789473684,0.12781954887218044,0.16541353383458646,0.22556390977443608,0.3458646616541353
