var1,var2,var3,var4,var5,var6
0.024154589371980676,0.057971014492753624,0.06763285024154589,0.14492753623188406,0.2995169082125604,0.4057971014492754
