var1,var2,var3,var4,var5,var6
0.045112781954887216,0.06766917293233082,0.15037593984962405,0.16541353383458646,0.24060150375939848,0.3308270676691729
