var1,var2,var3,var4,var5,var6
0.05389221556886228,0.11976047904191617,0.1377245508982036,0.16766467065868262,0.19760479041916168,0.32335329341317365
