var1,var2,var3,var4,var5,var6
0.017964071856287425,0.03592814371257485,0.11976047904191617,0.17964071856287425,0.23952095808383234,0.40718562874251496
