var1,var2,var3,var4,var5,var6
0.032432432432432434,0.08648648648648649,0.10270270270270271,0.16216216216216217,0.3027027027027027,0.31351351351351353
