var1,var2,var3,var4,var5,var6
0.05291005291005291,0.12698412698412698,0.14285714285714285,0.14814814814814814,0.1693121693121693,0.35978835978835977
