var1,var2,var3,var4,var5,var6
0.021505376344086023,0.06810035842293907,0.17204301075268819,0.1863799283154122,0.23655913978494625,0.3154121863799283
