var1,var2,var3,var4,var5,var6
0.07936507936507936,0.12698412698412698,0.1746031746031746,0.18412698412698414,0.2,0.23492063492063492
