var1,var2,var3,var4,var5,var6
0.06285714285714286,0.09142857142857143,0.10285714285714286,0.2057142857142857,0.25142857142857145,0.2857142857142857
