var1,var2,var3,var4,var5,var6
0.023076923076923078,0.06153846153846154,0.13846153846153847,0.16923076923076924,0.18461538461538463,0.4230769230769231
