var1,var2,var3,var4,var5,var6
0.017391304347826087,0.043478260869565216,0.12173913043478261,0.1565217391304348,0.28695652173913044,0.3739130434782609
