var1,var2,var3,var4,var5,var6
0.06806282722513089,0.09424083769633508,0.17801047120418848,0.2094240837696335,0.2198952879581152,0.23036649214659685
