var1,var2,var3,var4,var5,var6
0.03816793893129771,0.1297709923664122,0.16030534351145037,0.183206106870229,0.20610687022900764,0.2824427480916031
