var1,var2,var3,var4,var5,var6
0.06153846153846154,0.07692307692307693,0.1076923076923077,0.18974358974358974,0.2,0.3641025641025641
