var1,var2,var3,var4,var5,var6
0.009852216748768473,0.07881773399014778,0.1477832512315271,0.18226600985221675,0.2660098522167488,0.31527093596059114
