var1,var2,var3,var4,var5,var6
0.05472636815920398,0.14925373134328357,0.15920398009950248,0.1791044776119403,0.208955223880597,0.24875621890547264
