var1,var2,var3,var4,var5,var6
0.021739130434782608,0.057971014492753624,0.09420289855072464,0.10869565217391304,0.2898550724637681,0.427536231884058
