var1,var2,var3,var4,var5,var6
0.056451612903225805,0.11290322580645161,0.13709677419354838,0.1532258064516129,0.22580645161290322,0.31451612903225806
