var1,var2,var3,var4,var5,var6
0.04060913705583756,0.06091370558375635,0.13705583756345177,0.16243654822335024,0.28426395939086296,0.3147208121827411
