var1,var2,var3,var4,var5,var6
0.04678362573099415,0.07017543859649122,0.07602339181286549,0.0935672514619883,0.29239766081871343,0.42105263157894735
