var1,var2,var3,var4,var5,var6
0.039735099337748346,0.07947019867549669,0.09933774834437085,0.17218543046357615,0.2251655629139073,0.3841059602649007
