var1,var2,var3,var4,var5,var6
0.023255813953488372,0.09302325581395349,0.13023255813953488,0.19534883720930232,0.25116279069767444,0.30697674418604654
