var1,var2,var3,var4,var5,var6
0.08438818565400844,0.0970464135021097,0.12658227848101267,0.17721518987341772,0.22784810126582278,0.2869198312236287
