var1,var2,var3,var4,var5,var6
0.033783783783783786,0.04054054054054054,0.14189189189189189,0.1554054054054054,0.25,0.3783783783783784
