var1,var2,var3,var4,var5,var6
0.03932584269662921,0.09550561797752809,0.12359550561797752,0.15168539325842698,0.2640449438202247,0.3258426966292135
