var1,var2,var3,var4,var5,var6
0.04065040650406504,0.06504065040650407,0.16260162601626016,0.1951219512195122,0.21138211382113822,0.3252032520325203
