var1,var2,var3,var4,var5,var6
0.09392265193370165,0.13259668508287292,0.143646408839779,0.15469613259668508,0.20994475138121546,0.26519337016574585
