var1,var2,var3,var4,var5,var6
0.05851063829787234,0.10106382978723404,0.11702127659574468,0.14361702127659576,0.2712765957446808,0.30851063829787234
