var1,var2,var3,var4,var5,var6
0.0427807486631016,0.0748663101604278,0.12834224598930483,0.1497326203208556,0.2887700534759358,0.3155080213903743
