var1,var2,var3,var4,var5,var6
0.059782608695652176,0.09239130434782608,0.125,0.16847826086956522,0.266304347826087,0.28804347826086957
