var1,var2,var3,var4,var5,var6
0.007633587786259542,0.030534351145038167,0.0916030534351145,0.21374045801526717,0.2595419847328244,0.3969465648854962
