var1,var2,var3,var4,var5,var6
0.0196078431372549,0.12418300653594772,0.1568627450980392,0.20261437908496732,0.22875816993464052,0.2679738562091503
