var1,var2,var3,var4,var5,var6
0.04721030042918455,0.11158798283261803,0.12875536480686695,0.1630901287553648,0.2317596566523605,0.31759656652360513
