var1,var2,var3,var4,var5,var6
0.05389221556886228,0.08383233532934131,0.08982035928143713,0.19161676646706588,0.23353293413173654,0.3473053892215569
