var1,var2,var3,var4,var5,var6
0.03821656050955414,0.14012738853503184,0.1592356687898089,0.1910828025477707,0.20382165605095542,0.267515923566879
