var1,var2,var3,var4,var5,var6
0.03940886699507389,0.07389162561576355,0.08866995073891626,0.19704433497536947,0.21674876847290642,0.3842364532019704
