var1,var2,var3,var4,var5,var6
0.07729468599033816,0.09178743961352658,0.12560386473429952,0.13526570048309178,0.27053140096618356,0.2995169082125604
