var1,var2,var3,var4,var5,var6
0.04743083003952569,0.09486166007905138,0.15810276679841898,0.2015810276679842,0.22134387351778656,0.2766798418972332
