var1,var2,var3,var4,var5,var6
0.03076923076923077,0.1,0.12307692307692308,0.14615384615384616,0.18461538461538463,0.4153846153846154
