var1,var2,var3,var4,var5,var6
0.05325443786982249,0.1301775147928994,0.14201183431952663,0.1893491124260355,0.22485207100591717,0.2603550295857988
