var1,var2,var3,var4,var5,var6
0.037037037037037035,0.05925925925925926,0.11851851851851852,0.2222222222222222,0.23703703703703705,0.32592592592592595
