var1,var2,var3,var4,var5,var6
0.055248618784530384,0.09944751381215469,0.13259668508287292,0.16022099447513813,0.2430939226519337,0.30939226519337015
