var1,var2,var3,var4,var5,var6
0.01948051948051948,0.03896103896103896,0.06493506493506493,0.22077922077922077,0.2727272727272727,0.38311688311688313
