var1,var2,var3,var4,var5,var6
0.023696682464454975,0.10900473933649289,0.14691943127962084,0.20853080568720378,0.22748815165876776,0.2843601895734597
