var1,var2,var3,var4,var5,var6
0.05405405405405406,0.11351351351351352,0.14054054054054055,0.1837837837837838,0.21621621621621623,0.2918918918918919
