var1,var2,var3,var4,var5,var6
0.011049723756906077,0.03867403314917127,0.15469613259668508,0.20994475138121546,0.2430939226519337,0.3425414364640884
