var1,var2,var3,var4,var5,var6
0.06779661016949153,0.1016949152542373,0.13559322033898305,0.22033898305084745,0.22598870056497175,0.24858757062146894
