var1,var2,var3,var4,var5,var6
0.014634146341463415,0.05853658536585366,0.15609756097560976,0.16585365853658537,0.24390243902439024,0.36097560975609755
