var1,var2,var3,var4,var5,var6
0.030456852791878174,0.116751269035533,0.1319796954314721,0.19289340101522842,0.25380710659898476,0.27411167512690354
