var1,var2,var3,var4,var5,var6
0.011494252873563218,0.05172413793103448,0.11494252873563218,0.20114942528735633,0.27011494252873564,0.3505747126436782
