var1,var2,var3,var4,var5,var6
0.03211009174311927,0.05045871559633028,0.09174311926605505,0.22477064220183487,0.26146788990825687,0.3394495412844037
