var1,var2,var3,var4,var5,var6
0.06470588235294118,0.1411764705882353,0.1588235294117647,0.16470588235294117,0.21764705882352942,0.2529411764705882
