var1,var2,var3,var4,var5,var6
0.07017543859649122,0.12280701754385964,0.13450292397660818,0.15204678362573099,0.1695906432748538,0.3508771929824561
