var1,var2,var3,var4,var5,var6
0.02727272727272727,0.045454545454545456,0.13636363636363635,0.14545454545454545,0.2,0.44545454545454544
