var1,var2,var3,var4,var5,var6
0.043243243243243246,0.0972972972972973,0.12432432432432433,0.1945945945945946,0.2594594594594595,0.2810810810810811
