var1,var2,var3,var4,var5,var6
0.02097902097902098,0.06993006993006994,0.1258741258741259,0.13986013986013987,0.2727272727272727,0.3706293706293706
