var1,var2,var3,var4,var5,var6
0.024242424242424242,0.06666666666666667,0.15757575757575756,0.20606060606060606,0.21212121212121213,0.3333333333333333
