var1,var2,var3,var4,var5,var6
0.016597510373443983,0.0912863070539419,0.0954356846473029,0.14107883817427386,0.3153526970954357,0.34024896265560167
