var1,var2,var3,var4,var5,var6
0.029585798816568046,0.047337278106508875,0.08284023668639054,0.17751479289940827,0.2958579881656805,0.3668639053254438
