var1,var2,var3,var4,var5,var6
0.03076923076923077,0.046153846153846156,0.06153846153846154,0.22564102564102564,0.27692307692307694,0.358974358974359
