var1,var2,var3,var4,var5,var6
0.026143790849673203,0.06535947712418301,0.09803921568627451,0.17647058823529413,0.30718954248366015,0.32679738562091504
