var1,var2,var3,var4,var5,var6
0.03488372093023256,0.12209302325581395,0.13372093023255813,0.19186046511627908,0.23255813953488372,0.28488372093023256
