var1,var2,var3,var4,var5,var6
0.010362694300518135,0.08290155440414508,0.13471502590673576,0.18652849740932642,0.23316062176165803,0.35233160621761656
