var1,var2,var3,var4,var5,var6
0.01910828025477707,0.06369426751592357,0.17197452229299362,0.19745222929936307,0.2484076433121019,0.29936305732484075
