var1,var2,var3,var4,var5,var6
0.06896551724137931,0.08620689655172414,0.16379310344827586,0.1724137931034483,0.19827586206896552,0.3103448275862069
