var1,var2,var3,var4,var5,var6
0.029239766081871343,0.0935672514619883,0.14035087719298245,0.17543859649122806,0.22807017543859648,0.3333333333333333
