var1,var2,var3,var4,var5,var6
0.020942408376963352,0.08376963350785341,0.1256544502617801,0.1518324607329843,0.2617801047120419,0.35602094240837695
