var1,var2,var3,var4,var5,var6
0.07547169811320754,0.14339622641509434,0.1509433962264151,0.16981132075471697,0.2037735849056604,0.25660377358490566
