var1,var2,var3,var4,var5,var6
0.03773584905660377,0.11949685534591195,0.13836477987421383,0.18238993710691823,0.20754716981132076,0.31446540880503143
