var1,var2,var3,var4,var5,var6
0.11320754716981132,0.12578616352201258,0.15723270440251572,0.1761006289308176,0.1949685534591195,0.23270440251572327
