var1,var2,var3,var4,var5,var6
0.03980099502487562,0.13432835820895522,0.15920398009950248,0.1691542288557214,0.23880597014925373,0.25870646766169153
