var1,var2,var3,var4,var5,var6
0.014388489208633094,0.02877697841726619,0.10071942446043165,0.17266187050359713,0.2805755395683453,0.4028776978417266
