var1,var2,var3,var4,var5,var6
0.05235602094240838,0.13089005235602094,0.15706806282722513,0.16753926701570682,0.19895287958115182,0.2931937172774869
