var1,var2,var3,var4,var5,var6
0.02702702702702703,0.08648648648648649,0.0972972972972973,0.16216216216216217,0.2918918918918919,0.33513513513513515
