var1,var2,var3,var4,var5,var6
0.041379310344827586,0.10344827586206896,0.16551724137931034,0.1793103448275862,0.21379310344827587,0.296551724137931
