var1,var2,var3,var4,var5,var6
0.0761904761904762,0.08571428571428572,0.09523809523809523,0.21904761904761905,0.24761904761904763,0.2761904761904762
