var1,var2,var3,var4,var5,var6
0.06382978723404255,0.0797872340425532,0.18617021276595744,0.2074468085106383,0.21808510638297873,0.24468085106382978
