var1,var2,var3,var4,var5,var6
0.06763285024154589,0.07729468599033816,0.08695652173913043,0.19806763285024154,0.27053140096618356,0.2995169082125604
