var1,var2,var3,var4,var5,var6
0.026455026455026454,0.14814814814814814,0.15343915343915343,0.1693121693121693,0.2328042328042328,0.2698412698412698
