var1,var2,var3,var4,var5,var6
0.02877697841726619,0.07913669064748201,0.08633093525179857,0.18705035971223022,0.28776978417266186,0.33093525179856115
