var1,var2,var3,var4,var5,var6
0.01639344262295082,0.1092896174863388,0.1366120218579235,0.18579234972677597,0.23497267759562843,0.31693989071038253
