var1,var2,var3,var4,var5,var6
0.037267080745341616,0.06832298136645963,0.08695652173913043,0.16149068322981366,0.18633540372670807,0.45962732919254656
