var1,var2,var3,var4,var5,var6
0.0182648401826484,0.0502283105022831,0.091324200913242,0.2191780821917808,0.2831050228310502,0.3378995433789954
