var1,var2,var3,var4,var5,var6
0.03125,0.09895833333333333,0.11458333333333333,0.1875,0.20833333333333334,0.359375
