var1,var2,var3,var4,var5,var6
0.017857142857142856,0.07142857142857142,0.16071428571428573,0.19642857142857142,0.22023809523809523,0.3333333333333333
