var1,var2,var3,var4,var5,var6
0.051094890510948905,0.08759124087591241,0.13138686131386862,0.16058394160583941,0.23357664233576642,0.3357664233576642
