var1,var2,var3,var4,var5,var6
0.0776255707762557,0.1095890410958904,0.1187214611872146,0.1780821917808219,0.1917808219178082,0.3242009132420091
