var1,var2,var3,var4,var5,var6
0.1130952380952381,0.125,0.15476190476190477,0.17261904761904762,0.19047619047619047,0.24404761904761904
