var1,var2,var3,var4,var5,var6
0.05687203791469194,0.12796208530805686,0.13744075829383887,0.15639810426540285,0.16113744075829384,0.36018957345971564
