var1,var2,var3,var4,var5,var6
0.02127659574468085,0.07092198581560284,0.14184397163120568,0.18439716312056736,0.2624113475177305,0.3191489361702128
