var1,var2,var3,var4,var5,var6
0.05714285714285714,0.09714285714285714,0.14285714285714285,0.21142857142857144,0.22857142857142856,0.26285714285714284
