var1,var2,var3,var4,var5,var6
0.021897810218978103,0.0948905109489051,0.13138686131386862,0.1678832116788321,0.17518248175182483,0.40875912408759124
