var1,var2,var3,var4,var5,var6
0.02197802197802198,0.08791208791208792,0.13186813186813187,0.17582417582417584,0.23076923076923078,0.3516483516483517
