var1,var2,var3,var4,var5,var6
0.018018018018018018,0.036036036036036036,0.15315315315315314,0.22522522522522523,0.25225225225225223,0.3153153153153153
