var1,var2,var3,var4,var5,var6
0.03496503496503497,0.06993006993006994,0.0979020979020979,0.2097902097902098,0.26573426573426573,0.32167832167832167
