var1,var2,var3,var4,var5,var6
0.0425531914893617,0.0851063829787234,0.10638297872340426,0.14184397163120568,0.2978723404255319,0.3262411347517731
