var1,var2,var3,var4,var5,var6
0.015748031496062992,0.047244094488188976,0.11023622047244094,0.14960629921259844,0.23622047244094488,0.4409448818897638
