var1,var2,var3,var4,var5,var6
0.0594059405940594,0.07920792079207921,0.09900990099009901,0.12871287128712872,0.21782178217821782,0.4158415841584158
