var1,var2,var3,var4,var5,var6
0.013245033112582781,0.10596026490066225,0.152317880794702,0.1986754966887417,0.25165562913907286,0.2781456953642384
