var1,var2,var3,var4,var5,var6
0.06827309236947791,0.08835341365461848,0.14457831325301204,0.18473895582329317,0.24497991967871485,0.26907630522088355
