var1,var2,var3,var4,var5,var6
0.044444444444444446,0.07407407407407407,0.0962962962962963,0.14814814814814814,0.3111111111111111,0.32592592592592595
