var1,var2,var3,var4,var5,var6
0.05309734513274336,0.10619469026548672,0.12389380530973451,0.1415929203539823,0.23893805309734514,0.336283185840708
