var1,var2,var3,var4,var5,var6
0.03571428571428571,0.05357142857142857,0.125,0.20833333333333334,0.26785714285714285,0.30952380952380953
