var1,var2,var3,var4,var5,var6
0.04926108374384237,0.10837438423645321,0.15270935960591134,0.17733990147783252,0.21674876847290642,0.2955665024630542
