var1,var2,var3,var4,var5,var6
0.031746031746031744,0.10793650793650794,0.1523809523809524,0.20634920634920634,0.2222222222222222,0.27936507936507937
