var1,var2,var3,var4,var5,var6
0.01507537688442211,0.04020100502512563,0.12060301507537688,0.1708542713567839,0.271356783919598,0.38190954773869346
