var1,var2,var3,var4,var5,var6
0.07650273224043716,0.09289617486338798,0.13114754098360656,0.2185792349726776,0.22950819672131148,0.25136612021857924
