var1,var2,var3,var4,var5,var6
0.11822660098522167,0.12807881773399016,0.13793103448275862,0.18719211822660098,0.2019704433497537,0.22660098522167488
