var1,var2,var3,var4,var5,var6
0.0213903743315508,0.0427807486631016,0.12834224598930483,0.19786096256684493,0.26737967914438504,0.3422459893048128
