var1,var2,var3,var4,var5,var6
0.05232558139534884,0.06395348837209303,0.09302325581395349,0.19767441860465115,0.27325581395348836,0.31976744186046513
