var1,var2,var3,var4,var5,var6
0.06698564593301436,0.09569377990430622,0.12440191387559808,0.17703349282296652,0.21052631578947367,0.3253588516746411
