var1,var2,var3,var4,var5,var6
0.02973977695167286,0.09665427509293681,0.13382899628252787,0.1821561338289963,0.2527881040892193,0.3048327137546468
