var1,var2,var3,var4,var5,var6
0.05847953216374269,0.0935672514619883,0.10526315789473684,0.17543859649122806,0.2631578947368421,0.30409356725146197
