var1,var2,var3,var4,var5,var6
0.039735099337748346,0.12582781456953643,0.152317880794702,0.1986754966887417,0.23178807947019867,0.25165562913907286
