var1,var2,var3,var4,var5,var6
0.08029197080291971,0.0948905109489051,0.12408759124087591,0.19708029197080293,0.23357664233576642,0.27007299270072993
