var1,var2,var3,var4,var5,var6
0.07457627118644068,0.1016949152542373,0.11864406779661017,0.2033898305084746,0.2440677966101695,0.2576271186440678
