var1,var2,var3,var4,var5,var6
0.027624309392265192,0.04419889502762431,0.08287292817679558,0.22099447513812154,0.2541436464088398,0.3701657458563536
