var1,var2,var3,var4,var5,var6
0.0374331550802139,0.0962566844919786,0.10695187165775401,0.16042780748663102,0.2887700534759358,0.31016042780748665
