var1,var2,var3,var4,var5,var6
0.015748031496062992,0.023622047244094488,0.07874015748031496,0.23622047244094488,0.2677165354330709,0.3779527559055118
