var1,var2,var3,var4,var5,var6
0.01809954751131222,0.09954751131221719,0.12217194570135746,0.17194570135746606,0.28054298642533937,0.3076923076923077
