var1,var2,var3,var4,var5,var6
0.07947019867549669,0.11258278145695365,0.1456953642384106,0.1986754966887417,0.2119205298013245,0.25165562913907286
