var1,var2,var3,var4,var5,var6
0.019867549668874173,0.039735099337748346,0.09933774834437085,0.1456953642384106,0.2913907284768212,0.40397350993377484
