var1,var2,var3,var4,var5,var6
0.018404907975460124,0.049079754601226995,0.0736196319018405,0.2331288343558282,0.24539877300613497,0.3803680981595092
