var1,var2,var3,var4,var5,var6
0.03827751196172249,0.10526315789473684,0.11961722488038277,0.16267942583732056,0.18181818181818182,0.3923444976076555
