var1,var2,var3,var4,var5,var6
0.013605442176870748,0.07482993197278912,0.10884353741496598,0.16326530612244897,0.21768707482993196,0.4217687074829932
