var1,var2,var3,var4,var5,var6
0.03816793893129771,0.05343511450381679,0.12213740458015267,0.15267175572519084,0.25190839694656486,0.3816793893129771
