var1,var2,var3,var4,var5,var6
0.03980099502487562,0.07960199004975124,0.0945273631840796,0.19900497512437812,0.21890547263681592,0.3681592039800995
