var1,var2,var3,var4,var5,var6
0.03773584905660377,0.1069182389937107,0.1509433962264151,0.16352201257861634,0.2389937106918239,0.3018867924528302
