var1,var2,var3,var4,var5,var6
0.025974025974025976,0.1038961038961039,0.14285714285714285,0.21645021645021645,0.23376623376623376,0.27705627705627706
