var1,var2,var3,var4,var5,var6
0.034782608695652174,0.06956521739130435,0.11304347826086956,0.12173913043478261,0.20869565217391303,0.45217391304347826
