var1,var2,var3,var4,var5,var6
0.10588235294117647,0.13725490196078433,0.1568627450980392,0.17647058823529413,0.20392156862745098,0.2196078431372549
