var1,var2,var3,var4,var5,var6
0.02631578947368421,0.13815789473684212,0.1513157894736842,0.19078947368421054,0.23684210526315788,0.2565789473684211
