var1,var2,var3,var4,var5,var6
0.061855670103092786,0.09278350515463918,0.10309278350515463,0.12371134020618557,0.14432989690721648,0.4742268041237113
