var1,var2,var3,var4,var5,var6
0.039735099337748346,0.06622516556291391,0.1456953642384106,0.19205298013245034,0.1986754966887417,0.3576158940397351
