var1,var2,var3,var4,var5,var6
0.11059907834101383,0.11981566820276497,0.15668202764976957,0.17050691244239632,0.1935483870967742,0.2488479262672811
