var1,var2,var3,var4,var5,var6
0.02304147465437788,0.07834101382488479,0.17050691244239632,0.1889400921658986,0.2534562211981567,0.2857142857142857
