var1,var2,var3,var4,var5,var6
0.04,0.06857142857142857,0.12571428571428572,0.16,0.17142857142857143,0.4342857142857143
