var1,var2,var3,var4,var5,var6
0.04405286343612335,0.07929515418502203,0.10572687224669604,0.1277533039647577,0.27312775330396477,0.3700440528634361
