var1,var2,var3,var4,var5,var6
0.023255813953488372,0.0755813953488372,0.13953488372093023,0.20348837209302326,0.25,0.3081395348837209
