var1,var2,var3,var4,var5,var6
0.045454545454545456,0.05454545454545454,0.14545454545454545,0.17272727272727273,0.23636363636363636,0.34545454545454546
