var1,var2,var3,var4,var5,var6
0.052980132450331126,0.07947019867549669,0.09271523178807947,0.1986754966887417,0.271523178807947,0.304635761589404
