var1,var2,var3,var4,var5,var6
0.034482758620689655,0.12807881773399016,0.1477832512315271,0.18719211822660098,0.23645320197044334,0.2660098522167488
