var1,var2,var3,var4,var5,var6
0.059907834101382486,0.09216589861751152,0.1382488479262673,0.15668202764976957,0.1935483870967742,0.35944700460829493
