var1,var2,var3,var4,var5,var6
0.0593607305936073,0.0821917808219178,0.136986301369863,0.1552511415525114,0.2648401826484018,0.3013698630136986
