var1,var2,var3,var4,var5,var6
0.036036036036036036,0.04504504504504504,0.07207207207207207,0.16216216216216217,0.21621621621621623,0.46846846846846846
