var1,var2,var3,var4,var5,var6
0.04433497536945813,0.09359605911330049,0.15270935960591134,0.21182266009852216,0.22167487684729065,0.27586206896551724
