var1,var2,var3,var4,var5,var6
0.034482758620689655,0.05172413793103448,0.13793103448275862,0.1781609195402299,0.25862068965517243,0.3390804597701149
