var1,var2,var3,var4,var5,var6
0.028735632183908046,0.10344827586206896,0.1206896551724138,0.1781609195402299,0.26436781609195403,0.3045977011494253
