var1,var2,var3,var4,var5,var6
0.05128205128205128,0.13846153846153847,0.15384615384615385,0.1641025641025641,0.2358974358974359,0.2564102564102564
