var1,var2,var3,var4,var5,var6
0.02040816326530612,0.12244897959183673,0.1836734693877551,0.19727891156462585,0.22448979591836735,0.25170068027210885
