var1,var2,var3,var4,var5,var6
0.12206572769953052,0.14084507042253522,0.15023474178403756,0.1784037558685446,0.19248826291079812,0.215962441314554
