var1,var2,var3,var4,var5,var6
0.056074766355140186,0.09345794392523364,0.14018691588785046,0.18691588785046728,0.205607476635514,0.3177570093457944
