var1,var2,var3,var4,var5,var6
0.030303030303030304,0.08080808080808081,0.10101010101010101,0.12121212121212122,0.16161616161616163,0.5050505050505051
