var1,var2,var3,var4,var5,var6
0.055248618784530384,0.09944751381215469,0.13812154696132597,0.16574585635359115,0.23204419889502761,0.30939226519337015
