var1,var2,var3,var4,var5,var6
0.03888888888888889,0.1111111111111111,0.1388888888888889,0.2,0.23333333333333334,0.2777777777777778
