var1,var2,var3,var4,var5,var6
0.03759398496240601,0.10526315789473684,0.12030075187969924,0.18045112781954886,0.21052631578947367,0.3458646616541353
