var1,var2,var3,var4,var5,var6
0.06951871657754011,0.08021390374331551,0.10160427807486631,0.22994652406417113,0.24598930481283424,0.2727272727272727
