var1,var2,var3,var4,var5,var6
0.08016877637130802,0.08860759493670886,0.11814345991561181,0.13924050632911392,0.270042194092827,0.3037974683544304
