var1,var2,var3,var4,var5,var6
0.04182509505703422,0.060836501901140684,0.11406844106463879,0.20532319391634982,0.22053231939163498,0.3574144486692015
