var1,var2,var3,var4,var5,var6
0.03816793893129771,0.12213740458015267,0.15267175572519084,0.16793893129770993,0.21374045801526717,0.3053435114503817
