var1,var2,var3,var4,var5,var6
0.05755395683453238,0.06474820143884892,0.07194244604316546,0.16546762589928057,0.30935251798561153,0.33093525179856115
