var1,var2,var3,var4,var5,var6
0.047244094488188976,0.11023622047244094,0.12598425196850394,0.16535433070866143,0.2047244094488189,0.3464566929133858
