var1,var2,var3,var4,var5,var6
0.0728476821192053,0.07947019867549669,0.12582781456953643,0.15894039735099338,0.19205298013245034,0.3708609271523179
