var1,var2,var3,var4,var5,var6
0.06293706293706294,0.08391608391608392,0.11188811188811189,0.16783216783216784,0.26573426573426573,0.3076923076923077
