var1,var2,var3,var4,var5,var6
0.09326424870466321,0.10362694300518134,0.15544041450777202,0.17098445595854922,0.17616580310880828,0.3005181347150259
