var1,var2,var3,var4,var5,var6
0.030303030303030304,0.07272727272727272,0.14545454545454545,0.15757575757575756,0.24242424242424243,0.3515151515151515
