var1,var2,var3,var4,var5,var6
0.018018018018018018,0.07207207207207207,0.10810810810810811,0.14414414414414414,0.2072072072072072,0.45045045045045046
