var1,var2,var3,var4,var5,var6
0.03225806451612903,0.04516129032258064,0.14838709677419354,0.16774193548387098,0.23225806451612904,0.3741935483870968
