var1,var2,var3,var4,var5,var6
0.04522613065326633,0.10050251256281408,0.1306532663316583,0.21105527638190955,0.22110552763819097,0.2914572864321608
