var1,var2,var3,var4,var5,var6
0.02142857142857143,0.04285714285714286,0.15714285714285714,0.21428571428571427,0.22857142857142856,0.3357142857142857
