var1,var2,var3,var4,var5,var6
0.08695652173913043,0.09937888198757763,0.11180124223602485,0.16770186335403728,0.2484472049689441,0.2857142857142857
