var1,var2,var3,var4,var5,var6
0.04040404040404041,0.06060606060606061,0.08080808080808081,0.1919191919191919,0.20202020202020202,0.42424242424242425
