var1,var2,var3,var4,var5,var6
0.021621621621621623,0.06486486486486487,0.15135135135135136,0.21081081081081082,0.2594594594594595,0.2918918918918919
