var1,var2,var3,var4,var5,var6
0.030456852791878174,0.050761421319796954,0.09137055837563451,0.19289340101522842,0.27918781725888325,0.3553299492385787
