var1,var2,var3,var4,var5,var6
0.03508771929824561,0.10526315789473684,0.12280701754385964,0.1871345029239766,0.26900584795321636,0.2807017543859649
