var1,var2,var3,var4,var5,var6
0.07929515418502203,0.10572687224669604,0.16740088105726872,0.1894273127753304,0.2026431718061674,0.2555066079295154
