var1,var2,var3,var4,var5,var6
0.09142857142857143,0.12,0.13714285714285715,0.18285714285714286,0.2057142857142857,0.26285714285714284
