var1,var2,var3,var4,var5,var6
0.12953367875647667,0.13989637305699482,0.15025906735751296,0.16580310880829016,0.19170984455958548,0.22279792746113988
