var1,var2,var3,var4,var5,var6
0.025477707006369428,0.07643312101910828,0.12101910828025478,0.15286624203821655,0.2929936305732484,0.33121019108280253
