var1,var2,var3,var4,var5,var6
0.06829268292682927,0.11219512195121951,0.12682926829268293,0.18536585365853658,0.23414634146341465,0.2731707317073171
