var1,var2,var3,var4,var5,var6
0.04524886877828054,0.06334841628959276,0.11312217194570136,0.12669683257918551,0.3076923076923077,0.3438914027149321
