var1,var2,var3,var4,var5,var6
0.09420289855072464,0.10144927536231885,0.12318840579710146,0.13768115942028986,0.2463768115942029,0.2971014492753623
