var1,var2,var3,var4,var5,var6
0.06572769953051644,0.07981220657276995,0.14084507042253522,0.17370892018779344,0.24413145539906103,0.29577464788732394
