var1,var2,var3,var4,var5,var6
0.034013605442176874,0.047619047619047616,0.09523809523809523,0.23129251700680273,0.23809523809523808,0.35374149659863946
