var1,var2,var3,var4,var5,var6
0.05970149253731343,0.11940298507462686,0.14925373134328357,0.16417910447761194,0.19900497512437812,0.30845771144278605
