var1,var2,var3,var4,var5,var6
0.015503875968992248,0.05426356589147287,0.10852713178294573,0.13953488372093023,0.2558139534883721,0.4263565891472868
