var1,var2,var3,var4,var5,var6
0.04864864864864865,0.07567567567567568,0.16756756756756758,0.2,0.22162162162162163,0.2864864864864865
