var1,var2,var3,var4,var5,var6
0.047337278106508875,0.08875739644970414,0.1301775147928994,0.20118343195266272,0.23668639053254437,0.2958579881656805
