var1,var2,var3,var4,var5,var6
0.018292682926829267,0.07317073170731707,0.07926829268292683,0.17682926829268292,0.2621951219512195,0.3902439024390244
