var1,var2,var3,var4,var5,var6
0.016574585635359115,0.08287292817679558,0.16574585635359115,0.19337016574585636,0.2541436464088398,0.287292817679558
