var1,var2,var3,var4,var5,var6
0.07547169811320754,0.08962264150943396,0.1179245283018868,0.16037735849056603,0.25943396226415094,0.2971698113207547
