var1,var2,var3,var4,var5,var6
0.06030150753768844,0.1306532663316583,0.1457286432160804,0.18090452261306533,0.22110552763819097,0.2613065326633166
