var1,var2,var3,var4,var5,var6
0.010869565217391304,0.11413043478260869,0.15760869565217392,0.19021739130434784,0.2391304347826087,0.28804347826086957
