var1,var2,var3,var4,var5,var6
0.04395604395604396,0.1043956043956044,0.11538461538461539,0.13736263736263737,0.29120879120879123,0.3076923076923077
