var1,var2,var3,var4,var5,var6
0.06622516556291391,0.07947019867549669,0.152317880794702,0.17880794701986755,0.23841059602649006,0.2847682119205298
