var1,var2,var3,var4,var5,var6
0.029787234042553193,0.06808510638297872,0.07659574468085106,0.2297872340425532,0.2723404255319149,0.32340425531914896
