var1,var2,var3,var4,var5,var6
0.02304147465437788,0.03686635944700461,0.12903225806451613,0.2119815668202765,0.2672811059907834,0.3317972350230415
