var1,var2,var3,var4,var5,var6
0.047058823529411764,0.07647058823529412,0.08823529411764706,0.11176470588235295,0.32941176470588235,0.34705882352941175
