var1,var2,var3,var4,var5,var6
0.08648648648648649,0.10810810810810811,0.11891891891891893,0.16216216216216217,0.1891891891891892,0.33513513513513515
