var1,var2,var3,var4,var5,var6
0.043010752688172046,0.0931899641577061,0.12544802867383512,0.15053763440860216,0.25806451612903225,0.32974910394265233
