var1,var2,var3,var4,var5,var6
0.025157232704402517,0.050314465408805034,0.11320754716981132,0.1509433962264151,0.23270440251572327,0.4276729559748428
