var1,var2,var3,var4,var5,var6
0.05511811023622047,0.09448818897637795,0.14173228346456693,0.1732283464566929,0.1889763779527559,0.3464566929133858
