var1,var2,var3,var4,var5,var6
0.0213903743315508,0.0748663101604278,0.16042780748663102,0.19786096256684493,0.26737967914438504,0.27807486631016043
