var1,var2,var3,var4,var5,var6
0.04583333333333333,0.12083333333333333,0.15,0.1875,0.20833333333333334,0.2875
