var1,var2,var3,var4,var5,var6
0.040983606557377046,0.04918032786885246,0.06557377049180328,0.16393442622950818,0.19672131147540983,0.48360655737704916
