var1,var2,var3,var4,var5,var6
0.010416666666666666,0.109375,0.16145833333333334,0.18229166666666666,0.25,0.2864583333333333
