var1,var2,var3,var4,var5,var6
0.047619047619047616,0.07142857142857142,0.15714285714285714,0.1761904761904762,0.2571428571428571,0.2904761904761905
