var1,var2,var3,var4,var5,var6
0.034482758620689655,0.0896551724137931,0.13793103448275862,0.16551724137931034,0.27586206896551724,0.296551724137931
