var1,var2,var3,var4,var5,var6
0.01775147928994083,0.03550295857988166,0.10650887573964497,0.16568047337278108,0.2781065088757396,0.39644970414201186
