var1,var2,var3,var4,var5,var6
0.07758620689655173,0.1206896551724138,0.15517241379310345,0.1896551724137931,0.21551724137931033,0.2413793103448276
