var1,var2,var3,var4,var5,var6
0.11764705882352941,0.1323529411764706,0.15196078431372548,0.1715686274509804,0.20098039215686275,0.22549019607843138
