var1,var2,var3,var4,var5,var6
0.030534351145038167,0.03816793893129771,0.16793893129770993,0.21374045801526717,0.22900763358778625,0.32061068702290074
