var1,var2,var3,var4,var5,var6
0.046511627906976744,0.09302325581395349,0.12403100775193798,0.13178294573643412,0.20155038759689922,0.40310077519379844
