var1,var2,var3,var4,var5,var6
0.03680981595092025,0.0736196319018405,0.08588957055214724,0.18404907975460122,0.22699386503067484,0.39263803680981596
