var1,var2,var3,var4,var5,var6
0.039603960396039604,0.09900990099009901,0.10891089108910891,0.15841584158415842,0.1782178217821782,0.4158415841584158
