var1,var2,var3,var4,var5,var6
0.03496503496503497,0.08391608391608392,0.0979020979020979,0.13986013986013987,0.26573426573426573,0.3776223776223776
