var1,var2,var3,var4,var5,var6
0.018633540372670808,0.08695652173913043,0.09316770186335403,0.11801242236024845,0.32298136645962733,0.36024844720496896
