var1,var2,var3,var4,var5,var6
0.07329842931937172,0.13612565445026178,0.17277486910994763,0.18848167539267016,0.19895287958115182,0.23036649214659685
