var1,var2,var3,var4,var5,var6
0.02617801047120419,0.06806282722513089,0.08376963350785341,0.2198952879581152,0.28272251308900526,0.3193717277486911
