var1,var2,var3,var4,var5,var6
0.03404255319148936,0.059574468085106386,0.07659574468085106,0.20425531914893616,0.225531914893617,0.4
