var1,var2,var3,var4,var5,var6
0.0425531914893617,0.12056737588652482,0.14184397163120568,0.19858156028368795,0.2127659574468085,0.28368794326241137
