var1,var2,var3,var4,var5,var6
0.023121387283236993,0.046242774566473986,0.10982658959537572,0.18497109826589594,0.2774566473988439,0.3583815028901734
