var1,var2,var3,var4,var5,var6
0.028225806451612902,0.10080645161290322,0.11290322580645161,0.1814516129032258,0.2701612903225806,0.3064516129032258
