var1,var2,var3,var4,var5,var6
0.026845637583892617,0.04697986577181208,0.12080536912751678,0.1342281879194631,0.3087248322147651,0.3624161073825503
