var1,var2,var3,var4,var5,var6
0.02247191011235955,0.033707865168539325,0.0898876404494382,0.15730337078651685,0.20224719101123595,0.4943820224719101
