var1,var2,var3,var4,var5,var6
0.032679738562091505,0.0784313725490196,0.10457516339869281,0.17647058823529413,0.24183006535947713,0.3660130718954248
