var1,var2,var3,var4,var5,var6
0.03296703296703297,0.054945054945054944,0.06593406593406594,0.10989010989010989,0.27472527472527475,0.46153846153846156
