var1,var2,var3,var4,var5,var6
0.06989247311827956,0.0913978494623656,0.11290322580645161,0.21505376344086022,0.24193548387096775,0.26881720430107525
