var1,var2,var3,var4,var5,var6
0.025806451612903226,0.07096774193548387,0.09032258064516129,0.23225806451612904,0.2709677419354839,0.3096774193548387
