var1,var2,var3,var4,var5,var6
0.0718954248366013,0.09803921568627451,0.12418300653594772,0.1437908496732026,0.26143790849673204,0.3006535947712418
