var1,var2,var3,var4,var5,var6
0.03773584905660377,0.05660377358490566,0.11320754716981132,0.2138364779874214,0.24528301886792453,0.3333333333333333
