var1,var2,var3,var4,var5,var6
0.027624309392265192,0.08287292817679558,0.10497237569060773,0.15469613259668508,0.281767955801105,0.34806629834254144
