var1,var2,var3,var4,var5,var6
0.03162055335968379,0.05533596837944664,0.07114624505928854,0.24110671936758893,0.2608695652173913,0.33992094861660077
