var1,var2,var3,var4,var5,var6
0.04316546762589928,0.11510791366906475,0.12949640287769784,0.1510791366906475,0.2302158273381295,0.33093525179856115
