var1,var2,var3,var4,var5,var6
0.07734806629834254,0.09944751381215469,0.13812154696132597,0.15469613259668508,0.16574585635359115,0.36464088397790057
