var1,var2,var3,var4,var5,var6
0.009302325581395349,0.09302325581395349,0.15348837209302327,0.21395348837209302,0.24186046511627907,0.28837209302325584
