var1,var2,var3,var4,var5,var6
0.03389830508474576,0.06779661016949153,0.11864406779661017,0.13559322033898305,0.3163841807909605,0.327683615819209
