var1,var2,var3,var4,var5,var6
0.030456852791878174,0.07106598984771574,0.1319796954314721,0.18781725888324874,0.28426395939086296,0.29441624365482233
