var1,var2,var3,var4,var5,var6
0.022727272727272728,0.045454545454545456,0.11363636363636363,0.20454545454545456,0.24242424242424243,0.3712121212121212
