var1,var2,var3,var4,var5,var6
0.09090909090909091,0.0962566844919786,0.12299465240641712,0.1711229946524064,0.1925133689839572,0.32620320855614976
