var1,var2,var3,var4,var5,var6
0.056910569105691054,0.11382113821138211,0.14634146341463414,0.15447154471544716,0.1951219512195122,0.3333333333333333
