var1,var2,var3,var4,var5,var6
0.05263157894736842,0.06315789473684211,0.07368421052631578,0.14736842105263157,0.24210526315789474,0.42105263157894735
