var1,var2,var3,var4,var5,var6
0.07804878048780488,0.15609756097560976,0.16585365853658537,0.18048780487804877,0.1951219512195122,0.22439024390243903
