var1,var2,var3,var4,var5,var6
0.041916167664670656,0.1317365269461078,0.15568862275449102,0.17964071856287425,0.23952095808383234,0.25149700598802394
