var1,var2,var3,var4,var5,var6
0.04827586206896552,0.06896551724137931,0.12413793103448276,0.15172413793103448,0.23448275862068965,0.3724137931034483
