var1,var2,var3,var4,var5,var6
0.07333333333333333,0.09333333333333334,0.16,0.2,0.21333333333333335,0.26
