var1,var2,var3,var4,var5,var6
0.06565656565656566,0.10606060606060606,0.11616161616161616,0.20202020202020202,0.2474747474747475,0.26262626262626265
