var1,var2,var3,var4,var5,var6
0.06936416184971098,0.08670520231213873,0.11560693641618497,0.16184971098265896,0.2658959537572254,0.30057803468208094
