var1,var2,var3,var4,var5,var6
0.061611374407582936,0.08530805687203792,0.10426540284360189,0.21800947867298578,0.24644549763033174,0.2843601895734597
