var1,var2,var3,var4,var5,var6
0.03587443946188341,0.1031390134529148,0.12556053811659193,0.19730941704035873,0.2600896860986547,0.27802690582959644
