var1,var2,var3,var4,var5,var6
0.03225806451612903,0.11059907834101383,0.15668202764976957,0.20276497695852536,0.2119815668202765,0.2857142857142857
