var1,var2,var3,var4,var5,var6
0.03664921465968586,0.05759162303664921,0.11518324607329843,0.16753926701570682,0.24083769633507854,0.38219895287958117
