var1,var2,var3,var4,var5,var6
0.027472527472527472,0.08791208791208792,0.15934065934065933,0.21428571428571427,0.23076923076923078,0.2802197802197802
