var1,var2,var3,var4,var5,var6
0.07100591715976332,0.1242603550295858,0.14201183431952663,0.15384615384615385,0.16568047337278108,0.3431952662721893
