var1,var2,var3,var4,var5,var6
0.06572769953051644,0.14084507042253522,0.1596244131455399,0.16901408450704225,0.19248826291079812,0.27230046948356806
