var1,var2,var3,var4,var5,var6
0.03773584905660377,0.10062893081761007,0.12578616352201258,0.18238993710691823,0.2389937106918239,0.31446540880503143
