var1,var2,var3,var4,var5,var6
0.05025125628140704,0.06030150753768844,0.16080402010050251,0.18592964824120603,0.25125628140703515,0.2914572864321608
