var1,var2,var3,var4,var5,var6
0.0625,0.14423076923076922,0.15865384615384615,0.18269230769230768,0.21634615384615385,0.23557692307692307
