var1,var2,var3,var4,var5,var6
0.03690036900369004,0.09225092250922509,0.14022140221402213,0.2066420664206642,0.25830258302583026,0.2656826568265683
