var1,var2,var3,var4,var5,var6
0.026490066225165563,0.0728476821192053,0.11920529801324503,0.17218543046357615,0.2119205298013245,0.3973509933774834
