var1,var2,var3,var4,var5,var6
0.012738853503184714,0.06369426751592357,0.17197452229299362,0.21019108280254778,0.22929936305732485,0.31210191082802546
