var1,var2,var3,var4,var5,var6
0.03723404255319149,0.05851063829787234,0.10638297872340426,0.19148936170212766,0.28191489361702127,0.324468085106383
