var1,var2,var3,var4,var5,var6
0.06030150753768844,0.07035175879396985,0.1708542713567839,0.21105527638190955,0.22613065326633167,0.2613065326633166
