var1,var2,var3,var4,var5,var6
0.024844720496894408,0.06832298136645963,0.14906832298136646,0.2111801242236025,0.2484472049689441,0.2981366459627329
