var1,var2,var3,var4,var5,var6
0.04020100502512563,0.09045226130653267,0.10050251256281408,0.21105527638190955,0.2663316582914573,0.2914572864321608
