var1,var2,var3,var4,var5,var6
0.019801980198019802,0.0297029702970297,0.13861386138613863,0.1782178217821782,0.27722772277227725,0.3564356435643564
