var1,var2,var3,var4,var5,var6
0.020942408376963352,0.05235602094240838,0.06806282722513089,0.23036649214659685,0.27225130890052357,0.35602094240837695
