var1,var2,var3,var4,var5,var6
0.053156146179401995,0.12292358803986711,0.13953488372093023,0.1461794019933555,0.21262458471760798,0.32558139534883723
