var1,var2,var3,var4,var5,var6
0.015384615384615385,0.13333333333333333,0.17435897435897435,0.19487179487179487,0.2153846153846154,0.26666666666666666
