var1,var2,var3,var4,var5,var6
0.02824858757062147,0.06779661016949153,0.13559322033898305,0.21468926553672316,0.22598870056497175,0.327683615819209
