var1,var2,var3,var4,var5,var6
0.042328042328042326,0.09523809523809523,0.10582010582010581,0.13227513227513227,0.2751322751322751,0.3492063492063492
