var1,var2,var3,var4,var5,var6
0.0392156862745098,0.06535947712418301,0.1437908496732026,0.1568627450980392,0.24183006535947713,0.35294117647058826
