var1,var2,var3,var4,var5,var6
0.07913669064748201,0.09352517985611511,0.15827338129496402,0.16546762589928057,0.22302158273381295,0.2805755395683453
