var1,var2,var3,var4,var5,var6
0.037267080745341616,0.12422360248447205,0.14906832298136646,0.19254658385093168,0.2111801242236025,0.2857142857142857
