var1,var2,var3,var4,var5,var6
0.046357615894039736,0.07947019867549669,0.10596026490066225,0.13245033112582782,0.31125827814569534,0.32450331125827814
