var1,var2,var3,var4,var5,var6
0.013986013986013986,0.04895104895104895,0.1258741258741259,0.15384615384615385,0.2867132867132867,0.3706293706293706
