var1,var2,var3,var4,var5,var6
0.037037037037037035,0.0962962962962963,0.1259259259259259,0.17777777777777778,0.22962962962962963,0.3333333333333333
