var1,var2,var3,var4,var5,var6
0.024390243902439025,0.0975609756097561,0.16585365853658537,0.18536585365853658,0.23414634146341465,0.2926829268292683
