var1,var2,var3,var4,var5,var6
0.0425531914893617,0.04964539007092199,0.11347517730496454,0.22695035460992907,0.2553191489361702,0.3120567375886525
