var1,var2,var3,var4,var5,var6
0.03937007874015748,0.047244094488188976,0.07874015748031496,0.1968503937007874,0.30708661417322836,0.33070866141732286
