var1,var2,var3,var4,var5,var6
0.03759398496240601,0.07518796992481203,0.09022556390977443,0.21052631578947367,0.24060150375939848,0.3458646616541353
