var1,var2,var3,var4,var5,var6
0.022900763358778626,0.07633587786259542,0.12213740458015267,0.19083969465648856,0.22900763358778625,0.35877862595419846
