var1,var2,var3,var4,var5,var6
0.04201680672268908,0.06722689075630252,0.09243697478991597,0.15126050420168066,0.21008403361344538,0.4369747899159664
