var1,var2,var3,var4,var5,var6
0.04678362573099415,0.08771929824561403,0.11695906432748537,0.23391812865497075,0.24561403508771928,0.26900584795321636
