var1,var2,var3,var4,var5,var6
0.09803921568627451,0.12549019607843137,0.16470588235294117,0.17647058823529413,0.19607843137254902,0.23921568627450981
