var1,var2,var3,var4,var5,var6
0.07894736842105263,0.09868421052631579,0.1118421052631579,0.14473684210526316,0.26973684210526316,0.29605263157894735
