var1,var2,var3,var4,var5,var6
0.0379746835443038,0.10970464135021098,0.11814345991561181,0.2109704641350211,0.23628691983122363,0.2869198312236287
