var1,var2,var3,var4,var5,var6
0.044444444444444446,0.05925925925925926,0.07407407407407407,0.1925925925925926,0.28888888888888886,0.34074074074074073
