var1,var2,var3,var4,var5,var6
0.03636363636363636,0.07272727272727272,0.09090909090909091,0.15757575757575756,0.2545454545454545,0.3878787878787879
