var1,var2,var3,var4,var5,var6
0.07734806629834254,0.13259668508287292,0.1712707182320442,0.1878453038674033,0.19889502762430938,0.23204419889502761
