var1,var2,var3,var4,var5,var6
0.022598870056497175,0.05649717514124294,0.12429378531073447,0.15254237288135594,0.22598870056497175,0.4180790960451977
