var1,var2,var3,var4,var5,var6
0.021621621621621623,0.05945945945945946,0.14054054054054055,0.20540540540540542,0.2702702702702703,0.3027027027027027
