var1,var2,var3,var4,var5,var6
0.09829059829059829,0.1282051282051282,0.14957264957264957,0.1623931623931624,0.21794871794871795,0.24358974358974358
