var1,var2,var3,var4,var5,var6
0.01639344262295082,0.08743169398907104,0.12021857923497267,0.14207650273224043,0.29508196721311475,0.33879781420765026
