var1,var2,var3,var4,var5,var6
0.018867924528301886,0.06289308176100629,0.11320754716981132,0.18867924528301888,0.2641509433962264,0.3522012578616352
