var1,var2,var3,var4,var5,var6
0.025157232704402517,0.07547169811320754,0.08176100628930817,0.22641509433962265,0.2389937106918239,0.3522012578616352
