var1,var2,var3,var4,var5,var6
0.053691275167785234,0.0738255033557047,0.08053691275167785,0.1610738255033557,0.2550335570469799,0.37583892617449666
