var1,var2,var3,var4,var5,var6
0.03065134099616858,0.09961685823754789,0.1685823754789272,0.18773946360153257,0.22988505747126436,0.2835249042145594
