var1,var2,var3,var4,var5,var6
0.03550295857988166,0.14201183431952663,0.15384615384615385,0.16568047337278108,0.2485207100591716,0.25443786982248523
