var1,var2,var3,var4,var5,var6
0.04093567251461988,0.05847953216374269,0.16374269005847952,0.17543859649122806,0.26900584795321636,0.29239766081871343
