var1,var2,var3,var4,var5,var6
0.05416666666666667,0.11666666666666667,0.14583333333333334,0.19166666666666668,0.2125,0.2791666666666667
