var1,var2,var3,var4,var5,var6
0.06806282722513089,0.08376963350785341,0.09947643979057591,0.18848167539267016,0.225130890052356,0.33507853403141363
