var1,var2,var3,var4,var5,var6
0.013953488372093023,0.06511627906976744,0.09302325581395349,0.21395348837209302,0.22325581395348837,0.39069767441860465
