var1,var2,var3,var4,var5,var6
0.022556390977443608,0.045112781954887216,0.07518796992481203,0.21052631578947367,0.24812030075187969,0.39849624060150374
