var1,var2,var3,var4,var5,var6
0.07471264367816093,0.10919540229885058,0.16091954022988506,0.1724137931034483,0.1896551724137931,0.29310344827586204
