var1,var2,var3,var4,var5,var6
0.0213903743315508,0.0962566844919786,0.12834224598930483,0.15508021390374332,0.27807486631016043,0.32085561497326204
