var1,var2,var3,var4,var5,var6
0.06694560669456066,0.09205020920502092,0.15481171548117154,0.18410041841004185,0.23430962343096234,0.26778242677824265
