var1,var2,var3,var4,var5,var6
0.04046242774566474,0.09826589595375723,0.12716763005780346,0.15606936416184972,0.2774566473988439,0.30057803468208094
