var1,var2,var3,var4,var5,var6
0.0196078431372549,0.05228758169934641,0.06535947712418301,0.1437908496732026,0.2679738562091503,0.45098039215686275
