var1,var2,var3,var4,var5,var6
0.03076923076923077,0.05128205128205128,0.11282051282051282,0.15897435897435896,0.28717948717948716,0.358974358974359
