var1,var2,var3,var4,var5,var6
0.05228758169934641,0.09803921568627451,0.10457516339869281,0.13071895424836602,0.27450980392156865,0.33986928104575165
