var1,var2,var3,var4,var5,var6
0.014598540145985401,0.029197080291970802,0.08759124087591241,0.1897810218978102,0.27007299270072993,0.40875912408759124
