var1,var2,var3,var4,var5,var6
0.03184713375796178,0.050955414012738856,0.08917197452229299,0.17834394904458598,0.2229299363057325,0.4267515923566879
