var1,var2,var3,var4,var5,var6
0.02857142857142857,0.07428571428571429,0.09142857142857143,0.2,0.22285714285714286,0.38285714285714284
