var1,var2,var3,var4,var5,var6
0.0736196319018405,0.10429447852760736,0.13496932515337423,0.17177914110429449,0.19631901840490798,0.31901840490797545
