var1,var2,var3,var4,var5,var6
0.05673758865248227,0.07801418439716312,0.0851063829787234,0.2127659574468085,0.22695035460992907,0.3404255319148936
