var1,var2,var3,var4,var5,var6
0.07373271889400922,0.10599078341013825,0.11981566820276497,0.14746543778801843,0.2304147465437788,0.3225806451612903
