var1,var2,var3,var4,var5,var6
0.0916030534351145,0.12213740458015267,0.1297709923664122,0.13740458015267176,0.183206106870229,0.33587786259541985
