var1,var2,var3,var4,var5,var6
0.012422360248447204,0.037267080745341616,0.11801242236024845,0.16149068322981366,0.2981366459627329,0.37267080745341613
