var1,var2,var3,var4,var5,var6
0.024844720496894408,0.06832298136645963,0.08074534161490683,0.11801242236024845,0.2981366459627329,0.40993788819875776
