var1,var2,var3,var4,var5,var6
0.046511627906976744,0.09302325581395349,0.16279069767441862,0.18604651162790697,0.21705426356589147,0.29457364341085274
