var1,var2,var3,var4,var5,var6
0.014492753623188406,0.12077294685990338,0.15942028985507245,0.20772946859903382,0.22705314009661837,0.27053140096618356
