var1,var2,var3,var4,var5,var6
0.027649769585253458,0.06912442396313365,0.14746543778801843,0.16589861751152074,0.23963133640552994,0.35023041474654376
