var1,var2,var3,var4,var5,var6
0.07142857142857142,0.08095238095238096,0.11904761904761904,0.1761904761904762,0.2619047619047619,0.2904761904761905
