var1,var2,var3,var4,var5,var6
0.014492753623188406,0.028985507246376812,0.08695652173913043,0.2318840579710145,0.27053140096618356,0.3671497584541063
