var1,var2,var3,var4,var5,var6
0.04329004329004329,0.07792207792207792,0.1038961038961039,0.17316017316017315,0.22943722943722944,0.3722943722943723
