var1,var2,var3,var4,var5,var6
0.05263157894736842,0.07602339181286549,0.15204678362573099,0.16374269005847952,0.26900584795321636,0.28654970760233917
