var1,var2,var3,var4,var5,var6
0.043478260869565216,0.06086956521739131,0.12173913043478261,0.21739130434782608,0.24347826086956523,0.3130434782608696
