var1,var2,var3,var4,var5,var6
0.01639344262295082,0.06557377049180328,0.09836065573770492,0.14207650273224043,0.29508196721311475,0.3825136612021858
