var1,var2,var3,var4,var5,var6
0.06382978723404255,0.1276595744680851,0.1702127659574468,0.18439716312056736,0.2127659574468085,0.24113475177304963
