var1,var2,var3,var4,var5,var6
0.05741626794258373,0.06698564593301436,0.1339712918660287,0.15789473684210525,0.27751196172248804,0.3062200956937799
