var1,var2,var3,var4,var5,var6
0.04830917874396135,0.12077294685990338,0.13526570048309178,0.2028985507246377,0.2318840579710145,0.2608695652173913
