var1,var2,var3,var4,var5,var6
0.02857142857142857,0.05714285714285714,0.07142857142857142,0.16428571428571428,0.32857142857142857,0.35
