var1,var2,var3,var4,var5,var6
0.04032258064516129,0.08064516129032258,0.10483870967741936,0.13709677419354838,0.1935483870967742,0.4435483870967742
