var1,var2,var3,var4,var5,var6
0.013986013986013986,0.04895104895104895,0.13986013986013987,0.16783216783216784,0.27972027972027974,0.34965034965034963
