var1,var2,var3,var4,var5,var6
0.03940886699507389,0.1330049261083744,0.15270935960591134,0.18719211822660098,0.21182266009852216,0.27586206896551724
