var1,var2,var3,var4,var5,var6
0.03333333333333333,0.05555555555555555,0.13333333333333333,0.14444444444444443,0.2111111111111111,0.4222222222222222
