var1,var2,var3,var4,var5,var6
0.02702702702702703,0.06486486486486487,0.08648648648648649,0.2,0.23243243243243245,0.3891891891891892
