var1,var2,var3,var4,var5,var6
0.04678362573099415,0.08187134502923976,0.19298245614035087,0.2046783625730994,0.21052631578947367,0.2631578947368421
