var1,var2,var3,var4,var5,var6
0.10179640718562874,0.1497005988023952,0.16167664670658682,0.17964071856287425,0.18562874251497005,0.2215568862275449
