var1,var2,var3,var4,var5,var6
0.09333333333333334,0.12666666666666668,0.16,0.18666666666666668,0.20666666666666667,0.22666666666666666
