var1,var2,var3,var4,var5,var6
0.06086956521739131,0.08695652173913043,0.12173913043478261,0.1565217391304348,0.2,0.3739130434782609
