var1,var2,var3,var4,var5,var6
0.01015228426395939,0.03553299492385787,0.10152284263959391,0.2233502538071066,0.27411167512690354,0.3553299492385787
