var1,var2,var3,var4,var5,var6
0.013071895424836602,0.0392156862745098,0.12418300653594772,0.1830065359477124,0.2875816993464052,0.35294117647058826
