var1,var2,var3,var4,var5,var6
0.023668639053254437,0.0650887573964497,0.17751479289940827,0.21301775147928995,0.22485207100591717,0.2958579881656805
