var1,var2,var3,var4,var5,var6
0.041237113402061855,0.061855670103092786,0.08247422680412371,0.1134020618556701,0.2268041237113402,0.4742268041237113
