var1,var2,var3,var4,var5,var6
0.04519774011299435,0.07344632768361582,0.15819209039548024,0.21468926553672316,0.23728813559322035,0.2711864406779661
