var1,var2,var3,var4,var5,var6
0.037267080745341616,0.08695652173913043,0.11801242236024845,0.18633540372670807,0.2484472049689441,0.32298136645962733
