var1,var2,var3,var4,var5,var6
0.09497206703910614,0.10614525139664804,0.13966480446927373,0.1564245810055866,0.22346368715083798,0.27932960893854747
