var1,var2,var3,var4,var5,var6
0.045112781954887216,0.05263157894736842,0.15037593984962405,0.18045112781954886,0.2556390977443609,0.3157894736842105
