var1,var2,var3,var4,var5,var6
0.08633093525179857,0.10071942446043165,0.1223021582733813,0.17266187050359713,0.2302158273381295,0.28776978417266186
