var1,var2,var3,var4,var5,var6
0.020833333333333332,0.09722222222222222,0.13194444444444445,0.1736111111111111,0.2638888888888889,0.3125
