var1,var2,var3,var4,var5,var6
0.015037593984962405,0.13533834586466165,0.17293233082706766,0.19548872180451127,0.22556390977443608,0.2556390977443609
