var1,var2,var3,var4,var5,var6
0.05128205128205128,0.10256410256410256,0.13675213675213677,0.1452991452991453,0.2222222222222222,0.3418803418803419
