var1,var2,var3,var4,var5,var6
0.008403361344537815,0.10084033613445378,0.13445378151260504,0.16806722689075632,0.2184873949579832,0.3697478991596639
