var1,var2,var3,var4,var5,var6
0.04878048780487805,0.11707317073170732,0.13170731707317074,0.1951219512195122,0.22439024390243903,0.28292682926829266
