var1,var2,var3,var4,var5,var6
0.04678362573099415,0.12280701754385964,0.15204678362573099,0.16374269005847952,0.2222222222222222,0.29239766081871343
