var1,var2,var3,var4,var5,var6
0.06914893617021277,0.0797872340425532,0.11702127659574468,0.14361702127659576,0.24468085106382978,0.34574468085106386
