var1,var2,var3,var4,var5,var6
0.05405405405405406,0.0972972972972973,0.16756756756756758,0.1783783783783784,0.20540540540540542,0.2972972972972973
