var1,var2,var3,var4,var5,var6
0.11764705882352941,0.12941176470588237,0.1568627450980392,0.18823529411764706,0.19607843137254902,0.21176470588235294
