var1,var2,var3,var4,var5,var6
0.02926829268292683,0.1073170731707317,0.12682926829268293,0.17560975609756097,0.2,0.36097560975609755
