var1,var2,var3,var4,var5,var6
0.08064516129032258,0.12903225806451613,0.14516129032258066,0.1827956989247312,0.22043010752688172,0.24193548387096775
