var1,var2,var3,var4,var5,var6
0.11560693641618497,0.1329479768786127,0.15028901734104047,0.15606936416184972,0.20809248554913296,0.23699421965317918
