var1,var2,var3,var4,var5,var6
0.06276150627615062,0.11715481171548117,0.16317991631799164,0.19246861924686193,0.2217573221757322,0.24267782426778242
