var1,var2,var3,var4,var5,var6
0.07407407407407407,0.09523809523809523,0.1111111111111111,0.164021164021164,0.26455026455026454,0.291005291005291
