var1,var2,var3,var4,var5,var6
0.11594202898550725,0.13043478260869565,0.14492753623188406,0.18840579710144928,0.19806763285024154,0.2222222222222222
