var1,var2,var3,var4,var5,var6
0.024539877300613498,0.03680981595092025,0.1411042944785276,0.2085889570552147,0.25766871165644173,0.3312883435582822
