var1,var2,var3,var4,var5,var6
0.06030150753768844,0.06532663316582915,0.08040201005025126,0.11055276381909548,0.32160804020100503,0.36180904522613067
