var1,var2,var3,var4,var5,var6
0.02617801047120419,0.041884816753926704,0.09424083769633508,0.15706806282722513,0.29842931937172773,0.38219895287958117
