var1,var2,var3,var4,var5,var6
0.03067484662576687,0.07975460122699386,0.17791411042944785,0.2147239263803681,0.22085889570552147,0.27607361963190186
