var1,var2,var3,var4,var5,var6
0.0196078431372549,0.06535947712418301,0.09803921568627451,0.1503267973856209,0.3202614379084967,0.3464052287581699
