var1,var2,var3,var4,var5,var6
0.032679738562091505,0.06535947712418301,0.0784313725490196,0.1895424836601307,0.27450980392156865,0.35947712418300654
