var1,var2,var3,var4,var5,var6
0.03980099502487562,0.12935323383084577,0.15422885572139303,0.19900497512437812,0.22885572139303484,0.24875621890547264
