var1,var2,var3,var4,var5,var6
0.08368200836820083,0.09623430962343096,0.11715481171548117,0.13807531380753138,0.26359832635983266,0.301255230125523
