var1,var2,var3,var4,var5,var6
0.026845637583892617,0.06711409395973154,0.087248322147651,0.1476510067114094,0.2684563758389262,0.40268456375838924
