var1,var2,var3,var4,var5,var6
0.07100591715976332,0.14201183431952663,0.16568047337278108,0.1893491124260355,0.20118343195266272,0.23076923076923078
