var1,var2,var3,var4,var5,var6
0.08982035928143713,0.11377245508982035,0.15568862275449102,0.16167664670658682,0.2215568862275449,0.25748502994011974
