var1,var2,var3,var4,var5,var6
0.03076923076923077,0.08717948717948718,0.14358974358974358,0.2153846153846154,0.2564102564102564,0.26666666666666666
