var1,var2,var3,var4,var5,var6
0.08771929824561403,0.1111111111111111,0.14619883040935672,0.19298245614035087,0.2222222222222222,0.23976608187134502
