var1,var2,var3,var4,var5,var6
0.07407407407407407,0.10052910052910052,0.1164021164021164,0.21164021164021163,0.2328042328042328,0.26455026455026454
