var1,var2,var3,var4,var5,var6
0.026143790849673203,0.0392156862745098,0.12418300653594772,0.1568627450980392,0.27450980392156865,0.3790849673202614
