var1,var2,var3,var4,var5,var6
0.09032258064516129,0.1032258064516129,0.13548387096774195,0.15483870967741936,0.21935483870967742,0.2967741935483871
