var1,var2,var3,var4,var5,var6
0.07777777777777778,0.10555555555555556,0.1388888888888889,0.19444444444444445,0.23333333333333334,0.25
