var1,var2,var3,var4,var5,var6
0.06748466257668712,0.08588957055214724,0.11042944785276074,0.13496932515337423,0.2085889570552147,0.39263803680981596
