var1,var2,var3,var4,var5,var6
0.034482758620689655,0.06896551724137931,0.09482758620689655,0.15517241379310345,0.20689655172413793,0.4396551724137931
