var1,var2,var3,var4,var5,var6
0.10457516339869281,0.11764705882352941,0.1503267973856209,0.1830065359477124,0.20915032679738563,0.23529411764705882
