var1,var2,var3,var4,var5,var6
0.036231884057971016,0.057971014492753624,0.13043478260869565,0.14492753623188406,0.17391304347826086,0.45652173913043476
