var1,var2,var3,var4,var5,var6
0.04132231404958678,0.08264462809917356,0.09917355371900827,0.19834710743801653,0.2644628099173554,0.3140495867768595
