var1,var2,var3,var4,var5,var6
0.09285714285714286,0.1,0.1357142857142857,0.15,0.2,0.32142857142857145
