var1,var2,var3,var4,var5,var6
0.010416666666666666,0.13020833333333334,0.16145833333333334,0.19270833333333334,0.22916666666666666,0.2760416666666667
