var1,var2,var3,var4,var5,var6
0.049586776859504134,0.0743801652892562,0.1652892561983471,0.19834710743801653,0.2066115702479339,0.30578512396694213
