var1,var2,var3,var4,var5,var6
0.10828025477707007,0.12738853503184713,0.14012738853503184,0.16560509554140126,0.20382165605095542,0.25477707006369427
