var1,var2,var3,var4,var5,var6
0.02912621359223301,0.04854368932038835,0.05825242718446602,0.18446601941747573,0.2815533980582524,0.39805825242718446
