var1,var2,var3,var4,var5,var6
0.09202453987730061,0.12269938650306748,0.13496932515337423,0.17177914110429449,0.1901840490797546,0.2883435582822086
