var1,var2,var3,var4,var5,var6
0.08441558441558442,0.09740259740259741,0.14285714285714285,0.2012987012987013,0.22077922077922077,0.2532467532467532
