var1,var2,var3,var4,var5,var6
0.049586776859504134,0.11570247933884298,0.1322314049586777,0.1487603305785124,0.19008264462809918,0.36363636363636365
