var1,var2,var3,var4,var5,var6
0.06790123456790123,0.09876543209876543,0.11728395061728394,0.20987654320987653,0.2345679012345679,0.2716049382716049
