var1,var2,var3,var4,var5,var6
0.10138248847926268,0.14746543778801843,0.16129032258064516,0.18433179723502305,0.1935483870967742,0.2119815668202765
