var1,var2,var3,var4,var5,var6
0.11715481171548117,0.14225941422594143,0.15481171548117154,0.17573221757322174,0.18410041841004185,0.22594142259414227
