var1,var2,var3,var4,var5,var6
0.10572687224669604,0.11894273127753303,0.16740088105726872,0.18502202643171806,0.19383259911894274,0.2290748898678414
