var1,var2,var3,var4,var5,var6
0.03361344537815126,0.05042016806722689,0.06722689075630252,0.1092436974789916,0.2689075630252101,0.47058823529411764
