var1,var2,var3,var4,var5,var6
0.026845637583892617,0.06040268456375839,0.18791946308724833,0.19463087248322147,0.24161073825503357,0.28859060402684567
