var1,var2,var3,var4,var5,var6
0.032679738562091505,0.06535947712418301,0.08496732026143791,0.1111111111111111,0.3006535947712418,0.40522875816993464
