var1,var2,var3,var4,var5,var6
0.046511627906976744,0.06201550387596899,0.08527131782945736,0.09302325581395349,0.29457364341085274,0.4186046511627907
