var1,var2,var3,var4,var5,var6
0.018433179723502304,0.1152073732718894,0.16589861751152074,0.1935483870967742,0.22119815668202766,0.2857142857142857
