var1,var2,var3,var4,var5,var6
0.11594202898550725,0.13043478260869565,0.15072463768115943,0.17971014492753623,0.2028985507246377,0.22028985507246376
