var1,var2,var3,var4,var5,var6
0.04608294930875576,0.10138248847926268,0.17050691244239632,0.1935483870967742,0.2304147465437788,0.25806451612903225
