var1,var2,var3,var4,var5,var6
0.02127659574468085,0.0425531914893617,0.1276595744680851,0.14184397163120568,0.23404255319148937,0.4326241134751773
