var1,var2,var3,var4,var5,var6
0.029850746268656716,0.06965174129353234,0.0845771144278607,0.1890547263681592,0.22388059701492538,0.40298507462686567
