var1,var2,var3,var4,var5,var6
0.039735099337748346,0.052980132450331126,0.13245033112582782,0.19205298013245034,0.2119205298013245,0.3708609271523179
