var1,var2,var3,var4,var5,var6
0.028985507246376812,0.07971014492753623,0.11594202898550725,0.13768115942028986,0.2971014492753623,0.34057971014492755
