var1,var2,var3,var4,var5,var6
0.07586206896551724,0.08275862068965517,0.13793103448275862,0.1793103448275862,0.2482758620689655,0.27586206896551724
