var1,var2,var3,var4,var5,var6
0.05687203791469194,0.0947867298578199,0.12796208530805686,0.21800947867298578,0.23696682464454977,0.26540284360189575
