var1,var2,var3,var4,var5,var6
0.04608294930875576,0.07834101382488479,0.14746543778801843,0.2119815668202765,0.23963133640552994,0.2764976958525346
