var1,var2,var3,var4,var5,var6
0.03571428571428571,0.09693877551020408,0.15306122448979592,0.2193877551020408,0.23469387755102042,0.2602040816326531
