var1,var2,var3,var4,var5,var6
0.03861003861003861,0.08494208494208494,0.16216216216216217,0.18146718146718147,0.23166023166023167,0.30115830115830117
