var1,var2,var3,var4,var5,var6
0.03333333333333333,0.04666666666666667,0.12,0.20666666666666667,0.22666666666666666,0.36666666666666664
