var1,var2,var3,var4,var5,var6
0.07692307692307693,0.09467455621301775,0.11242603550295859,0.1242603550295858,0.21301775147928995,0.378698224852071
