var1,var2,var3,var4,var5,var6
0.030303030303030304,0.03636363636363636,0.08484848484848485,0.2,0.2606060606060606,0.3878787878787879
