var1,var2,var3,var4,var5,var6
0.06486486486486487,0.10810810810810811,0.15135135135135136,0.1891891891891892,0.23783783783783785,0.24864864864864866
