var1,var2,var3,var4,var5,var6
0.06091370558375635,0.09137055837563451,0.1319796954314721,0.14720812182741116,0.2436548223350254,0.3248730964467005
