var1,var2,var3,var4,var5,var6
0.06072874493927125,0.08906882591093117,0.12955465587044535,0.1700404858299595,0.26720647773279355,0.2834008097165992
