var1,var2,var3,var4,var5,var6
0.1005586592178771,0.10614525139664804,0.12849162011173185,0.16759776536312848,0.2122905027932961,0.2849162011173184
