var1,var2,var3,var4,var5,var6
0.0916030534351145,0.10687022900763359,0.16030534351145037,0.19083969465648856,0.21374045801526717,0.2366412213740458
