var1,var2,var3,var4,var5,var6
0.02553191489361702,0.059574468085106386,0.1702127659574468,0.1829787234042553,0.2723404255319149,0.28936170212765955
