var1,var2,var3,var4,var5,var6
0.06666666666666667,0.09696969696969697,0.14545454545454545,0.1696969696969697,0.23030303030303031,0.2909090909090909
