var1,var2,var3,var4,var5,var6
0.01818181818181818,0.07272727272727272,0.08484848484848485,0.10909090909090909,0.2909090909090909,0.42424242424242425
