var1,var2,var3,var4,var5,var6
0.028708133971291867,0.05741626794258373,0.15789473684210525,0.18181818181818182,0.24880382775119617,0.3253588516746411
