var1,var2,var3,var4,var5,var6
0.026490066225165563,0.07947019867549669,0.13245033112582782,0.2185430463576159,0.25165562913907286,0.2913907284768212
