var1,var2,var3,var4,var5,var6
0.01652892561983471,0.10743801652892562,0.1322314049586777,0.1652892561983471,0.24793388429752067,0.3305785123966942
