var1,var2,var3,var4,var5,var6
0.05714285714285714,0.07142857142857142,0.1,0.1761904761904762,0.2857142857142857,0.30952380952380953
