var1,var2,var3,var4,var5,var6
0.031007751937984496,0.06201550387596899,0.08527131782945736,0.12403100775193798,0.27906976744186046,0.4186046511627907
