var1,var2,var3,var4,var5,var6
0.07389162561576355,0.08374384236453201,0.12807881773399016,0.21674876847290642,0.2315270935960591,0.2660098522167488
