var1,var2,var3,var4,var5,var6
0.12234042553191489,0.1276595744680851,0.14361702127659576,0.18085106382978725,0.2074468085106383,0.21808510638297873
