var1,var2,var3,var4,var5,var6
0.08130081300813008,0.10569105691056911,0.11382113821138211,0.13008130081300814,0.14634146341463414,0.42276422764227645
