var1,var2,var3,var4,var5,var6
0.01556420233463035,0.10116731517509728,0.1517509727626459,0.21011673151750973,0.24124513618677043,0.2801556420233463
