var1,var2,var3,var4,var5,var6
0.04608294930875576,0.07373271889400922,0.17972350230414746,0.20276497695852536,0.23963133640552994,0.25806451612903225
