var1,var2,var3,var4,var5,var6
0.018867924528301886,0.07547169811320754,0.11949685534591195,0.1320754716981132,0.3018867924528302,0.3522012578616352
