var1,var2,var3,var4,var5,var6
0.06870229007633588,0.11450381679389313,0.12213740458015267,0.16030534351145037,0.1984732824427481,0.33587786259541985
