var1,var2,var3,var4,var5,var6
0.041666666666666664,0.08333333333333333,0.09722222222222222,0.1527777777777778,0.2962962962962963,0.3287037037037037
