var1,var2,var3,var4,var5,var6
0.060109289617486336,0.1092896174863388,0.14207650273224043,0.18579234972677597,0.24043715846994534,0.26229508196721313
