var1,var2,var3,var4,var5,var6
0.08053691275167785,0.1342281879194631,0.15436241610738255,0.1610738255033557,0.20134228187919462,0.2684563758389262
