var1,var2,var3,var4,var5,var6
0.04072398190045249,0.058823529411764705,0.1493212669683258,0.17194570135746606,0.22624434389140272,0.35294117647058826
