var1,var2,var3,var4,var5,var6
0.04819277108433735,0.1144578313253012,0.13855421686746988,0.1927710843373494,0.21084337349397592,0.29518072289156627
