var1,var2,var3,var4,var5,var6
0.07086614173228346,0.10236220472440945,0.12598425196850394,0.18110236220472442,0.1889763779527559,0.33070866141732286
