var1,var2,var3,var4,var5,var6
0.05181347150259067,0.07772020725388601,0.11398963730569948,0.23834196891191708,0.24870466321243523,0.2694300518134715
