var1,var2,var3,var4,var5,var6
0.04216867469879518,0.06626506024096386,0.12048192771084337,0.15060240963855423,0.25301204819277107,0.3674698795180723
