var1,var2,var3,var4,var5,var6
0.03314917127071823,0.08839779005524862,0.143646408839779,0.16574585635359115,0.27071823204419887,0.2983425414364641
