var1,var2,var3,var4,var5,var6
0.027210884353741496,0.034013605442176874,0.12244897959183673,0.1360544217687075,0.29931972789115646,0.38095238095238093
