var1,var2,var3,var4,var5,var6
0.014184397163120567,0.05673758865248227,0.1276595744680851,0.16312056737588654,0.2695035460992908,0.36879432624113473
