var1,var2,var3,var4,var5,var6
0.008130081300813009,0.06504065040650407,0.0975609756097561,0.13008130081300814,0.3089430894308943,0.3902439024390244
