var1,var2,var3,var4,var5,var6
0.0880503144654088,0.11949685534591195,0.1320754716981132,0.1761006289308176,0.20125786163522014,0.2830188679245283
