var1,var2,var3,var4,var5,var6
0.024390243902439025,0.04878048780487805,0.0975609756097561,0.1951219512195122,0.3089430894308943,0.3252032520325203
