var1,var2,var3,var4,var5,var6
0.0547945205479452,0.0730593607305936,0.1461187214611872,0.1689497716894977,0.2557077625570776,0.3013698630136986
