var1,var2,var3,var4,var5,var6
0.025906735751295335,0.07253886010362694,0.08290155440414508,0.17616580310880828,0.2538860103626943,0.38860103626943004
