var1,var2,var3,var4,var5,var6
0.04736842105263158,0.07894736842105263,0.14736842105263157,0.18947368421052632,0.21578947368421053,0.32105263157894737
