var1,var2,var3,var4,var5,var6
0.05202312138728324,0.08092485549132948,0.09248554913294797,0.12716763005780346,0.28901734104046245,0.3583815028901734
