var1,var2,var3,var4,var5,var6
0.048484848484848485,0.06666666666666667,0.08484848484848485,0.12121212121212122,0.32727272727272727,0.3515151515151515
