var1,var2,var3,var4,var5,var6
0.05025125628140704,0.10050251256281408,0.11557788944723618,0.21105527638190955,0.24120603015075376,0.2814070351758794
