var1,var2,var3,var4,var5,var6
0.08163265306122448,0.10204081632653061,0.1360544217687075,0.14965986394557823,0.17687074829931973,0.35374149659863946
