var1,var2,var3,var4,var5,var6
0.05472636815920398,0.11940298507462686,0.13432835820895522,0.15920398009950248,0.24875621890547264,0.2835820895522388
