var1,var2,var3,var4,var5,var6
0.020512820512820513,0.11282051282051282,0.15384615384615385,0.18461538461538463,0.2358974358974359,0.2923076923076923
