var1,var2,var3,var4,var5,var6
0.01775147928994083,0.07100591715976332,0.10650887573964497,0.1301775147928994,0.2958579881656805,0.378698224852071
