var1,var2,var3,var4,var5,var6
0.0875,0.10625,0.125,0.15,0.1625,0.36875
