var1,var2,var3,var4,var5,var6
0.01675977653631285,0.08379888268156424,0.12849162011173185,0.17318435754189945,0.22346368715083798,0.3743016759776536
