var1,var2,var3,var4,var5,var6
0.04065040650406504,0.06504065040650407,0.11382113821138211,0.13008130081300814,0.18699186991869918,0.4634146341463415
