var1,var2,var3,var4,var5,var6
0.10084033613445378,0.1092436974789916,0.13445378151260504,0.18487394957983194,0.20168067226890757,0.2689075630252101
