var1,var2,var3,var4,var5,var6
0.013793103448275862,0.041379310344827586,0.14482758620689656,0.16551724137931034,0.27586206896551724,0.3586206896551724
