var1,var2,var3,var4,var5,var6
0.05405405405405406,0.06486486486486487,0.10810810810810811,0.14054054054054055,0.3081081081081081,0.32432432432432434
