var1,var2,var3,var4,var5,var6
0.06857142857142857,0.10857142857142857,0.13714285714285715,0.18285714285714286,0.2,0.3028571428571429
