var1,var2,var3,var4,var5,var6
0.08530805687203792,0.0947867298578199,0.11848341232227488,0.12322274881516587,0.2559241706161137,0.3222748815165877
