var1,var2,var3,var4,var5,var6
0.014598540145985401,0.10948905109489052,0.13138686131386862,0.1897810218978102,0.26277372262773724,0.291970802919708
