var1,var2,var3,var4,var5,var6
0.03355704697986577,0.04697986577181208,0.10738255033557047,0.21476510067114093,0.2348993288590604,0.3624161073825503
