var1,var2,var3,var4,var5,var6
0.03056768558951965,0.06986899563318777,0.1222707423580786,0.16593886462882096,0.26200873362445415,0.34934497816593885
