var1,var2,var3,var4,var5,var6
0.03980099502487562,0.10945273631840796,0.11442786069651742,0.208955223880597,0.23880597014925373,0.2885572139303483
