var1,var2,var3,var4,var5,var6
0.0903954802259887,0.12994350282485875,0.14689265536723164,0.1807909604519774,0.2033898305084746,0.24858757062146894
