var1,var2,var3,var4,var5,var6
0.056140350877192984,0.11228070175438597,0.12631578947368421,0.20350877192982456,0.23157894736842105,0.27017543859649124
