var1,var2,var3,var4,var5,var6
0.022099447513812154,0.06077348066298342,0.11049723756906077,0.19889502762430938,0.26519337016574585,0.3425414364640884
