var1,var2,var3,var4,var5,var6
0.05069124423963134,0.06451612903225806,0.11981566820276497,0.1382488479262673,0.2995391705069124,0.3271889400921659
