var1,var2,var3,var4,var5,var6
0.08053691275167785,0.10067114093959731,0.1476510067114094,0.1610738255033557,0.2348993288590604,0.2751677852348993
