var1,var2,var3,var4,var5,var6
0.050955414012738856,0.07643312101910828,0.17197452229299362,0.1910828025477707,0.20382165605095542,0.3057324840764331
