var1,var2,var3,var4,var5,var6
0.04145077720207254,0.046632124352331605,0.15544041450777202,0.17616580310880828,0.23834196891191708,0.34196891191709844
