var1,var2,var3,var4,var5,var6
0.019230769230769232,0.057692307692307696,0.1794871794871795,0.21153846153846154,0.22435897435897437,0.3076923076923077
