var1,var2,var3,var4,var5,var6
0.014388489208633094,0.07913669064748201,0.12949640287769784,0.2302158273381295,0.2589928057553957,0.28776978417266186
