var1,var2,var3,var4,var5,var6
0.07291666666666667,0.08333333333333333,0.11458333333333333,0.14583333333333334,0.20833333333333334,0.375
