var1,var2,var3,var4,var5,var6
0.00796812749003984,0.12749003984063745,0.1553784860557769,0.20717131474103587,0.23107569721115537,0.27091633466135456
