var1,var2,var3,var4,var5,var6
0.043243243243243246,0.05405405405405406,0.07027027027027027,0.22702702702702704,0.24864864864864866,0.3567567567567568
