var1,var2,var3,var4,var5,var6
0.031007751937984496,0.06201550387596899,0.14728682170542637,0.18604651162790697,0.26356589147286824,0.31007751937984496
