var1,var2,var3,var4,var5,var6
0.07179487179487179,0.1282051282051282,0.15384615384615385,0.1794871794871795,0.19487179487179487,0.2717948717948718
