var1,var2,var3,var4,var5,var6
0.03111111111111111,0.10666666666666667,0.1511111111111111,0.20444444444444446,0.21333333333333335,0.29333333333333333
