var1,var2,var3,var4,var5,var6
0.05714285714285714,0.06857142857142857,0.10285714285714286,0.14857142857142858,0.26857142857142857,0.35428571428571426
