var1,var2,var3,var4,var5,var6
0.03225806451612903,0.08602150537634409,0.12903225806451613,0.17204301075268819,0.23655913978494625,0.34408602150537637
