var1,var2,var3,var4,var5,var6
0.04519774011299435,0.0903954802259887,0.11299435028248588,0.192090395480226,0.1977401129943503,0.3615819209039548
