var1,var2,var3,var4,var5,var6
0.02358490566037736,0.0330188679245283,0.11320754716981132,0.19339622641509435,0.29245283018867924,0.3443396226415094
