var1,var2,var3,var4,var5,var6
0.036734693877551024,0.09387755102040816,0.13877551020408163,0.21224489795918366,0.2530612244897959,0.2653061224489796
