var1,var2,var3,var4,var5,var6
0.053475935828877004,0.0748663101604278,0.11764705882352941,0.16042780748663102,0.28342245989304815,0.31016042780748665
