var1,var2,var3,var4,var5,var6
0.09392265193370165,0.10497237569060773,0.12154696132596685,0.16022099447513813,0.2430939226519337,0.27624309392265195
