var1,var2,var3,var4,var5,var6
0.11038961038961038,0.14285714285714285,0.14935064935064934,0.17532467532467533,0.18831168831168832,0.23376623376623376
