var1,var2,var3,var4,var5,var6
0.05113636363636364,0.0625,0.1534090909090909,0.22727272727272727,0.24431818181818182,0.26136363636363635
