var1,var2,var3,var4,var5,var6
0.04790419161676647,0.09580838323353294,0.1497005988023952,0.20958083832335328,0.2275449101796407,0.2694610778443114
