var1,var2,var3,var4,var5,var6
0.026845637583892617,0.087248322147651,0.12751677852348994,0.22818791946308725,0.2483221476510067,0.28187919463087246
