var1,var2,var3,var4,var5,var6
0.026490066225165563,0.09933774834437085,0.11920529801324503,0.2119205298013245,0.26490066225165565,0.2781456953642384
