var1,var2,var3,var4,var5,var6
0.060810810810810814,0.0945945945945946,0.11486486486486487,0.16891891891891891,0.25675675675675674,0.30405405405405406
