var1,var2,var3,var4,var5,var6
0.056910569105691054,0.08943089430894309,0.11382113821138211,0.13821138211382114,0.21138211382113822,0.3902439024390244
