var1,var2,var3,var4,var5,var6
0.027210884353741496,0.06802721088435375,0.07482993197278912,0.23129251700680273,0.24489795918367346,0.35374149659863946
