var1,var2,var3,var4,var5,var6
0.04219409282700422,0.05063291139240506,0.1308016877637131,0.1518987341772152,0.29535864978902954,0.3291139240506329
