var1,var2,var3,var4,var5,var6
0.06532663316582915,0.08040201005025126,0.1507537688442211,0.18090452261306533,0.20100502512562815,0.32160804020100503
