var1,var2,var3,var4,var5,var6
0.05533596837944664,0.09090909090909091,0.11857707509881422,0.22134387351778656,0.25296442687747034,0.2608695652173913
