var1,var2,var3,var4,var5,var6
0.03428571428571429,0.13142857142857142,0.17142857142857143,0.17714285714285713,0.2,0.2857142857142857
