var1,var2,var3,var4,var5,var6
0.019417475728155338,0.04854368932038835,0.13592233009708737,0.17475728155339806,0.27184466019417475,0.34951456310679613
