var1,var2,var3,var4,var5,var6
0.058823529411764705,0.14901960784313725,0.16470588235294117,0.17254901960784313,0.20392156862745098,0.25098039215686274
