var1,var2,var3,var4,var5,var6
0.03626943005181347,0.06217616580310881,0.17098445595854922,0.18134715025906736,0.26424870466321243,0.2849740932642487
