var1,var2,var3,var4,var5,var6
0.02976190476190476,0.07142857142857142,0.13690476190476192,0.17261904761904762,0.23214285714285715,0.35714285714285715
