var1,var2,var3,var4,var5,var6
0.03508771929824561,0.12280701754385964,0.17543859649122806,0.18128654970760233,0.19298245614035087,0.29239766081871343
