var1,var2,var3,var4,var5,var6
0.08133971291866028,0.11004784688995216,0.1291866028708134,0.16267942583732056,0.22966507177033493,0.28708133971291866
