var1,var2,var3,var4,var5,var6
0.08484848484848485,0.13333333333333333,0.15757575757575756,0.19393939393939394,0.2,0.23030303030303031
