var1,var2,var3,var4,var5,var6
0.026785714285714284,0.07589285714285714,0.08482142857142858,0.22321428571428573,0.23660714285714285,0.35267857142857145
