var1,var2,var3,var4,var5,var6
0.0898876404494382,0.12921348314606743,0.15168539325842698,0.19662921348314608,0.20224719101123595,0.2303370786516854
