var1,var2,var3,var4,var5,var6
0.059880239520958084,0.08383233532934131,0.09580838323353294,0.1497005988023952,0.19161676646706588,0.41916167664670656
