var1,var2,var3,var4,var5,var6
0.05442176870748299,0.06802721088435375,0.08843537414965986,0.16326530612244897,0.24489795918367346,0.38095238095238093
