var1,var2,var3,var4,var5,var6
0.031055900621118012,0.049689440993788817,0.11180124223602485,0.18633540372670807,0.2111801242236025,0.40993788819875776
