var1,var2,var3,var4,var5,var6
0.06691449814126393,0.10780669144981413,0.1412639405204461,0.18587360594795538,0.23048327137546468,0.26765799256505574
