var1,var2,var3,var4,var5,var6
0.06976744186046512,0.08372093023255814,0.12093023255813953,0.15813953488372093,0.26976744186046514,0.29767441860465116
