var1,var2,var3,var4,var5,var6
0.013605442176870748,0.04081632653061224,0.10884353741496598,0.20408163265306123,0.25170068027210885,0.38095238095238093
