var1,var2,var3,var4,var5,var6
0.07272727272727272,0.09090909090909091,0.10909090909090909,0.23030303030303031,0.23636363636363636,0.2606060606060606
