var1,var2,var3,var4,var5,var6
0.01702127659574468,0.1276595744680851,0.14893617021276595,0.2127659574468085,0.225531914893617,0.2680851063829787
