var1,var2,var3,var4,var5,var6
0.0684931506849315,0.13013698630136986,0.1643835616438356,0.18493150684931506,0.21232876712328766,0.23972602739726026
