var1,var2,var3,var4,var5,var6
0.015957446808510637,0.0797872340425532,0.14361702127659576,0.20212765957446807,0.24468085106382978,0.31382978723404253
