var1,var2,var3,var4,var5,var6
0.022099447513812154,0.03314917127071823,0.14917127071823205,0.2265193370165746,0.2541436464088398,0.3149171270718232
