var1,var2,var3,var4,var5,var6
0.024390243902439025,0.032520325203252036,0.06504065040650407,0.24390243902439024,0.2601626016260163,0.37398373983739835
