var1,var2,var3,var4,var5,var6
0.06763285024154589,0.0966183574879227,0.1111111111111111,0.12560386473429952,0.2608695652173913,0.33816425120772947
