var1,var2,var3,var4,var5,var6
0.03731343283582089,0.05970149253731343,0.11940298507462686,0.13432835820895522,0.22388059701492538,0.4253731343283582
