var1,var2,var3,var4,var5,var6
0.03278688524590164,0.06557377049180328,0.08196721311475409,0.22950819672131148,0.24043715846994534,0.34972677595628415
