var1,var2,var3,var4,var5,var6
0.047619047619047616,0.08163265306122448,0.14965986394557823,0.16326530612244897,0.21768707482993196,0.3401360544217687
