var1,var2,var3,var4,var5,var6
0.04878048780487805,0.14634146341463414,0.15609756097560976,0.17560975609756097,0.22926829268292684,0.24390243902439024
