var1,var2,var3,var4,var5,var6
0.046153846153846156,0.06153846153846154,0.16923076923076924,0.2,0.2205128205128205,0.30256410256410254
