var1,var2,var3,var4,var5,var6
0.030456852791878174,0.08629441624365482,0.10152284263959391,0.17258883248730963,0.2233502538071066,0.38578680203045684
