var1,var2,var3,var4,var5,var6
0.027149321266968326,0.08597285067873303,0.13574660633484162,0.1493212669683258,0.25339366515837103,0.34841628959276016
