var1,var2,var3,var4,var5,var6
0.07317073170731707,0.09268292682926829,0.17560975609756097,0.2,0.2146341463414634,0.24390243902439024
