var1,var2,var3,var4,var5,var6
0.014184397163120567,0.0851063829787234,0.1347517730496454,0.15602836879432624,0.2127659574468085,0.3971631205673759
