var1,var2,var3,var4,var5,var6
0.08658008658008658,0.12121212121212122,0.15584415584415584,0.19480519480519481,0.21645021645021645,0.22510822510822512
