var1,var2,var3,var4,var5,var6
0.04918032786885246,0.06557377049180328,0.08196721311475409,0.1092896174863388,0.3114754098360656,0.3825136612021858
