var1,var2,var3,var4,var5,var6
0.02824858757062147,0.04519774011299435,0.07909604519774012,0.15819209039548024,0.2598870056497175,0.4293785310734463
