var1,var2,var3,var4,var5,var6
0.06878306878306878,0.07936507936507936,0.10052910052910052,0.2275132275132275,0.25396825396825395,0.2698412698412698
