var1,var2,var3,var4,var5,var6
0.019867549668874173,0.052980132450331126,0.12582781456953643,0.16556291390728478,0.2847682119205298,0.3509933774834437
