var1,var2,var3,var4,var5,var6
0.018691588785046728,0.06542056074766354,0.1308411214953271,0.16822429906542055,0.205607476635514,0.411214953271028
