var1,var2,var3,var4,var5,var6
0.061946902654867256,0.11504424778761062,0.1592920353982301,0.168141592920354,0.20353982300884957,0.2920353982300885
