var1,var2,var3,var4,var5,var6
0.05442176870748299,0.08163265306122448,0.16326530612244897,0.20408163265306123,0.22448979591836735,0.272108843537415
