var1,var2,var3,var4,var5,var6
0.039735099337748346,0.052980132450331126,0.06622516556291391,0.2185430463576159,0.23841059602649006,0.3841059602649007
