var1,var2,var3,var4,var5,var6
0.02631578947368421,0.07236842105263158,0.08552631578947369,0.21052631578947367,0.24342105263157895,0.3618421052631579
