var1,var2,var3,var4,var5,var6
0.024793388429752067,0.04132231404958678,0.1322314049586777,0.21487603305785125,0.2892561983471074,0.2975206611570248
