var1,var2,var3,var4,var5,var6
0.042328042328042326,0.07407407407407407,0.12698412698412698,0.13756613756613756,0.30158730158730157,0.31746031746031744
