var1,var2,var3,var4,var5,var6
0.02608695652173913,0.06956521739130435,0.11304347826086956,0.16521739130434782,0.2956521739130435,0.33043478260869563
