var1,var2,var3,var4,var5,var6
0.028169014084507043,0.0892018779342723,0.10328638497652583,0.16901408450704225,0.22535211267605634,0.38497652582159625
