var1,var2,var3,var4,var5,var6
0.0425531914893617,0.13617021276595745,0.1702127659574468,0.19574468085106383,0.22127659574468084,0.23404255319148937
