var1,var2,var3,var4,var5,var6
0.02553191489361702,0.059574468085106386,0.1276595744680851,0.14042553191489363,0.2978723404255319,0.34893617021276596
