var1,var2,var3,var4,var5,var6
0.031055900621118012,0.07453416149068323,0.12422360248447205,0.16149068322981366,0.17391304347826086,0.43478260869565216
