var1,var2,var3,var4,var5,var6
0.025906735751295335,0.10362694300518134,0.15544041450777202,0.17098445595854922,0.2538860103626943,0.29015544041450775
