var1,var2,var3,var4,var5,var6
0.01904761904761905,0.02857142857142857,0.09523809523809523,0.13333333333333333,0.26666666666666666,0.45714285714285713
