var1,var2,var3,var4,var5,var6
0.06635071090047394,0.14218009478672985,0.16587677725118483,0.17535545023696683,0.1943127962085308,0.2559241706161137
