var1,var2,var3,var4,var5,var6
0.032432432432432434,0.05945945945945946,0.14054054054054055,0.16216216216216217,0.2648648648648649,0.34054054054054056
