var1,var2,var3,var4,var5,var6
0.027972027972027972,0.09090909090909091,0.1048951048951049,0.13986013986013987,0.23776223776223776,0.3986013986013986
