var1,var2,var3,var4,var5,var6
0.020202020202020204,0.04040404040404041,0.09090909090909091,0.16161616161616163,0.30303030303030304,0.3838383838383838
