var1,var2,var3,var4,var5,var6
0.018404907975460124,0.06134969325153374,0.0736196319018405,0.15950920245398773,0.31901840490797545,0.36809815950920244
