var1,var2,var3,var4,var5,var6
0.05325443786982249,0.07100591715976332,0.08284023668639054,0.17751479289940827,0.23668639053254437,0.378698224852071
