var1,var2,var3,var4,var5,var6
0.045662100456621,0.1004566210045662,0.1278538812785388,0.1689497716894977,0.2465753424657534,0.3105022831050228
