var1,var2,var3,var4,var5,var6
0.08641975308641975,0.1111111111111111,0.15432098765432098,0.1728395061728395,0.2222222222222222,0.25308641975308643
