var1,var2,var3,var4,var5,var6
0.02877697841726619,0.03597122302158273,0.08633093525179857,0.2014388489208633,0.302158273381295,0.34532374100719426
