var1,var2,var3,var4,var5,var6
0.07042253521126761,0.13380281690140844,0.1619718309859155,0.19014084507042253,0.19718309859154928,0.24647887323943662
