var1,var2,var3,var4,var5,var6
0.027149321266968326,0.08597285067873303,0.11764705882352941,0.2171945701357466,0.27149321266968324,0.28054298642533937
