var1,var2,var3,var4,var5,var6
0.10276679841897234,0.12648221343873517,0.15019762845849802,0.18181818181818182,0.19367588932806323,0.2450592885375494
