var1,var2,var3,var4,var5,var6
0.01904761904761905,0.0380952380952381,0.14285714285714285,0.17142857142857143,0.26666666666666666,0.3619047619047619
