var1,var2,var3,var4,var5,var6
0.0718954248366013,0.11764705882352941,0.13071895424836602,0.1437908496732026,0.2222222222222222,0.3137254901960784
