var1,var2,var3,var4,var5,var6
0.06938775510204082,0.08163265306122448,0.18775510204081633,0.20408163265306123,0.21224489795918366,0.24489795918367346
