var1,var2,var3,var4,var5,var6
0.04864864864864865,0.10810810810810811,0.16756756756756758,0.1945945945945946,0.23243243243243245,0.24864864864864866
