var1,var2,var3,var4,var5,var6
0.03076923076923077,0.05128205128205128,0.17435897435897435,0.18461538461538463,0.2717948717948718,0.28717948717948716
