var1,var2,var3,var4,var5,var6
0.013215859030837005,0.10572687224669604,0.14096916299559473,0.1762114537444934,0.2555066079295154,0.30837004405286345
