var1,var2,var3,var4,var5,var6
0.08035714285714286,0.12946428571428573,0.14732142857142858,0.19196428571428573,0.20535714285714285,0.24553571428571427
