var1,var2,var3,var4,var5,var6
0.03225806451612903,0.08064516129032258,0.1532258064516129,0.1935483870967742,0.25806451612903225,0.28225806451612906
