var1,var2,var3,var4,var5,var6
0.03940886699507389,0.04433497536945813,0.06896551724137931,0.17733990147783252,0.2561576354679803,0.41379310344827586
