var1,var2,var3,var4,var5,var6
0.06493506493506493,0.07792207792207792,0.11038961038961038,0.12987012987012986,0.16883116883116883,0.44805194805194803
