var1,var2,var3,var4,var5,var6
0.027972027972027972,0.06993006993006994,0.09090909090909091,0.1958041958041958,0.2517482517482518,0.36363636363636365
