var1,var2,var3,var4,var5,var6
0.02097902097902098,0.04195804195804196,0.13986013986013987,0.17482517482517482,0.1888111888111888,0.43356643356643354
