var1,var2,var3,var4,var5,var6
0.09248554913294797,0.10404624277456648,0.14450867052023122,0.16184971098265896,0.18497109826589594,0.31213872832369943
