var1,var2,var3,var4,var5,var6
0.022099447513812154,0.0718232044198895,0.08839779005524862,0.1878453038674033,0.287292817679558,0.3425414364640884
