var1,var2,var3,var4,var5,var6
0.05128205128205128,0.05982905982905983,0.08547008547008547,0.17094017094017094,0.23931623931623933,0.39316239316239315
