var1,var2,var3,var4,var5,var6
0.10778443113772455,0.1317365269461078,0.1497005988023952,0.16766467065868262,0.17964071856287425,0.2634730538922156
