var1,var2,var3,var4,var5,var6
0.07453416149068323,0.11180124223602485,0.17391304347826086,0.19875776397515527,0.21739130434782608,0.2236024844720497
