var1,var2,var3,var4,var5,var6
0.07262569832402235,0.0893854748603352,0.1340782122905028,0.1564245810055866,0.18994413407821228,0.3575418994413408
