var1,var2,var3,var4,var5,var6
0.039473684210526314,0.05701754385964912,0.18859649122807018,0.20175438596491227,0.2236842105263158,0.2894736842105263
