var1,var2,var3,var4,var5,var6
0.03314917127071823,0.06077348066298342,0.07734806629834254,0.16574585635359115,0.32044198895027626,0.3425414364640884
