var1,var2,var3,var4,var5,var6
0.024193548387096774,0.04838709677419355,0.11290322580645161,0.20967741935483872,0.22580645161290322,0.3790322580645161
