var1,var2,var3,var4,var5,var6
0.015267175572519083,0.07633587786259542,0.09923664122137404,0.15267175572519084,0.3053435114503817,0.3511450381679389
