var1,var2,var3,var4,var5,var6
0.026845637583892617,0.040268456375838924,0.10067114093959731,0.21476510067114093,0.2684563758389262,0.348993288590604
