var1,var2,var3,var4,var5,var6
0.033783783783783786,0.08783783783783784,0.10810810810810811,0.20270270270270271,0.25,0.31756756756756754
