var1,var2,var3,var4,var5,var6
0.04819277108433735,0.06827309236947791,0.15261044176706828,0.17670682730923695,0.2570281124497992,0.2971887550200803
