var1,var2,var3,var4,var5,var6
0.04830917874396135,0.12077294685990338,0.14009661835748793,0.1497584541062802,0.18357487922705315,0.357487922705314
