var1,var2,var3,var4,var5,var6
0.06584362139917696,0.13991769547325103,0.16049382716049382,0.1728395061728395,0.18930041152263374,0.2716049382716049
