var1,var2,var3,var4,var5,var6
0.053691275167785234,0.06711409395973154,0.15436241610738255,0.20134228187919462,0.24161073825503357,0.28187919463087246
