var1,var2,var3,var4,var5,var6
0.08658008658008658,0.15151515151515152,0.1645021645021645,0.18181818181818182,0.19047619047619047,0.22510822510822512
