var1,var2,var3,var4,var5,var6
0.024793388429752067,0.049586776859504134,0.08264462809917356,0.1487603305785124,0.2644628099173554,0.4297520661157025
