var1,var2,var3,var4,var5,var6
0.035398230088495575,0.09734513274336283,0.1415929203539823,0.168141592920354,0.22123893805309736,0.336283185840708
