var1,var2,var3,var4,var5,var6
0.05555555555555555,0.07407407407407407,0.1111111111111111,0.14814814814814814,0.2839506172839506,0.3271604938271605
