var1,var2,var3,var4,var5,var6
0.06707317073170732,0.13414634146341464,0.1524390243902439,0.18292682926829268,0.22560975609756098,0.23780487804878048
