var1,var2,var3,var4,var5,var6
0.049079754601226995,0.08588957055214724,0.11042944785276074,0.18404907975460122,0.2147239263803681,0.3558282208588957
