var1,var2,var3,var4,var5,var6
0.04597701149425287,0.05747126436781609,0.08045977011494253,0.1896551724137931,0.3045977011494253,0.3218390804597701
