var1,var2,var3,var4,var5,var6
0.07471264367816093,0.09195402298850575,0.13218390804597702,0.15517241379310345,0.21839080459770116,0.3275862068965517
