var1,var2,var3,var4,var5,var6
0.06870229007633588,0.10687022900763359,0.13740458015267176,0.15267175572519084,0.16793893129770993,0.366412213740458
