var1,var2,var3,var4,var5,var6
0.07801418439716312,0.10638297872340426,0.12056737588652482,0.14184397163120568,0.24113475177304963,0.3120567375886525
