var1,var2,var3,var4,var5,var6
0.031914893617021274,0.10106382978723404,0.15425531914893617,0.21808510638297873,0.23404255319148937,0.26063829787234044
