var1,var2,var3,var4,var5,var6
0.0111731843575419,0.0335195530726257,0.10614525139664804,0.1564245810055866,0.3128491620111732,0.37988826815642457
