var1,var2,var3,var4,var5,var6
0.027624309392265192,0.07734806629834254,0.11602209944751381,0.1712707182320442,0.281767955801105,0.3259668508287293
