var1,var2,var3,var4,var5,var6
0.024390243902439025,0.06504065040650407,0.10569105691056911,0.2032520325203252,0.2764227642276423,0.3252032520325203
