var1,var2,var3,var4,var5,var6
0.013793103448275862,0.04827586206896552,0.09655172413793103,0.22758620689655173,0.2689655172413793,0.3448275862068966
