var1,var2,var3,var4,var5,var6
0.055299539170506916,0.09216589861751152,0.15207373271889402,0.19815668202764977,0.2304147465437788,0.271889400921659
