var1,var2,var3,var4,var5,var6
0.015503875968992248,0.09302325581395349,0.14728682170542637,0.18604651162790697,0.24806201550387597,0.31007751937984496
