var1,var2,var3,var4,var5,var6
0.049586776859504134,0.08264462809917356,0.09917355371900827,0.11570247933884298,0.256198347107438,0.39669421487603307
