var1,var2,var3,var4,var5,var6
0.07239819004524888,0.11764705882352941,0.13574660633484162,0.17194570135746606,0.22171945701357465,0.28054298642533937
