var1,var2,var3,var4,var5,var6
0.03787878787878788,0.07575757575757576,0.12121212121212122,0.22727272727272727,0.25757575757575757,0.2803030303030303
