var1,var2,var3,var4,var5,var6
0.018867924528301886,0.0880503144654088,0.12578616352201258,0.22641509433962265,0.2389937106918239,0.3018867924528302
