var1,var2,var3,var4,var5,var6
0.04568527918781726,0.1319796954314721,0.15228426395939088,0.17258883248730963,0.20304568527918782,0.29441624365482233
