var1,var2,var3,var4,var5,var6
0.06707317073170732,0.11585365853658537,0.16463414634146342,0.1951219512195122,0.2073170731707317,0.25
