var1,var2,var3,var4,var5,var6
0.05737704918032787,0.13114754098360656,0.13934426229508196,0.20491803278688525,0.22131147540983606,0.2459016393442623
