var1,var2,var3,var4,var5,var6
0.0761904761904762,0.12380952380952381,0.13333333333333333,0.1523809523809524,0.17142857142857143,0.34285714285714286
