var1,var2,var3,var4,var5,var6
0.08333333333333333,0.10897435897435898,0.1346153846153846,0.15384615384615385,0.1987179487179487,0.32051282051282054
