var1,var2,var3,var4,var5,var6
0.031496062992125984,0.07874015748031496,0.14173228346456693,0.1968503937007874,0.2677165354330709,0.28346456692913385
