var1,var2,var3,var4,var5,var6
0.057692307692307696,0.08333333333333333,0.12179487179487179,0.15384615384615385,0.1987179487179487,0.38461538461538464
