var1,var2,var3,var4,var5,var6
0.04,0.06857142857142857,0.12571428571428572,0.24,0.25142857142857145,0.2742857142857143
