var1,var2,var3,var4,var5,var6
0.029585798816568046,0.047337278106508875,0.10650887573964497,0.22485207100591717,0.2485207100591716,0.3431952662721893
