var1,var2,var3,var4,var5,var6
0.07407407407407407,0.07936507936507936,0.1164021164021164,0.1693121693121693,0.26455026455026454,0.2962962962962963
