var1,var2,var3,var4,var5,var6
0.01818181818181818,0.10909090909090909,0.12121212121212122,0.1696969696969697,0.2545454545454545,0.32727272727272727
