var1,var2,var3,var4,var5,var6
0.05472636815920398,0.07462686567164178,0.0845771144278607,0.23383084577114427,0.26865671641791045,0.2835820895522388
