var1,var2,var3,var4,var5,var6
0.030456852791878174,0.10152284263959391,0.15736040609137056,0.2131979695431472,0.2233502538071066,0.27411167512690354
