var1,var2,var3,var4,var5,var6
0.012738853503184714,0.08280254777070063,0.10191082802547771,0.12101910828025478,0.31210191082802546,0.36942675159235666
