var1,var2,var3,var4,var5,var6
0.011299435028248588,0.03389830508474576,0.10734463276836158,0.2033898305084746,0.2937853107344633,0.3502824858757062
