var1,var2,var3,var4,var5,var6
0.05286343612334802,0.0881057268722467,0.14537444933920704,0.16740088105726872,0.2643171806167401,0.28193832599118945
