var1,var2,var3,var4,var5,var6
0.026143790849673203,0.0392156862745098,0.0915032679738562,0.16339869281045752,0.24836601307189543,0.43137254901960786
