var1,var2,var3,var4,var5,var6
0.037037037037037035,0.09876543209876543,0.11728395061728394,0.18518518518518517,0.20987654320987653,0.35185185185185186
