var1,var2,var3,var4,var5,var6
0.05533596837944664,0.08300395256916997,0.11857707509881422,0.22924901185770752,0.2450592885375494,0.26877470355731226
