var1,var2,var3,var4,var5,var6
0.0365296803652968,0.0867579908675799,0.1643835616438356,0.182648401826484,0.228310502283105,0.3013698630136986
