var1,var2,var3,var4,var5,var6
0.03361344537815126,0.05042016806722689,0.11764705882352941,0.15966386554621848,0.18487394957983194,0.453781512605042
