var1,var2,var3,var4,var5,var6
0.058823529411764705,0.06535947712418301,0.09803921568627451,0.13071895424836602,0.3006535947712418,0.3464052287581699
