var1,var2,var3,var4,var5,var6
0.028169014084507043,0.046948356807511735,0.11737089201877934,0.1596244131455399,0.29107981220657275,0.3568075117370892
