var1,var2,var3,var4,var5,var6
0.04,0.05714285714285714,0.10285714285714286,0.12571428571428572,0.2914285714285714,0.38285714285714284
