var1,var2,var3,var4,var5,var6
0.059233449477351915,0.13240418118466898,0.15331010452961671,0.18118466898954705,0.21602787456445993,0.2578397212543554
