var1,var2,var3,var4,var5,var6
0.018867924528301886,0.03773584905660377,0.1509433962264151,0.20125786163522014,0.2641509433962264,0.3270440251572327
