var1,var2,var3,var4,var5,var6
0.05084745762711865,0.1016949152542373,0.13559322033898305,0.1694915254237288,0.2655367231638418,0.2768361581920904
