var1,var2,var3,var4,var5,var6
0.022857142857142857,0.03428571428571429,0.14285714285714285,0.17142857142857143,0.2742857142857143,0.35428571428571426
