var1,var2,var3,var4,var5,var6
0.05042016806722689,0.10084033613445378,0.14285714285714285,0.20168067226890757,0.2184873949579832,0.2857142857142857
