var1,var2,var3,var4,var5,var6
0.02185792349726776,0.03278688524590164,0.09836065573770492,0.16393442622950818,0.2786885245901639,0.40437158469945356
