var1,var2,var3,var4,var5,var6
0.012269938650306749,0.05521472392638037,0.12269938650306748,0.15950920245398773,0.2883435582822086,0.3619631901840491
