var1,var2,var3,var4,var5,var6
0.05333333333333334,0.13333333333333333,0.16,0.17777777777777778,0.2222222222222222,0.25333333333333335
