var1,var2,var3,var4,var5,var6
0.030456852791878174,0.07106598984771574,0.16751269035532995,0.18781725888324874,0.2639593908629442,0.27918781725888325
