var1,var2,var3,var4,var5,var6
0.026041666666666668,0.0625,0.08333333333333333,0.22395833333333334,0.265625,0.3385416666666667
