var1,var2,var3,var4,var5,var6
0.07100591715976332,0.07692307692307693,0.11834319526627218,0.20118343195266272,0.23668639053254437,0.2958579881656805
