var1,var2,var3,var4,var5,var6
0.041379310344827586,0.06206896551724138,0.08275862068965517,0.1793103448275862,0.19310344827586207,0.4413793103448276
