var1,var2,var3,var4,var5,var6
0.015503875968992248,0.07751937984496124,0.13953488372093023,0.18604651162790697,0.2248062015503876,0.35658914728682173
