var1,var2,var3,var4,var5,var6
0.039301310043668124,0.06986899563318777,0.17467248908296942,0.20087336244541484,0.22707423580786026,0.28820960698689957
