var1,var2,var3,var4,var5,var6
0.01744186046511628,0.05232558139534884,0.1511627906976744,0.21511627906976744,0.2441860465116279,0.31976744186046513
