var1,var2,var3,var4,var5,var6
0.07262569832402235,0.11173184357541899,0.16759776536312848,0.18994413407821228,0.22346368715083798,0.2346368715083799
