var1,var2,var3,var4,var5,var6
0.021621621621621623,0.05405405405405406,0.16756756756756758,0.1783783783783784,0.2594594594594595,0.31891891891891894
