var1,var2,var3,var4,var5,var6
0.012903225806451613,0.06451612903225806,0.16129032258064516,0.2,0.2709677419354839,0.2903225806451613
