var1,var2,var3,var4,var5,var6
0.07537688442211055,0.10050251256281408,0.12060301507537688,0.1407035175879397,0.19095477386934673,0.37185929648241206
