var1,var2,var3,var4,var5,var6
0.02142857142857143,0.05714285714285714,0.06428571428571428,0.15,0.24285714285714285,0.4642857142857143
