var1,var2,var3,var4,var5,var6
0.02185792349726776,0.09836065573770492,0.13114754098360656,0.18579234972677597,0.20218579234972678,0.36065573770491804
