var1,var2,var3,var4,var5,var6
0.11646586345381527,0.13253012048192772,0.1606425702811245,0.17269076305220885,0.19678714859437751,0.22088353413654618
