var1,var2,var3,var4,var5,var6
0.011560693641618497,0.13872832369942195,0.15606936416184972,0.19653179190751446,0.23121387283236994,0.2658959537572254
