var1,var2,var3,var4,var5,var6
0.03292181069958848,0.11522633744855967,0.15637860082304528,0.19753086419753085,0.20987654320987653,0.2880658436213992
