var1,var2,var3,var4,var5,var6
0.03686635944700461,0.08755760368663594,0.10138248847926268,0.16589861751152074,0.2119815668202765,0.39631336405529954
