var1,var2,var3,var4,var5,var6
0.04216867469879518,0.07228915662650602,0.10240963855421686,0.22289156626506024,0.2710843373493976,0.2891566265060241
