var1,var2,var3,var4,var5,var6
0.01951219512195122,0.06341463414634146,0.17560975609756097,0.18536585365853658,0.23414634146341465,0.32195121951219513
