var1,var2,var3,var4,var5,var6
0.04790419161676647,0.0658682634730539,0.08383233532934131,0.09580838323353294,0.2994011976047904,0.40718562874251496
