var1,var2,var3,var4,var5,var6
0.03076923076923077,0.05641025641025641,0.08205128205128205,0.15384615384615385,0.3282051282051282,0.3487179487179487
