var1,var2,var3,var4,var5,var6
0.12449799196787148,0.13654618473895583,0.14859437751004015,0.18473895582329317,0.1927710843373494,0.21285140562248997
