var1,var2,var3,var4,var5,var6
0.03076923076923077,0.046153846153846156,0.12307692307692308,0.14358974358974358,0.3076923076923077,0.3487179487179487
