var1,var2,var3,var4,var5,var6
0.021897810218978103,0.08759124087591241,0.10218978102189781,0.11678832116788321,0.31386861313868614,0.35766423357664234
