var1,var2,var3,var4,var5,var6
0.027210884353741496,0.047619047619047616,0.1360544217687075,0.14965986394557823,0.21768707482993196,0.4217687074829932
