var1,var2,var3,var4,var5,var6
0.01818181818181818,0.07878787878787878,0.1393939393939394,0.19393939393939394,0.2606060606060606,0.3090909090909091
