var1,var2,var3,var4,var5,var6
0.018018018018018018,0.06306306306306306,0.12612612612612611,0.15315315315315314,0.2702702702702703,0.36936936936936937
