var1,var2,var3,var4,var5,var6
0.02054794520547945,0.0547945205479452,0.0821917808219178,0.23972602739726026,0.2534246575342466,0.3493150684931507
