var1,var2,var3,var4,var5,var6
0.07738095238095238,0.13690476190476192,0.15476190476190477,0.18452380952380953,0.19642857142857142,0.25
