var1,var2,var3,var4,var5,var6
0.02962962962962963,0.044444444444444446,0.08888888888888889,0.17777777777777778,0.28888888888888886,0.37037037037037035
