var1,var2,var3,var4,var5,var6
0.011299435028248588,0.07909604519774012,0.15819209039548024,0.1977401129943503,0.2598870056497175,0.2937853107344633
