var1,var2,var3,var4,var5,var6
0.06040268456375839,0.10067114093959731,0.10738255033557047,0.15436241610738255,0.2483221476510067,0.3288590604026846
