var1,var2,var3,var4,var5,var6
0.027972027972027972,0.08391608391608392,0.0979020979020979,0.16783216783216784,0.21678321678321677,0.40559440559440557
