var1,var2,var3,var4,var5,var6
0.03424657534246575,0.136986301369863,0.1643835616438356,0.1917808219178082,0.21232876712328766,0.2602739726027397
