var1,var2,var3,var4,var5,var6
0.05945945945945946,0.0972972972972973,0.17297297297297298,0.20540540540540542,0.22702702702702704,0.23783783783783785
