var1,var2,var3,var4,var5,var6
0.02962962962962963,0.05925925925925926,0.07407407407407407,0.17777777777777778,0.28888888888888886,0.37037037037037035
