var1,var2,var3,var4,var5,var6
0.06614785992217899,0.11673151750972763,0.15953307392996108,0.19455252918287938,0.22178988326848248,0.24124513618677043
