var1,var2,var3,var4,var5,var6
0.057692307692307696,0.14615384615384616,0.1576923076923077,0.17692307692307693,0.21923076923076923,0.2423076923076923
