var1,var2,var3,var4,var5,var6
0.02564102564102564,0.06837606837606838,0.08547008547008547,0.10256410256410256,0.2905982905982906,0.42735042735042733
