var1,var2,var3,var4,var5,var6
0.013245033112582781,0.08609271523178808,0.11258278145695365,0.13245033112582782,0.23841059602649006,0.41721854304635764
