var1,var2,var3,var4,var5,var6
0.05612244897959184,0.1377551020408163,0.14795918367346939,0.17346938775510204,0.23469387755102042,0.25
