var1,var2,var3,var4,var5,var6
0.07734806629834254,0.11049723756906077,0.143646408839779,0.16574585635359115,0.23756906077348067,0.26519337016574585
