var1,var2,var3,var4,var5,var6
0.02654867256637168,0.07964601769911504,0.09734513274336283,0.13274336283185842,0.24778761061946902,0.415929203539823
