var1,var2,var3,var4,var5,var6
0.02631578947368421,0.05263157894736842,0.10526315789473684,0.12280701754385964,0.2631578947368421,0.4298245614035088
