var1,var2,var3,var4,var5,var6
0.03553299492385787,0.06091370558375635,0.18274111675126903,0.20304568527918782,0.233502538071066,0.28426395939086296
