var1,var2,var3,var4,var5,var6
0.0658682634730539,0.11976047904191617,0.16167664670658682,0.17365269461077845,0.20359281437125748,0.2754491017964072
