var1,var2,var3,var4,var5,var6
0.023668639053254437,0.08875739644970414,0.10650887573964497,0.1893491124260355,0.23668639053254437,0.35502958579881655
