var1,var2,var3,var4,var5,var6
0.08496732026143791,0.09803921568627451,0.13071895424836602,0.1503267973856209,0.1895424836601307,0.3464052287581699
