var1,var2,var3,var4,var5,var6
0.07729468599033816,0.11594202898550725,0.13043478260869565,0.1642512077294686,0.2222222222222222,0.2898550724637681
