var1,var2,var3,var4,var5,var6
0.04784688995215311,0.05741626794258373,0.19138755980861244,0.20574162679425836,0.21052631578947367,0.28708133971291866
