var1,var2,var3,var4,var5,var6
0.08450704225352113,0.12206572769953052,0.15023474178403756,0.1596244131455399,0.19248826291079812,0.29107981220657275
