var1,var2,var3,var4,var5,var6
0.027210884353741496,0.06802721088435375,0.1360544217687075,0.1836734693877551,0.2857142857142857,0.29931972789115646
