var1,var2,var3,var4,var5,var6
0.03508771929824561,0.04678362573099415,0.11695906432748537,0.14035087719298245,0.3157894736842105,0.34502923976608185
