var1,var2,var3,var4,var5,var6
0.009523809523809525,0.09523809523809523,0.11428571428571428,0.19047619047619047,0.26666666666666666,0.3238095238095238
