var1,var2,var3,var4,var5,var6
0.03076923076923077,0.046153846153846156,0.1641025641025641,0.18461538461538463,0.2358974358974359,0.3384615384615385
