var1,var2,var3,var4,var5,var6
0.00975609756097561,0.07804878048780488,0.15609756097560976,0.2,0.2634146341463415,0.2926829268292683
