var1,var2,var3,var4,var5,var6
0.03333333333333333,0.05333333333333334,0.12,0.2,0.26,0.3333333333333333
