var1,var2,var3,var4,var5,var6
0.026595744680851064,0.05319148936170213,0.09042553191489362,0.2074468085106383,0.25,0.3723404255319149
