var1,var2,var3,var4,var5,var6
0.028368794326241134,0.0425531914893617,0.07801418439716312,0.1702127659574468,0.28368794326241137,0.3971631205673759
