var1,var2,var3,var4,var5,var6
0.045662100456621,0.0821917808219178,0.1004566210045662,0.1552511415525114,0.2968036529680365,0.319634703196347
