var1,var2,var3,var4,var5,var6
0.04316546762589928,0.07913669064748201,0.15827338129496402,0.22302158273381295,0.2446043165467626,0.2517985611510791
