var1,var2,var3,var4,var5,var6
0.011976047904191617,0.059880239520958084,0.10778443113772455,0.1437125748502994,0.31736526946107785,0.3592814371257485
