var1,var2,var3,var4,var5,var6
0.026143790849673203,0.032679738562091505,0.10457516339869281,0.20915032679738563,0.29411764705882354,0.3333333333333333
