var1,var2,var3,var4,var5,var6
0.016260162601626018,0.032520325203252036,0.12195121951219512,0.17886178861788618,0.2926829268292683,0.35772357723577236
