var1,var2,var3,var4,var5,var6
0.020689655172413793,0.06896551724137931,0.1793103448275862,0.21379310344827587,0.2206896551724138,0.296551724137931
