var1,var2,var3,var4,var5,var6
0.026490066225165563,0.039735099337748346,0.11258278145695365,0.18543046357615894,0.2781456953642384,0.3576158940397351
