var1,var2,var3,var4,var5,var6
0.03626943005181347,0.08808290155440414,0.15025906735751296,0.19689119170984457,0.21243523316062177,0.3160621761658031
