var1,var2,var3,var4,var5,var6
0.04032258064516129,0.056451612903225805,0.08870967741935484,0.13709677419354838,0.20161290322580644,0.47580645161290325
