var1,var2,var3,var4,var5,var6
0.055299539170506916,0.10138248847926268,0.1152073732718894,0.1935483870967742,0.25806451612903225,0.2764976958525346
