var1,var2,var3,var4,var5,var6
0.024390243902439025,0.04878048780487805,0.12195121951219512,0.24390243902439024,0.2601626016260163,0.3008130081300813
