var1,var2,var3,var4,var5,var6
0.025477707006369428,0.08917197452229299,0.10828025477707007,0.17834394904458598,0.2802547770700637,0.3184713375796178
