var1,var2,var3,var4,var5,var6
0.024793388429752067,0.03305785123966942,0.1322314049586777,0.1487603305785124,0.2975206611570248,0.36363636363636365
