var1,var2,var3,var4,var5,var6
0.0639269406392694,0.1187214611872146,0.1461187214611872,0.1643835616438356,0.2054794520547945,0.3013698630136986
