var1,var2,var3,var4,var5,var6
0.06293706293706294,0.08391608391608392,0.11188811188811189,0.13986013986013987,0.27972027972027974,0.32167832167832167
