var1,var2,var3,var4,var5,var6
0.023121387283236993,0.09248554913294797,0.12716763005780346,0.2023121387283237,0.20809248554913296,0.3468208092485549
