var1,var2,var3,var4,var5,var6
0.02510460251046025,0.1506276150627615,0.1589958158995816,0.19246861924686193,0.2301255230125523,0.24267782426778242
