var1,var2,var3,var4,var5,var6
0.03404255319148936,0.13617021276595745,0.14893617021276595,0.20425531914893616,0.2297872340425532,0.24680851063829787
