var1,var2,var3,var4,var5,var6
0.03389830508474576,0.06779661016949153,0.0847457627118644,0.192090395480226,0.3050847457627119,0.3163841807909605
