var1,var2,var3,var4,var5,var6
0.027906976744186046,0.06511627906976744,0.11627906976744186,0.15813953488372093,0.30697674418604654,0.32558139534883723
