var1,var2,var3,var4,var5,var6
0.03571428571428571,0.08333333333333333,0.09523809523809523,0.22023809523809523,0.27380952380952384,0.2916666666666667
