var1,var2,var3,var4,var5,var6
0.07048458149779736,0.0881057268722467,0.11894273127753303,0.13215859030837004,0.24669603524229075,0.3436123348017621
