var1,var2,var3,var4,var5,var6
0.0273224043715847,0.12021857923497267,0.15846994535519127,0.19672131147540983,0.21311475409836064,0.28415300546448086
