var1,var2,var3,var4,var5,var6
0.06358381502890173,0.06936416184971098,0.11560693641618497,0.21965317919075145,0.2543352601156069,0.2774566473988439
