var1,var2,var3,var4,var5,var6
0.04201680672268908,0.09243697478991597,0.14285714285714285,0.21008403361344538,0.226890756302521,0.2857142857142857
