var1,var2,var3,var4,var5,var6
0.025157232704402517,0.09433962264150944,0.12578616352201258,0.13836477987421383,0.20125786163522014,0.41509433962264153
