var1,var2,var3,var4,var5,var6
0.023952095808383235,0.03592814371257485,0.08383233532934131,0.20359281437125748,0.2694610778443114,0.38323353293413176
