var1,var2,var3,var4,var5,var6
0.0392156862745098,0.06535947712418301,0.0915032679738562,0.1111111111111111,0.27450980392156865,0.41830065359477125
