var1,var2,var3,var4,var5,var6
0.07633587786259542,0.08396946564885496,0.1297709923664122,0.15267175572519084,0.22137404580152673,0.33587786259541985
