var1,var2,var3,var4,var5,var6
0.013071895424836602,0.026143790849673203,0.12418300653594772,0.16993464052287582,0.2875816993464052,0.3790849673202614
