var1,var2,var3,var4,var5,var6
0.031746031746031744,0.1164021164021164,0.12698412698412698,0.164021164021164,0.19047619047619047,0.37037037037037035
