var1,var2,var3,var4,var5,var6
0.046242774566473986,0.09248554913294797,0.10404624277456648,0.1329479768786127,0.2774566473988439,0.3468208092485549
