var1,var2,var3,var4,var5,var6
0.04424778761061947,0.07079646017699115,0.12389380530973451,0.1415929203539823,0.23008849557522124,0.3893805309734513
