var1,var2,var3,var4,var5,var6
0.022321428571428572,0.03571428571428571,0.125,0.15625,0.29910714285714285,0.36160714285714285
