var1,var2,var3,var4,var5,var6
0.05504587155963303,0.13302752293577982,0.15137614678899083,0.1834862385321101,0.22477064220183487,0.25229357798165136
