var1,var2,var3,var4,var5,var6
0.029239766081871343,0.05263157894736842,0.14619883040935672,0.2222222222222222,0.23976608187134502,0.30994152046783624
