var1,var2,var3,var4,var5,var6
0.02654867256637168,0.05309734513274336,0.08849557522123894,0.17699115044247787,0.24778761061946902,0.40707964601769914
