var1,var2,var3,var4,var5,var6
0.024539877300613498,0.09202453987730061,0.13496932515337423,0.19631901840490798,0.26993865030674846,0.2822085889570552
