var1,var2,var3,var4,var5,var6
0.05161290322580645,0.05806451612903226,0.14193548387096774,0.23225806451612904,0.24516129032258063,0.2709677419354839
