var1,var2,var3,var4,var5,var6
0.06936416184971098,0.07514450867052024,0.17341040462427745,0.18497109826589594,0.2023121387283237,0.2947976878612717
