var1,var2,var3,var4,var5,var6
0.06722689075630252,0.07563025210084033,0.10084033613445378,0.13445378151260504,0.2857142857142857,0.33613445378151263
