var1,var2,var3,var4,var5,var6
0.05687203791469194,0.07582938388625593,0.16587677725118483,0.18009478672985782,0.21800947867298578,0.3033175355450237
