var1,var2,var3,var4,var5,var6
0.008583690987124463,0.1072961373390558,0.1630901287553648,0.1888412017167382,0.2317596566523605,0.30042918454935624
