var1,var2,var3,var4,var5,var6
0.020689655172413793,0.06206896551724138,0.06896551724137931,0.15862068965517243,0.31724137931034485,0.3724137931034483
