var1,var2,var3,var4,var5,var6
0.018072289156626505,0.10240963855421686,0.15060240963855423,0.18674698795180722,0.25903614457831325,0.28313253012048195
