var1,var2,var3,var4,var5,var6
0.01646090534979424,0.13991769547325103,0.1646090534979424,0.19753086419753085,0.21810699588477367,0.26337448559670784
