var1,var2,var3,var4,var5,var6
0.015384615384615385,0.05128205128205128,0.13333333333333333,0.20512820512820512,0.22564102564102564,0.36923076923076925
