var1,var2,var3,var4,var5,var6
0.01694915254237288,0.04519774011299435,0.0847457627118644,0.22598870056497175,0.2598870056497175,0.3672316384180791
