var1,var2,var3,var4,var5,var6
0.02654867256637168,0.04424778761061947,0.1504424778761062,0.20353982300884957,0.25663716814159293,0.3185840707964602
