var1,var2,var3,var4,var5,var6
0.04678362573099415,0.05847953216374269,0.13450292397660818,0.16374269005847952,0.2573099415204678,0.3391812865497076
