var1,var2,var3,var4,var5,var6
0.03184713375796178,0.10191082802547771,0.16560509554140126,0.2229299363057325,0.22929936305732485,0.2484076433121019
