var1,var2,var3,var4,var5,var6
0.05581395348837209,0.13953488372093023,0.14883720930232558,0.18604651162790697,0.20930232558139536,0.26046511627906976
