var1,var2,var3,var4,var5,var6
0.10218978102189781,0.11678832116788321,0.13138686131386862,0.18248175182481752,0.20437956204379562,0.26277372262773724
