var1,var2,var3,var4,var5,var6
0.09266409266409266,0.13127413127413126,0.15444015444015444,0.16988416988416988,0.1969111969111969,0.2548262548262548
