var1,var2,var3,var4,var5,var6
0.01652892561983471,0.08264462809917356,0.1487603305785124,0.19008264462809918,0.2644628099173554,0.2975206611570248
