var1,var2,var3,var4,var5,var6
0.057803468208092484,0.10404624277456648,0.1329479768786127,0.21965317919075145,0.2254335260115607,0.26011560693641617
