var1,var2,var3,var4,var5,var6
0.034482758620689655,0.10919540229885058,0.13218390804597702,0.1896551724137931,0.25287356321839083,0.28160919540229884
