var1,var2,var3,var4,var5,var6
0.0782122905027933,0.09497206703910614,0.12290502793296089,0.16759776536312848,0.2569832402234637,0.27932960893854747
