var1,var2,var3,var4,var5,var6
0.04081632653061224,0.12653061224489795,0.13877551020408163,0.20408163265306123,0.22857142857142856,0.2612244897959184
