var1,var2,var3,var4,var5,var6
0.022099447513812154,0.03314917127071823,0.08839779005524862,0.16574585635359115,0.292817679558011,0.39779005524861877
