var1,var2,var3,var4,var5,var6
0.011695906432748537,0.1286549707602339,0.15789473684210525,0.19883040935672514,0.23391812865497075,0.26900584795321636
