var1,var2,var3,var4,var5,var6
0.020512820512820513,0.05641025641025641,0.12307692307692308,0.15384615384615385,0.20512820512820512,0.441025641025641
