var1,var2,var3,var4,var5,var6
0.0735930735930736,0.10822510822510822,0.1341991341991342,0.20346320346320346,0.22510822510822512,0.2554112554112554
