var1,var2,var3,var4,var5,var6
0.015267175572519083,0.022900763358778626,0.0916030534351145,0.16793893129770993,0.2900763358778626,0.4122137404580153
