var1,var2,var3,var4,var5,var6
0.02877697841726619,0.12949640287769784,0.14388489208633093,0.17985611510791366,0.2302158273381295,0.28776978417266186
