var1,var2,var3,var4,var5,var6
0.03816793893129771,0.09923664122137404,0.12213740458015267,0.1984732824427481,0.26717557251908397,0.2748091603053435
