var1,var2,var3,var4,var5,var6
0.0641025641025641,0.07051282051282051,0.10256410256410256,0.21794871794871795,0.24358974358974358,0.30128205128205127
