var1,var2,var3,var4,var5,var6
0.056338028169014086,0.13615023474178403,0.15023474178403756,0.1784037558685446,0.18779342723004694,0.29107981220657275
