var1,var2,var3,var4,var5,var6
0.01680672268907563,0.03361344537815126,0.12605042016806722,0.15126050420168066,0.3025210084033613,0.3697478991596639
