var1,var2,var3,var4,var5,var6
0.037037037037037035,0.0582010582010582,0.08994708994708994,0.23809523809523808,0.26455026455026454,0.31216931216931215
