var1,var2,var3,var4,var5,var6
0.012903225806451613,0.12903225806451613,0.17419354838709677,0.1935483870967742,0.23225806451612904,0.25806451612903225
