var1,var2,var3,var4,var5,var6
0.012578616352201259,0.09433962264150944,0.12578616352201258,0.2138364779874214,0.2641509433962264,0.2893081761006289
