var1,var2,var3,var4,var5,var6
0.0880503144654088,0.11949685534591195,0.13836477987421383,0.18867924528301888,0.1949685534591195,0.27044025157232704
