var1,var2,var3,var4,var5,var6
0.06666666666666667,0.1,0.10833333333333334,0.21666666666666667,0.24166666666666667,0.26666666666666666
