var1,var2,var3,var4,var5,var6
0.041884816753926704,0.06282722513089005,0.06806282722513089,0.2094240837696335,0.2931937172774869,0.32460732984293195
