var1,var2,var3,var4,var5,var6
0.06060606060606061,0.08333333333333333,0.12878787878787878,0.20454545454545456,0.24242424242424243,0.2803030303030303
