var1,var2,var3,var4,var5,var6
0.10227272727272728,0.11931818181818182,0.125,0.16477272727272727,0.17613636363636365,0.3125
