var1,var2,var3,var4,var5,var6
0.07612456747404844,0.10380622837370242,0.1695501730103806,0.19377162629757785,0.20069204152249134,0.2560553633217993
