var1,var2,var3,var4,var5,var6
0.06467661691542288,0.13930348258706468,0.14925373134328357,0.1691542288557214,0.21890547263681592,0.25870646766169153
