var1,var2,var3,var4,var5,var6
0.037914691943127965,0.09004739336492891,0.15165876777251186,0.1990521327014218,0.22748815165876776,0.2938388625592417
