var1,var2,var3,var4,var5,var6
0.08627450980392157,0.10588235294117647,0.14901960784313725,0.1843137254901961,0.23137254901960785,0.24313725490196078
