var1,var2,var3,var4,var5,var6
0.0847457627118644,0.096045197740113,0.12429378531073447,0.15819209039548024,0.2598870056497175,0.2768361581920904
