var1,var2,var3,var4,var5,var6
0.07100591715976332,0.09467455621301775,0.1301775147928994,0.21893491124260356,0.23668639053254437,0.2485207100591716
