var1,var2,var3,var4,var5,var6
0.072992700729927,0.08029197080291971,0.08759124087591241,0.11678832116788321,0.291970802919708,0.35036496350364965
