var1,var2,var3,var4,var5,var6
0.0392156862745098,0.10980392156862745,0.17647058823529413,0.19607843137254902,0.22745098039215686,0.25098039215686274
