var1,var2,var3,var4,var5,var6
0.03763440860215054,0.053763440860215055,0.12903225806451613,0.15591397849462366,0.2956989247311828,0.3279569892473118
