var1,var2,var3,var4,var5,var6
0.08733624454148471,0.10480349344978165,0.14847161572052403,0.1615720524017467,0.2096069868995633,0.28820960698689957
