var1,var2,var3,var4,var5,var6
0.026595744680851064,0.0425531914893617,0.0851063829787234,0.2393617021276596,0.25,0.35638297872340424
