var1,var2,var3,var4,var5,var6
0.022900763358778626,0.08396946564885496,0.183206106870229,0.19083969465648856,0.2366412213740458,0.2824427480916031
