var1,var2,var3,var4,var5,var6
0.03980099502487562,0.05472636815920398,0.09950248756218906,0.12437810945273632,0.32338308457711445,0.3582089552238806
