var1,var2,var3,var4,var5,var6
0.03468208092485549,0.046242774566473986,0.06936416184971098,0.19653179190751446,0.24855491329479767,0.4046242774566474
