var1,var2,var3,var4,var5,var6
0.043209876543209874,0.11728395061728394,0.17901234567901234,0.18518518518518517,0.20987654320987653,0.2654320987654321
