var1,var2,var3,var4,var5,var6
0.020942408376963352,0.05235602094240838,0.11518324607329843,0.2094240837696335,0.2670157068062827,0.33507853403141363
