var1,var2,var3,var4,var5,var6
0.09929078014184398,0.12056737588652482,0.15602836879432624,0.1702127659574468,0.2127659574468085,0.24113475177304963
