var1,var2,var3,var4,var5,var6
0.12669683257918551,0.13574660633484162,0.1583710407239819,0.16289592760180996,0.19909502262443438,0.2171945701357466
