var1,var2,var3,var4,var5,var6
0.03508771929824561,0.1111111111111111,0.1286549707602339,0.15789473684210525,0.19883040935672514,0.3684210526315789
