var1,var2,var3,var4,var5,var6
0.009389671361502348,0.107981220657277,0.1596244131455399,0.18779342723004694,0.2347417840375587,0.3004694835680751
