var1,var2,var3,var4,var5,var6
0.04060913705583756,0.07106598984771574,0.1319796954314721,0.15736040609137056,0.27411167512690354,0.3248730964467005
