var1,var2,var3,var4,var5,var6
0.023809523809523808,0.13690476190476192,0.1488095238095238,0.20833333333333334,0.2261904761904762,0.25595238095238093
