var1,var2,var3,var4,var5,var6
0.03626943005181347,0.05699481865284974,0.13989637305699482,0.18652849740932642,0.22797927461139897,0.35233160621761656
