var1,var2,var3,var4,var5,var6
0.05511811023622047,0.07086614173228346,0.08661417322834646,0.2204724409448819,0.2283464566929134,0.33858267716535434
