var1,var2,var3,var4,var5,var6
0.044897959183673466,0.1306122448979592,0.1469387755102041,0.19591836734693877,0.22857142857142856,0.2530612244897959
