var1,var2,var3,var4,var5,var6
0.07317073170731707,0.0975609756097561,0.14634146341463414,0.15447154471544716,0.1951219512195122,0.3333333333333333
