var1,var2,var3,var4,var5,var6
0.05714285714285714,0.10857142857142857,0.14285714285714285,0.16,0.18857142857142858,0.34285714285714286
