var1,var2,var3,var4,var5,var6
0.03139013452914798,0.04484304932735426,0.13452914798206278,0.2062780269058296,0.21524663677130046,0.36771300448430494
