var1,var2,var3,var4,var5,var6
0.06486486486486487,0.10270270270270271,0.12972972972972974,0.21621621621621623,0.23783783783783785,0.24864864864864866
