var1,var2,var3,var4,var5,var6
0.06550218340611354,0.14847161572052403,0.16593886462882096,0.18340611353711792,0.19213973799126638,0.2445414847161572
