var1,var2,var3,var4,var5,var6
0.041884816753926704,0.05235602094240838,0.07329842931937172,0.17801047120418848,0.2670157068062827,0.387434554973822
