var1,var2,var3,var4,var5,var6
0.03305785123966942,0.05785123966942149,0.08264462809917356,0.09917355371900827,0.2809917355371901,0.4462809917355372
