var1,var2,var3,var4,var5,var6
0.041379310344827586,0.06206896551724138,0.06896551724137931,0.1793103448275862,0.27586206896551724,0.3724137931034483
