var1,var2,var3,var4,var5,var6
0.032520325203252036,0.08130081300813008,0.10569105691056911,0.14634146341463414,0.3089430894308943,0.3252032520325203
