var1,var2,var3,var4,var5,var6
0.038461538461538464,0.09230769230769231,0.1076923076923077,0.12307692307692308,0.15384615384615385,0.4846153846153846
