var1,var2,var3,var4,var5,var6
0.04195804195804196,0.0979020979020979,0.1258741258741259,0.15384615384615385,0.23076923076923078,0.34965034965034963
