var1,var2,var3,var4,var5,var6
0.05263157894736842,0.08552631578947369,0.11842105263157894,0.13157894736842105,0.21052631578947367,0.40131578947368424
