var1,var2,var3,var4,var5,var6
0.06779661016949153,0.14689265536723164,0.1751412429378531,0.1807909604519774,0.2033898305084746,0.22598870056497175
