var1,var2,var3,var4,var5,var6
0.05829596412556054,0.14349775784753363,0.17040358744394618,0.17937219730941703,0.18834080717488788,0.2600896860986547
