var1,var2,var3,var4,var5,var6
0.01951219512195122,0.08780487804878048,0.13658536585365855,0.16585365853658537,0.23902439024390243,0.35121951219512193
