var1,var2,var3,var4,var5,var6
0.034013605442176874,0.06802721088435375,0.10884353741496598,0.20408163265306123,0.23129251700680273,0.35374149659863946
