var1,var2,var3,var4,var5,var6
0.049586776859504134,0.0743801652892562,0.09917355371900827,0.10743801652892562,0.2892561983471074,0.38016528925619836
