var1,var2,var3,var4,var5,var6
0.05673758865248227,0.07092198581560284,0.07801418439716312,0.19858156028368795,0.24113475177304963,0.3546099290780142
