var1,var2,var3,var4,var5,var6
0.0223463687150838,0.0893854748603352,0.16759776536312848,0.2011173184357542,0.24581005586592178,0.2737430167597765
