var1,var2,var3,var4,var5,var6
0.049079754601226995,0.08588957055214724,0.1411042944785276,0.20245398773006135,0.22085889570552147,0.3006134969325153
