var1,var2,var3,var4,var5,var6
0.03597122302158273,0.050359712230215826,0.1366906474820144,0.2014388489208633,0.2589928057553957,0.31654676258992803
