var1,var2,var3,var4,var5,var6
0.029850746268656716,0.07960199004975124,0.12935323383084577,0.1691542288557214,0.2736318407960199,0.31840796019900497
