var1,var2,var3,var4,var5,var6
0.06428571428571428,0.14285714285714285,0.15,0.18571428571428572,0.22142857142857142,0.2357142857142857
