var1,var2,var3,var4,var5,var6
0.0423728813559322,0.0847457627118644,0.09322033898305085,0.2288135593220339,0.2457627118644068,0.3050847457627119
