var1,var2,var3,var4,var5,var6
0.036036036036036036,0.06306306306306306,0.12612612612612611,0.2072072072072072,0.27927927927927926,0.2882882882882883
