var1,var2,var3,var4,var5,var6
0.07947019867549669,0.11258278145695365,0.13245033112582782,0.1456953642384106,0.18543046357615894,0.3443708609271523
