var1,var2,var3,var4,var5,var6
0.033783783783783786,0.04054054054054054,0.10810810810810811,0.23648648648648649,0.25,0.3310810810810811
