var1,var2,var3,var4,var5,var6
0.018018018018018018,0.09009009009009009,0.14414414414414414,0.17117117117117117,0.1981981981981982,0.3783783783783784
