var1,var2,var3,var4,var5,var6
0.034482758620689655,0.04597701149425287,0.1685823754789272,0.19157088122605365,0.27586206896551724,0.2835249042145594
