var1,var2,var3,var4,var5,var6
0.024539877300613498,0.04294478527607362,0.12269938650306748,0.24539877300613497,0.25766871165644173,0.3067484662576687
