var1,var2,var3,var4,var5,var6
0.027972027972027972,0.04195804195804196,0.13286713286713286,0.21678321678321677,0.2517482517482518,0.32867132867132864
