var1,var2,var3,var4,var5,var6
0.03361344537815126,0.05042016806722689,0.11764705882352941,0.12605042016806722,0.2184873949579832,0.453781512605042
