var1,var2,var3,var4,var5,var6
0.05574912891986063,0.07665505226480836,0.18815331010452963,0.20557491289198607,0.21602787456445993,0.2578397212543554
