var1,var2,var3,var4,var5,var6
0.04918032786885246,0.11475409836065574,0.13114754098360656,0.20765027322404372,0.21311475409836064,0.28415300546448086
