var1,var2,var3,var4,var5,var6
0.0784313725490196,0.13333333333333333,0.16470588235294117,0.18823529411764706,0.20392156862745098,0.23137254901960785
