var1,var2,var3,var4,var5,var6
0.05058365758754864,0.0622568093385214,0.13229571984435798,0.16342412451361868,0.28793774319066145,0.3035019455252918
