var1,var2,var3,var4,var5,var6
0.09205020920502092,0.12133891213389121,0.1297071129707113,0.17573221757322174,0.200836820083682,0.2803347280334728
