var1,var2,var3,var4,var5,var6
0.014285714285714285,0.05,0.15,0.15714285714285714,0.25,0.37857142857142856
