var1,var2,var3,var4,var5,var6
0.06635071090047394,0.08530805687203792,0.16113744075829384,0.1895734597156398,0.2037914691943128,0.2938388625592417
