var1,var2,var3,var4,var5,var6
0.012048192771084338,0.06626506024096386,0.10240963855421686,0.20481927710843373,0.2469879518072289,0.3674698795180723
