var1,var2,var3,var4,var5,var6
0.05025125628140704,0.10552763819095477,0.1407035175879397,0.20100502512562815,0.23115577889447236,0.271356783919598
