var1,var2,var3,var4,var5,var6
0.02711864406779661,0.0711864406779661,0.11864406779661017,0.2033898305084746,0.28135593220338984,0.2983050847457627
