var1,var2,var3,var4,var5,var6
0.061452513966480445,0.08379888268156424,0.0893854748603352,0.10614525139664804,0.3128491620111732,0.3463687150837989
