var1,var2,var3,var4,var5,var6
0.039603960396039604,0.07920792079207921,0.09900990099009901,0.19801980198019803,0.22772277227722773,0.3564356435643564
