var1,var2,var3,var4,var5,var6
0.05325443786982249,0.05917159763313609,0.15384615384615385,0.1893491124260355,0.23668639053254437,0.3076923076923077
