var1,var2,var3,var4,var5,var6
0.061068702290076333,0.08396946564885496,0.10687022900763359,0.13740458015267176,0.29770992366412213,0.31297709923664124
