var1,var2,var3,var4,var5,var6
0.04060913705583756,0.09137055837563451,0.12690355329949238,0.14720812182741116,0.28426395939086296,0.3096446700507614
