var1,var2,var3,var4,var5,var6
0.06086956521739131,0.0782608695652174,0.1565217391304348,0.16521739130434782,0.25217391304347825,0.28695652173913044
