var1,var2,var3,var4,var5,var6
0.011428571428571429,0.05714285714285714,0.14285714285714285,0.18285714285714286,0.26285714285714284,0.34285714285714286
