var1,var2,var3,var4,var5,var6
0.022598870056497175,0.1016949152542373,0.13559322033898305,0.192090395480226,0.20903954802259886,0.3389830508474576
