var1,var2,var3,var4,var5,var6
0.05511811023622047,0.10236220472440945,0.13385826771653545,0.1732283464566929,0.2125984251968504,0.3228346456692913
