var1,var2,var3,var4,var5,var6
0.11363636363636363,0.13636363636363635,0.1590909090909091,0.16818181818181818,0.18636363636363637,0.23636363636363636
