var1,var2,var3,var4,var5,var6
0.018796992481203006,0.07894736842105263,0.10902255639097744,0.13909774436090225,0.30451127819548873,0.34962406015037595
