var1,var2,var3,var4,var5,var6
0.0380952380952381,0.11904761904761904,0.1380952380952381,0.19047619047619047,0.21428571428571427,0.3
