var1,var2,var3,var4,var5,var6
0.023952095808383235,0.08383233532934131,0.1497005988023952,0.16766467065868262,0.2634730538922156,0.31137724550898205
