var1,var2,var3,var4,var5,var6
0.05442176870748299,0.06802721088435375,0.1360544217687075,0.1564625850340136,0.17687074829931973,0.40816326530612246
