var1,var2,var3,var4,var5,var6
0.05813953488372093,0.06976744186046512,0.09883720930232558,0.21511627906976744,0.23837209302325582,0.31976744186046513
