var1,var2,var3,var4,var5,var6
0.0735930735930736,0.09523809523809523,0.12121212121212122,0.15584415584415584,0.2077922077922078,0.3463203463203463
