var1,var2,var3,var4,var5,var6
0.012578616352201259,0.03773584905660377,0.1069182389937107,0.20125786163522014,0.2893081761006289,0.3522012578616352
