var1,var2,var3,var4,var5,var6
0.02358490566037736,0.09905660377358491,0.1509433962264151,0.20754716981132076,0.24056603773584906,0.2783018867924528
