var1,var2,var3,var4,var5,var6
0.05025125628140704,0.12562814070351758,0.1507537688442211,0.19095477386934673,0.21105527638190955,0.271356783919598
