var1,var2,var3,var4,var5,var6
0.046875,0.08333333333333333,0.10416666666666667,0.22395833333333334,0.2552083333333333,0.2864583333333333
