var1,var2,var3,var4,var5,var6
0.03255813953488372,0.11162790697674418,0.13488372093023257,0.15813953488372093,0.2558139534883721,0.30697674418604654
