var1,var2,var3,var4,var5,var6
0.03428571428571429,0.09142857142857143,0.10857142857142857,0.17142857142857143,0.2857142857142857,0.30857142857142855
