var1,var2,var3,var4,var5,var6
0.028089887640449437,0.08426966292134831,0.11797752808988764,0.20786516853932585,0.24719101123595505,0.3146067415730337
