var1,var2,var3,var4,var5,var6
0.07734806629834254,0.11049723756906077,0.15469613259668508,0.1712707182320442,0.20994475138121546,0.27624309392265195
