var1,var2,var3,var4,var5,var6
0.015384615384615385,0.12307692307692308,0.13333333333333333,0.19487179487179487,0.22564102564102564,0.3076923076923077
