var1,var2,var3,var4,var5,var6
0.02877697841726619,0.050359712230215826,0.08633093525179857,0.15827338129496402,0.33093525179856115,0.34532374100719426
