var1,var2,var3,var4,var5,var6
0.03827751196172249,0.10526315789473684,0.1291866028708134,0.18181818181818182,0.19138755980861244,0.35406698564593303
