var1,var2,var3,var4,var5,var6
0.043795620437956206,0.058394160583941604,0.10948905109489052,0.1386861313868613,0.31386861313868614,0.3357664233576642
