var1,var2,var3,var4,var5,var6
0.06569343065693431,0.08029197080291971,0.17518248175182483,0.20437956204379562,0.22627737226277372,0.24817518248175183
