var1,var2,var3,var4,var5,var6
0.03007518796992481,0.06015037593984962,0.11278195488721804,0.15037593984962405,0.3007518796992481,0.3458646616541353
