var1,var2,var3,var4,var5,var6
0.06153846153846154,0.1076923076923077,0.14358974358974358,0.18461538461538463,0.22564102564102564,0.27692307692307694
