var1,var2,var3,var4,var5,var6
0.03314917127071823,0.12154696132596685,0.16574585635359115,0.1878453038674033,0.19337016574585636,0.2983425414364641
