var1,var2,var3,var4,var5,var6
0.04195804195804196,0.0979020979020979,0.11888111888111888,0.1958041958041958,0.26573426573426573,0.27972027972027974
