var1,var2,var3,var4,var5,var6
0.022857142857142857,0.13142857142857142,0.14857142857142858,0.19428571428571428,0.2057142857142857,0.29714285714285715
