var1,var2,var3,var4,var5,var6
0.0684931506849315,0.1232876712328767,0.1506849315068493,0.1643835616438356,0.2237442922374429,0.2694063926940639
