var1,var2,var3,var4,var5,var6
0.05405405405405406,0.10810810810810811,0.13513513513513514,0.2072072072072072,0.21621621621621623,0.27927927927927926
