var1,var2,var3,var4,var5,var6
0.05106382978723404,0.06808510638297872,0.14468085106382977,0.1574468085106383,0.2723404255319149,0.30638297872340425
