var1,var2,var3,var4,var5,var6
0.046242774566473986,0.09248554913294797,0.15606936416184972,0.20809248554913296,0.21965317919075145,0.2774566473988439
