var1,var2,var3,var4,var5,var6
0.021739130434782608,0.028985507246376812,0.10869565217391304,0.16666666666666666,0.2898550724637681,0.38405797101449274
