var1,var2,var3,var4,var5,var6
0.04294478527607362,0.06748466257668712,0.15337423312883436,0.20245398773006135,0.25153374233128833,0.2822085889570552
