var1,var2,var3,var4,var5,var6
0.02586206896551724,0.0603448275862069,0.16379310344827586,0.20689655172413793,0.21551724137931033,0.3275862068965517
