var1,var2,var3,var4,var5,var6
0.01652892561983471,0.08264462809917356,0.14049586776859505,0.17355371900826447,0.2809917355371901,0.30578512396694213
