var1,var2,var3,var4,var5,var6
0.0446927374301676,0.11173184357541899,0.1340782122905028,0.18994413407821228,0.20670391061452514,0.3128491620111732
