var1,var2,var3,var4,var5,var6
0.03827751196172249,0.14354066985645933,0.1722488038277512,0.18660287081339713,0.22009569377990432,0.23923444976076555
