var1,var2,var3,var4,var5,var6
0.008547008547008548,0.05128205128205128,0.13675213675213677,0.2222222222222222,0.2564102564102564,0.3247863247863248
