var1,var2,var3,var4,var5,var6
0.057971014492753624,0.10144927536231885,0.13043478260869565,0.1932367149758454,0.2463768115942029,0.27053140096618356
