var1,var2,var3,var4,var5,var6
0.06829268292682927,0.1073170731707317,0.13170731707317074,0.14634146341463414,0.24390243902439024,0.3024390243902439
