var1,var2,var3,var4,var5,var6
0.05025125628140704,0.07035175879396985,0.16080402010050251,0.20100502512562815,0.21608040201005024,0.3015075376884422
