var1,var2,var3,var4,var5,var6
0.06694560669456066,0.12552301255230125,0.14225941422594143,0.17573221757322174,0.19665271966527198,0.2928870292887029
