var1,var2,var3,var4,var5,var6
0.07407407407407407,0.1164021164021164,0.15873015873015872,0.17989417989417988,0.2275132275132275,0.24338624338624337
