var1,var2,var3,var4,var5,var6
0.06302521008403361,0.10504201680672269,0.1638655462184874,0.20168067226890757,0.2184873949579832,0.24789915966386555
