var1,var2,var3,var4,var5,var6
0.09448818897637795,0.11023622047244094,0.13385826771653545,0.18110236220472442,0.2125984251968504,0.2677165354330709
