var1,var2,var3,var4,var5,var6
0.0374331550802139,0.09090909090909091,0.10695187165775401,0.1711229946524064,0.26737967914438504,0.32620320855614976
