var1,var2,var3,var4,var5,var6
0.11020408163265306,0.12244897959183673,0.1510204081632653,0.1673469387755102,0.21224489795918366,0.23673469387755103
