var1,var2,var3,var4,var5,var6
0.017142857142857144,0.08,0.16,0.2057142857142857,0.26285714285714284,0.2742857142857143
