var1,var2,var3,var4,var5,var6
0.04519774011299435,0.05649717514124294,0.12994350282485875,0.2033898305084746,0.2711864406779661,0.2937853107344633
