var1,var2,var3,var4,var5,var6
0.02030456852791878,0.1116751269035533,0.14213197969543148,0.20812182741116753,0.2233502538071066,0.29441624365482233
