var1,var2,var3,var4,var5,var6
0.04938271604938271,0.08024691358024691,0.1419753086419753,0.17901234567901234,0.24691358024691357,0.30246913580246915
