var1,var2,var3,var4,var5,var6
0.05286343612334802,0.0881057268722467,0.16299559471365638,0.19383259911894274,0.21145374449339208,0.2907488986784141
