var1,var2,var3,var4,var5,var6
0.07865168539325842,0.10112359550561797,0.1404494382022472,0.16853932584269662,0.21348314606741572,0.29775280898876405
