var1,var2,var3,var4,var5,var6
0.030534351145038167,0.07633587786259542,0.1297709923664122,0.16793893129770993,0.183206106870229,0.4122137404580153
