var1,var2,var3,var4,var5,var6
0.05421686746987952,0.0783132530120482,0.09036144578313253,0.12048192771084337,0.25903614457831325,0.39759036144578314
