var1,var2,var3,var4,var5,var6
0.024509803921568627,0.10294117647058823,0.11764705882352941,0.18137254901960784,0.2696078431372549,0.30392156862745096
