var1,var2,var3,var4,var5,var6
0.015037593984962405,0.12781954887218044,0.16541353383458646,0.18796992481203006,0.21804511278195488,0.2857142857142857
