var1,var2,var3,var4,var5,var6
0.06818181818181818,0.10795454545454546,0.13068181818181818,0.16477272727272727,0.25,0.2784090909090909
