var1,var2,var3,var4,var5,var6
0.013793103448275862,0.06896551724137931,0.09655172413793103,0.20689655172413793,0.2827586206896552,0.3310344827586207
