var1,var2,var3,var4,var5,var6
0.01948051948051948,0.05194805194805195,0.12337662337662338,0.13636363636363635,0.23376623376623376,0.43506493506493504
