var1,var2,var3,var4,var5,var6
0.05755395683453238,0.1079136690647482,0.1510791366906475,0.15827338129496402,0.19424460431654678,0.33093525179856115
