var1,var2,var3,var4,var5,var6
0.059907834101382486,0.07373271889400922,0.0967741935483871,0.16129032258064516,0.23963133640552994,0.3686635944700461
