var1,var2,var3,var4,var5,var6
0.020100502512562814,0.08040201005025126,0.12060301507537688,0.1306532663316583,0.22613065326633167,0.4221105527638191
