var1,var2,var3,var4,var5,var6
0.07346938775510205,0.08163265306122448,0.17551020408163265,0.20408163265306123,0.22040816326530613,0.24489795918367346
