var1,var2,var3,var4,var5,var6
0.046875,0.13541666666666666,0.16145833333333334,0.17708333333333334,0.234375,0.24479166666666666
