var1,var2,var3,var4,var5,var6
0.04316546762589928,0.1223021582733813,0.17266187050359713,0.18705035971223022,0.2014388489208633,0.2733812949640288
