var1,var2,var3,var4,var5,var6
0.017699115044247787,0.05309734513274336,0.10619469026548672,0.168141592920354,0.19469026548672566,0.46017699115044247
