var1,var2,var3,var4,var5,var6
0.04580152671755725,0.0916030534351145,0.183206106870229,0.1984732824427481,0.21374045801526717,0.26717557251908397
