var1,var2,var3,var4,var5,var6
0.05429864253393665,0.14479638009049775,0.1583710407239819,0.18099547511312217,0.2171945701357466,0.24434389140271492
