var1,var2,var3,var4,var5,var6
0.03007518796992481,0.07518796992481203,0.13533834586466165,0.17293233082706766,0.2857142857142857,0.3007518796992481
