var1,var2,var3,var4,var5,var6
0.03680981595092025,0.09815950920245399,0.1165644171779141,0.15950920245398773,0.2085889570552147,0.3803680981595092
