var1,var2,var3,var4,var5,var6
0.018633540372670808,0.08695652173913043,0.11180124223602485,0.2360248447204969,0.2484472049689441,0.2981366459627329
