var1,var2,var3,var4,var5,var6
0.017045454545454544,0.056818181818181816,0.1590909090909091,0.16477272727272727,0.24431818181818182,0.35795454545454547
