var1,var2,var3,var4,var5,var6
0.058823529411764705,0.06722689075630252,0.15126050420168066,0.16806722689075632,0.18487394957983194,0.3697478991596639
