var1,var2,var3,var4,var5,var6
0.06511627906976744,0.07906976744186046,0.11162790697674418,0.23255813953488372,0.25116279069767444,0.26046511627906976
