var1,var2,var3,var4,var5,var6
0.08021390374331551,0.10695187165775401,0.1443850267379679,0.1657754010695187,0.23529411764705882,0.26737967914438504
