var1,var2,var3,var4,var5,var6
0.034482758620689655,0.04827586206896552,0.11724137931034483,0.20689655172413793,0.2482758620689655,0.3448275862068966
