var1,var2,var3,var4,var5,var6
0.06432748538011696,0.08187134502923976,0.15204678362573099,0.19883040935672514,0.24561403508771928,0.2573099415204678
