var1,var2,var3,var4,var5,var6
0.044534412955465584,0.15789473684210525,0.16194331983805668,0.18218623481781376,0.21862348178137653,0.23481781376518218
