var1,var2,var3,var4,var5,var6
0.023255813953488372,0.06976744186046512,0.11627906976744186,0.21705426356589147,0.2558139534883721,0.3178294573643411
