var1,var2,var3,var4,var5,var6
0.03932584269662921,0.056179775280898875,0.0898876404494382,0.21910112359550563,0.2640449438202247,0.33146067415730335
