var1,var2,var3,var4,var5,var6
0.07194244604316546,0.08633093525179857,0.1079136690647482,0.14388489208633093,0.2446043165467626,0.34532374100719426
