var1,var2,var3,var4,var5,var6
0.05806451612903226,0.06451612903225806,0.09032258064516129,0.23225806451612904,0.2709677419354839,0.2838709677419355
