var1,var2,var3,var4,var5,var6
0.08552631578947369,0.09868421052631579,0.1513157894736842,0.17105263157894737,0.21710526315789475,0.27631578947368424
