var1,var2,var3,var4,var5,var6
0.08196721311475409,0.08743169398907104,0.1092896174863388,0.20765027322404372,0.24043715846994534,0.273224043715847
