var1,var2,var3,var4,var5,var6
0.12121212121212122,0.13333333333333333,0.14545454545454545,0.17575757575757575,0.19393939393939394,0.23030303030303031
