var1,var2,var3,var4,var5,var6
0.033707865168539325,0.09550561797752809,0.12359550561797752,0.17415730337078653,0.25842696629213485,0.3146067415730337
