var1,var2,var3,var4,var5,var6
0.023255813953488372,0.0872093023255814,0.12209302325581395,0.1511627906976744,0.18023255813953487,0.436046511627907
