var1,var2,var3,var4,var5,var6
0.07567567567567568,0.0972972972972973,0.10810810810810811,0.15135135135135136,0.25405405405405407,0.31351351351351353
