var1,var2,var3,var4,var5,var6
0.06914893617021277,0.10638297872340426,0.1276595744680851,0.18617021276595744,0.22872340425531915,0.28191489361702127
