var1,var2,var3,var4,var5,var6
0.0776255707762557,0.0867579908675799,0.1187214611872146,0.1415525114155251,0.273972602739726,0.3013698630136986
