var1,var2,var3,var4,var5,var6
0.05649717514124294,0.07344632768361582,0.1807909604519774,0.192090395480226,0.2033898305084746,0.2937853107344633
