var1,var2,var3,var4,var5,var6
0.037037037037037035,0.08641975308641975,0.09876543209876543,0.22839506172839505,0.24691358024691357,0.30246913580246915
