var1,var2,var3,var4,var5,var6
0.045454545454545456,0.09090909090909091,0.11038961038961038,0.16883116883116883,0.2727272727272727,0.3116883116883117
