var1,var2,var3,var4,var5,var6
0.059322033898305086,0.09322033898305085,0.11864406779661017,0.1440677966101695,0.2542372881355932,0.3305084745762712
