var1,var2,var3,var4,var5,var6
0.06463878326996197,0.08365019011406843,0.12167300380228137,0.1596958174904943,0.2737642585551331,0.2965779467680608
