var1,var2,var3,var4,var5,var6
0.029239766081871343,0.04093567251461988,0.13450292397660818,0.21052631578947367,0.21637426900584794,0.3684210526315789
