var1,var2,var3,var4,var5,var6
0.0782122905027933,0.0893854748603352,0.1564245810055866,0.19553072625698323,0.2122905027932961,0.2681564245810056
