var1,var2,var3,var4,var5,var6
0.031088082901554404,0.05181347150259067,0.17098445595854922,0.18652849740932642,0.25906735751295334,0.3005181347150259
