var1,var2,var3,var4,var5,var6
0.017341040462427744,0.046242774566473986,0.17341040462427745,0.19653179190751446,0.2658959537572254,0.30057803468208094
