var1,var2,var3,var4,var5,var6
0.03496503496503497,0.08391608391608392,0.15384615384615385,0.16783216783216784,0.26573426573426573,0.2937062937062937
