var1,var2,var3,var4,var5,var6
0.06763285024154589,0.0821256038647343,0.11594202898550725,0.12560386473429952,0.2608695652173913,0.34782608695652173
