var1,var2,var3,var4,var5,var6
0.017543859649122806,0.13450292397660818,0.16374269005847952,0.1871345029239766,0.21052631578947367,0.28654970760233917
