var1,var2,var3,var4,var5,var6
0.04739336492890995,0.13270142180094788,0.17061611374407584,0.17535545023696683,0.1895734597156398,0.2843601895734597
