var1,var2,var3,var4,var5,var6
0.04046242774566474,0.06358381502890173,0.14450867052023122,0.2023121387283237,0.23699421965317918,0.31213872832369943
