var1,var2,var3,var4,var5,var6
0.04739336492890995,0.10426540284360189,0.12796208530805686,0.17061611374407584,0.18009478672985782,0.3696682464454976
