var1,var2,var3,var4,var5,var6
0.058823529411764705,0.08597285067873303,0.12669683257918551,0.18099547511312217,0.26244343891402716,0.2850678733031674
