var1,var2,var3,var4,var5,var6
0.047337278106508875,0.11834319526627218,0.15384615384615385,0.1834319526627219,0.23668639053254437,0.2603550295857988
