var1,var2,var3,var4,var5,var6
0.04519774011299435,0.062146892655367235,0.07909604519774012,0.13559322033898305,0.2824858757062147,0.3954802259887006
