var1,var2,var3,var4,var5,var6
0.047872340425531915,0.10638297872340426,0.16489361702127658,0.17553191489361702,0.19148936170212766,0.31382978723404253
