var1,var2,var3,var4,var5,var6
0.058091286307053944,0.12448132780082988,0.17012448132780084,0.1991701244813278,0.2074688796680498,0.24066390041493776
