var1,var2,var3,var4,var5,var6
0.0213903743315508,0.08021390374331551,0.11764705882352941,0.18181818181818182,0.24598930481283424,0.35294117647058826
