var1,var2,var3,var4,var5,var6
0.01762114537444934,0.07048458149779736,0.10572687224669604,0.13215859030837004,0.31277533039647576,0.36123348017621143
