var1,var2,var3,var4,var5,var6
0.037267080745341616,0.07453416149068323,0.09937888198757763,0.18633540372670807,0.21739130434782608,0.38509316770186336
