var1,var2,var3,var4,var5,var6
0.047872340425531915,0.06382978723404255,0.11702127659574468,0.19680851063829788,0.21808510638297873,0.35638297872340424
