var1,var2,var3,var4,var5,var6
0.05181347150259067,0.12435233160621761,0.12953367875647667,0.19689119170984457,0.21761658031088082,0.27979274611398963
