var1,var2,var3,var4,var5,var6
0.028409090909090908,0.03977272727272727,0.09659090909090909,0.21022727272727273,0.2727272727272727,0.3522727272727273
