var1,var2,var3,var4,var5,var6
0.08839779005524862,0.13812154696132597,0.15469613259668508,0.16022099447513813,0.19889502762430938,0.2596685082872928
