var1,var2,var3,var4,var5,var6
0.05847953216374269,0.07017543859649122,0.0935672514619883,0.17543859649122806,0.22807017543859648,0.3742690058479532
