var1,var2,var3,var4,var5,var6
0.030612244897959183,0.061224489795918366,0.07142857142857142,0.20408163265306123,0.25510204081632654,0.37755102040816324
