var1,var2,var3,var4,var5,var6
0.03759398496240601,0.10526315789473684,0.11278195488721804,0.18796992481203006,0.24812030075187969,0.3082706766917293
