var1,var2,var3,var4,var5,var6
0.040268456375838924,0.06711409395973154,0.09395973154362416,0.1476510067114094,0.31543624161073824,0.33557046979865773
