var1,var2,var3,var4,var5,var6
0.09285714285714286,0.12142857142857143,0.14285714285714285,0.16428571428571428,0.20714285714285716,0.2714285714285714
