var1,var2,var3,var4,var5,var6
0.017391304347826087,0.09565217391304348,0.12173913043478261,0.20869565217391303,0.2608695652173913,0.2956521739130435
