var1,var2,var3,var4,var5,var6
0.05844155844155844,0.09090909090909091,0.18181818181818182,0.2012987012987013,0.22077922077922077,0.24675324675324675
