var1,var2,var3,var4,var5,var6
0.04861111111111111,0.08333333333333333,0.11805555555555555,0.1597222222222222,0.2847222222222222,0.3055555555555556
