var1,var2,var3,var4,var5,var6
0.054878048780487805,0.07317073170731707,0.0975609756097561,0.21341463414634146,0.2621951219512195,0.29878048780487804
