var1,var2,var3,var4,var5,var6
0.07804878048780488,0.0975609756097561,0.18048780487804877,0.1951219512195122,0.21951219512195122,0.22926829268292684
