var1,var2,var3,var4,var5,var6
0.041025641025641026,0.05128205128205128,0.13333333333333333,0.15897435897435896,0.27692307692307694,0.3384615384615385
