var1,var2,var3,var4,var5,var6
0.06666666666666667,0.08888888888888889,0.12444444444444444,0.1688888888888889,0.2222222222222222,0.3288888888888889
