var1,var2,var3,var4,var5,var6
0.041237113402061855,0.12886597938144329,0.14948453608247422,0.20618556701030927,0.23195876288659795,0.2422680412371134
