var1,var2,var3,var4,var5,var6
0.01834862385321101,0.03669724770642202,0.11926605504587157,0.1651376146788991,0.29357798165137616,0.3669724770642202
