var1,var2,var3,var4,var5,var6
0.04918032786885246,0.08743169398907104,0.12021857923497267,0.17486338797814208,0.25136612021857924,0.31693989071038253
