var1,var2,var3,var4,var5,var6
0.05421686746987952,0.10843373493975904,0.1566265060240964,0.1927710843373494,0.20481927710843373,0.28313253012048195
