var1,var2,var3,var4,var5,var6
0.017094017094017096,0.06837606837606838,0.15384615384615385,0.21367521367521367,0.2564102564102564,0.2905982905982906
