var1,var2,var3,var4,var5,var6
0.07860262008733625,0.12663755458515283,0.13973799126637554,0.19213973799126638,0.22707423580786026,0.23580786026200873
