var1,var2,var3,var4,var5,var6
0.05019305019305019,0.0888030888030888,0.14671814671814673,0.16988416988416988,0.2625482625482625,0.28185328185328185
