var1,var2,var3,var4,var5,var6
0.022598870056497175,0.0847457627118644,0.11299435028248588,0.14689265536723164,0.21468926553672316,0.4180790960451977
