var1,var2,var3,var4,var5,var6
0.017142857142857144,0.08,0.10285714285714286,0.11428571428571428,0.32,0.3657142857142857
