var1,var2,var3,var4,var5,var6
0.011049723756906077,0.03314917127071823,0.1270718232044199,0.17679558011049723,0.287292817679558,0.36464088397790057
