var1,var2,var3,var4,var5,var6
0.04142011834319527,0.0650887573964497,0.10059171597633136,0.24260355029585798,0.2603550295857988,0.28994082840236685
