var1,var2,var3,var4,var5,var6
0.019230769230769232,0.09615384615384616,0.10897435897435898,0.14743589743589744,0.28205128205128205,0.34615384615384615
