var1,var2,var3,var4,var5,var6
0.02727272727272727,0.07727272727272727,0.1409090909090909,0.19545454545454546,0.2636363636363636,0.29545454545454547
