var1,var2,var3,var4,var5,var6
0.013071895424836602,0.11764705882352941,0.1503267973856209,0.19607843137254902,0.23529411764705882,0.2875816993464052
