var1,var2,var3,var4,var5,var6
0.08133971291866028,0.10526315789473684,0.11483253588516747,0.1339712918660287,0.20095693779904306,0.36363636363636365
