var1,var2,var3,var4,var5,var6
0.046413502109704644,0.1350210970464135,0.1518987341772152,0.17721518987341772,0.2109704641350211,0.27848101265822783
