var1,var2,var3,var4,var5,var6
0.013986013986013986,0.08391608391608392,0.1048951048951049,0.15384615384615385,0.3076923076923077,0.3356643356643357
