var1,var2,var3,var4,var5,var6
0.0625,0.0763888888888889,0.08333333333333333,0.18055555555555555,0.2847222222222222,0.3125
