var1,var2,var3,var4,var5,var6
0.043243243243243246,0.06486486486486487,0.07567567567567568,0.20540540540540542,0.23243243243243245,0.3783783783783784
