var1,var2,var3,var4,var5,var6
0.04265402843601896,0.0947867298578199,0.13270142180094788,0.1990521327014218,0.2559241706161137,0.27488151658767773
