var1,var2,var3,var4,var5,var6
0.02456140350877193,0.10526315789473684,0.16140350877192983,0.16842105263157894,0.25263157894736843,0.28771929824561404
