var1,var2,var3,var4,var5,var6
0.010256410256410256,0.08205128205128205,0.14358974358974358,0.19487179487179487,0.26153846153846155,0.3076923076923077
