var1,var2,var3,var4,var5,var6
0.033783783783783786,0.12837837837837837,0.16891891891891891,0.17567567567567569,0.23648648648648649,0.25675675675675674
