var1,var2,var3,var4,var5,var6
0.028708133971291867,0.04784688995215311,0.1339712918660287,0.14832535885167464,0.28708133971291866,0.35406698564593303
