var1,var2,var3,var4,var5,var6
0.011976047904191617,0.03592814371257485,0.08383233532934131,0.17964071856287425,0.281437125748503,0.40718562874251496
