var1,var2,var3,var4,var5,var6
0.016260162601626018,0.056910569105691054,0.11382113821138211,0.14634146341463414,0.17886178861788618,0.4878048780487805
