var1,var2,var3,var4,var5,var6
0.049079754601226995,0.08588957055214724,0.11042944785276074,0.1901840490797546,0.22085889570552147,0.34355828220858897
