var1,var2,var3,var4,var5,var6
0.031055900621118012,0.08695652173913043,0.15527950310559005,0.20496894409937888,0.2546583850931677,0.2670807453416149
