var1,var2,var3,var4,var5,var6
0.05737704918032787,0.07377049180327869,0.11475409836065574,0.18032786885245902,0.27049180327868855,0.30327868852459017
