var1,var2,var3,var4,var5,var6
0.04405286343612335,0.07488986784140969,0.13656387665198239,0.16299559471365638,0.2422907488986784,0.3392070484581498
