var1,var2,var3,var4,var5,var6
0.07407407407407407,0.13991769547325103,0.15637860082304528,0.1646090534979424,0.20164609053497942,0.26337448559670784
