var1,var2,var3,var4,var5,var6
0.06043956043956044,0.09340659340659341,0.14285714285714285,0.17032967032967034,0.21428571428571427,0.31868131868131866
