var1,var2,var3,var4,var5,var6
0.043668122270742356,0.07860262008733625,0.11353711790393013,0.21397379912663755,0.26200873362445415,0.28820960698689957
