var1,var2,var3,var4,var5,var6
0.014598540145985401,0.051094890510948905,0.10218978102189781,0.16058394160583941,0.27007299270072993,0.40145985401459855
