var1,var2,var3,var4,var5,var6
0.03773584905660377,0.09433962264150944,0.10062893081761007,0.2138364779874214,0.2641509433962264,0.2893081761006289
