var1,var2,var3,var4,var5,var6
0.056338028169014086,0.12206572769953052,0.1643192488262911,0.19718309859154928,0.215962441314554,0.24413145539906103
