var1,var2,var3,var4,var5,var6
0.030120481927710843,0.04819277108433735,0.13855421686746988,0.15060240963855423,0.23493975903614459,0.39759036144578314
