var1,var2,var3,var4,var5,var6
0.06878306878306878,0.09523809523809523,0.13756613756613756,0.19047619047619047,0.21164021164021163,0.2962962962962963
