var1,var2,var3,var4,var5,var6
0.06796116504854369,0.07766990291262135,0.10679611650485436,0.13592233009708737,0.1941747572815534,0.4174757281553398
