var1,var2,var3,var4,var5,var6
0.06629834254143646,0.07734806629834254,0.10497237569060773,0.12154696132596685,0.27071823204419887,0.35911602209944754
