var1,var2,var3,var4,var5,var6
0.0425531914893617,0.07092198581560284,0.12056737588652482,0.1773049645390071,0.28368794326241137,0.3049645390070922
