var1,var2,var3,var4,var5,var6
0.05042016806722689,0.08403361344537816,0.14285714285714285,0.2184873949579832,0.24369747899159663,0.2605042016806723
