var1,var2,var3,var4,var5,var6
0.0326530612244898,0.07346938775510205,0.11020408163265306,0.16326530612244897,0.3020408163265306,0.3183673469387755
