var1,var2,var3,var4,var5,var6
0.05714285714285714,0.13714285714285715,0.15428571428571428,0.18285714285714286,0.21714285714285714,0.25142857142857145
