var1,var2,var3,var4,var5,var6
0.02074688796680498,0.04979253112033195,0.1078838174273859,0.17427385892116182,0.3070539419087137,0.34024896265560167
