var1,var2,var3,var4,var5,var6
0.04060913705583756,0.06091370558375635,0.07106598984771574,0.20812182741116753,0.233502538071066,0.38578680203045684
