var1,var2,var3,var4,var5,var6
0.025477707006369428,0.10828025477707007,0.14012738853503184,0.1592356687898089,0.2356687898089172,0.33121019108280253
