var1,var2,var3,var4,var5,var6
0.0972972972972973,0.11351351351351352,0.12972972972972974,0.1837837837837838,0.20540540540540542,0.2702702702702703
