var1,var2,var3,var4,var5,var6
0.025157232704402517,0.0440251572327044,0.12578616352201258,0.13836477987421383,0.29559748427672955,0.3710691823899371
