var1,var2,var3,var4,var5,var6
0.0979020979020979,0.11188811188811189,0.13986013986013987,0.17482517482517482,0.1958041958041958,0.27972027972027974
