var1,var2,var3,var4,var5,var6
0.06976744186046512,0.10697674418604651,0.16744186046511628,0.18604651162790697,0.22790697674418606,0.24186046511627907
