var1,var2,var3,var4,var5,var6
0.08029197080291971,0.0948905109489051,0.1386861313868613,0.145985401459854,0.2116788321167883,0.3284671532846715
