var1,var2,var3,var4,var5,var6
0.05405405405405406,0.060810810810810814,0.13513513513513514,0.17567567567567569,0.24324324324324326,0.3310810810810811
