var1,var2,var3,var4,var5,var6
0.026490066225165563,0.039735099337748346,0.12582781456953643,0.23178807947019867,0.25165562913907286,0.32450331125827814
