var1,var2,var3,var4,var5,var6
0.07586206896551724,0.09655172413793103,0.1103448275862069,0.15172413793103448,0.2206896551724138,0.3448275862068966
