var1,var2,var3,var4,var5,var6
0.023121387283236993,0.11560693641618497,0.12716763005780346,0.2023121387283237,0.23121387283236994,0.30057803468208094
