var1,var2,var3,var4,var5,var6
0.01875,0.0875,0.1125,0.19375,0.25625,0.33125
