var1,var2,var3,var4,var5,var6
0.04430379746835443,0.06329113924050633,0.13924050632911392,0.1518987341772152,0.189873417721519,0.41139240506329117
