var1,var2,var3,var4,var5,var6
0.04046242774566474,0.12138728323699421,0.15028901734104047,0.2023121387283237,0.21965317919075145,0.2658959537572254
