var1,var2,var3,var4,var5,var6
0.020134228187919462,0.053691275167785234,0.18791946308724833,0.20134228187919462,0.22818791946308725,0.3087248322147651
