var1,var2,var3,var4,var5,var6
0.02512562814070352,0.07537688442211055,0.11055276381909548,0.20603015075376885,0.271356783919598,0.31155778894472363
