var1,var2,var3,var4,var5,var6
0.03636363636363636,0.10909090909090909,0.12121212121212122,0.18787878787878787,0.20606060606060606,0.3393939393939394
