var1,var2,var3,var4,var5,var6
0.06976744186046512,0.09302325581395349,0.10077519379844961,0.11627906976744186,0.23255813953488372,0.3875968992248062
