var1,var2,var3,var4,var5,var6
0.02962962962962963,0.1037037037037037,0.11851851851851852,0.16296296296296298,0.24444444444444444,0.34074074074074073
