var1,var2,var3,var4,var5,var6
0.028846153846153848,0.07692307692307693,0.08653846153846154,0.09615384615384616,0.22115384615384615,0.49038461538461536
