var1,var2,var3,var4,var5,var6
0.01092896174863388,0.060109289617486336,0.14207650273224043,0.18579234972677597,0.25136612021857924,0.34972677595628415
