var1,var2,var3,var4,var5,var6
0.02158273381294964,0.11510791366906475,0.14388489208633093,0.15827338129496402,0.17266187050359713,0.38848920863309355
