var1,var2,var3,var4,var5,var6
0.06995884773662552,0.14814814814814814,0.15637860082304528,0.1728395061728395,0.19753086419753085,0.2551440329218107
