var1,var2,var3,var4,var5,var6
0.04186046511627907,0.05581395348837209,0.07441860465116279,0.20465116279069767,0.29767441860465116,0.32558139534883723
