var1,var2,var3,var4,var5,var6
0.029556650246305417,0.08374384236453201,0.10344827586206896,0.13793103448275862,0.24630541871921183,0.39901477832512317
