var1,var2,var3,var4,var5,var6
0.012578616352201259,0.03773584905660377,0.1069182389937107,0.16352201257861634,0.2893081761006289,0.389937106918239
