var1,var2,var3,var4,var5,var6
0.03619909502262444,0.06334841628959276,0.1085972850678733,0.15384615384615385,0.29411764705882354,0.3438914027149321
