var1,var2,var3,var4,var5,var6
0.045454545454545456,0.09090909090909091,0.10606060606060606,0.16666666666666666,0.2777777777777778,0.31313131313131315
