var1,var2,var3,var4,var5,var6
0.024630541871921183,0.06403940886699508,0.11330049261083744,0.1724137931034483,0.2413793103448276,0.3842364532019704
