var1,var2,var3,var4,var5,var6
0.10135135135135136,0.12837837837837837,0.16216216216216217,0.16891891891891891,0.18243243243243243,0.25675675675675674
