var1,var2,var3,var4,var5,var6
0.07106598984771574,0.10152284263959391,0.1319796954314721,0.19289340101522842,0.2182741116751269,0.28426395939086296
