var1,var2,var3,var4,var5,var6
0.015748031496062992,0.06299212598425197,0.10236220472440945,0.1889763779527559,0.2992125984251969,0.33070866141732286
