var1,var2,var3,var4,var5,var6
0.045112781954887216,0.05263157894736842,0.10526315789473684,0.19548872180451127,0.2857142857142857,0.3157894736842105
