var1,var2,var3,var4,var5,var6
0.025974025974025976,0.06493506493506493,0.15584415584415584,0.19913419913419914,0.23376623376623376,0.3203463203463203
