var1,var2,var3,var4,var5,var6
0.031088082901554404,0.09844559585492228,0.15544041450777202,0.18134715025906736,0.24352331606217617,0.29015544041450775
