var1,var2,var3,var4,var5,var6
0.03065134099616858,0.14559386973180077,0.16475095785440613,0.19157088122605365,0.20689655172413793,0.26053639846743293
