var1,var2,var3,var4,var5,var6
0.031496062992125984,0.05511811023622047,0.06299212598425197,0.1732283464566929,0.33070866141732286,0.3464566929133858
