var1,var2,var3,var4,var5,var6
0.08745247148288973,0.12927756653992395,0.16730038022813687,0.18250950570342206,0.20532319391634982,0.22813688212927757
