var1,var2,var3,var4,var5,var6
0.06432748538011696,0.11695906432748537,0.14035087719298245,0.1871345029239766,0.19883040935672514,0.29239766081871343
