var1,var2,var3,var4,var5,var6
0.0163265306122449,0.09387755102040816,0.1469387755102041,0.21224489795918366,0.24489795918367346,0.2857142857142857
