var1,var2,var3,var4,var5,var6
0.06220095693779904,0.0861244019138756,0.13875598086124402,0.15789473684210525,0.2535885167464115,0.3014354066985646
