var1,var2,var3,var4,var5,var6
0.050314465408805034,0.09433962264150944,0.11949685534591195,0.15723270440251572,0.22012578616352202,0.3584905660377358
