var1,var2,var3,var4,var5,var6
0.03825136612021858,0.09289617486338798,0.12568306010928962,0.17486338797814208,0.23497267759562843,0.3333333333333333
