var1,var2,var3,var4,var5,var6
0.018518518518518517,0.06172839506172839,0.07407407407407407,0.19135802469135801,0.30246913580246915,0.35185185185185186
