var1,var2,var3,var4,var5,var6
0.08755760368663594,0.11981566820276497,0.1382488479262673,0.16589861751152074,0.2119815668202765,0.2764976958525346
