var1,var2,var3,var4,var5,var6
0.041666666666666664,0.07142857142857142,0.13095238095238096,0.20833333333333334,0.23214285714285715,0.31547619047619047
