var1,var2,var3,var4,var5,var6
0.06349206349206349,0.09523809523809523,0.1111111111111111,0.12698412698412698,0.21164021164021163,0.3915343915343915
