var1,var2,var3,var4,var5,var6
0.009216589861751152,0.1382488479262673,0.16589861751152074,0.1935483870967742,0.22580645161290322,0.2672811059907834
