var1,var2,var3,var4,var5,var6
0.03389830508474576,0.06779661016949153,0.14689265536723164,0.1977401129943503,0.2711864406779661,0.2824858757062147
