var1,var2,var3,var4,var5,var6
0.01935483870967742,0.05161290322580645,0.07741935483870968,0.24516129032258063,0.25806451612903225,0.34838709677419355
