var1,var2,var3,var4,var5,var6
0.04020100502512563,0.07035175879396985,0.135678391959799,0.1507537688442211,0.2914572864321608,0.31155778894472363
