var1,var2,var3,var4,var5,var6
0.042735042735042736,0.05982905982905983,0.07692307692307693,0.17094017094017094,0.28205128205128205,0.36752136752136755
