var1,var2,var3,var4,var5,var6
0.06274509803921569,0.08627450980392157,0.15294117647058825,0.2,0.22745098039215686,0.27058823529411763
