var1,var2,var3,var4,var5,var6
0.04242424242424243,0.06666666666666667,0.12121212121212122,0.15151515151515152,0.22424242424242424,0.3939393939393939
