var1,var2,var3,var4,var5,var6
0.02912621359223301,0.0970873786407767,0.14563106796116504,0.1650485436893204,0.20388349514563106,0.3592233009708738
