var1,var2,var3,var4,var5,var6
0.02702702702702703,0.05405405405405406,0.13513513513513514,0.2072072072072072,0.24324324324324326,0.3333333333333333
