var1,var2,var3,var4,var5,var6
0.04580152671755725,0.07633587786259542,0.09923664122137404,0.16793893129770993,0.2748091603053435,0.33587786259541985
