var1,var2,var3,var4,var5,var6
0.025157232704402517,0.1069182389937107,0.1509433962264151,0.20125786163522014,0.2389937106918239,0.27672955974842767
