var1,var2,var3,var4,var5,var6
0.03389830508474576,0.04519774011299435,0.096045197740113,0.1807909604519774,0.2937853107344633,0.3502824858757062
