var1,var2,var3,var4,var5,var6
0.047244094488188976,0.07086614173228346,0.07874015748031496,0.09448818897637795,0.2992125984251969,0.4094488188976378
