var1,var2,var3,var4,var5,var6
0.1111111111111111,0.1437908496732026,0.1568627450980392,0.16339869281045752,0.1830065359477124,0.24183006535947713
