var1,var2,var3,var4,var5,var6
0.0851063829787234,0.10638297872340426,0.14468085106382977,0.15319148936170213,0.19574468085106383,0.3148936170212766
