var1,var2,var3,var4,var5,var6
0.06837606837606838,0.1282051282051282,0.13675213675213677,0.15384615384615385,0.23931623931623933,0.27350427350427353
