var1,var2,var3,var4,var5,var6
0.045714285714285714,0.10285714285714286,0.16,0.19428571428571428,0.22285714285714286,0.2742857142857143
