var1,var2,var3,var4,var5,var6
0.05263157894736842,0.07518796992481203,0.16541353383458646,0.18045112781954886,0.24812030075187969,0.2781954887218045
