var1,var2,var3,var4,var5,var6
0.04669260700389105,0.07782101167315175,0.08560311284046693,0.10116731517509728,0.3151750972762646,0.3735408560311284
