var1,var2,var3,var4,var5,var6
0.05714285714285714,0.08571428571428572,0.12571428571428572,0.22857142857142856,0.24,0.26285714285714284
