var1,var2,var3,var4,var5,var6
0.020134228187919462,0.12751677852348994,0.16778523489932887,0.2080536912751678,0.2214765100671141,0.2550335570469799
