var1,var2,var3,var4,var5,var6
0.042682926829268296,0.10365853658536585,0.12804878048780488,0.18292682926829268,0.1951219512195122,0.3475609756097561
