var1,var2,var3,var4,var5,var6
0.05084745762711865,0.0847457627118644,0.15254237288135594,0.20903954802259886,0.23163841807909605,0.2711864406779661
