var1,var2,var3,var4,var5,var6
0.02702702702702703,0.07432432432432433,0.08783783783783784,0.18243243243243243,0.25,0.3783783783783784
