var1,var2,var3,var4,var5,var6
0.014598540145985401,0.051094890510948905,0.11678832116788321,0.16058394160583941,0.23357664233576642,0.4233576642335766
