var1,var2,var3,var4,var5,var6
0.031746031746031744,0.08994708994708994,0.1164021164021164,0.2222222222222222,0.24338624338624337,0.2962962962962963
