var1,var2,var3,var4,var5,var6
0.029556650246305417,0.06896551724137931,0.12315270935960591,0.1477832512315271,0.3054187192118227,0.3251231527093596
