var1,var2,var3,var4,var5,var6
0.052083333333333336,0.0625,0.10416666666666667,0.14583333333333334,0.22916666666666666,0.40625
