var1,var2,var3,var4,var5,var6
0.02054794520547945,0.0410958904109589,0.1506849315068493,0.2191780821917808,0.22602739726027396,0.3424657534246575
