var1,var2,var3,var4,var5,var6
0.04316546762589928,0.10071942446043165,0.15827338129496402,0.17985611510791366,0.2446043165467626,0.2733812949640288
