var1,var2,var3,var4,var5,var6
0.031007751937984496,0.07751937984496124,0.12403100775193798,0.20930232558139536,0.24806201550387597,0.31007751937984496
