var1,var2,var3,var4,var5,var6
0.03553299492385787,0.10152284263959391,0.1319796954314721,0.15736040609137056,0.22842639593908629,0.34517766497461927
