var1,var2,var3,var4,var5,var6
0.013986013986013986,0.13986013986013987,0.14685314685314685,0.1958041958041958,0.23776223776223776,0.26573426573426573
