var1,var2,var3,var4,var5,var6
0.07017543859649122,0.08771929824561403,0.10526315789473684,0.11695906432748537,0.24561403508771928,0.3742690058479532
