var1,var2,var3,var4,var5,var6
0.03067484662576687,0.049079754601226995,0.09815950920245399,0.11042944785276074,0.26380368098159507,0.44785276073619634
