var1,var2,var3,var4,var5,var6
0.045454545454545456,0.05303030303030303,0.14393939393939395,0.16666666666666666,0.20454545454545456,0.38636363636363635
