var1,var2,var3,var4,var5,var6
0.03867403314917127,0.06629834254143646,0.09944751381215469,0.20994475138121546,0.2541436464088398,0.3314917127071823
