var1,var2,var3,var4,var5,var6
0.04819277108433735,0.08433734939759036,0.10843373493975904,0.23493975903614459,0.2469879518072289,0.27710843373493976
