var1,var2,var3,var4,var5,var6
0.024193548387096774,0.0967741935483871,0.13709677419354838,0.1693548387096774,0.1774193548387097,0.3951612903225806
