var1,var2,var3,var4,var5,var6
0.0851063829787234,0.11347517730496454,0.1702127659574468,0.19148936170212766,0.2127659574468085,0.22695035460992907
