var1,var2,var3,var4,var5,var6
0.035555555555555556,0.14222222222222222,0.15555555555555556,0.19555555555555557,0.21333333333333335,0.2577777777777778
