var1,var2,var3,var4,var5,var6
0.09352517985611511,0.11510791366906475,0.1366906474820144,0.16546762589928057,0.2158273381294964,0.2733812949640288
