var1,var2,var3,var4,var5,var6
0.06179775280898876,0.10674157303370786,0.1348314606741573,0.16292134831460675,0.24719101123595505,0.28651685393258425
