var1,var2,var3,var4,var5,var6
0.08396946564885496,0.09923664122137404,0.15267175572519084,0.17557251908396945,0.22137404580152673,0.26717557251908397
