var1,var2,var3,var4,var5,var6
0.06666666666666667,0.09523809523809523,0.12380952380952381,0.13333333333333333,0.26666666666666666,0.3142857142857143
