var1,var2,var3,var4,var5,var6
0.11940298507462686,0.12935323383084577,0.14925373134328357,0.1791044776119403,0.19402985074626866,0.22885572139303484
