var1,var2,var3,var4,var5,var6
0.08264462809917356,0.10743801652892562,0.11570247933884298,0.1652892561983471,0.23140495867768596,0.2975206611570248
