var1,var2,var3,var4,var5,var6
0.08205128205128205,0.09230769230769231,0.1076923076923077,0.13333333333333333,0.2564102564102564,0.3282051282051282
