var1,var2,var3,var4,var5,var6
0.04516129032258064,0.14193548387096774,0.16774193548387098,0.1935483870967742,0.2064516129032258,0.24516129032258063
