var1,var2,var3,var4,var5,var6
0.11808118081180811,0.12546125461254612,0.15129151291512916,0.16974169741697417,0.2066420664206642,0.22878228782287824
