var1,var2,var3,var4,var5,var6
0.015544041450777202,0.11398963730569948,0.14507772020725387,0.21761658031088082,0.22797927461139897,0.27979274611398963
