var1,var2,var3,var4,var5,var6
0.031088082901554404,0.09844559585492228,0.14507772020725387,0.20725388601036268,0.24870466321243523,0.2694300518134715
