var1,var2,var3,var4,var5,var6
0.05113636363636364,0.07954545454545454,0.11363636363636363,0.14772727272727273,0.2840909090909091,0.32386363636363635
