var1,var2,var3,var4,var5,var6
0.043243243243243246,0.0972972972972973,0.11891891891891893,0.12972972972972974,0.2972972972972973,0.31351351351351353
