var1,var2,var3,var4,var5,var6
0.06666666666666667,0.10303030303030303,0.10909090909090909,0.18181818181818182,0.19393939393939394,0.34545454545454546
