var1,var2,var3,var4,var5,var6
0.039735099337748346,0.10596026490066225,0.17218543046357615,0.1986754966887417,0.23178807947019867,0.25165562913907286
