var1,var2,var3,var4,var5,var6
0.09268292682926829,0.12682926829268293,0.13658536585365855,0.16585365853658537,0.1951219512195122,0.28292682926829266
