var1,var2,var3,var4,var5,var6
0.02727272727272727,0.045454545454545456,0.10909090909090909,0.11818181818181818,0.2636363636363636,0.43636363636363634
