var1,var2,var3,var4,var5,var6
0.05785123966942149,0.09090909090909091,0.09917355371900827,0.14049586776859505,0.1652892561983471,0.4462809917355372
