var1,var2,var3,var4,var5,var6
0.03592814371257485,0.10778443113772455,0.1317365269461078,0.17365269461077845,0.17964071856287425,0.3712574850299401
