var1,var2,var3,var4,var5,var6
0.02127659574468085,0.03404255319148936,0.11914893617021277,0.19574468085106383,0.2851063829787234,0.3446808510638298
