var1,var2,var3,var4,var5,var6
0.053475935828877004,0.0855614973262032,0.13368983957219252,0.16042780748663102,0.22459893048128343,0.3422459893048128
