var1,var2,var3,var4,var5,var6
0.018018018018018018,0.02702702702702703,0.10810810810810811,0.14414414414414414,0.1981981981981982,0.5045045045045045
