var1,var2,var3,var4,var5,var6
0.04145077720207254,0.05181347150259067,0.11917098445595854,0.19170984455958548,0.29015544041450775,0.30569948186528495
