var1,var2,var3,var4,var5,var6
0.0425531914893617,0.09929078014184398,0.11347517730496454,0.1276595744680851,0.2907801418439716,0.3262411347517731
