var1,var2,var3,var4,var5,var6
0.058394160583941604,0.08759124087591241,0.1678832116788321,0.17518248175182483,0.21897810218978103,0.291970802919708
