var1,var2,var3,var4,var5,var6
0.014814814814814815,0.1037037037037037,0.18518518518518517,0.1925925925925926,0.23703703703703705,0.26666666666666666
