var1,var2,var3,var4,var5,var6
0.028846153846153848,0.04807692307692308,0.10576923076923077,0.16346153846153846,0.27884615384615385,0.375
