var1,var2,var3,var4,var5,var6
0.056962025316455694,0.0949367088607595,0.12025316455696203,0.189873417721519,0.25949367088607594,0.27848101265822783
