var1,var2,var3,var4,var5,var6
0.07058823529411765,0.12941176470588237,0.1588235294117647,0.17058823529411765,0.2235294117647059,0.24705882352941178
