var1,var2,var3,var4,var5,var6
0.014492753623188406,0.11594202898550725,0.1642512077294686,0.2028985507246377,0.24154589371980675,0.2608695652173913
