var1,var2,var3,var4,var5,var6
0.04093567251461988,0.0935672514619883,0.11695906432748537,0.1286549707602339,0.27485380116959063,0.34502923976608185
