var1,var2,var3,var4,var5,var6
0.049586776859504134,0.08264462809917356,0.1652892561983471,0.18181818181818182,0.19008264462809918,0.3305785123966942
