var1,var2,var3,var4,var5,var6
0.026143790849673203,0.0392156862745098,0.05228758169934641,0.24836601307189543,0.2549019607843137,0.3790849673202614
