var1,var2,var3,var4,var5,var6
0.015810276679841896,0.09881422924901186,0.15019762845849802,0.18972332015810275,0.23715415019762845,0.308300395256917
