var1,var2,var3,var4,var5,var6
0.024793388429752067,0.10743801652892562,0.14049586776859505,0.15702479338842976,0.19834710743801653,0.371900826446281
