var1,var2,var3,var4,var5,var6
0.036458333333333336,0.046875,0.13020833333333334,0.203125,0.234375,0.3489583333333333
