var1,var2,var3,var4,var5,var6
0.045714285714285714,0.05714285714285714,0.08,0.21714285714285714,0.2342857142857143,0.3657142857142857
