var1,var2,var3,var4,var5,var6
0.0223463687150838,0.0335195530726257,0.12849162011173185,0.1787709497206704,0.2681564245810056,0.3687150837988827
