var1,var2,var3,var4,var5,var6
0.0707070707070707,0.10101010101010101,0.1414141414141414,0.15151515151515152,0.20202020202020202,0.3333333333333333
