var1,var2,var3,var4,var5,var6
0.048458149779735685,0.07929515418502203,0.14096916299559473,0.16740088105726872,0.27312775330396477,0.2907488986784141
