var1,var2,var3,var4,var5,var6
0.049723756906077346,0.0718232044198895,0.11049723756906077,0.19889502762430938,0.2430939226519337,0.3259668508287293
