var1,var2,var3,var4,var5,var6
0.024242424242424242,0.07272727272727272,0.09090909090909091,0.13333333333333333,0.2787878787878788,0.4
