var1,var2,var3,var4,var5,var6
0.005988023952095809,0.059880239520958084,0.1437125748502994,0.16766467065868262,0.2634730538922156,0.3592814371257485
