var1,var2,var3,var4,var5,var6
0.026143790849673203,0.05228758169934641,0.11764705882352941,0.20915032679738563,0.28104575163398693,0.3137254901960784
