var1,var2,var3,var4,var5,var6
0.03755868544600939,0.056338028169014086,0.15023474178403756,0.18309859154929578,0.28169014084507044,0.29107981220657275
