var1,var2,var3,var4,var5,var6
0.0446927374301676,0.061452513966480445,0.15083798882681565,0.18994413407821228,0.26256983240223464,0.2905027932960894
