var1,var2,var3,var4,var5,var6
0.026905829596412557,0.09417040358744394,0.17040358744394618,0.17937219730941703,0.21076233183856502,0.3183856502242152
