var1,var2,var3,var4,var5,var6
0.027906976744186046,0.10697674418604651,0.12093023255813953,0.20465116279069767,0.26046511627906976,0.27906976744186046
