var1,var2,var3,var4,var5,var6
0.041916167664670656,0.059880239520958084,0.17365269461077845,0.18562874251497005,0.20958083832335328,0.32934131736526945
