var1,var2,var3,var4,var5,var6
0.0223463687150838,0.07262569832402235,0.1564245810055866,0.2011173184357542,0.2569832402234637,0.2905027932960894
