var1,var2,var3,var4,var5,var6
0.022900763358778626,0.04580152671755725,0.16793893129770993,0.1984732824427481,0.25190839694656486,0.31297709923664124
