var1,var2,var3,var4,var5,var6
0.03680981595092025,0.049079754601226995,0.07975460122699386,0.18404907975460122,0.294478527607362,0.3558282208588957
