var1,var2,var3,var4,var5,var6
0.03418803418803419,0.09401709401709402,0.11965811965811966,0.1623931623931624,0.23931623931623933,0.3504273504273504
