var1,var2,var3,var4,var5,var6
0.06486486486486487,0.08648648648648649,0.0972972972972973,0.14054054054054055,0.2972972972972973,0.31351351351351353
