var1,var2,var3,var4,var5,var6
0.0111731843575419,0.0893854748603352,0.1452513966480447,0.18994413407821228,0.26256983240223464,0.3016759776536313
