var1,var2,var3,var4,var5,var6
0.07772020725388601,0.08290155440414508,0.10362694300518134,0.11398963730569948,0.27979274611398963,0.34196891191709844
