var1,var2,var3,var4,var5,var6
0.06030150753768844,0.08542713567839195,0.16080402010050251,0.18090452261306533,0.20100502512562815,0.31155778894472363
