var1,var2,var3,var4,var5,var6
0.078125,0.1015625,0.125,0.171875,0.2421875,0.28125
