var1,var2,var3,var4,var5,var6
0.040229885057471264,0.06896551724137931,0.08045977011494253,0.21264367816091953,0.27011494252873564,0.3275862068965517
