var1,var2,var3,var4,var5,var6
0.027649769585253458,0.07373271889400922,0.1382488479262673,0.16129032258064516,0.25806451612903225,0.34101382488479265
