var1,var2,var3,var4,var5,var6
0.031746031746031744,0.05291005291005291,0.06349206349206349,0.21164021164021163,0.25925925925925924,0.38095238095238093
