var1,var2,var3,var4,var5,var6
0.01694915254237288,0.1152542372881356,0.14915254237288136,0.18983050847457628,0.23728813559322035,0.29152542372881357
