var1,var2,var3,var4,var5,var6
0.03314917127071823,0.055248618784530384,0.07734806629834254,0.22099447513812154,0.23756906077348067,0.3756906077348066
