var1,var2,var3,var4,var5,var6
0.02617801047120419,0.12041884816753927,0.15706806282722513,0.20418848167539266,0.2198952879581152,0.27225130890052357
