var1,var2,var3,var4,var5,var6
0.025157232704402517,0.06289308176100629,0.07547169811320754,0.20754716981132076,0.25157232704402516,0.37735849056603776
