var1,var2,var3,var4,var5,var6
0.04142011834319527,0.05325443786982249,0.0650887573964497,0.2485207100591716,0.25443786982248523,0.33727810650887574
