var1,var2,var3,var4,var5,var6
0.02666666666666667,0.06222222222222222,0.16,0.17333333333333334,0.26666666666666666,0.3111111111111111
