var1,var2,var3,var4,var5,var6
0.09302325581395349,0.11627906976744186,0.12403100775193798,0.15503875968992248,0.17054263565891473,0.34108527131782945
