var1,var2,var3,var4,var5,var6
0.025157232704402517,0.03773584905660377,0.10062893081761007,0.16981132075471697,0.2389937106918239,0.4276729559748428
