var1,var2,var3,var4,var5,var6
0.024390243902439025,0.06504065040650407,0.11382113821138211,0.13008130081300814,0.3170731707317073,0.34959349593495936
