var1,var2,var3,var4,var5,var6
0.05909090909090909,0.12727272727272726,0.1590909090909091,0.18181818181818182,0.20454545454545456,0.2681818181818182
