var1,var2,var3,var4,var5,var6
0.044444444444444446,0.06666666666666667,0.14222222222222222,0.20444444444444446,0.2311111111111111,0.3111111111111111
