var1,var2,var3,var4,var5,var6
0.04739336492890995,0.08530805687203792,0.14218009478672985,0.16113744075829384,0.25118483412322273,0.3127962085308057
