var1,var2,var3,var4,var5,var6
0.04219409282700422,0.1308016877637131,0.1518987341772152,0.18143459915611815,0.19831223628691982,0.29535864978902954
