var1,var2,var3,var4,var5,var6
0.024630541871921183,0.10837438423645321,0.15763546798029557,0.1724137931034483,0.2512315270935961,0.2857142857142857
