var1,var2,var3,var4,var5,var6
0.02197802197802198,0.09523809523809523,0.14652014652014653,0.1794871794871795,0.2490842490842491,0.3076923076923077
