var1,var2,var3,var4,var5,var6
0.01775147928994083,0.0650887573964497,0.11242603550295859,0.22485207100591717,0.2781065088757396,0.30177514792899407
