var1,var2,var3,var4,var5,var6
0.018072289156626505,0.04819277108433735,0.060240963855421686,0.2289156626506024,0.26506024096385544,0.3795180722891566
