var1,var2,var3,var4,var5,var6
0.07339449541284404,0.09174311926605505,0.10091743119266056,0.14678899082568808,0.2018348623853211,0.3853211009174312
