var1,var2,var3,var4,var5,var6
0.038461538461538464,0.07692307692307693,0.1076923076923077,0.13846153846153847,0.2923076923076923,0.34615384615384615
