var1,var2,var3,var4,var5,var6
0.02608695652173913,0.08695652173913043,0.09565217391304348,0.10434782608695652,0.26956521739130435,0.41739130434782606
