var1,var2,var3,var4,var5,var6
0.015267175572519083,0.022900763358778626,0.07633587786259542,0.22900763358778625,0.2748091603053435,0.3816793893129771
