var1,var2,var3,var4,var5,var6
0.0425531914893617,0.10106382978723404,0.13297872340425532,0.18617021276595744,0.2553191489361702,0.28191489361702127
