var1,var2,var3,var4,var5,var6
0.022388059701492536,0.029850746268656716,0.1044776119402985,0.1865671641791045,0.30597014925373134,0.35074626865671643
