var1,var2,var3,var4,var5,var6
0.08597285067873303,0.1085972850678733,0.14479638009049775,0.18099547511312217,0.23529411764705882,0.24434389140271492
