var1,var2,var3,var4,var5,var6
0.06341463414634146,0.0975609756097561,0.11219512195121951,0.2048780487804878,0.23414634146341465,0.28780487804878047
