var1,var2,var3,var4,var5,var6
0.04477611940298507,0.08208955223880597,0.1417910447761194,0.14925373134328357,0.17164179104477612,0.41044776119402987
