var1,var2,var3,var4,var5,var6
0.03355704697986577,0.08053691275167785,0.10738255033557047,0.1342281879194631,0.31543624161073824,0.3288590604026846
