var1,var2,var3,var4,var5,var6
0.10526315789473684,0.12781954887218044,0.16541353383458646,0.18045112781954886,0.19548872180451127,0.22556390977443608
