var1,var2,var3,var4,var5,var6
0.07692307692307693,0.1085972850678733,0.14479638009049775,0.19909502262443438,0.22624434389140272,0.24434389140271492
