var1,var2,var3,var4,var5,var6
0.017543859649122806,0.04678362573099415,0.14619883040935672,0.19883040935672514,0.2573099415204678,0.3333333333333333
