var1,var2,var3,var4,var5,var6
0.06369426751592357,0.07643312101910828,0.10828025477707007,0.11464968152866242,0.24203821656050956,0.39490445859872614
