var1,var2,var3,var4,var5,var6
0.05263157894736842,0.09022556390977443,0.10526315789473684,0.15037593984962405,0.2857142857142857,0.3157894736842105
