var1,var2,var3,var4,var5,var6
0.01818181818181818,0.05454545454545454,0.14545454545454545,0.15757575757575756,0.2727272727272727,0.3515151515151515
