var1,var2,var3,var4,var5,var6
0.07614213197969544,0.1065989847715736,0.1116751269035533,0.16243654822335024,0.20304568527918782,0.3401015228426396
