var1,var2,var3,var4,var5,var6
0.07947019867549669,0.09271523178807947,0.13245033112582782,0.19205298013245034,0.23841059602649006,0.26490066225165565
