var1,var2,var3,var4,var5,var6
0.03225806451612903,0.05161290322580645,0.18064516129032257,0.1935483870967742,0.25806451612903225,0.2838709677419355
