var1,var2,var3,var4,var5,var6
0.023715415019762844,0.13438735177865613,0.14624505928853754,0.2134387351778656,0.22134387351778656,0.2608695652173913
