var1,var2,var3,var4,var5,var6
0.022598870056497175,0.096045197740113,0.12429378531073447,0.2033898305084746,0.2598870056497175,0.2937853107344633
