var1,var2,var3,var4,var5,var6
0.08438818565400844,0.14345991561181434,0.16033755274261605,0.18143459915611815,0.1940928270042194,0.23628691983122363
