var1,var2,var3,var4,var5,var6
0.04265402843601896,0.07582938388625593,0.0947867298578199,0.1990521327014218,0.26540284360189575,0.3222748815165877
