var1,var2,var3,var4,var5,var6
0.03529411764705882,0.041176470588235294,0.12941176470588237,0.2,0.24705882352941178,0.34705882352941175
