var1,var2,var3,var4,var5,var6
0.09771986970684039,0.10423452768729642,0.16938110749185667,0.1791530944625407,0.21498371335504887,0.23452768729641693
