var1,var2,var3,var4,var5,var6
0.045112781954887216,0.12030075187969924,0.17293233082706766,0.18045112781954886,0.19548872180451127,0.2857142857142857
