var1,var2,var3,var4,var5,var6
0.025423728813559324,0.0847457627118644,0.13559322033898305,0.17796610169491525,0.2711864406779661,0.3050847457627119
