var1,var2,var3,var4,var5,var6
0.025477707006369428,0.03821656050955414,0.12101910828025478,0.16560509554140126,0.267515923566879,0.3821656050955414
