var1,var2,var3,var4,var5,var6
0.049773755656108594,0.06334841628959276,0.17647058823529413,0.20361990950226244,0.24434389140271492,0.26244343891402716
