var1,var2,var3,var4,var5,var6
0.03825136612021858,0.08743169398907104,0.14754098360655737,0.20218579234972678,0.2568306010928962,0.2677595628415301
