var1,var2,var3,var4,var5,var6
0.0582010582010582,0.08465608465608465,0.14814814814814814,0.15873015873015872,0.21164021164021163,0.3386243386243386
