var1,var2,var3,var4,var5,var6
0.0963855421686747,0.12449799196787148,0.13654618473895583,0.1686746987951807,0.1927710843373494,0.28112449799196787
