var1,var2,var3,var4,var5,var6
0.026845637583892617,0.10738255033557047,0.12080536912751678,0.19463087248322147,0.24161073825503357,0.3087248322147651
