var1,var2,var3,var4,var5,var6
0.04081632653061224,0.07346938775510205,0.16326530612244897,0.17959183673469387,0.24489795918367346,0.2979591836734694
