var1,var2,var3,var4,var5,var6
0.056338028169014086,0.07042253521126761,0.08450704225352113,0.11267605633802817,0.22535211267605634,0.4507042253521127
