var1,var2,var3,var4,var5,var6
0.014388489208633094,0.1079136690647482,0.15827338129496402,0.18705035971223022,0.2302158273381295,0.302158273381295
