var1,var2,var3,var4,var5,var6
0.08955223880597014,0.1044776119402985,0.14925373134328357,0.15920398009950248,0.22885572139303484,0.26865671641791045
