var1,var2,var3,var4,var5,var6
0.01935483870967742,0.0967741935483871,0.12903225806451613,0.16129032258064516,0.21935483870967742,0.3741935483870968
