var1,var2,var3,var4,var5,var6
0.0189873417721519,0.06962025316455696,0.12025316455696203,0.23417721518987342,0.25949367088607594,0.2974683544303797
