var1,var2,var3,var4,var5,var6
0.0718562874251497,0.10778443113772455,0.11976047904191617,0.16766467065868262,0.2215568862275449,0.31137724550898205
