var1,var2,var3,var4,var5,var6
0.024793388429752067,0.049586776859504134,0.09917355371900827,0.1652892561983471,0.18181818181818182,0.4793388429752066
