var1,var2,var3,var4,var5,var6
0.09584664536741214,0.11501597444089456,0.16613418530351437,0.18210862619808307,0.20447284345047922,0.2364217252396166
