var1,var2,var3,var4,var5,var6
0.055793991416309016,0.07725321888412018,0.13733905579399142,0.18025751072961374,0.26609442060085836,0.2832618025751073
