var1,var2,var3,var4,var5,var6
0.06282722513089005,0.07329842931937172,0.09947643979057591,0.18848167539267016,0.2094240837696335,0.36649214659685864
