var1,var2,var3,var4,var5,var6
0.024390243902439025,0.04878048780487805,0.13821138211382114,0.1951219512195122,0.2764227642276423,0.3170731707317073
