var1,var2,var3,var4,var5,var6
0.029556650246305417,0.08374384236453201,0.12807881773399016,0.17733990147783252,0.2561576354679803,0.3251231527093596
