var1,var2,var3,var4,var5,var6
0.050314465408805034,0.10062893081761007,0.11320754716981132,0.13836477987421383,0.2578616352201258,0.33962264150943394
