var1,var2,var3,var4,var5,var6
0.058823529411764705,0.08823529411764706,0.12941176470588237,0.15294117647058825,0.24705882352941178,0.3235294117647059
