var1,var2,var3,var4,var5,var6
0.06557377049180328,0.09289617486338798,0.12021857923497267,0.19672131147540983,0.24043715846994534,0.28415300546448086
