var1,var2,var3,var4,var5,var6
0.009216589861751152,0.041474654377880185,0.10138248847926268,0.22119815668202766,0.2764976958525346,0.35023041474654376
