var1,var2,var3,var4,var5,var6
0.07586206896551724,0.0896551724137931,0.1103448275862069,0.1793103448275862,0.20689655172413793,0.33793103448275863
