var1,var2,var3,var4,var5,var6
0.04326923076923077,0.1201923076923077,0.14423076923076922,0.15384615384615385,0.21634615384615385,0.32211538461538464
