var1,var2,var3,var4,var5,var6
0.05454545454545454,0.07878787878787878,0.1393939393939394,0.18787878787878787,0.2606060606060606,0.2787878787878788
