var1,var2,var3,var4,var5,var6
0.06896551724137931,0.09655172413793103,0.10344827586206896,0.15862068965517243,0.27586206896551724,0.296551724137931
