var1,var2,var3,var4,var5,var6
0.07734806629834254,0.09944751381215469,0.11602209944751381,0.20994475138121546,0.2430939226519337,0.2541436464088398
