var1,var2,var3,var4,var5,var6
0.028985507246376812,0.07971014492753623,0.09420289855072464,0.21739130434782608,0.2246376811594203,0.35507246376811596
