var1,var2,var3,var4,var5,var6
0.033112582781456956,0.052980132450331126,0.1390728476821192,0.2119205298013245,0.2582781456953642,0.304635761589404
