var1,var2,var3,var4,var5,var6
0.024844720496894408,0.037267080745341616,0.07453416149068323,0.2360248447204969,0.2670807453416149,0.36024844720496896
