var1,var2,var3,var4,var5,var6
0.11320754716981132,0.12735849056603774,0.1650943396226415,0.18396226415094338,0.19339622641509435,0.2169811320754717
