var1,var2,var3,var4,var5,var6
0.028368794326241134,0.09929078014184398,0.16312056737588654,0.2127659574468085,0.22695035460992907,0.2695035460992908
