var1,var2,var3,var4,var5,var6
0.055900621118012424,0.09937888198757763,0.13043478260869565,0.14285714285714285,0.2670807453416149,0.30434782608695654
