var1,var2,var3,var4,var5,var6
0.013986013986013986,0.04195804195804196,0.14685314685314685,0.21678321678321677,0.27972027972027974,0.3006993006993007
