var1,var2,var3,var4,var5,var6
0.014388489208633094,0.07194244604316546,0.09352517985611511,0.18705035971223022,0.302158273381295,0.33093525179856115
