var1,var2,var3,var4,var5,var6
0.11464968152866242,0.14012738853503184,0.15286624203821655,0.16560509554140126,0.21019108280254778,0.21656050955414013
