var1,var2,var3,var4,var5,var6
0.03162055335968379,0.07509881422924901,0.1422924901185771,0.15810276679841898,0.25296442687747034,0.33992094861660077
