var1,var2,var3,var4,var5,var6
0.045714285714285714,0.08571428571428572,0.10857142857142857,0.14285714285714285,0.24571428571428572,0.37142857142857144
