var1,var2,var3,var4,var5,var6
0.08108108108108109,0.0918918918918919,0.14594594594594595,0.15135135135135136,0.2,0.32972972972972975
