var1,var2,var3,var4,var5,var6
0.07692307692307693,0.12550607287449392,0.145748987854251,0.18218623481781376,0.22672064777327935,0.242914979757085
