var1,var2,var3,var4,var5,var6
0.037383177570093455,0.102803738317757,0.12149532710280374,0.17757009345794392,0.205607476635514,0.35514018691588783
