var1,var2,var3,var4,var5,var6
0.10948905109489052,0.11678832116788321,0.13138686131386862,0.145985401459854,0.20437956204379562,0.291970802919708
