var1,var2,var3,var4,var5,var6
0.046153846153846156,0.08205128205128205,0.10256410256410256,0.13333333333333333,0.28717948717948716,0.3487179487179487
