var1,var2,var3,var4,var5,var6
0.0335195530726257,0.13966480446927373,0.1564245810055866,0.20670391061452514,0.21787709497206703,0.24581005586592178
