var1,var2,var3,var4,var5,var6
0.055248618784530384,0.08287292817679558,0.13259668508287292,0.23204419889502761,0.2430939226519337,0.2541436464088398
