var1,var2,var3,var4,var5,var6
0.07339449541284404,0.09174311926605505,0.11009174311926606,0.14678899082568808,0.28440366972477066,0.29357798165137616
