var1,var2,var3,var4,var5,var6
0.032679738562091505,0.1111111111111111,0.1568627450980392,0.20261437908496732,0.2222222222222222,0.27450980392156865
