var1,var2,var3,var4,var5,var6
0.007407407407407408,0.08888888888888889,0.17777777777777778,0.2074074074074074,0.23703703703703705,0.2814814814814815
