var1,var2,var3,var4,var5,var6
0.07692307692307693,0.10650887573964497,0.14201183431952663,0.17751479289940827,0.1893491124260355,0.3076923076923077
