var1,var2,var3,var4,var5,var6
0.016260162601626018,0.04878048780487805,0.12195121951219512,0.17886178861788618,0.2764227642276423,0.35772357723577236
