var1,var2,var3,var4,var5,var6
0.055865921787709494,0.0782122905027933,0.12290502793296089,0.1564245810055866,0.20670391061452514,0.37988826815642457
