var1,var2,var3,var4,var5,var6
0.08235294117647059,0.13529411764705881,0.16470588235294117,0.18235294117647058,0.20588235294117646,0.22941176470588234
