var1,var2,var3,var4,var5,var6
0.040268456375838924,0.053691275167785234,0.087248322147651,0.1476510067114094,0.2953020134228188,0.37583892617449666
