var1,var2,var3,var4,var5,var6
0.029940119760479042,0.041916167664670656,0.1317365269461078,0.17964071856287425,0.24550898203592814,0.3712574850299401
