var1,var2,var3,var4,var5,var6
0.0364963503649635,0.058394160583941604,0.11678832116788321,0.16058394160583941,0.24817518248175183,0.3795620437956204
