var1,var2,var3,var4,var5,var6
0.1095890410958904,0.1187214611872146,0.1506849315068493,0.1643835616438356,0.2100456621004566,0.2465753424657534
