var1,var2,var3,var4,var5,var6
0.019138755980861243,0.11004784688995216,0.16267942583732056,0.1722488038277512,0.24880382775119617,0.28708133971291866
