var1,var2,var3,var4,var5,var6
0.030303030303030304,0.10101010101010101,0.12121212121212122,0.1414141414141414,0.20202020202020202,0.40404040404040403
