var1,var2,var3,var4,var5,var6
0.06504065040650407,0.13008130081300814,0.13821138211382114,0.17886178861788618,0.22764227642276422,0.2601626016260163
