var1,var2,var3,var4,var5,var6
0.054901960784313725,0.06666666666666667,0.12549019607843137,0.16470588235294117,0.2823529411764706,0.3058823529411765
