var1,var2,var3,var4,var5,var6
0.028708133971291867,0.03827751196172249,0.1291866028708134,0.19138755980861244,0.27751196172248804,0.3349282296650718
