var1,var2,var3,var4,var5,var6
0.06756756756756757,0.0945945945945946,0.1036036036036036,0.21621621621621623,0.24774774774774774,0.2702702702702703
