var1,var2,var3,var4,var5,var6
0.017341040462427744,0.06358381502890173,0.09826589595375723,0.2138728323699422,0.2254335260115607,0.3815028901734104
