var1,var2,var3,var4,var5,var6
0.03205128205128205,0.05128205128205128,0.10256410256410256,0.23717948717948717,0.25,0.3269230769230769
