var1,var2,var3,var4,var5,var6
0.03501945525291829,0.14007782101167315,0.14785992217898833,0.20233463035019456,0.22568093385214008,0.2490272373540856
