var1,var2,var3,var4,var5,var6
0.08205128205128205,0.10256410256410256,0.14871794871794872,0.17435897435897435,0.1794871794871795,0.3128205128205128
