var1,var2,var3,var4,var5,var6
0.056962025316455694,0.10759493670886076,0.12658227848101267,0.15822784810126583,0.189873417721519,0.36075949367088606
