var1,var2,var3,var4,var5,var6
0.024154589371980676,0.06763285024154589,0.08695652173913043,0.2222222222222222,0.28019323671497587,0.3188405797101449
