var1,var2,var3,var4,var5,var6
0.05363984674329502,0.06896551724137931,0.14559386973180077,0.1839080459770115,0.26436781609195403,0.2835249042145594
