var1,var2,var3,var4,var5,var6
0.024793388429752067,0.08264462809917356,0.1322314049586777,0.19834710743801653,0.2644628099173554,0.2975206611570248
