var1,var2,var3,var4,var5,var6
0.029197080291970802,0.072992700729927,0.08029197080291971,0.1897810218978102,0.30656934306569344,0.32116788321167883
