var1,var2,var3,var4,var5,var6
0.09216589861751152,0.1336405529953917,0.15668202764976957,0.16589861751152074,0.2119815668202765,0.23963133640552994
