var1,var2,var3,var4,var5,var6
0.018433179723502304,0.027649769585253458,0.1152073732718894,0.16589861751152074,0.30414746543778803,0.3686635944700461
