var1,var2,var3,var4,var5,var6
0.03508771929824561,0.06432748538011696,0.08187134502923976,0.1871345029239766,0.22807017543859648,0.40350877192982454
