var1,var2,var3,var4,var5,var6
0.03007518796992481,0.11278195488721804,0.13533834586466165,0.18045112781954886,0.24060150375939848,0.3007518796992481
