var1,var2,var3,var4,var5,var6
0.09313725490196079,0.11764705882352941,0.1323529411764706,0.1715686274509804,0.20098039215686275,0.28431372549019607
