var1,var2,var3,var4,var5,var6
0.05853658536585366,0.1073170731707317,0.14634146341463414,0.17073170731707318,0.24390243902439024,0.2731707317073171
