var1,var2,var3,var4,var5,var6
0.023255813953488372,0.09302325581395349,0.13178294573643412,0.16279069767441862,0.20930232558139536,0.3798449612403101
