var1,var2,var3,var4,var5,var6
0.06432748538011696,0.07602339181286549,0.1111111111111111,0.14619883040935672,0.27485380116959063,0.32748538011695905
