var1,var2,var3,var4,var5,var6
0.05844155844155844,0.11688311688311688,0.15584415584415584,0.18831168831168832,0.2012987012987013,0.2792207792207792
