var1,var2,var3,var4,var5,var6
0.05263157894736842,0.0935672514619883,0.11695906432748537,0.15204678362573099,0.25146198830409355,0.3333333333333333
