var1,var2,var3,var4,var5,var6
0.09090909090909091,0.10909090909090909,0.16,0.17454545454545456,0.21818181818181817,0.24727272727272728
