var1,var2,var3,var4,var5,var6
0.03389830508474576,0.0903954802259887,0.1751412429378531,0.2033898305084746,0.21468926553672316,0.2824858757062147
