var1,var2,var3,var4,var5,var6
0.03902439024390244,0.05365853658536585,0.12195121951219512,0.1951219512195122,0.28292682926829266,0.3073170731707317
