var1,var2,var3,var4,var5,var6
0.02564102564102564,0.06837606837606838,0.08547008547008547,0.13675213675213677,0.3247863247863248,0.358974358974359
