var1,var2,var3,var4,var5,var6
0.09142857142857143,0.13714285714285715,0.14285714285714285,0.1657142857142857,0.22285714285714286,0.24
