var1,var2,var3,var4,var5,var6
0.050505050505050504,0.0707070707070707,0.1111111111111111,0.1414141414141414,0.1717171717171717,0.45454545454545453
