var1,var2,var3,var4,var5,var6
0.08239700374531835,0.10486891385767791,0.1647940074906367,0.19101123595505617,0.20224719101123595,0.2546816479400749
