var1,var2,var3,var4,var5,var6
0.019704433497536946,0.08866995073891626,0.13793103448275862,0.1477832512315271,0.26108374384236455,0.3448275862068966
