var1,var2,var3,var4,var5,var6
0.04861111111111111,0.125,0.1597222222222222,0.19444444444444445,0.2222222222222222,0.25
