var1,var2,var3,var4,var5,var6
0.0196078431372549,0.08627450980392157,0.1411764705882353,0.20392156862745098,0.2549019607843137,0.29411764705882354
