var1,var2,var3,var4,var5,var6
0.11020408163265306,0.12653061224489795,0.1510204081632653,0.16326530612244897,0.1836734693877551,0.2653061224489796
