var1,var2,var3,var4,var5,var6
0.023076923076923078,0.09230769230769231,0.15384615384615385,0.2076923076923077,0.23846153846153847,0.2846153846153846
