var1,var2,var3,var4,var5,var6
0.03375527426160337,0.0759493670886076,0.16455696202531644,0.17721518987341772,0.24472573839662448,0.3037974683544304
