var1,var2,var3,var4,var5,var6
0.03048780487804878,0.04878048780487805,0.10975609756097561,0.20121951219512196,0.2865853658536585,0.3231707317073171
