var1,var2,var3,var4,var5,var6
0.08121827411167512,0.10152284263959391,0.1319796954314721,0.19289340101522842,0.23857868020304568,0.25380710659898476
