var1,var2,var3,var4,var5,var6
0.018018018018018018,0.036036036036036036,0.06306306306306306,0.18018018018018017,0.3063063063063063,0.3963963963963964
