var1,var2,var3,var4,var5,var6
0.05970149253731343,0.09701492537313433,0.17164179104477612,0.19402985074626866,0.21641791044776118,0.26119402985074625
