var1,var2,var3,var4,var5,var6
0.047619047619047616,0.06666666666666667,0.13333333333333333,0.14285714285714285,0.17142857142857143,0.4380952380952381
