var1,var2,var3,var4,var5,var6
0.03765690376569038,0.058577405857740586,0.12552301255230125,0.14225941422594143,0.23430962343096234,0.401673640167364
