var1,var2,var3,var4,var5,var6
0.037037037037037035,0.05925925925925926,0.1037037037037037,0.17777777777777778,0.2962962962962963,0.32592592592592595
