var1,var2,var3,var4,var5,var6
0.05,0.06111111111111111,0.09444444444444444,0.2,0.2777777777777778,0.31666666666666665
