var1,var2,var3,var4,var5,var6
0.0196078431372549,0.0392156862745098,0.13071895424836602,0.1830065359477124,0.28104575163398693,0.3464052287581699
