var1,var2,var3,var4,var5,var6
0.08300395256916997,0.11857707509881422,0.12648221343873517,0.1422924901185771,0.22924901185770752,0.30039525691699603
