var1,var2,var3,var4,var5,var6
0.05235602094240838,0.08900523560209424,0.13089005235602094,0.16230366492146597,0.225130890052356,0.3403141361256545
