var1,var2,var3,var4,var5,var6
0.05325443786982249,0.10650887573964497,0.14201183431952663,0.16568047337278108,0.1893491124260355,0.3431952662721893
