var1,var2,var3,var4,var5,var6
0.01015228426395939,0.06598984771573604,0.1116751269035533,0.233502538071066,0.2639593908629442,0.3147208121827411
