var1,var2,var3,var4,var5,var6
0.019417475728155338,0.06796116504854369,0.10679611650485436,0.14563106796116504,0.2621359223300971,0.39805825242718446
