var1,var2,var3,var4,var5,var6
0.08133971291866028,0.0861244019138756,0.14354066985645933,0.19138755980861244,0.23444976076555024,0.2631578947368421
