var1,var2,var3,var4,var5,var6
0.03592814371257485,0.0718562874251497,0.09580838323353294,0.11976047904191617,0.2934131736526946,0.38323353293413176
