var1,var2,var3,var4,var5,var6
0.023346303501945526,0.08949416342412451,0.11673151750972763,0.2178988326848249,0.2723735408560311,0.2801556420233463
