var1,var2,var3,var4,var5,var6
0.023952095808383235,0.05389221556886228,0.11976047904191617,0.16766467065868262,0.2155688622754491,0.41916167664670656
