var1,var2,var3,var4,var5,var6
0.05027932960893855,0.0782122905027933,0.0893854748603352,0.12290502793296089,0.2569832402234637,0.4022346368715084
