var1,var2,var3,var4,var5,var6
0.05405405405405406,0.08108108108108109,0.0972972972972973,0.20540540540540542,0.21621621621621623,0.34594594594594597
