var1,var2,var3,var4,var5,var6
0.06572769953051644,0.12206572769953052,0.14553990610328638,0.1784037558685446,0.22535211267605634,0.26291079812206575
