var1,var2,var3,var4,var5,var6
0.037037037037037035,0.05925925925925926,0.1037037037037037,0.11851851851851852,0.32592592592592595,0.35555555555555557
