var1,var2,var3,var4,var5,var6
0.02824858757062147,0.06779661016949153,0.13559322033898305,0.1807909604519774,0.21468926553672316,0.3728813559322034
