var1,var2,var3,var4,var5,var6
0.07964601769911504,0.09734513274336283,0.12389380530973451,0.1592920353982301,0.19469026548672566,0.34513274336283184
