var1,var2,var3,var4,var5,var6
0.02304147465437788,0.08294930875576037,0.14285714285714285,0.17972350230414746,0.2534562211981567,0.31797235023041476
