var1,var2,var3,var4,var5,var6
0.055248618784530384,0.08839779005524862,0.14917127071823205,0.1878453038674033,0.19889502762430938,0.32044198895027626
