var1,var2,var3,var4,var5,var6
0.03319502074688797,0.05394190871369295,0.0995850622406639,0.1908713692946058,0.27385892116182575,0.34854771784232363
