var1,var2,var3,var4,var5,var6
0.05687203791469194,0.0947867298578199,0.16113744075829384,0.1895734597156398,0.23222748815165878,0.26540284360189575
