var1,var2,var3,var4,var5,var6
0.04487179487179487,0.14102564102564102,0.16025641025641027,0.16666666666666666,0.23717948717948717,0.25
