var1,var2,var3,var4,var5,var6
0.04807692307692308,0.11057692307692307,0.12980769230769232,0.16346153846153846,0.1875,0.3605769230769231
