var1,var2,var3,var4,var5,var6
0.011428571428571429,0.03428571428571429,0.09142857142857143,0.17142857142857143,0.28,0.4114285714285714
