var1,var2,var3,var4,var5,var6
0.07692307692307693,0.09049773755656108,0.12669683257918551,0.2081447963800905,0.22624434389140272,0.27149321266968324
