var1,var2,var3,var4,var5,var6
0.03888888888888889,0.1111111111111111,0.16111111111111112,0.17222222222222222,0.25,0.26666666666666666
