var1,var2,var3,var4,var5,var6
0.050761421319796954,0.08121827411167512,0.116751269035533,0.15228426395939088,0.25380710659898476,0.34517766497461927
