var1,var2,var3,var4,var5,var6
0.032388663967611336,0.08097165991902834,0.13765182186234817,0.15384615384615385,0.24696356275303644,0.3481781376518219
