var1,var2,var3,var4,var5,var6
0.05472636815920398,0.09950248756218906,0.12935323383084577,0.1791044776119403,0.1890547263681592,0.3482587064676617
