var1,var2,var3,var4,var5,var6
0.08275862068965517,0.09655172413793103,0.1103448275862069,0.15172413793103448,0.1724137931034483,0.38620689655172413
