var1,var2,var3,var4,var5,var6
0.028846153846153848,0.038461538461538464,0.07692307692307693,0.15384615384615385,0.21153846153846154,0.49038461538461536
