var1,var2,var3,var4,var5,var6
0.025906735751295335,0.03626943005181347,0.10880829015544041,0.16580310880829016,0.2694300518134715,0.39378238341968913
