var1,var2,var3,var4,var5,var6
0.0457516339869281,0.06535947712418301,0.09803921568627451,0.21568627450980393,0.27450980392156865,0.3006535947712418
