var1,var2,var3,var4,var5,var6
0.018072289156626505,0.0783132530120482,0.1746987951807229,0.19879518072289157,0.24096385542168675,0.2891566265060241
