var1,var2,var3,var4,var5,var6
0.014184397163120567,0.0425531914893617,0.09929078014184398,0.2127659574468085,0.23404255319148937,0.3971631205673759
