var1,var2,var3,var4,var5,var6
0.05963302752293578,0.13761467889908258,0.16055045871559634,0.1743119266055046,0.22477064220183487,0.24311926605504589
