var1,var2,var3,var4,var5,var6
0.07518796992481203,0.08270676691729323,0.09774436090225563,0.18796992481203006,0.21804511278195488,0.3383458646616541
