var1,var2,var3,var4,var5,var6
0.054455445544554455,0.14356435643564355,0.15841584158415842,0.17326732673267325,0.21782178217821782,0.2524752475247525
