var1,var2,var3,var4,var5,var6
0.0326530612244898,0.05714285714285714,0.1306122448979592,0.13877551020408163,0.2979591836734694,0.34285714285714286
