var1,var2,var3,var4,var5,var6
0.0379746835443038,0.06751054852320675,0.08438818565400844,0.21940928270042195,0.24472573839662448,0.3459915611814346
