var1,var2,var3,var4,var5,var6
0.0546448087431694,0.07103825136612021,0.18032786885245902,0.20765027322404372,0.2185792349726776,0.2677595628415301
