var1,var2,var3,var4,var5,var6
0.024096385542168676,0.0783132530120482,0.09036144578313253,0.13855421686746988,0.23493975903614459,0.43373493975903615
