var1,var2,var3,var4,var5,var6
0.024539877300613498,0.049079754601226995,0.13496932515337423,0.20245398773006135,0.22085889570552147,0.36809815950920244
