var1,var2,var3,var4,var5,var6
0.027932960893854747,0.0782122905027933,0.11731843575418995,0.12849162011173185,0.3016759776536313,0.3463687150837989
