var1,var2,var3,var4,var5,var6
0.08602150537634409,0.0913978494623656,0.13440860215053763,0.1989247311827957,0.23655913978494625,0.25268817204301075
