var1,var2,var3,var4,var5,var6
0.027932960893854747,0.07262569832402235,0.0782122905027933,0.22346368715083798,0.27932960893854747,0.31843575418994413
