var1,var2,var3,var4,var5,var6
0.025477707006369428,0.06369426751592357,0.12738853503184713,0.17834394904458598,0.19745222929936307,0.40764331210191085
