var1,var2,var3,var4,var5,var6
0.045662100456621,0.0547945205479452,0.1461187214611872,0.1689497716894977,0.273972602739726,0.3105022831050228
