var1,var2,var3,var4,var5,var6
0.014778325123152709,0.09359605911330049,0.1625615763546798,0.19704433497536947,0.24630541871921183,0.2857142857142857
