var1,var2,var3,var4,var5,var6
0.025906735751295335,0.10362694300518134,0.13471502590673576,0.14507772020725387,0.25906735751295334,0.3316062176165803
