var1,var2,var3,var4,var5,var6
0.040983606557377046,0.05737704918032787,0.08196721311475409,0.14754098360655737,0.2786885245901639,0.39344262295081966
