var1,var2,var3,var4,var5,var6
0.029850746268656716,0.09701492537313433,0.1417910447761194,0.20149253731343283,0.22388059701492538,0.30597014925373134
