var1,var2,var3,var4,var5,var6
0.06369426751592357,0.08917197452229299,0.10828025477707007,0.11464968152866242,0.27388535031847133,0.3503184713375796
