var1,var2,var3,var4,var5,var6
0.05533596837944664,0.07509881422924901,0.1422924901185771,0.22924901185770752,0.2450592885375494,0.25296442687747034
