var1,var2,var3,var4,var5,var6
0.05454545454545454,0.08181818181818182,0.11818181818181818,0.20909090909090908,0.21818181818181817,0.3181818181818182
