var1,var2,var3,var4,var5,var6
0.012269938650306749,0.12269938650306748,0.1656441717791411,0.19631901840490798,0.2331288343558282,0.26993865030674846
