var1,var2,var3,var4,var5,var6
0.03932584269662921,0.07865168539325842,0.1404494382022472,0.17415730337078653,0.2696629213483146,0.29775280898876405
