var1,var2,var3,var4,var5,var6
0.011695906432748537,0.08187134502923976,0.12280701754385964,0.19883040935672514,0.2222222222222222,0.36257309941520466
