var1,var2,var3,var4,var5,var6
0.08759124087591241,0.10218978102189781,0.11678832116788321,0.16058394160583941,0.19708029197080293,0.3357664233576642
