var1,var2,var3,var4,var5,var6
0.01932367149758454,0.06763285024154589,0.1111111111111111,0.1642512077294686,0.2995169082125604,0.33816425120772947
