var1,var2,var3,var4,var5,var6
0.020833333333333332,0.041666666666666664,0.10416666666666667,0.2222222222222222,0.2708333333333333,0.3402777777777778
