var1,var2,var3,var4,var5,var6
0.07179487179487179,0.09230769230769231,0.15897435897435896,0.19487179487179487,0.21025641025641026,0.2717948717948718
