var1,var2,var3,var4,var5,var6
0.009389671361502348,0.056338028169014086,0.08450704225352113,0.18779342723004694,0.25821596244131456,0.40375586854460094
