var1,var2,var3,var4,var5,var6
0.04,0.045714285714285714,0.14285714285714285,0.2057142857142857,0.26857142857142857,0.29714285714285715
