var1,var2,var3,var4,var5,var6
0.056910569105691054,0.11382113821138211,0.17886178861788618,0.1951219512195122,0.21138211382113822,0.24390243902439024
