var1,var2,var3,var4,var5,var6
0.022598870056497175,0.0847457627118644,0.1016949152542373,0.14689265536723164,0.3050847457627119,0.3389830508474576
