var1,var2,var3,var4,var5,var6
0.025477707006369428,0.050955414012738856,0.12101910828025478,0.15286624203821655,0.3057324840764331,0.34394904458598724
