var1,var2,var3,var4,var5,var6
0.009478672985781991,0.04265402843601896,0.16113744075829384,0.20853080568720378,0.23696682464454977,0.3412322274881517
