var1,var2,var3,var4,var5,var6
0.037037037037037035,0.08465608465608465,0.10582010582010581,0.14814814814814814,0.20105820105820105,0.42328042328042326
