var1,var2,var3,var4,var5,var6
0.019230769230769232,0.1282051282051282,0.1794871794871795,0.1858974358974359,0.21153846153846154,0.27564102564102566
