var1,var2,var3,var4,var5,var6
0.12322274881516587,0.13270142180094788,0.15165876777251186,0.17061611374407584,0.2037914691943128,0.21800947867298578
