var1,var2,var3,var4,var5,var6
0.03468208092485549,0.05202312138728324,0.12716763005780346,0.21965317919075145,0.24277456647398843,0.3236994219653179
