var1,var2,var3,var4,var5,var6
0.010471204188481676,0.11518324607329843,0.14659685863874344,0.18324607329842932,0.23036649214659685,0.31413612565445026
