var1,var2,var3,var4,var5,var6
0.0136986301369863,0.06164383561643835,0.136986301369863,0.15753424657534246,0.22602739726027396,0.4041095890410959
