var1,var2,var3,var4,var5,var6
0.047244094488188976,0.05511811023622047,0.06299212598425197,0.2047244094488189,0.2992125984251969,0.33070866141732286
