var1,var2,var3,var4,var5,var6
0.025157232704402517,0.10062893081761007,0.11320754716981132,0.14465408805031446,0.27672955974842767,0.33962264150943394
