var1,var2,var3,var4,var5,var6
0.06666666666666667,0.09230769230769231,0.14358974358974358,0.18461538461538463,0.24615384615384617,0.26666666666666666
