var1,var2,var3,var4,var5,var6
0.058823529411764705,0.0784313725490196,0.1568627450980392,0.20915032679738563,0.24183006535947713,0.2549019607843137
