var1,var2,var3,var4,var5,var6
0.05084745762711865,0.1016949152542373,0.1694915254237288,0.1751412429378531,0.1864406779661017,0.3163841807909605
