var1,var2,var3,var4,var5,var6
0.037037037037037035,0.0582010582010582,0.10582010582010581,0.1693121693121693,0.2698412698412698,0.35978835978835977
