var1,var2,var3,var4,var5,var6
0.03755868544600939,0.07511737089201878,0.08450704225352113,0.14084507042253522,0.3192488262910798,0.3427230046948357
