var1,var2,var3,var4,var5,var6
0.029069767441860465,0.08139534883720931,0.09883720930232558,0.14534883720930233,0.3023255813953488,0.3430232558139535
