var1,var2,var3,var4,var5,var6
0.09716599190283401,0.10526315789473684,0.16194331983805668,0.18218623481781376,0.21862348178137653,0.23481781376518218
