var1,var2,var3,var4,var5,var6
0.03184713375796178,0.050955414012738856,0.10191082802547771,0.20382165605095542,0.267515923566879,0.34394904458598724
