var1,var2,var3,var4,var5,var6
0.05228758169934641,0.0915032679738562,0.10457516339869281,0.16993464052287582,0.28104575163398693,0.3006535947712418
