var1,var2,var3,var4,var5,var6
0.04739336492890995,0.10426540284360189,0.14218009478672985,0.22274881516587677,0.22748815165876776,0.2559241706161137
