var1,var2,var3,var4,var5,var6
0.01092896174863388,0.08196721311475409,0.12021857923497267,0.2185792349726776,0.273224043715847,0.29508196721311475
