var1,var2,var3,var4,var5,var6
0.1085972850678733,0.14027149321266968,0.16289592760180996,0.18099547511312217,0.19909502262443438,0.2081447963800905
