var1,var2,var3,var4,var5,var6
0.03825136612021858,0.04918032786885246,0.1092896174863388,0.2185792349726776,0.28415300546448086,0.3005464480874317
