var1,var2,var3,var4,var5,var6
0.04310344827586207,0.06896551724137931,0.08620689655172414,0.13793103448275862,0.25862068965517243,0.4051724137931034
