var1,var2,var3,var4,var5,var6
0.04371584699453552,0.08743169398907104,0.15300546448087432,0.15846994535519127,0.26229508196721313,0.29508196721311475
