var1,var2,var3,var4,var5,var6
0.017699115044247787,0.07079646017699115,0.13274336283185842,0.1415929203539823,0.3008849557522124,0.336283185840708
