var1,var2,var3,var4,var5,var6
0.044444444444444446,0.15,0.16111111111111112,0.18333333333333332,0.2,0.2611111111111111
