var1,var2,var3,var4,var5,var6
0.06542056074766354,0.07476635514018691,0.14953271028037382,0.16822429906542055,0.205607476635514,0.3364485981308411
