var1,var2,var3,var4,var5,var6
0.0694980694980695,0.0888030888030888,0.11583011583011583,0.22393822393822393,0.23938223938223938,0.2625482625482625
