var1,var2,var3,var4,var5,var6
0.03731343283582089,0.05223880597014925,0.1044776119402985,0.12686567164179105,0.291044776119403,0.3880597014925373
