var1,var2,var3,var4,var5,var6
0.04712041884816754,0.14659685863874344,0.16753926701570682,0.18848167539267016,0.2198952879581152,0.23036649214659685
