var1,var2,var3,var4,var5,var6
0.014285714285714285,0.1,0.10952380952380952,0.1523809523809524,0.28095238095238095,0.34285714285714286
