var1,var2,var3,var4,var5,var6
0.0136986301369863,0.0730593607305936,0.1461187214611872,0.182648401826484,0.2648401826484018,0.319634703196347
