var1,var2,var3,var4,var5,var6
0.05747126436781609,0.14367816091954022,0.15517241379310345,0.1781609195402299,0.19540229885057472,0.27011494252873564
