var1,var2,var3,var4,var5,var6
0.06993006993006994,0.08391608391608392,0.11188811188811189,0.16783216783216784,0.25874125874125875,0.3076923076923077
