var1,var2,var3,var4,var5,var6
0.021621621621621623,0.08108108108108109,0.0972972972972973,0.14054054054054055,0.31351351351351353,0.34594594594594597
