var1,var2,var3,var4,var5,var6
0.08823529411764706,0.10588235294117647,0.12352941176470589,0.14705882352941177,0.18823529411764706,0.34705882352941175
