var1,var2,var3,var4,var5,var6
0.0311284046692607,0.08949416342412451,0.17120622568093385,0.1867704280155642,0.22568093385214008,0.29571984435797666
