var1,var2,var3,var4,var5,var6
0.04516129032258064,0.12258064516129032,0.14838709677419354,0.1870967741935484,0.21935483870967742,0.27741935483870966
