var1,var2,var3,var4,var5,var6
0.03317535545023697,0.08530805687203792,0.0947867298578199,0.23696682464454977,0.26540284360189575,0.2843601895734597
