var1,var2,var3,var4,var5,var6
0.025974025974025976,0.03896103896103896,0.05194805194805195,0.12987012987012986,0.2597402597402597,0.4935064935064935
