var1,var2,var3,var4,var5,var6
0.04065040650406504,0.10569105691056911,0.13008130081300814,0.17886178861788618,0.21138211382113822,0.3333333333333333
