var1,var2,var3,var4,var5,var6
0.025157232704402517,0.06918238993710692,0.08176100628930817,0.11320754716981132,0.29559748427672955,0.41509433962264153
