var1,var2,var3,var4,var5,var6
0.03592814371257485,0.08383233532934131,0.11377245508982035,0.2155688622754491,0.23952095808383234,0.31137724550898205
