var1,var2,var3,var4,var5,var6
0.07804878048780488,0.09268292682926829,0.11707317073170732,0.2146341463414634,0.22439024390243903,0.2731707317073171
