var1,var2,var3,var4,var5,var6
0.03278688524590164,0.09836065573770492,0.11475409836065574,0.16393442622950818,0.2896174863387978,0.3005464480874317
