var1,var2,var3,var4,var5,var6
0.019417475728155338,0.07766990291262135,0.10679611650485436,0.17475728155339806,0.2912621359223301,0.3300970873786408
