var1,var2,var3,var4,var5,var6
0.0457516339869281,0.12418300653594772,0.1503267973856209,0.1830065359477124,0.21568627450980393,0.28104575163398693
