var1,var2,var3,var4,var5,var6
0.03529411764705882,0.12352941176470589,0.17058823529411765,0.18235294117647058,0.23529411764705882,0.2529411764705882
