var1,var2,var3,var4,var5,var6
0.029850746268656716,0.08955223880597014,0.1044776119402985,0.14925373134328357,0.30845771144278605,0.31840796019900497
