var1,var2,var3,var4,var5,var6
0.027450980392156862,0.12549019607843137,0.13333333333333333,0.19607843137254902,0.21176470588235294,0.3058823529411765
