var1,var2,var3,var4,var5,var6
0.02158273381294964,0.02877697841726619,0.11510791366906475,0.15827338129496402,0.30935251798561153,0.3669064748201439
