var1,var2,var3,var4,var5,var6
0.047244094488188976,0.05511811023622047,0.09448818897637795,0.2204724409448819,0.28346456692913385,0.2992125984251969
