var1,var2,var3,var4,var5,var6
0.036458333333333336,0.0625,0.11458333333333333,0.14583333333333334,0.21875,0.421875
