var1,var2,var3,var4,var5,var6
0.07058823529411765,0.12156862745098039,0.14901960784313725,0.1843137254901961,0.19607843137254902,0.2784313725490196
