var1,var2,var3,var4,var5,var6
0.056338028169014086,0.11971830985915492,0.1619718309859155,0.18309859154929578,0.20422535211267606,0.2746478873239437
