var1,var2,var3,var4,var5,var6
0.04430379746835443,0.10759493670886076,0.14556962025316456,0.17088607594936708,0.22784810126582278,0.3037974683544304
