var1,var2,var3,var4,var5,var6
0.06015037593984962,0.09022556390977443,0.09774436090225563,0.19548872180451127,0.24060150375939848,0.3157894736842105
