var1,var2,var3,var4,var5,var6
0.02702702702702703,0.10810810810810811,0.17297297297297298,0.1945945945945946,0.22702702702702704,0.2702702702702703
