var1,var2,var3,var4,var5,var6
0.07801418439716312,0.0851063829787234,0.14184397163120568,0.1702127659574468,0.24113475177304963,0.28368794326241137
