var1,var2,var3,var4,var5,var6
0.07179487179487179,0.08717948717948718,0.09230769230769231,0.13333333333333333,0.24615384615384617,0.36923076923076925
