var1,var2,var3,var4,var5,var6
0.04195804195804196,0.055944055944055944,0.08391608391608392,0.15384615384615385,0.3006993006993007,0.36363636363636365
