var1,var2,var3,var4,var5,var6
0.0502092050209205,0.11297071129707113,0.12552301255230125,0.15481171548117154,0.23430962343096234,0.32217573221757323
