var1,var2,var3,var4,var5,var6
0.07368421052631578,0.08421052631578947,0.10526315789473684,0.12631578947368421,0.16842105263157894,0.4421052631578947
