var1,var2,var3,var4,var5,var6
0.0136986301369863,0.0639269406392694,0.1004566210045662,0.2374429223744292,0.2648401826484018,0.319634703196347
