var1,var2,var3,var4,var5,var6
0.025974025974025976,0.07142857142857142,0.12987012987012986,0.21428571428571427,0.2532467532467532,0.3051948051948052
