var1,var2,var3,var4,var5,var6
0.02304147465437788,0.07373271889400922,0.11981566820276497,0.15668202764976957,0.30414746543778803,0.3225806451612903
