var1,var2,var3,var4,var5,var6
0.041379310344827586,0.1103448275862069,0.1310344827586207,0.1793103448275862,0.2620689655172414,0.27586206896551724
