var1,var2,var3,var4,var5,var6
0.04564315352697095,0.06639004149377593,0.0995850622406639,0.12448132780082988,0.3236514522821577,0.34024896265560167
