var1,var2,var3,var4,var5,var6
0.06432748538011696,0.08187134502923976,0.08771929824561403,0.19298245614035087,0.26900584795321636,0.30409356725146197
