var1,var2,var3,var4,var5,var6
0.0392156862745098,0.0784313725490196,0.09803921568627451,0.16993464052287582,0.3006535947712418,0.3137254901960784
