var1,var2,var3,var4,var5,var6
0.0297029702970297,0.10891089108910891,0.1188118811881188,0.16831683168316833,0.2376237623762376,0.33663366336633666
