var1,var2,var3,var4,var5,var6
0.05755395683453238,0.09352517985611511,0.10071942446043165,0.2158273381294964,0.2302158273381295,0.302158273381295
