var1,var2,var3,var4,var5,var6
0.06134969325153374,0.07975460122699386,0.11042944785276074,0.12269938650306748,0.2392638036809816,0.38650306748466257
