var1,var2,var3,var4,var5,var6
0.024539877300613498,0.08588957055214724,0.17177914110429449,0.2085889570552147,0.22085889570552147,0.2883435582822086
