var1,var2,var3,var4,var5,var6
0.020512820512820513,0.07179487179487179,0.15384615384615385,0.18974358974358974,0.27692307692307694,0.28717948717948716
