var1,var2,var3,var4,var5,var6
0.014705882352941176,0.0661764705882353,0.11764705882352941,0.20588235294117646,0.25,0.34558823529411764
