var1,var2,var3,var4,var5,var6
0.029197080291970802,0.072992700729927,0.0948905109489051,0.17518248175182483,0.30656934306569344,0.32116788321167883
