var1,var2,var3,var4,var5,var6
0.020134228187919462,0.053691275167785234,0.10738255033557047,0.16778523489932887,0.2483221476510067,0.40268456375838924
