var1,var2,var3,var4,var5,var6
0.07655502392344497,0.09569377990430622,0.10526315789473684,0.13875598086124402,0.2679425837320574,0.3157894736842105
