var1,var2,var3,var4,var5,var6
0.02185792349726776,0.07650273224043716,0.14207650273224043,0.20218579234972678,0.26229508196721313,0.29508196721311475
