var1,var2,var3,var4,var5,var6
0.04926108374384237,0.10837438423645321,0.15270935960591134,0.18226600985221675,0.23645320197044334,0.270935960591133
