var1,var2,var3,var4,var5,var6
0.032679738562091505,0.05228758169934641,0.11764705882352941,0.13071895424836602,0.2549019607843137,0.4117647058823529
