var1,var2,var3,var4,var5,var6
0.031055900621118012,0.09937888198757763,0.10559006211180125,0.18633540372670807,0.2670807453416149,0.3105590062111801
