var1,var2,var3,var4,var5,var6
0.055865921787709494,0.0670391061452514,0.11173184357541899,0.1452513966480447,0.3016759776536313,0.31843575418994413
