var1,var2,var3,var4,var5,var6
0.05970149253731343,0.06965174129353234,0.13930348258706468,0.17412935323383086,0.25870646766169153,0.29850746268656714
