var1,var2,var3,var4,var5,var6
0.022900763358778626,0.04580152671755725,0.16793893129770993,0.183206106870229,0.24427480916030533,0.33587786259541985
