var1,var2,var3,var4,var5,var6
0.06417112299465241,0.0748663101604278,0.10160427807486631,0.20320855614973263,0.23529411764705882,0.32085561497326204
