var1,var2,var3,var4,var5,var6
0.05128205128205128,0.10256410256410256,0.11794871794871795,0.19487179487179487,0.2564102564102564,0.27692307692307694
