var1,var2,var3,var4,var5,var6
0.012903225806451613,0.025806451612903226,0.12258064516129032,0.1935483870967742,0.2838709677419355,0.36129032258064514
