var1,var2,var3,var4,var5,var6
0.0111731843575419,0.0782122905027933,0.12849162011173185,0.18994413407821228,0.22346368715083798,0.3687150837988827
