var1,var2,var3,var4,var5,var6
0.04487179487179487,0.12179487179487179,0.15384615384615385,0.1858974358974359,0.21153846153846154,0.28205128205128205
