var1,var2,var3,var4,var5,var6
0.023809523809523808,0.06349206349206349,0.10317460317460317,0.11904761904761904,0.2698412698412698,0.42063492063492064
