var1,var2,var3,var4,var5,var6
0.04329004329004329,0.07792207792207792,0.12987012987012986,0.1471861471861472,0.2727272727272727,0.329004329004329
