var1,var2,var3,var4,var5,var6
0.05673758865248227,0.09219858156028368,0.1276595744680851,0.14184397163120568,0.1702127659574468,0.41134751773049644
