var1,var2,var3,var4,var5,var6
0.10119047619047619,0.125,0.15476190476190477,0.17261904761904762,0.18452380952380953,0.2619047619047619
