var1,var2,var3,var4,var5,var6
0.039735099337748346,0.06622516556291391,0.11258278145695365,0.13245033112582782,0.31788079470198677,0.33112582781456956
