var1,var2,var3,var4,var5,var6
0.08088235294117647,0.11764705882352941,0.1323529411764706,0.13970588235294118,0.18382352941176472,0.34558823529411764
