var1,var2,var3,var4,var5,var6
0.06779661016949153,0.13559322033898305,0.15819209039548024,0.1694915254237288,0.1864406779661017,0.2824858757062147
