var1,var2,var3,var4,var5,var6
0.02197802197802198,0.04395604395604396,0.07692307692307693,0.10989010989010989,0.26373626373626374,0.4835164835164835
