var1,var2,var3,var4,var5,var6
0.061452513966480445,0.0782122905027933,0.1340782122905028,0.1564245810055866,0.2681564245810056,0.3016759776536313
