var1,var2,var3,var4,var5,var6
0.01818181818181818,0.06060606060606061,0.12121212121212122,0.20606060606060606,0.23030303030303031,0.36363636363636365
