var1,var2,var3,var4,var5,var6
0.024539877300613498,0.03680981595092025,0.08588957055214724,0.17177914110429449,0.2883435582822086,0.39263803680981596
