var1,var2,var3,var4,var5,var6
0.0111731843575419,0.05027932960893855,0.1340782122905028,0.18994413407821228,0.2569832402234637,0.3575418994413408
