var1,var2,var3,var4,var5,var6
0.018867924528301886,0.06289308176100629,0.12578616352201258,0.20125786163522014,0.2138364779874214,0.37735849056603776
