var1,var2,var3,var4,var5,var6
0.05084745762711865,0.11864406779661017,0.12994350282485875,0.2033898305084746,0.22033898305084745,0.2768361581920904
