var1,var2,var3,var4,var5,var6
0.014778325123152709,0.09852216748768473,0.14285714285714285,0.1724137931034483,0.26108374384236455,0.3103448275862069
