var1,var2,var3,var4,var5,var6
0.0213903743315508,0.0427807486631016,0.12299465240641712,0.16042780748663102,0.2994652406417112,0.35294117647058826
