var1,var2,var3,var4,var5,var6
0.05106382978723404,0.08936170212765958,0.11914893617021277,0.13617021276595745,0.22127659574468084,0.3829787234042553
