var1,var2,var3,var4,var5,var6
0.047337278106508875,0.07692307692307693,0.11834319526627218,0.17159763313609466,0.22485207100591717,0.3609467455621302
