var1,var2,var3,var4,var5,var6
0.030534351145038167,0.04580152671755725,0.061068702290076333,0.1984732824427481,0.2824427480916031,0.3816793893129771
