var1,var2,var3,var4,var5,var6
0.04455445544554455,0.11386138613861387,0.12871287128712872,0.16831683168316833,0.23267326732673269,0.3118811881188119
