var1,var2,var3,var4,var5,var6
0.029197080291970802,0.0948905109489051,0.10218978102189781,0.145985401459854,0.23357664233576642,0.39416058394160586
