var1,var2,var3,var4,var5,var6
0.02127659574468085,0.12234042553191489,0.13297872340425532,0.2127659574468085,0.22872340425531915,0.28191489361702127
