var1,var2,var3,var4,var5,var6
0.05583756345177665,0.09644670050761421,0.13705583756345177,0.16243654822335024,0.2639593908629442,0.28426395939086296
