var1,var2,var3,var4,var5,var6
0.044444444444444446,0.07407407407407407,0.08888888888888889,0.15555555555555556,0.26666666666666666,0.37037037037037035
