var1,var2,var3,var4,var5,var6
0.027777777777777776,0.09027777777777778,0.10416666666666667,0.22916666666666666,0.25,0.2986111111111111
