var1,var2,var3,var4,var5,var6
0.07339449541284404,0.10091743119266056,0.14678899082568808,0.1926605504587156,0.2018348623853211,0.28440366972477066
