var1,var2,var3,var4,var5,var6
0.07179487179487179,0.10256410256410256,0.11794871794871795,0.13333333333333333,0.24615384615384617,0.3282051282051282
