var1,var2,var3,var4,var5,var6
0.06040268456375839,0.15436241610738255,0.1610738255033557,0.18791946308724833,0.2080536912751678,0.22818791946308725
