var1,var2,var3,var4,var5,var6
0.0653061224489796,0.11020408163265306,0.1469387755102041,0.16326530612244897,0.19591836734693877,0.3183673469387755
