var1,var2,var3,var4,var5,var6
0.04712041884816754,0.07329842931937172,0.16753926701570682,0.17801047120418848,0.2094240837696335,0.32460732984293195
