var1,var2,var3,var4,var5,var6
0.03763440860215054,0.10752688172043011,0.13978494623655913,0.1989247311827957,0.22580645161290322,0.2903225806451613
