var1,var2,var3,var4,var5,var6
0.06766917293233082,0.09774436090225563,0.15789473684210525,0.19548872180451127,0.23308270676691728,0.24812030075187969
