var1,var2,var3,var4,var5,var6
0.08733624454148471,0.1222707423580786,0.13973799126637554,0.14847161572052403,0.1965065502183406,0.3056768558951965
