var1,var2,var3,var4,var5,var6
0.011428571428571429,0.04,0.08,0.24,0.26285714285714284,0.3657142857142857
