var1,var2,var3,var4,var5,var6
0.03825136612021858,0.06557377049180328,0.16393442622950818,0.18579234972677597,0.20765027322404372,0.33879781420765026
