var1,var2,var3,var4,var5,var6
0.08695652173913043,0.13526570048309178,0.1497584541062802,0.18357487922705315,0.1932367149758454,0.25120772946859904
