var1,var2,var3,var4,var5,var6
0.05581395348837209,0.11162790697674418,0.1813953488372093,0.20465116279069767,0.21395348837209302,0.23255813953488372
