var1,var2,var3,var4,var5,var6
0.03968253968253968,0.05555555555555555,0.0873015873015873,0.1746031746031746,0.30952380952380953,0.3333333333333333
