var1,var2,var3,var4,var5,var6
0.055248618784530384,0.06077348066298342,0.08839779005524862,0.13259668508287292,0.32044198895027626,0.3425414364640884
