var1,var2,var3,var4,var5,var6
0.055248618784530384,0.10497237569060773,0.12154696132596685,0.19889502762430938,0.2430939226519337,0.27624309392265195
