var1,var2,var3,var4,var5,var6
0.07317073170731707,0.07926829268292683,0.11585365853658537,0.21341463414634146,0.24390243902439024,0.27439024390243905
