var1,var2,var3,var4,var5,var6
0.043243243243243246,0.11351351351351352,0.14054054054054055,0.16756756756756758,0.24324324324324326,0.2918918918918919
