var1,var2,var3,var4,var5,var6
0.08588957055214724,0.10429447852760736,0.12269938650306748,0.18404907975460122,0.24539877300613497,0.25766871165644173
