var1,var2,var3,var4,var5,var6
0.04580152671755725,0.0916030534351145,0.1297709923664122,0.1984732824427481,0.2595419847328244,0.2748091603053435
