var1,var2,var3,var4,var5,var6
0.05970149253731343,0.0845771144278607,0.11940298507462686,0.21890547263681592,0.24875621890547264,0.26865671641791045
