var1,var2,var3,var4,var5,var6
0.012269938650306749,0.03680981595092025,0.1411042944785276,0.2147239263803681,0.26993865030674846,0.32515337423312884
