var1,var2,var3,var4,var5,var6
0.051643192488262914,0.07981220657276995,0.09389671361502347,0.16901408450704225,0.2863849765258216,0.3192488262910798
