var1,var2,var3,var4,var5,var6
0.06282722513089005,0.10471204188481675,0.1256544502617801,0.17277486910994763,0.2617801047120419,0.27225130890052357
