var1,var2,var3,var4,var5,var6
0.05027932960893855,0.08379888268156424,0.11731843575418995,0.19553072625698323,0.2569832402234637,0.29608938547486036
