var1,var2,var3,var4,var5,var6
0.07112970711297072,0.1087866108786611,0.16736401673640167,0.19246861924686193,0.22594142259414227,0.23430962343096234
