var1,var2,var3,var4,var5,var6
0.05128205128205128,0.07692307692307693,0.10256410256410256,0.2222222222222222,0.26495726495726496,0.28205128205128205
