var1,var2,var3,var4,var5,var6
0.02142857142857143,0.09285714285714286,0.10714285714285714,0.14285714285714285,0.2857142857142857,0.35
