var1,var2,var3,var4,var5,var6
0.026143790849673203,0.06535947712418301,0.0784313725490196,0.19607843137254902,0.22875816993464052,0.40522875816993464
