var1,var2,var3,var4,var5,var6
0.034482758620689655,0.059113300492610835,0.10837438423645321,0.20689655172413793,0.26108374384236455,0.33004926108374383
