var1,var2,var3,var4,var5,var6
0.06779661016949153,0.0847457627118644,0.12429378531073447,0.13559322033898305,0.23728813559322035,0.3502824858757062
