var1,var2,var3,var4,var5,var6
0.01015228426395939,0.050761421319796954,0.08121827411167512,0.2131979695431472,0.24873096446700507,0.39593908629441626
