var1,var2,var3,var4,var5,var6
0.055944055944055944,0.11188811188811189,0.1258741258741259,0.15384615384615385,0.1888111888111888,0.36363636363636365
