var1,var2,var3,var4,var5,var6
0.08290155440414508,0.12435233160621761,0.13471502590673576,0.15544041450777202,0.20207253886010362,0.3005181347150259
