var1,var2,var3,var4,var5,var6
0.012121212121212121,0.09696969696969697,0.1393939393939394,0.18181818181818182,0.2545454545454545,0.3151515151515151
