var1,var2,var3,var4,var5,var6
0.05202312138728324,0.07514450867052024,0.12138728323699421,0.1676300578034682,0.2832369942196532,0.30057803468208094
