var1,var2,var3,var4,var5,var6
0.046242774566473986,0.09248554913294797,0.1329479768786127,0.15028901734104047,0.2774566473988439,0.30057803468208094
