var1,var2,var3,var4,var5,var6
0.04081632653061224,0.10204081632653061,0.11428571428571428,0.22040816326530613,0.24489795918367346,0.27755102040816326
