var1,var2,var3,var4,var5,var6
0.017341040462427744,0.09248554913294797,0.11560693641618497,0.15028901734104047,0.28901734104046245,0.3352601156069364
