var1,var2,var3,var4,var5,var6
0.07878787878787878,0.10909090909090909,0.12121212121212122,0.14545454545454545,0.24242424242424243,0.30303030303030304
