var1,var2,var3,var4,var5,var6
0.06629834254143646,0.09392265193370165,0.12154696132596685,0.20441988950276244,0.2265193370165746,0.287292817679558
