var1,var2,var3,var4,var5,var6
0.014184397163120567,0.0425531914893617,0.0851063829787234,0.1702127659574468,0.2907801418439716,0.3971631205673759
