var1,var2,var3,var4,var5,var6
0.028368794326241134,0.09219858156028368,0.1276595744680851,0.14184397163120568,0.19858156028368795,0.41134751773049644
