var1,var2,var3,var4,var5,var6
0.06486486486486487,0.12972972972972974,0.15675675675675677,0.16756756756756758,0.2,0.2810810810810811
