var1,var2,var3,var4,var5,var6
0.0321285140562249,0.07228915662650602,0.12048192771084337,0.17670682730923695,0.22088353413654618,0.37751004016064255
