var1,var2,var3,var4,var5,var6
0.036231884057971016,0.043478260869565216,0.13768115942028986,0.18840579710144928,0.2391304347826087,0.35507246376811596
