var1,var2,var3,var4,var5,var6
0.06334841628959276,0.08597285067873303,0.13574660633484162,0.19004524886877827,0.24434389140271492,0.28054298642533937
