var1,var2,var3,var4,var5,var6
0.05228758169934641,0.06535947712418301,0.08496732026143791,0.19607843137254902,0.2222222222222222,0.3790849673202614
