var1,var2,var3,var4,var5,var6
0.03940886699507389,0.10837438423645321,0.1625615763546798,0.20689655172413793,0.22660098522167488,0.2561576354679803
