var1,var2,var3,var4,var5,var6
0.034482758620689655,0.04827586206896552,0.15862068965517243,0.2,0.2689655172413793,0.2896551724137931
