var1,var2,var3,var4,var5,var6
0.02877697841726619,0.07194244604316546,0.1366906474820144,0.15827338129496402,0.2158273381294964,0.38848920863309355
