var1,var2,var3,var4,var5,var6
0.046511627906976744,0.13023255813953488,0.16279069767441862,0.18604651162790697,0.22325581395348837,0.25116279069767444
