var1,var2,var3,var4,var5,var6
0.07228915662650602,0.0963855421686747,0.12048192771084337,0.20883534136546184,0.2289156626506024,0.27309236947791166
