var1,var2,var3,var4,var5,var6
0.046511627906976744,0.08372093023255814,0.10232558139534884,0.19534883720930232,0.2186046511627907,0.35348837209302325
