var1,var2,var3,var4,var5,var6
0.06417112299465241,0.11229946524064172,0.15508021390374332,0.1711229946524064,0.19786096256684493,0.2994652406417112
