var1,var2,var3,var4,var5,var6
0.04888888888888889,0.08,0.11555555555555555,0.16,0.29333333333333333,0.3022222222222222
