var1,var2,var3,var4,var5,var6
0.025210084033613446,0.03361344537815126,0.13445378151260504,0.15126050420168066,0.2184873949579832,0.4369747899159664
