var1,var2,var3,var4,var5,var6
0.07881773399014778,0.08374384236453201,0.13793103448275862,0.17733990147783252,0.19704433497536947,0.3251231527093596
