var1,var2,var3,var4,var5,var6
0.028409090909090908,0.07386363636363637,0.11931818181818182,0.1590909090909091,0.2556818181818182,0.36363636363636365
