var1,var2,var3,var4,var5,var6
0.07109004739336493,0.0947867298578199,0.13270142180094788,0.1895734597156398,0.21800947867298578,0.2938388625592417
