var1,var2,var3,var4,var5,var6
0.03389830508474576,0.0423728813559322,0.11016949152542373,0.13559322033898305,0.2966101694915254,0.3813559322033898
