var1,var2,var3,var4,var5,var6
0.03225806451612903,0.0913978494623656,0.15591397849462366,0.16666666666666666,0.26881720430107525,0.2849462365591398
