var1,var2,var3,var4,var5,var6
0.028169014084507043,0.07981220657276995,0.0892018779342723,0.24413145539906103,0.25821596244131456,0.3004694835680751
