var1,var2,var3,var4,var5,var6
0.0821917808219178,0.1232876712328767,0.1461187214611872,0.1917808219178082,0.2191780821917808,0.2374429223744292
