var1,var2,var3,var4,var5,var6
0.06926406926406926,0.08225108225108226,0.11255411255411256,0.12987012987012986,0.2857142857142857,0.3203463203463203
