var1,var2,var3,var4,var5,var6
0.034482758620689655,0.07881773399014778,0.09852216748768473,0.20689655172413793,0.2561576354679803,0.3251231527093596
