var1,var2,var3,var4,var5,var6
0.058823529411764705,0.0784313725490196,0.17254901960784313,0.18823529411764706,0.22745098039215686,0.27450980392156865
