var1,var2,var3,var4,var5,var6
0.022099447513812154,0.06077348066298342,0.11049723756906077,0.17679558011049723,0.2430939226519337,0.3867403314917127
