var1,var2,var3,var4,var5,var6
0.050359712230215826,0.08633093525179857,0.1223021582733813,0.12949640287769784,0.2949640287769784,0.31654676258992803
