var1,var2,var3,var4,var5,var6
0.026905829596412557,0.07623318385650224,0.11659192825112108,0.17040358744394618,0.21524663677130046,0.39461883408071746
