var1,var2,var3,var4,var5,var6
0.08943089430894309,0.11382113821138211,0.13008130081300814,0.17886178861788618,0.22764227642276422,0.2601626016260163
