var1,var2,var3,var4,var5,var6
0.03314917127071823,0.07734806629834254,0.12154696132596685,0.143646408839779,0.2265193370165746,0.39779005524861877
