var1,var2,var3,var4,var5,var6
0.03680981595092025,0.1165644171779141,0.1411042944785276,0.147239263803681,0.2147239263803681,0.34355828220858897
