var1,var2,var3,var4,var5,var6
0.08074534161490683,0.11180124223602485,0.14906832298136646,0.16149068322981366,0.2111801242236025,0.2857142857142857
