var1,var2,var3,var4,var5,var6
0.031746031746031744,0.07936507936507936,0.08994708994708994,0.24338624338624337,0.25925925925925924,0.2962962962962963
