var1,var2,var3,var4,var5,var6
0.08658008658008658,0.09523809523809523,0.13852813852813853,0.15151515151515152,0.1645021645021645,0.36363636363636365
