var1,var2,var3,var4,var5,var6
0.022388059701492536,0.05970149253731343,0.11194029850746269,0.1417910447761194,0.23880597014925373,0.4253731343283582
