var1,var2,var3,var4,var5,var6
0.08955223880597014,0.11940298507462686,0.16417910447761194,0.18407960199004975,0.21890547263681592,0.22388059701492538
