var1,var2,var3,var4,var5,var6
0.03626943005181347,0.046632124352331605,0.09326424870466321,0.19689119170984457,0.25906735751295334,0.36787564766839376
