var1,var2,var3,var4,var5,var6
0.03937007874015748,0.05511811023622047,0.08661417322834646,0.13385826771653545,0.2440944881889764,0.4409448818897638
