var1,var2,var3,var4,var5,var6
0.05714285714285714,0.08,0.10285714285714286,0.1657142857142857,0.19428571428571428,0.4
