var1,var2,var3,var4,var5,var6
0.007633587786259542,0.0916030534351145,0.15267175572519084,0.183206106870229,0.2595419847328244,0.3053435114503817
