var1,var2,var3,var4,var5,var6
0.08029197080291971,0.11678832116788321,0.13138686131386862,0.16058394160583941,0.20437956204379562,0.30656934306569344
