var1,var2,var3,var4,var5,var6
0.050724637681159424,0.057971014492753624,0.07971014492753623,0.18115942028985507,0.2971014492753623,0.3333333333333333
