var1,var2,var3,var4,var5,var6
0.03319502074688797,0.14522821576763487,0.15767634854771784,0.1991701244813278,0.22406639004149378,0.24066390041493776
