var1,var2,var3,var4,var5,var6
0.08196721311475409,0.09836065573770492,0.13114754098360656,0.19672131147540983,0.24043715846994534,0.25136612021857924
