var1,var2,var3,var4,var5,var6
0.03225806451612903,0.08387096774193549,0.0967741935483871,0.21935483870967742,0.24516129032258063,0.3225806451612903
