var1,var2,var3,var4,var5,var6
0.01818181818181818,0.06363636363636363,0.12727272727272726,0.22727272727272727,0.23636363636363636,0.32727272727272727
