var1,var2,var3,var4,var5,var6
0.055299539170506916,0.09216589861751152,0.12442396313364056,0.1935483870967742,0.25806451612903225,0.2764976958525346
