var1,var2,var3,var4,var5,var6
0.025157232704402517,0.03773584905660377,0.0880503144654088,0.22641509433962265,0.23270440251572327,0.389937106918239
