var1,var2,var3,var4,var5,var6
0.04830917874396135,0.07246376811594203,0.10628019323671498,0.24154589371980675,0.2608695652173913,0.27053140096618356
