var1,var2,var3,var4,var5,var6
0.053811659192825115,0.06278026905829596,0.09417040358744394,0.17937219730941703,0.28699551569506726,0.32286995515695066
