var1,var2,var3,var4,var5,var6
0.040983606557377046,0.13114754098360656,0.1557377049180328,0.18032786885245902,0.22950819672131148,0.26229508196721313
