var1,var2,var3,var4,var5,var6
0.05128205128205128,0.08205128205128205,0.12307692307692308,0.14358974358974358,0.2717948717948718,0.3282051282051282
