var1,var2,var3,var4,var5,var6
0.050955414012738856,0.06369426751592357,0.08917197452229299,0.17834394904458598,0.27388535031847133,0.34394904458598724
