var1,var2,var3,var4,var5,var6
0.05521472392638037,0.0736196319018405,0.147239263803681,0.15950920245398773,0.22699386503067484,0.3374233128834356
