var1,var2,var3,var4,var5,var6
0.08071748878923767,0.14349775784753363,0.15246636771300448,0.17488789237668162,0.2062780269058296,0.242152466367713
