var1,var2,var3,var4,var5,var6
0.04830917874396135,0.057971014492753624,0.07729468599033816,0.18840579710144928,0.21256038647342995,0.41545893719806765
