var1,var2,var3,var4,var5,var6
0.02112676056338028,0.028169014084507043,0.1267605633802817,0.21830985915492956,0.2746478873239437,0.33098591549295775
