var1,var2,var3,var4,var5,var6
0.03418803418803419,0.05128205128205128,0.1452991452991453,0.21367521367521367,0.23931623931623933,0.3162393162393162
