var1,var2,var3,var4,var5,var6
0.03164556962025317,0.0759493670886076,0.10126582278481013,0.18354430379746836,0.22151898734177214,0.3860759493670886
