var1,var2,var3,var4,var5,var6
0.01646090534979424,0.06584362139917696,0.13991769547325103,0.18518518518518517,0.24691358024691357,0.345679012345679
