var1,var2,var3,var4,var5,var6
0.03821656050955414,0.11464968152866242,0.12101910828025478,0.14012738853503184,0.267515923566879,0.3184713375796178
