var1,var2,var3,var4,var5,var6
0.07731958762886598,0.12886597938144329,0.14432989690721648,0.17010309278350516,0.211340206185567,0.26804123711340205
