var1,var2,var3,var4,var5,var6
0.09554140127388536,0.12101910828025478,0.1337579617834395,0.18471337579617833,0.20382165605095542,0.2611464968152866
