var1,var2,var3,var4,var5,var6
0.0860655737704918,0.11475409836065574,0.1598360655737705,0.18032786885245902,0.21721311475409835,0.24180327868852458
