var1,var2,var3,var4,var5,var6
0.05714285714285714,0.15510204081632653,0.1673469387755102,0.17959183673469387,0.19591836734693877,0.24489795918367346
