var1,var2,var3,var4,var5,var6
0.04132231404958678,0.08264462809917356,0.09917355371900827,0.10743801652892562,0.21487603305785125,0.45454545454545453
