var1,var2,var3,var4,var5,var6
0.044585987261146494,0.12738853503184713,0.14012738853503184,0.15286624203821655,0.21656050955414013,0.3184713375796178
