var1,var2,var3,var4,var5,var6
0.06857142857142857,0.08,0.10285714285714286,0.13714285714285715,0.24571428571428572,0.3657142857142857
