var1,var2,var3,var4,var5,var6
0.0379746835443038,0.0759493670886076,0.12658227848101267,0.1518987341772152,0.17721518987341772,0.43037974683544306
