var1,var2,var3,var4,var5,var6
0.022099447513812154,0.11049723756906077,0.16574585635359115,0.18232044198895028,0.20994475138121546,0.30939226519337015
