var1,var2,var3,var4,var5,var6
0.0440251572327044,0.11320754716981132,0.12578616352201258,0.18867924528301888,0.25157232704402516,0.27672955974842767
