var1,var2,var3,var4,var5,var6
0.07729468599033816,0.10628019323671498,0.13526570048309178,0.2028985507246377,0.2222222222222222,0.2560386473429952
