var1,var2,var3,var4,var5,var6
0.07346938775510205,0.10612244897959183,0.12244897959183673,0.2,0.23673469387755103,0.2612244897959184
