var1,var2,var3,var4,var5,var6
0.07894736842105263,0.09473684210526316,0.12105263157894737,0.15789473684210525,0.2578947368421053,0.2894736842105263
