var1,var2,var3,var4,var5,var6
0.026143790849673203,0.0457516339869281,0.11764705882352941,0.1830065359477124,0.24836601307189543,0.3790849673202614
