var1,var2,var3,var4,var5,var6
0.05263157894736842,0.13533834586466165,0.15789473684210525,0.16541353383458646,0.22556390977443608,0.2631578947368421
