var1,var2,var3,var4,var5,var6
0.05263157894736842,0.07017543859649122,0.0935672514619883,0.21052631578947367,0.24561403508771928,0.32748538011695905
