var1,var2,var3,var4,var5,var6
0.03937007874015748,0.06299212598425197,0.08661417322834646,0.14173228346456693,0.23622047244094488,0.4330708661417323
