var1,var2,var3,var4,var5,var6
0.06467661691542288,0.0945273631840796,0.1044776119402985,0.1791044776119403,0.23880597014925373,0.31840796019900497
