var1,var2,var3,var4,var5,var6
0.021164021164021163,0.12698412698412698,0.13756613756613756,0.19576719576719576,0.2222222222222222,0.2962962962962963
