var1,var2,var3,var4,var5,var6
0.023668639053254437,0.08875739644970414,0.10650887573964497,0.22485207100591717,0.27218934911242604,0.28402366863905326
