var1,var2,var3,var4,var5,var6
0.043010752688172046,0.12365591397849462,0.15053763440860216,0.1881720430107527,0.20967741935483872,0.2849462365591398
