var1,var2,var3,var4,var5,var6
0.050314465408805034,0.08176100628930817,0.10062893081761007,0.2389937106918239,0.25157232704402516,0.27672955974842767
