var1,var2,var3,var4,var5,var6
0.029556650246305417,0.059113300492610835,0.18719211822660098,0.2019704433497537,0.22660098522167488,0.2955665024630542
