var1,var2,var3,var4,var5,var6
0.06274509803921569,0.13333333333333333,0.1568627450980392,0.17647058823529413,0.21176470588235294,0.25882352941176473
