var1,var2,var3,var4,var5,var6
0.008695652173913044,0.05217391304347826,0.1391304347826087,0.20869565217391303,0.2782608695652174,0.3130434782608696
