var1,var2,var3,var4,var5,var6
0.0326530612244898,0.11020408163265306,0.1469387755102041,0.16326530612244897,0.22857142857142856,0.3183673469387755
