var1,var2,var3,var4,var5,var6
0.05333333333333334,0.12444444444444444,0.14222222222222222,0.1688888888888889,0.2088888888888889,0.3022222222222222
