var1,var2,var3,var4,var5,var6
0.05102040816326531,0.08163265306122448,0.10204081632653061,0.11224489795918367,0.17346938775510204,0.47959183673469385
