var1,var2,var3,var4,var5,var6
0.018518518518518517,0.09259259259259259,0.12962962962962962,0.18518518518518517,0.2716049382716049,0.30246913580246915
