var1,var2,var3,var4,var5,var6
0.024096385542168676,0.03614457831325301,0.0963855421686747,0.14457831325301204,0.1927710843373494,0.5060240963855421
