var1,var2,var3,var4,var5,var6
0.024539877300613498,0.03680981595092025,0.06748466257668712,0.19631901840490798,0.294478527607362,0.3803680981595092
