var1,var2,var3,var4,var5,var6
0.06666666666666667,0.10303030303030303,0.14545454545454545,0.20606060606060606,0.22424242424242424,0.2545454545454545
