var1,var2,var3,var4,var5,var6
0.020100502512562814,0.12562814070351758,0.1507537688442211,0.19095477386934673,0.22110552763819097,0.2914572864321608
