var1,var2,var3,var4,var5,var6
0.032432432432432434,0.05405405405405406,0.13513513513513514,0.15135135135135136,0.2918918918918919,0.33513513513513515
