var1,var2,var3,var4,var5,var6
0.07216494845360824,0.09278350515463918,0.11855670103092783,0.12886597938144329,0.27319587628865977,0.31443298969072164
