var1,var2,var3,var4,var5,var6
0.059782608695652176,0.10326086956521739,0.10869565217391304,0.14673913043478262,0.27717391304347827,0.30434782608695654
