var1,var2,var3,var4,var5,var6
0.08955223880597014,0.1417910447761194,0.17164179104477612,0.1791044776119403,0.20149253731343283,0.21641791044776118
