var1,var2,var3,var4,var5,var6
0.01904761904761905,0.0380952380952381,0.1523809523809524,0.21904761904761905,0.24761904761904763,0.3238095238095238
