var1,var2,var3,var4,var5,var6
0.020689655172413793,0.08275862068965517,0.16551724137931034,0.1793103448275862,0.25517241379310346,0.296551724137931
