var1,var2,var3,var4,var5,var6
0.07746478873239436,0.09859154929577464,0.11971830985915492,0.15492957746478872,0.2605633802816901,0.2887323943661972
