var1,var2,var3,var4,var5,var6
0.04878048780487805,0.06829268292682927,0.08780487804878048,0.23414634146341465,0.2682926829268293,0.2926829268292683
