var1,var2,var3,var4,var5,var6
0.04819277108433735,0.12048192771084337,0.14859437751004015,0.18473895582329317,0.20883534136546184,0.2891566265060241
