var1,var2,var3,var4,var5,var6
0.032432432432432434,0.10810810810810811,0.15675675675675677,0.16216216216216217,0.24864864864864866,0.2918918918918919
