var1,var2,var3,var4,var5,var6
0.04878048780487805,0.07804878048780488,0.1073170731707317,0.14146341463414633,0.25365853658536586,0.37073170731707317
