var1,var2,var3,var4,var5,var6
0.04,0.07333333333333333,0.09333333333333334,0.17333333333333334,0.2,0.42
