var1,var2,var3,var4,var5,var6
0.04419889502762431,0.1270718232044199,0.16022099447513813,0.16574585635359115,0.23756906077348067,0.26519337016574585
