var1,var2,var3,var4,var5,var6
0.058823529411764705,0.08823529411764706,0.10294117647058823,0.19852941176470587,0.23529411764705882,0.3161764705882353
