var1,var2,var3,var4,var5,var6
0.1032258064516129,0.11612903225806452,0.13548387096774195,0.14193548387096774,0.2064516129032258,0.2967741935483871
