var1,var2,var3,var4,var5,var6
0.032679738562091505,0.08496732026143791,0.1111111111111111,0.13725490196078433,0.29411764705882354,0.33986928104575165
