var1,var2,var3,var4,var5,var6
0.0319634703196347,0.1278538812785388,0.136986301369863,0.1917808219178082,0.2100456621004566,0.3013698630136986
