var1,var2,var3,var4,var5,var6
0.021739130434782608,0.050724637681159424,0.14492753623188406,0.18840579710144928,0.2536231884057971,0.34057971014492755
