var1,var2,var3,var4,var5,var6
0.040268456375838924,0.12080536912751678,0.12751677852348994,0.15436241610738255,0.22818791946308725,0.3288590604026846
