var1,var2,var3,var4,var5,var6
0.03827751196172249,0.09090909090909091,0.1339712918660287,0.15311004784688995,0.23923444976076555,0.3444976076555024
