var1,var2,var3,var4,var5,var6
0.016042780748663103,0.0748663101604278,0.10695187165775401,0.20320855614973263,0.25668449197860965,0.3422459893048128
