var1,var2,var3,var4,var5,var6
0.04895104895104895,0.06993006993006994,0.15384615384615385,0.16783216783216784,0.18181818181818182,0.3776223776223776
