var1,var2,var3,var4,var5,var6
0.04854368932038835,0.07766990291262135,0.11650485436893204,0.1553398058252427,0.2912621359223301,0.3106796116504854
