var1,var2,var3,var4,var5,var6
0.12334801762114538,0.14096916299559473,0.15418502202643172,0.16740088105726872,0.2026431718061674,0.21145374449339208
