var1,var2,var3,var4,var5,var6
0.0205761316872428,0.07407407407407407,0.15637860082304528,0.19753086419753085,0.24691358024691357,0.3045267489711934
