var1,var2,var3,var4,var5,var6
0.0410958904109589,0.0821917808219178,0.1095890410958904,0.19863013698630136,0.273972602739726,0.2945205479452055
