var1,var2,var3,var4,var5,var6
0.0364963503649635,0.051094890510948905,0.10218978102189781,0.1678832116788321,0.291970802919708,0.35036496350364965
