var1,var2,var3,var4,var5,var6
0.09883720930232558,0.11046511627906977,0.14534883720930233,0.16279069767441862,0.20348837209302326,0.27906976744186046
