var1,var2,var3,var4,var5,var6
0.07042253521126761,0.08450704225352113,0.1056338028169014,0.1619718309859155,0.20422535211267606,0.3732394366197183
