var1,var2,var3,var4,var5,var6
0.0855614973262032,0.13903743315508021,0.1497326203208556,0.1711229946524064,0.21390374331550802,0.24064171122994651
