var1,var2,var3,var4,var5,var6
0.0213903743315508,0.10160427807486631,0.13368983957219252,0.1925133689839572,0.25133689839572193,0.2994652406417112
