var1,var2,var3,var4,var5,var6
0.04895104895104895,0.07692307692307693,0.15384615384615385,0.16783216783216784,0.1888111888111888,0.36363636363636365
