var1,var2,var3,var4,var5,var6
0.016483516483516484,0.08791208791208792,0.14285714285714285,0.2087912087912088,0.24175824175824176,0.3021978021978022
