var1,var2,var3,var4,var5,var6
0.04819277108433735,0.07228915662650602,0.0963855421686747,0.1927710843373494,0.20481927710843373,0.3855421686746988
