var1,var2,var3,var4,var5,var6
0.06324110671936758,0.07905138339920949,0.11462450592885376,0.13438735177865613,0.25296442687747034,0.3557312252964427
