var1,var2,var3,var4,var5,var6
0.04093567251461988,0.11695906432748537,0.16374269005847952,0.18128654970760233,0.23391812865497075,0.2631578947368421
