var1,var2,var3,var4,var5,var6
0.0778688524590164,0.13934426229508196,0.14754098360655737,0.1762295081967213,0.19262295081967212,0.26639344262295084
