var1,var2,var3,var4,var5,var6
0.08130081300813008,0.11382113821138211,0.12195121951219512,0.16260162601626016,0.21138211382113822,0.3089430894308943
