var1,var2,var3,var4,var5,var6
0.021505376344086023,0.03225806451612903,0.10752688172043011,0.17204301075268819,0.21505376344086022,0.45161290322580644
