var1,var2,var3,var4,var5,var6
0.022727272727272728,0.03787878787878788,0.12121212121212122,0.20454545454545456,0.2803030303030303,0.3333333333333333
