var1,var2,var3,var4,var5,var6
0.012903225806451613,0.10967741935483871,0.12903225806451613,0.2064516129032258,0.24516129032258063,0.2967741935483871
