var1,var2,var3,var4,var5,var6
0.04854368932038835,0.06796116504854369,0.1262135922330097,0.13592233009708737,0.1650485436893204,0.4563106796116505
