var1,var2,var3,var4,var5,var6
0.07017543859649122,0.08771929824561403,0.12280701754385964,0.14619883040935672,0.22807017543859648,0.34502923976608185
