var1,var2,var3,var4,var5,var6
0.04390243902439024,0.14634146341463414,0.15609756097560976,0.18048780487804877,0.1951219512195122,0.2780487804878049
