var1,var2,var3,var4,var5,var6
0.05759162303664921,0.08376963350785341,0.1256544502617801,0.13612565445026178,0.28272251308900526,0.31413612565445026
