var1,var2,var3,var4,var5,var6
0.022099447513812154,0.09944751381215469,0.13812154696132597,0.22099447513812154,0.23204419889502761,0.287292817679558
