var1,var2,var3,var4,var5,var6
0.014814814814814815,0.1037037037037037,0.14074074074074075,0.16296296296296298,0.2222222222222222,0.35555555555555557
