var1,var2,var3,var4,var5,var6
0.05907172995780591,0.11814345991561181,0.13924050632911392,0.18565400843881857,0.22784810126582278,0.270042194092827
