var1,var2,var3,var4,var5,var6
0.04032258064516129,0.056451612903225805,0.12903225806451613,0.1532258064516129,0.20161290322580644,0.41935483870967744
