var1,var2,var3,var4,var5,var6
0.0891089108910891,0.09900990099009901,0.10891089108910891,0.12871287128712872,0.15841584158415842,0.4158415841584158
