var1,var2,var3,var4,var5,var6
0.0748663101604278,0.0855614973262032,0.10695187165775401,0.18716577540106952,0.20320855614973263,0.3422459893048128
