var1,var2,var3,var4,var5,var6
0.07434944237918216,0.11895910780669144,0.1412639405204461,0.16356877323420074,0.20446096654275092,0.29739776951672864
