var1,var2,var3,var4,var5,var6
0.034722222222222224,0.06944444444444445,0.125,0.1875,0.2847222222222222,0.2986111111111111
