var1,var2,var3,var4,var5,var6
0.011695906432748537,0.03508771929824561,0.0935672514619883,0.14619883040935672,0.2573099415204678,0.45614035087719296
