var1,var2,var3,var4,var5,var6
0.011049723756906077,0.06077348066298342,0.09944751381215469,0.20994475138121546,0.23204419889502761,0.3867403314917127
