var1,var2,var3,var4,var5,var6
0.024630541871921183,0.059113300492610835,0.06896551724137931,0.19704433497536947,0.3054187192118227,0.3448275862068966
