var1,var2,var3,var4,var5,var6
0.03482587064676617,0.05472636815920398,0.14427860696517414,0.18407960199004975,0.27860696517412936,0.3034825870646766
