var1,var2,var3,var4,var5,var6
0.027149321266968326,0.06787330316742081,0.09049773755656108,0.19004524886877827,0.23529411764705882,0.3891402714932127
