var1,var2,var3,var4,var5,var6
0.09061488673139159,0.13268608414239483,0.1553398058252427,0.16828478964401294,0.21359223300970873,0.23948220064724918
