var1,var2,var3,var4,var5,var6
0.015706806282722512,0.041884816753926704,0.17801047120418848,0.2094240837696335,0.23036649214659685,0.32460732984293195
