var1,var2,var3,var4,var5,var6
0.04093567251461988,0.1286549707602339,0.15204678362573099,0.17543859649122806,0.24561403508771928,0.2573099415204678
