var1,var2,var3,var4,var5,var6
0.06060606060606061,0.13636363636363635,0.16666666666666666,0.18181818181818182,0.21717171717171718,0.23737373737373738
