var1,var2,var3,var4,var5,var6
0.04739336492890995,0.07109004739336493,0.13270142180094788,0.20853080568720378,0.21800947867298578,0.3222748815165877
