var1,var2,var3,var4,var5,var6
0.03571428571428571,0.05,0.15714285714285714,0.2,0.22857142857142856,0.32857142857142857
