var1,var2,var3,var4,var5,var6
0.04790419161676647,0.0718562874251497,0.11377245508982035,0.20958083832335328,0.23952095808383234,0.31736526946107785
