var1,var2,var3,var4,var5,var6
0.027624309392265192,0.03867403314917127,0.11602209944751381,0.17679558011049723,0.2983425414364641,0.3425414364640884
