var1,var2,var3,var4,var5,var6
0.013793103448275862,0.09655172413793103,0.15172413793103448,0.1793103448275862,0.25517241379310346,0.30344827586206896
