var1,var2,var3,var4,var5,var6
0.02586206896551724,0.05172413793103448,0.09482758620689655,0.13793103448275862,0.29310344827586204,0.39655172413793105
