var1,var2,var3,var4,var5,var6
0.07881773399014778,0.11330049261083744,0.12807881773399016,0.17733990147783252,0.21674876847290642,0.2857142857142857
