var1,var2,var3,var4,var5,var6
0.025974025974025976,0.07792207792207792,0.09956709956709957,0.1645021645021645,0.2943722943722944,0.33766233766233766
