var1,var2,var3,var4,var5,var6
0.023668639053254437,0.029585798816568046,0.15384615384615385,0.21301775147928995,0.23076923076923078,0.34911242603550297
