var1,var2,var3,var4,var5,var6
0.0457516339869281,0.06535947712418301,0.11764705882352941,0.19607843137254902,0.23529411764705882,0.33986928104575165
