var1,var2,var3,var4,var5,var6
0.06432748538011696,0.08187134502923976,0.11695906432748537,0.2222222222222222,0.23391812865497075,0.2807017543859649
