var1,var2,var3,var4,var5,var6
0.025806451612903226,0.06451612903225806,0.15483870967741936,0.1870967741935484,0.23225806451612904,0.33548387096774196
