var1,var2,var3,var4,var5,var6
0.04790419161676647,0.059880239520958084,0.1317365269461078,0.15568862275449102,0.23353293413173654,0.3712574850299401
