var1,var2,var3,var4,var5,var6
0.044444444444444446,0.1037037037037037,0.1111111111111111,0.16296296296296298,0.1925925925925926,0.3851851851851852
