var1,var2,var3,var4,var5,var6
0.052941176470588235,0.058823529411764705,0.08823529411764706,0.13529411764705881,0.3235294117647059,0.3411764705882353
