var1,var2,var3,var4,var5,var6
0.0196078431372549,0.11764705882352941,0.14901960784313725,0.18823529411764706,0.23529411764705882,0.2901960784313726
