var1,var2,var3,var4,var5,var6
0.025974025974025976,0.03896103896103896,0.12337662337662338,0.14285714285714285,0.2987012987012987,0.37012987012987014
