var1,var2,var3,var4,var5,var6
0.015748031496062992,0.08661417322834646,0.11023622047244094,0.15748031496062992,0.2047244094488189,0.4251968503937008
