var1,var2,var3,var4,var5,var6
0.033816425120772944,0.04830917874396135,0.17391304347826086,0.1932367149758454,0.27053140096618356,0.28019323671497587
