var1,var2,var3,var4,var5,var6
0.023696682464454975,0.037914691943127965,0.15165876777251186,0.16113744075829384,0.24644549763033174,0.3791469194312796
