var1,var2,var3,var4,var5,var6
0.044585987261146494,0.06369426751592357,0.16560509554140126,0.17834394904458598,0.25477707006369427,0.2929936305732484
