var1,var2,var3,var4,var5,var6
0.046052631578947366,0.05921052631578947,0.1118421052631579,0.13157894736842105,0.25,0.40131578947368424
