var1,var2,var3,var4,var5,var6
0.06220095693779904,0.14354066985645933,0.15311004784688995,0.18181818181818182,0.20095693779904306,0.2583732057416268
