var1,var2,var3,var4,var5,var6
0.09554140127388536,0.11464968152866242,0.1464968152866242,0.1592356687898089,0.20382165605095542,0.2802547770700637
