var1,var2,var3,var4,var5,var6
0.027586206896551724,0.041379310344827586,0.08275862068965517,0.1793103448275862,0.296551724137931,0.3724137931034483
