var1,var2,var3,var4,var5,var6
0.04897959183673469,0.05714285714285714,0.1346938775510204,0.16326530612244897,0.2857142857142857,0.31020408163265306
