var1,var2,var3,var4,var5,var6
0.04678362573099415,0.05847953216374269,0.14619883040935672,0.17543859649122806,0.26900584795321636,0.30409356725146197
