var1,var2,var3,var4,var5,var6
0.03864734299516908,0.04830917874396135,0.06763285024154589,0.2318840579710145,0.2463768115942029,0.3671497584541063
