var1,var2,var3,var4,var5,var6
0.03508771929824561,0.10526315789473684,0.11695906432748537,0.16374269005847952,0.21637426900584794,0.36257309941520466
