var1,var2,var3,var4,var5,var6
0.02510460251046025,0.09623430962343096,0.1589958158995816,0.17573221757322174,0.24267782426778242,0.301255230125523
