var1,var2,var3,var4,var5,var6
0.027210884353741496,0.05442176870748299,0.14965986394557823,0.19727891156462585,0.21768707482993196,0.35374149659863946
