var1,var2,var3,var4,var5,var6
0.05405405405405406,0.06177606177606178,0.0888030888030888,0.22393822393822393,0.2471042471042471,0.32432432432432434
