var1,var2,var3,var4,var5,var6
0.05325443786982249,0.1242603550295858,0.15384615384615385,0.16568047337278108,0.24260355029585798,0.2603550295857988
