var1,var2,var3,var4,var5,var6
0.0851063829787234,0.10638297872340426,0.16170212765957448,0.18723404255319148,0.20425531914893616,0.2553191489361702
