var1,var2,var3,var4,var5,var6
0.06976744186046512,0.10232558139534884,0.14883720930232558,0.17674418604651163,0.19534883720930232,0.30697674418604654
