var1,var2,var3,var4,var5,var6
0.0784313725490196,0.1437908496732026,0.1568627450980392,0.17647058823529413,0.19607843137254902,0.24836601307189543
