var1,var2,var3,var4,var5,var6
0.02142857142857143,0.1,0.11428571428571428,0.14285714285714285,0.18571428571428572,0.4357142857142857
