var1,var2,var3,var4,var5,var6
0.04145077720207254,0.10362694300518134,0.11398963730569948,0.13989637305699482,0.29015544041450775,0.31088082901554404
