var1,var2,var3,var4,var5,var6
0.031496062992125984,0.06299212598425197,0.10236220472440945,0.11023622047244094,0.25196850393700787,0.4409448818897638
