var1,var2,var3,var4,var5,var6
0.012903225806451613,0.06451612903225806,0.1032258064516129,0.14193548387096774,0.3161290322580645,0.36129032258064514
