var1,var2,var3,var4,var5,var6
0.07329842931937172,0.14659685863874344,0.15706806282722513,0.18324607329842932,0.19895287958115182,0.24083769633507854
