var1,var2,var3,var4,var5,var6
0.09740259740259741,0.12987012987012986,0.14285714285714285,0.16233766233766234,0.21428571428571427,0.2532467532467532
