var1,var2,var3,var4,var5,var6
0.02877697841726619,0.07194244604316546,0.16546762589928057,0.18705035971223022,0.2446043165467626,0.302158273381295
