var1,var2,var3,var4,var5,var6
0.05472636815920398,0.08955223880597014,0.09950248756218906,0.21890547263681592,0.24875621890547264,0.2885572139303483
