var1,var2,var3,var4,var5,var6
0.0893854748603352,0.11731843575418995,0.12290502793296089,0.19553072625698323,0.21787709497206703,0.2569832402234637
