var1,var2,var3,var4,var5,var6
0.0364963503649635,0.08759124087591241,0.11678832116788321,0.16058394160583941,0.291970802919708,0.30656934306569344
