var1,var2,var3,var4,var5,var6
0.027906976744186046,0.11162790697674418,0.12093023255813953,0.18604651162790697,0.2,0.35348837209302325
