var1,var2,var3,var4,var5,var6
0.04666666666666667,0.06666666666666667,0.1,0.16,0.22,0.4066666666666667
