var1,var2,var3,var4,var5,var6
0.022321428571428572,0.05357142857142857,0.07142857142857142,0.22767857142857142,0.26339285714285715,0.36160714285714285
