var1,var2,var3,var4,var5,var6
0.03553299492385787,0.06091370558375635,0.1116751269035533,0.2233502538071066,0.2436548223350254,0.3248730964467005
