var1,var2,var3,var4,var5,var6
0.0411522633744856,0.05761316872427984,0.07407407407407407,0.19753086419753085,0.22633744855967078,0.40329218106995884
