var1,var2,var3,var4,var5,var6
0.01680672268907563,0.08403361344537816,0.14285714285714285,0.18487394957983194,0.2184873949579832,0.35294117647058826
