var1,var2,var3,var4,var5,var6
0.022857142857142857,0.12,0.12571428571428572,0.19428571428571428,0.22857142857142856,0.30857142857142855
