var1,var2,var3,var4,var5,var6
0.07623318385650224,0.12556053811659193,0.13901345291479822,0.16591928251121077,0.2242152466367713,0.26905829596412556
