var1,var2,var3,var4,var5,var6
0.012578616352201259,0.06918238993710692,0.11320754716981132,0.22641509433962265,0.27672955974842767,0.3018867924528302
