var1,var2,var3,var4,var5,var6
0.02654867256637168,0.08849557522123894,0.13274336283185842,0.168141592920354,0.20353982300884957,0.3805309734513274
