var1,var2,var3,var4,var5,var6
0.017543859649122806,0.06140350877192982,0.10526315789473684,0.15789473684210525,0.19298245614035087,0.4649122807017544
