var1,var2,var3,var4,var5,var6
0.0273224043715847,0.06557377049180328,0.18579234972677597,0.20765027322404372,0.2185792349726776,0.29508196721311475
