var1,var2,var3,var4,var5,var6
0.07317073170731707,0.0975609756097561,0.18699186991869918,0.1951219512195122,0.2032520325203252,0.24390243902439024
