var1,var2,var3,var4,var5,var6
0.03076923076923077,0.09743589743589744,0.14358974358974358,0.20512820512820512,0.22564102564102564,0.29743589743589743
