var1,var2,var3,var4,var5,var6
0.04186046511627907,0.13953488372093023,0.16744186046511628,0.18604651162790697,0.20465116279069767,0.26046511627906976
