var1,var2,var3,var4,var5,var6
0.022058823529411766,0.0661764705882353,0.14705882352941177,0.20588235294117646,0.2426470588235294,0.3161764705882353
