var1,var2,var3,var4,var5,var6
0.04201680672268908,0.06722689075630252,0.10084033613445378,0.18487394957983194,0.23529411764705882,0.3697478991596639
