var1,var2,var3,var4,var5,var6
0.05389221556886228,0.1317365269461078,0.16766467065868262,0.17964071856287425,0.20359281437125748,0.2634730538922156
