var1,var2,var3,var4,var5,var6
0.034013605442176874,0.08163265306122448,0.09523809523809523,0.1360544217687075,0.22448979591836735,0.42857142857142855
