var1,var2,var3,var4,var5,var6
0.05747126436781609,0.08045977011494253,0.11494252873563218,0.14942528735632185,0.21839080459770116,0.3793103448275862
