var1,var2,var3,var4,var5,var6
0.05,0.09166666666666666,0.125,0.13333333333333333,0.15833333333333333,0.44166666666666665
