var1,var2,var3,var4,var5,var6
0.013793103448275862,0.041379310344827586,0.15172413793103448,0.21379310344827587,0.2482758620689655,0.3310344827586207
