var1,var2,var3,var4,var5,var6
0.02027027027027027,0.08783783783783784,0.12837837837837837,0.18243243243243243,0.27702702702702703,0.30405405405405406
