var1,var2,var3,var4,var5,var6
0.05825242718446602,0.1407766990291262,0.15048543689320387,0.17475728155339806,0.22815533980582525,0.24757281553398058
