var1,var2,var3,var4,var5,var6
0.016304347826086956,0.059782608695652176,0.10869565217391304,0.19021739130434784,0.2608695652173913,0.3641304347826087
