var1,var2,var3,var4,var5,var6
0.04736842105263158,0.07894736842105263,0.10526315789473684,0.12105263157894737,0.2894736842105263,0.35789473684210527
