var1,var2,var3,var4,var5,var6
0.053475935828877004,0.11764705882352941,0.12834224598930483,0.2192513368983957,0.22459893048128343,0.25668449197860965
