var1,var2,var3,var4,var5,var6
0.0625,0.08333333333333333,0.09722222222222222,0.16666666666666666,0.20833333333333334,0.3819444444444444
