var1,var2,var3,var4,var5,var6
0.10880829015544041,0.11917098445595854,0.13989637305699482,0.17098445595854922,0.20725388601036268,0.2538860103626943
