var1,var2,var3,var4,var5,var6
0.08280254777070063,0.11464968152866242,0.12738853503184713,0.1910828025477707,0.22929936305732485,0.25477707006369427
