var1,var2,var3,var4,var5,var6
0.01675977653631285,0.0782122905027933,0.1005586592178771,0.2011173184357542,0.24581005586592178,0.3575418994413408
