var1,var2,var3,var4,var5,var6
0.03636363636363636,0.06060606060606061,0.07272727272727272,0.24242424242424243,0.2606060606060606,0.32727272727272727
