var1,var2,var3,var4,var5,var6
0.06369426751592357,0.07643312101910828,0.1464968152866242,0.17197452229299362,0.2611464968152866,0.2802547770700637
