var1,var2,var3,var4,var5,var6
0.009345794392523364,0.037383177570093455,0.1308411214953271,0.24299065420560748,0.2616822429906542,0.3177570093457944
