var1,var2,var3,var4,var5,var6
0.0273224043715847,0.07650273224043716,0.08743169398907104,0.18579234972677597,0.24043715846994534,0.3825136612021858
