var1,var2,var3,var4,var5,var6
0.042328042328042326,0.10582010582010581,0.12698412698412698,0.15873015873015872,0.2698412698412698,0.2962962962962963
