var1,var2,var3,var4,var5,var6
0.019867549668874173,0.10596026490066225,0.152317880794702,0.17880794701986755,0.25165562913907286,0.2913907284768212
