var1,var2,var3,var4,var5,var6
0.02608695652173913,0.05217391304347826,0.08695652173913043,0.1565217391304348,0.17391304347826086,0.5043478260869565
