var1,var2,var3,var4,var5,var6
0.055299539170506916,0.09216589861751152,0.17050691244239632,0.2119815668202765,0.2304147465437788,0.23963133640552994
