var1,var2,var3,var4,var5,var6
0.012345679012345678,0.09053497942386832,0.09876543209876543,0.13991769547325103,0.31275720164609055,0.345679012345679
