var1,var2,var3,var4,var5,var6
0.03910614525139665,0.0782122905027933,0.1340782122905028,0.21787709497206703,0.24022346368715083,0.2905027932960894
