var1,var2,var3,var4,var5,var6
0.05844155844155844,0.07792207792207792,0.12987012987012986,0.18181818181818182,0.22727272727272727,0.3246753246753247
