var1,var2,var3,var4,var5,var6
0.07236842105263158,0.1118421052631579,0.13157894736842105,0.19078947368421054,0.2236842105263158,0.26973684210526316
