var1,var2,var3,var4,var5,var6
0.06315789473684211,0.07894736842105263,0.11578947368421053,0.18421052631578946,0.21578947368421053,0.34210526315789475
