var1,var2,var3,var4,var5,var6
0.03636363636363636,0.10303030303030303,0.11515151515151516,0.15757575757575756,0.18787878787878787,0.4
