var1,var2,var3,var4,var5,var6
0.029556650246305417,0.08374384236453201,0.17733990147783252,0.18226600985221675,0.22660098522167488,0.30049261083743845
