var1,var2,var3,var4,var5,var6
0.03424657534246575,0.04794520547945205,0.07534246575342465,0.21232876712328766,0.2671232876712329,0.363013698630137
