var1,var2,var3,var4,var5,var6
0.04975124378109453,0.0845771144278607,0.09950248756218906,0.23880597014925373,0.25870646766169153,0.26865671641791045
