var1,var2,var3,var4,var5,var6
0.05128205128205128,0.09230769230769231,0.18461538461538463,0.19487179487179487,0.2205128205128205,0.2564102564102564
