var1,var2,var3,var4,var5,var6
0.0223463687150838,0.061452513966480445,0.0670391061452514,0.2346368715083799,0.2681564245810056,0.3463687150837989
