var1,var2,var3,var4,var5,var6
0.08333333333333333,0.10897435897435898,0.15384615384615385,0.16666666666666666,0.1987179487179487,0.28846153846153844
