var1,var2,var3,var4,var5,var6
0.06666666666666667,0.1076923076923077,0.15897435897435896,0.19487179487179487,0.23076923076923078,0.24102564102564103
