var1,var2,var3,var4,var5,var6
0.019867549668874173,0.06622516556291391,0.16556291390728478,0.2052980132450331,0.24503311258278146,0.2980132450331126
