var1,var2,var3,var4,var5,var6
0.059574468085106386,0.07659574468085106,0.13191489361702127,0.16595744680851063,0.2723404255319149,0.2936170212765957
