var1,var2,var3,var4,var5,var6
0.028409090909090908,0.045454545454545456,0.06818181818181818,0.19886363636363635,0.2897727272727273,0.3693181818181818
