var1,var2,var3,var4,var5,var6
0.03773584905660377,0.06289308176100629,0.1069182389937107,0.13836477987421383,0.3018867924528302,0.3522012578616352
