var1,var2,var3,var4,var5,var6
0.07407407407407407,0.13756613756613756,0.1693121693121693,0.19047619047619047,0.20105820105820105,0.2275132275132275
