var1,var2,var3,var4,var5,var6
0.05405405405405406,0.10810810810810811,0.14054054054054055,0.17297297297297298,0.25405405405405407,0.2702702702702703
