var1,var2,var3,var4,var5,var6
0.059880239520958084,0.0718562874251497,0.1437125748502994,0.2275449101796407,0.24550898203592814,0.25149700598802394
