var1,var2,var3,var4,var5,var6
0.07547169811320754,0.1320754716981132,0.13836477987421383,0.18867924528301888,0.22641509433962265,0.2389937106918239
