var1,var2,var3,var4,var5,var6
0.015037593984962405,0.03007518796992481,0.10526315789473684,0.15789473684210525,0.21052631578947367,0.48120300751879697
