var1,var2,var3,var4,var5,var6
0.025423728813559324,0.05084745762711865,0.1016949152542373,0.16101694915254236,0.2711864406779661,0.3898305084745763
