var1,var2,var3,var4,var5,var6
0.07936507936507936,0.10052910052910052,0.12169312169312169,0.18518518518518517,0.2328042328042328,0.2804232804232804
