var1,var2,var3,var4,var5,var6
0.06936416184971098,0.10982658959537572,0.13872832369942195,0.18497109826589594,0.19653179190751446,0.30057803468208094
