var1,var2,var3,var4,var5,var6
0.030973451327433628,0.11061946902654868,0.168141592920354,0.18141592920353983,0.24336283185840707,0.26548672566371684
