var1,var2,var3,var4,var5,var6
0.013245033112582781,0.06622516556291391,0.09271523178807947,0.152317880794702,0.23841059602649006,0.4370860927152318
