var1,var2,var3,var4,var5,var6
0.0392156862745098,0.05228758169934641,0.0784313725490196,0.20915032679738563,0.2679738562091503,0.35294117647058826
