var1,var2,var3,var4,var5,var6
0.019230769230769232,0.0641025641025641,0.10256410256410256,0.16025641025641027,0.30128205128205127,0.3525641025641026
