var1,var2,var3,var4,var5,var6
0.034934497816593885,0.11790393013100436,0.1572052401746725,0.17903930131004367,0.2052401746724891,0.3056768558951965
