var1,var2,var3,var4,var5,var6
0.07655502392344497,0.10526315789473684,0.1291866028708134,0.19138755980861244,0.22488038277511962,0.2727272727272727
