var1,var2,var3,var4,var5,var6
0.017094017094017096,0.05982905982905983,0.08547008547008547,0.11965811965811966,0.27350427350427353,0.4444444444444444
