var1,var2,var3,var4,var5,var6
0.04564315352697095,0.06639004149377593,0.12448132780082988,0.14937759336099585,0.22406639004149378,0.3900414937759336
