var1,var2,var3,var4,var5,var6
0.09090909090909091,0.13636363636363635,0.14935064935064934,0.18181818181818182,0.18831168831168832,0.2532467532467532
