var1,var2,var3,var4,var5,var6
0.025423728813559324,0.05084745762711865,0.1271186440677966,0.1440677966101695,0.211864406779661,0.4406779661016949
