var1,var2,var3,var4,var5,var6
0.05405405405405406,0.08108108108108109,0.14594594594594595,0.1945945945945946,0.25405405405405407,0.2702702702702703
