var1,var2,var3,var4,var5,var6
0.024844720496894408,0.07453416149068323,0.12422360248447205,0.13664596273291926,0.2981366459627329,0.3416149068322981
