var1,var2,var3,var4,var5,var6
0.04784688995215311,0.05263157894736842,0.13875598086124402,0.16267942583732056,0.2583732057416268,0.3397129186602871
