var1,var2,var3,var4,var5,var6
0.02824858757062147,0.06779661016949153,0.12429378531073447,0.22598870056497175,0.23728813559322035,0.3163841807909605
