var1,var2,var3,var4,var5,var6
0.03508771929824561,0.05847953216374269,0.09941520467836257,0.14035087719298245,0.32748538011695905,0.3391812865497076
