var1,var2,var3,var4,var5,var6
0.05531914893617021,0.06808510638297872,0.14468085106382977,0.1702127659574468,0.26382978723404255,0.2978723404255319
