var1,var2,var3,var4,var5,var6
0.011695906432748537,0.03508771929824561,0.0935672514619883,0.15204678362573099,0.2982456140350877,0.4093567251461988
