var1,var2,var3,var4,var5,var6
0.013953488372093023,0.12093023255813953,0.16744186046511628,0.18604651162790697,0.21395348837209302,0.29767441860465116
