var1,var2,var3,var4,var5,var6
0.043243243243243246,0.07027027027027027,0.11891891891891893,0.1837837837837838,0.24864864864864866,0.33513513513513515
