var1,var2,var3,var4,var5,var6
0.05166051660516605,0.06642066420664207,0.09225092250922509,0.11070110701107011,0.3247232472324723,0.35424354243542433
