var1,var2,var3,var4,var5,var6
0.05405405405405406,0.14054054054054055,0.15135135135135136,0.17297297297297298,0.23243243243243245,0.24864864864864866
