var1,var2,var3,var4,var5,var6
0.05726872246696035,0.09691629955947137,0.14537444933920704,0.1762114537444934,0.22026431718061673,0.3039647577092511
