var1,var2,var3,var4,var5,var6
0.07653061224489796,0.11734693877551021,0.1326530612244898,0.17857142857142858,0.21428571428571427,0.28061224489795916
