var1,var2,var3,var4,var5,var6
0.06622516556291391,0.11920529801324503,0.13245033112582782,0.17218543046357615,0.17880794701986755,0.33112582781456956
