var1,var2,var3,var4,var5,var6
0.04678362573099415,0.05847953216374269,0.07017543859649122,0.2046783625730994,0.23391812865497075,0.38596491228070173
