var1,var2,var3,var4,var5,var6
0.023391812865497075,0.07602339181286549,0.10526315789473684,0.2222222222222222,0.2573099415204678,0.3157894736842105
