var1,var2,var3,var4,var5,var6
0.021164021164021163,0.09523809523809523,0.164021164021164,0.20105820105820105,0.2328042328042328,0.2857142857142857
