var1,var2,var3,var4,var5,var6
0.07936507936507936,0.1164021164021164,0.12698412698412698,0.14814814814814814,0.21164021164021163,0.31746031746031744
