var1,var2,var3,var4,var5,var6
0.06030150753768844,0.08040201005025126,0.10050251256281408,0.1507537688442211,0.18592964824120603,0.4221105527638191
