var1,var2,var3,var4,var5,var6
0.028089887640449437,0.06741573033707865,0.07303370786516854,0.23595505617977527,0.25280898876404495,0.34269662921348315
