var1,var2,var3,var4,var5,var6
0.027472527472527472,0.08791208791208792,0.0989010989010989,0.13736263736263737,0.3021978021978022,0.34615384615384615
