var1,var2,var3,var4,var5,var6
0.04032258064516129,0.056451612903225805,0.13709677419354838,0.24193548387096775,0.25,0.27419354838709675
