var1,var2,var3,var4,var5,var6
0.09844559585492228,0.10362694300518134,0.14507772020725387,0.17098445595854922,0.22279792746113988,0.25906735751295334
