var1,var2,var3,var4,var5,var6
0.03902439024390244,0.07317073170731707,0.15609756097560976,0.17560975609756097,0.25365853658536586,0.3024390243902439
