var1,var2,var3,var4,var5,var6
0.05555555555555555,0.07407407407407407,0.14814814814814814,0.18518518518518517,0.25308641975308643,0.2839506172839506
