var1,var2,var3,var4,var5,var6
0.0898876404494382,0.11235955056179775,0.12359550561797752,0.1348314606741573,0.1797752808988764,0.3595505617977528
