var1,var2,var3,var4,var5,var6
0.035398230088495575,0.08849557522123894,0.1415929203539823,0.1504424778761062,0.21238938053097345,0.37168141592920356
