var1,var2,var3,var4,var5,var6
0.018292682926829267,0.09146341463414634,0.12195121951219512,0.17073170731707318,0.22560975609756098,0.3719512195121951
