var1,var2,var3,var4,var5,var6
0.03734439834024896,0.1078838174273859,0.11618257261410789,0.2074688796680498,0.24066390041493776,0.29045643153526973
