var1,var2,var3,var4,var5,var6
0.030303030303030304,0.048484848484848485,0.08484848484848485,0.15151515151515152,0.3212121212121212,0.36363636363636365
