var1,var2,var3,var4,var5,var6
0.029069767441860465,0.08139534883720931,0.12209302325581395,0.14534883720930233,0.22093023255813954,0.4011627906976744
