var1,var2,var3,var4,var5,var6
0.0670391061452514,0.11173184357541899,0.12290502793296089,0.15083798882681565,0.2011173184357542,0.3463687150837989
