var1,var2,var3,var4,var5,var6
0.07563025210084033,0.08403361344537816,0.16806722689075632,0.19327731092436976,0.2184873949579832,0.2605042016806723
