var1,var2,var3,var4,var5,var6
0.04046242774566474,0.06936416184971098,0.12716763005780346,0.16184971098265896,0.2254335260115607,0.37572254335260113
