var1,var2,var3,var4,var5,var6
0.0425531914893617,0.10106382978723404,0.12234042553191489,0.14893617021276595,0.17553191489361702,0.4095744680851064
