var1,var2,var3,var4,var5,var6
0.033816425120772944,0.08695652173913043,0.14492753623188406,0.2222222222222222,0.24154589371980675,0.27053140096618356
