var1,var2,var3,var4,var5,var6
0.03723404255319149,0.0851063829787234,0.09574468085106383,0.2074468085106383,0.22872340425531915,0.34574468085106386
