var1,var2,var3,var4,var5,var6
0.021897810218978103,0.043795620437956206,0.145985401459854,0.15328467153284672,0.22627737226277372,0.40875912408759124
