var1,var2,var3,var4,var5,var6
0.03187250996015936,0.14342629482071714,0.15139442231075698,0.18725099601593626,0.20717131474103587,0.2788844621513944
