var1,var2,var3,var4,var5,var6
0.025210084033613446,0.06722689075630252,0.10084033613445378,0.15966386554621848,0.17647058823529413,0.47058823529411764
