var1,var2,var3,var4,var5,var6
0.023391812865497075,0.03508771929824561,0.08187134502923976,0.16374269005847952,0.27485380116959063,0.42105263157894735
