var1,var2,var3,var4,var5,var6
0.04712041884816754,0.07329842931937172,0.13612565445026178,0.16753926701570682,0.28272251308900526,0.2931937172774869
