var1,var2,var3,var4,var5,var6
0.0481283422459893,0.0748663101604278,0.0855614973262032,0.13903743315508021,0.26737967914438504,0.3850267379679144
