var1,var2,var3,var4,var5,var6
0.05325443786982249,0.08284023668639054,0.14792899408284024,0.1893491124260355,0.2603550295857988,0.26627218934911245
