var1,var2,var3,var4,var5,var6
0.01809954751131222,0.11312217194570136,0.17194570135746606,0.18099547511312217,0.2171945701357466,0.2986425339366516
