var1,var2,var3,var4,var5,var6
0.021052631578947368,0.08421052631578947,0.10877192982456141,0.16140350877192983,0.28771929824561404,0.3368421052631579
