var1,var2,var3,var4,var5,var6
0.029850746268656716,0.03980099502487562,0.17412935323383086,0.19402985074626866,0.26865671641791045,0.2935323383084577
