var1,var2,var3,var4,var5,var6
0.0625,0.09375,0.11160714285714286,0.13839285714285715,0.2857142857142857,0.3080357142857143
