var1,var2,var3,var4,var5,var6
0.07801418439716312,0.09219858156028368,0.1347517730496454,0.15602836879432624,0.20567375886524822,0.3333333333333333
