var1,var2,var3,var4,var5,var6
0.02127659574468085,0.0425531914893617,0.0851063829787234,0.23404255319148937,0.2695035460992908,0.3475177304964539
