var1,var2,var3,var4,var5,var6
0.02654867256637168,0.035398230088495575,0.09734513274336283,0.168141592920354,0.30973451327433627,0.36283185840707965
