var1,var2,var3,var4,var5,var6
0.04519774011299435,0.0903954802259887,0.15254237288135594,0.15819209039548024,0.2711864406779661,0.2824858757062147
