var1,var2,var3,var4,var5,var6
0.051470588235294115,0.08088235294117647,0.10294117647058823,0.125,0.2867647058823529,0.35294117647058826
