var1,var2,var3,var4,var5,var6
0.03319502074688797,0.07883817427385892,0.16597510373443983,0.1825726141078838,0.24066390041493776,0.2987551867219917
