var1,var2,var3,var4,var5,var6
0.025423728813559324,0.05084745762711865,0.0847457627118644,0.211864406779661,0.2288135593220339,0.3983050847457627
