var1,var2,var3,var4,var5,var6
0.0736196319018405,0.08588957055214724,0.11042944785276074,0.13496932515337423,0.25153374233128833,0.34355828220858897
