var1,var2,var3,var4,var5,var6
0.032432432432432434,0.07567567567567568,0.08108108108108109,0.12972972972972974,0.24864864864864866,0.43243243243243246
