var1,var2,var3,var4,var5,var6
0.07335907335907337,0.10810810810810811,0.12355212355212356,0.18532818532818532,0.23938223938223938,0.2702702702702703
