var1,var2,var3,var4,var5,var6
0.048327137546468404,0.06691449814126393,0.1412639405204461,0.22304832713754646,0.24535315985130113,0.275092936802974
