var1,var2,var3,var4,var5,var6
0.08108108108108109,0.10135135135135136,0.1554054054054054,0.16891891891891891,0.21621621621621623,0.27702702702702703
