var1,var2,var3,var4,var5,var6
0.027624309392265192,0.09944751381215469,0.11049723756906077,0.1878453038674033,0.26519337016574585,0.30939226519337015
