var1,var2,var3,var4,var5,var6
0.037209302325581395,0.07441860465116279,0.10232558139534884,0.12093023255813953,0.32558139534883723,0.3395348837209302
