var1,var2,var3,var4,var5,var6
0.06382978723404255,0.1276595744680851,0.15602836879432624,0.1702127659574468,0.2127659574468085,0.2695035460992908
