var1,var2,var3,var4,var5,var6
0.018518518518518517,0.06481481481481481,0.1111111111111111,0.14814814814814814,0.2037037037037037,0.4537037037037037
