var1,var2,var3,var4,var5,var6
0.09090909090909091,0.12440191387559808,0.1339712918660287,0.19138755980861244,0.22009569377990432,0.23923444976076555
