var1,var2,var3,var4,var5,var6
0.042735042735042736,0.05982905982905983,0.1452991452991453,0.19658119658119658,0.26495726495726496,0.2905982905982906
