var1,var2,var3,var4,var5,var6
0.04519774011299435,0.05649717514124294,0.13559322033898305,0.1751412429378531,0.2824858757062147,0.3050847457627119
