var1,var2,var3,var4,var5,var6
0.0851063829787234,0.11914893617021277,0.16170212765957448,0.19148936170212766,0.2127659574468085,0.2297872340425532
