var1,var2,var3,var4,var5,var6
0.03879310344827586,0.09913793103448276,0.1206896551724138,0.15086206896551724,0.2629310344827586,0.3275862068965517
