var1,var2,var3,var4,var5,var6
0.04424778761061947,0.061946902654867256,0.12389380530973451,0.1504424778761062,0.1592920353982301,0.46017699115044247
