var1,var2,var3,var4,var5,var6
0.02717391304347826,0.07608695652173914,0.10869565217391304,0.1793478260869565,0.23369565217391305,0.375
