var1,var2,var3,var4,var5,var6
0.016260162601626018,0.056910569105691054,0.13008130081300814,0.16260162601626016,0.21138211382113822,0.42276422764227645
