var1,var2,var3,var4,var5,var6
0.07792207792207792,0.12121212121212122,0.16883116883116883,0.19480519480519481,0.2077922077922078,0.22943722943722944
