var1,var2,var3,var4,var5,var6
0.031007751937984496,0.10077519379844961,0.11627906976744186,0.15503875968992248,0.20930232558139536,0.3875968992248062
