var1,var2,var3,var4,var5,var6
0.023121387283236993,0.057803468208092484,0.09248554913294797,0.1791907514450867,0.24277456647398843,0.4046242774566474
