var1,var2,var3,var4,var5,var6
0.05747126436781609,0.09578544061302682,0.14559386973180077,0.1685823754789272,0.26053639846743293,0.2720306513409962
