var1,var2,var3,var4,var5,var6
0.05235602094240838,0.07329842931937172,0.11518324607329843,0.193717277486911,0.2094240837696335,0.35602094240837695
