var1,var2,var3,var4,var5,var6
0.042105263157894736,0.11929824561403508,0.12982456140350876,0.21052631578947367,0.23157894736842105,0.26666666666666666
