var1,var2,var3,var4,var5,var6
0.07643312101910828,0.11464968152866242,0.12738853503184713,0.17834394904458598,0.2229299363057325,0.2802547770700637
