var1,var2,var3,var4,var5,var6
0.0446927374301676,0.0782122905027933,0.1005586592178771,0.16759776536312848,0.24022346368715083,0.3687150837988827
