var1,var2,var3,var4,var5,var6
0.04245283018867924,0.07075471698113207,0.1792452830188679,0.19339622641509435,0.22641509433962265,0.28773584905660377
