var1,var2,var3,var4,var5,var6
0.0273972602739726,0.0639269406392694,0.1187214611872146,0.136986301369863,0.3013698630136986,0.3515981735159817
