var1,var2,var3,var4,var5,var6
0.013245033112582781,0.08609271523178808,0.10596026490066225,0.12582781456953643,0.31125827814569534,0.3576158940397351
