var1,var2,var3,var4,var5,var6
0.029940119760479042,0.04790419161676647,0.0718562874251497,0.16766467065868262,0.2634730538922156,0.41916167664670656
