var1,var2,var3,var4,var5,var6
0.058577405857740586,0.07531380753138076,0.17154811715481172,0.19246861924686193,0.200836820083682,0.301255230125523
