var1,var2,var3,var4,var5,var6
0.04316546762589928,0.07194244604316546,0.10071942446043165,0.20863309352517986,0.2446043165467626,0.33093525179856115
