var1,var2,var3,var4,var5,var6
0.09691629955947137,0.11894273127753303,0.13215859030837004,0.15859030837004406,0.22026431718061673,0.27312775330396477
