var1,var2,var3,var4,var5,var6
0.06382978723404255,0.10638297872340426,0.1276595744680851,0.20567375886524822,0.2127659574468085,0.28368794326241137
