var1,var2,var3,var4,var5,var6
0.0311284046692607,0.05058365758754864,0.1245136186770428,0.14785992217898833,0.28793774319066145,0.35797665369649806
