var1,var2,var3,var4,var5,var6
0.05847953216374269,0.09941520467836257,0.10526315789473684,0.12280701754385964,0.29239766081871343,0.3216374269005848
