var1,var2,var3,var4,var5,var6
0.04878048780487805,0.08292682926829269,0.15609756097560976,0.1951219512195122,0.22439024390243903,0.2926829268292683
