var1,var2,var3,var4,var5,var6
0.04132231404958678,0.049586776859504134,0.11570247933884298,0.19008264462809918,0.2727272727272727,0.3305785123966942
