var1,var2,var3,var4,var5,var6
0.058823529411764705,0.07058823529411765,0.09411764705882353,0.1411764705882353,0.18823529411764706,0.4470588235294118
