var1,var2,var3,var4,var5,var6
0.05235602094240838,0.06282722513089005,0.08900523560209424,0.2094240837696335,0.24083769633507854,0.34554973821989526
