var1,var2,var3,var4,var5,var6
0.05333333333333334,0.1288888888888889,0.1688888888888889,0.17777777777777778,0.19555555555555557,0.27555555555555555
