var1,var2,var3,var4,var5,var6
0.04516129032258064,0.05161290322580645,0.16129032258064516,0.18064516129032257,0.25161290322580643,0.3096774193548387
