var1,var2,var3,var4,var5,var6
0.025477707006369428,0.07006369426751592,0.10191082802547771,0.17834394904458598,0.1910828025477707,0.43312101910828027
