var1,var2,var3,var4,var5,var6
0.04081632653061224,0.05442176870748299,0.17687074829931973,0.1836734693877551,0.2585034013605442,0.2857142857142857
