var1,var2,var3,var4,var5,var6
0.014598540145985401,0.06569343065693431,0.08759124087591241,0.145985401459854,0.1897810218978102,0.49635036496350365
