var1,var2,var3,var4,var5,var6
0.03825136612021858,0.06557377049180328,0.12021857923497267,0.20218579234972678,0.26229508196721313,0.3114754098360656
