var1,var2,var3,var4,var5,var6
0.04878048780487805,0.07317073170731707,0.15447154471544716,0.1951219512195122,0.23577235772357724,0.2926829268292683
