var1,var2,var3,var4,var5,var6
0.0398406374501992,0.10358565737051793,0.16733067729083664,0.19123505976095617,0.23904382470119523,0.2589641434262948
