var1,var2,var3,var4,var5,var6
0.03153153153153153,0.04504504504504504,0.0990990990990991,0.22972972972972974,0.25675675675675674,0.33783783783783783
