var1,var2,var3,var4,var5,var6
0.03864734299516908,0.1111111111111111,0.13526570048309178,0.2028985507246377,0.2318840579710145,0.28019323671497587
