var1,var2,var3,var4,var5,var6
0.10326086956521739,0.11956521739130435,0.1358695652173913,0.1793478260869565,0.19021739130434784,0.2717391304347826
