var1,var2,var3,var4,var5,var6
0.08085106382978724,0.13617021276595745,0.17446808510638298,0.17872340425531916,0.19148936170212766,0.23829787234042554
