var1,var2,var3,var4,var5,var6
0.026143790849673203,0.0392156862745098,0.1503267973856209,0.2222222222222222,0.24183006535947713,0.3202614379084967
