var1,var2,var3,var4,var5,var6
0.023923444976076555,0.05741626794258373,0.13875598086124402,0.20574162679425836,0.2679425837320574,0.3062200956937799
