var1,var2,var3,var4,var5,var6
0.04020100502512563,0.07035175879396985,0.12562814070351758,0.22110552763819097,0.24120603015075376,0.3015075376884422
