var1,var2,var3,var4,var5,var6
0.06748466257668712,0.09202453987730061,0.1165644171779141,0.17177914110429449,0.22699386503067484,0.32515337423312884
