var1,var2,var3,var4,var5,var6
0.05945945945945946,0.12972972972972974,0.16216216216216217,0.20540540540540542,0.21621621621621623,0.22702702702702704
