var1,var2,var3,var4,var5,var6
0.031496062992125984,0.08661417322834646,0.13385826771653545,0.1732283464566929,0.1968503937007874,0.3779527559055118
