var1,var2,var3,var4,var5,var6
0.015748031496062992,0.09448818897637795,0.12598425196850394,0.1889763779527559,0.2125984251968504,0.36220472440944884
