var1,var2,var3,var4,var5,var6
0.02072538860103627,0.06735751295336788,0.13471502590673576,0.19170984455958548,0.2849740932642487,0.3005181347150259
