var1,var2,var3,var4,var5,var6
0.049079754601226995,0.06134969325153374,0.1411042944785276,0.15950920245398773,0.2822085889570552,0.3067484662576687
