var1,var2,var3,var4,var5,var6
0.022222222222222223,0.08444444444444445,0.13333333333333333,0.19111111111111112,0.2577777777777778,0.3111111111111111
