var1,var2,var3,var4,var5,var6
0.04878048780487805,0.07926829268292683,0.09146341463414634,0.11585365853658537,0.3231707317073171,0.34146341463414637
