var1,var2,var3,var4,var5,var6
0.08571428571428572,0.12571428571428572,0.15428571428571428,0.18285714285714286,0.18857142857142858,0.26285714285714284
