var1,var2,var3,var4,var5,var6
0.03592814371257485,0.10179640718562874,0.16167664670658682,0.20359281437125748,0.2215568862275449,0.2754491017964072
