var1,var2,var3,var4,var5,var6
0.01020408163265306,0.04591836734693878,0.11224489795918367,0.20918367346938777,0.27040816326530615,0.3520408163265306
