var1,var2,var3,var4,var5,var6
0.04195804195804196,0.06293706293706294,0.0979020979020979,0.16783216783216784,0.23776223776223776,0.3916083916083916
