var1,var2,var3,var4,var5,var6
0.0223463687150838,0.0670391061452514,0.09497206703910614,0.1787709497206704,0.2905027932960894,0.3463687150837989
