var1,var2,var3,var4,var5,var6
0.0658682634730539,0.0718562874251497,0.08383233532934131,0.09580838323353294,0.32335329341317365,0.3592814371257485
