var1,var2,var3,var4,var5,var6
0.07035175879396985,0.10050251256281408,0.10552763819095477,0.1306532663316583,0.271356783919598,0.32160804020100503
