var1,var2,var3,var4,var5,var6
0.07731958762886598,0.14432989690721648,0.16494845360824742,0.17525773195876287,0.20103092783505155,0.23711340206185566
