var1,var2,var3,var4,var5,var6
0.03896103896103896,0.1038961038961039,0.15584415584415584,0.18181818181818182,0.21645021645021645,0.30303030303030304
