var1,var2,var3,var4,var5,var6
0.046948356807511735,0.08450704225352113,0.13615023474178403,0.20187793427230047,0.2347417840375587,0.29577464788732394
