var1,var2,var3,var4,var5,var6
0.05860805860805861,0.12454212454212454,0.15384615384615385,0.1978021978021978,0.22344322344322345,0.24175824175824176
