var1,var2,var3,var4,var5,var6
0.05027932960893855,0.1340782122905028,0.1452513966480447,0.20670391061452514,0.22346368715083798,0.24022346368715083
