var1,var2,var3,var4,var5,var6
0.053691275167785234,0.06040268456375839,0.1342281879194631,0.1476510067114094,0.21476510067114093,0.38926174496644295
