var1,var2,var3,var4,var5,var6
0.01910828025477707,0.050955414012738856,0.1337579617834395,0.19745222929936307,0.25477707006369427,0.34394904458598724
