var1,var2,var3,var4,var5,var6
0.037037037037037035,0.0582010582010582,0.1164021164021164,0.21693121693121692,0.24338624338624337,0.328042328042328
