var1,var2,var3,var4,var5,var6
0.07834101382488479,0.10138248847926268,0.11059907834101383,0.16589861751152074,0.25806451612903225,0.2857142857142857
