var1,var2,var3,var4,var5,var6
0.017341040462427744,0.1329479768786127,0.15606936416184972,0.20809248554913296,0.21965317919075145,0.2658959537572254
