var1,var2,var3,var4,var5,var6
0.03428571428571429,0.08,0.12571428571428572,0.18857142857142858,0.2742857142857143,0.29714285714285715
