var1,var2,var3,var4,var5,var6
0.015267175572519083,0.06870229007633588,0.10687022900763359,0.22900763358778625,0.2748091603053435,0.3053435114503817
