var1,var2,var3,var4,var5,var6
0.028169014084507043,0.07042253521126761,0.15023474178403756,0.1596244131455399,0.24413145539906103,0.3474178403755869
