var1,var2,var3,var4,var5,var6
0.04195804195804196,0.08391608391608392,0.0979020979020979,0.13286713286713286,0.26573426573426573,0.3776223776223776
