var1,var2,var3,var4,var5,var6
0.027210884353741496,0.08163265306122448,0.08843537414965986,0.1360544217687075,0.32653061224489793,0.3401360544217687
