var1,var2,var3,var4,var5,var6
0.029411764705882353,0.07352941176470588,0.09558823529411764,0.21323529411764705,0.22794117647058823,0.3602941176470588
