var1,var2,var3,var4,var5,var6
0.06358381502890173,0.08092485549132948,0.09248554913294797,0.19653179190751446,0.2658959537572254,0.30057803468208094
