var1,var2,var3,var4,var5,var6
0.014598540145985401,0.10218978102189781,0.10948905109489052,0.16058394160583941,0.291970802919708,0.32116788321167883
