var1,var2,var3,var4,var5,var6
0.018404907975460124,0.049079754601226995,0.17177914110429449,0.19631901840490798,0.25153374233128833,0.3128834355828221
