var1,var2,var3,var4,var5,var6
0.032520325203252036,0.06504065040650407,0.11382113821138211,0.16260162601626016,0.2032520325203252,0.42276422764227645
