var1,var2,var3,var4,var5,var6
0.056338028169014086,0.11267605633802817,0.14084507042253522,0.18779342723004694,0.2112676056338028,0.29107981220657275
