var1,var2,var3,var4,var5,var6
0.013071895424836602,0.0457516339869281,0.08496732026143791,0.24183006535947713,0.26143790849673204,0.35294117647058826
