var1,var2,var3,var4,var5,var6
0.028368794326241134,0.0425531914893617,0.0851063829787234,0.19858156028368795,0.3049645390070922,0.3404255319148936
