var1,var2,var3,var4,var5,var6
0.04487179487179487,0.07051282051282051,0.14102564102564102,0.19230769230769232,0.22435897435897437,0.3269230769230769
