var1,var2,var3,var4,var5,var6
0.05025125628140704,0.06532663316582915,0.09045226130653267,0.1507537688442211,0.2613065326633166,0.38190954773869346
