var1,var2,var3,var4,var5,var6
0.05027932960893855,0.12290502793296089,0.16201117318435754,0.18435754189944134,0.21787709497206703,0.26256983240223464
