var1,var2,var3,var4,var5,var6
0.012048192771084338,0.1144578313253012,0.16265060240963855,0.18674698795180722,0.24096385542168675,0.28313253012048195
