var1,var2,var3,var4,var5,var6
0.034482758620689655,0.06321839080459771,0.1724137931034483,0.1896551724137931,0.25862068965517243,0.28160919540229884
