var1,var2,var3,var4,var5,var6
0.03355704697986577,0.10738255033557047,0.16778523489932887,0.19463087248322147,0.21476510067114093,0.28187919463087246
