var1,var2,var3,var4,var5,var6
0.052980132450331126,0.09271523178807947,0.11920529801324503,0.152317880794702,0.2251655629139073,0.3576158940397351
