var1,var2,var3,var4,var5,var6
0.03597122302158273,0.08633093525179857,0.17266187050359713,0.2014388489208633,0.2302158273381295,0.2733812949640288
