var1,var2,var3,var4,var5,var6
0.05521472392638037,0.0736196319018405,0.13496932515337423,0.18404907975460122,0.19631901840490798,0.3558282208588957
