var1,var2,var3,var4,var5,var6
0.02030456852791878,0.06598984771573604,0.09644670050761421,0.2436548223350254,0.25888324873096447,0.3147208121827411
