var1,var2,var3,var4,var5,var6
0.03482587064676617,0.05970149253731343,0.07960199004975124,0.1691542288557214,0.26865671641791045,0.3880597014925373
