var1,var2,var3,var4,var5,var6
0.06572769953051644,0.07981220657276995,0.08450704225352113,0.19718309859154928,0.27230046948356806,0.3004694835680751
