var1,var2,var3,var4,var5,var6
0.06936416184971098,0.12716763005780346,0.14450867052023122,0.16184971098265896,0.24277456647398843,0.2543352601156069
