var1,var2,var3,var4,var5,var6
0.047337278106508875,0.07692307692307693,0.13609467455621302,0.15976331360946747,0.24260355029585798,0.33727810650887574
