var1,var2,var3,var4,var5,var6
0.017094017094017096,0.042735042735042736,0.11965811965811966,0.18803418803418803,0.23931623931623933,0.39316239316239315
