var1,var2,var3,var4,var5,var6
0.011976047904191617,0.03592814371257485,0.10179640718562874,0.15568862275449102,0.31137724550898205,0.38323353293413176
