var1,var2,var3,var4,var5,var6
0.05913978494623656,0.08602150537634409,0.12365591397849462,0.1881720430107527,0.26344086021505375,0.27956989247311825
