var1,var2,var3,var4,var5,var6
0.09777777777777778,0.12444444444444444,0.1511111111111111,0.18666666666666668,0.20444444444444446,0.23555555555555555
