var1,var2,var3,var4,var5,var6
0.022222222222222223,0.09333333333333334,0.16444444444444445,0.2,0.24444444444444444,0.27555555555555555
