var1,var2,var3,var4,var5,var6
0.033783783783783786,0.05405405405405406,0.14189189189189189,0.16891891891891891,0.25,0.35135135135135137
