var1,var2,var3,var4,var5,var6
0.013986013986013986,0.06993006993006994,0.11188811188811189,0.13986013986013987,0.23076923076923078,0.43356643356643354
