var1,var2,var3,var4,var5,var6
0.05829596412556054,0.08968609865470852,0.10762331838565023,0.17937219730941703,0.21524663677130046,0.34977578475336324
