var1,var2,var3,var4,var5,var6
0.0189873417721519,0.08860759493670886,0.10126582278481013,0.23417721518987342,0.25949367088607594,0.2974683544303797
