var1,var2,var3,var4,var5,var6
0.030120481927710843,0.1144578313253012,0.1686746987951807,0.1746987951807229,0.2469879518072289,0.26506024096385544
