var1,var2,var3,var4,var5,var6
0.030456852791878174,0.15228426395939088,0.16243654822335024,0.18781725888324874,0.20304568527918782,0.2639593908629442
