var1,var2,var3,var4,var5,var6
0.046948356807511735,0.14553990610328638,0.1596244131455399,0.16901408450704225,0.22535211267605634,0.2535211267605634
