var1,var2,var3,var4,var5,var6
0.014814814814814815,0.05925925925925926,0.1037037037037037,0.18518518518518517,0.2074074074074074,0.42962962962962964
