var1,var2,var3,var4,var5,var6
0.060810810810810814,0.08108108108108109,0.0945945945945946,0.22297297297297297,0.25,0.2905405405405405
