var1,var2,var3,var4,var5,var6
0.027972027972027972,0.04895104895104895,0.16783216783216784,0.18181818181818182,0.23776223776223776,0.3356643356643357
