var1,var2,var3,var4,var5,var6
0.045454545454545456,0.06363636363636363,0.1,0.12727272727272726,0.2545454545454545,0.4090909090909091
