var1,var2,var3,var4,var5,var6
0.018018018018018018,0.036036036036036036,0.10810810810810811,0.21621621621621623,0.22522522522522523,0.3963963963963964
