var1,var2,var3,var4,var5,var6
0.025906735751295335,0.03626943005181347,0.12435233160621761,0.13989637305699482,0.29533678756476683,0.37823834196891193
