var1,var2,var3,var4,var5,var6
0.05649717514124294,0.07909604519774012,0.15254237288135594,0.21468926553672316,0.24293785310734464,0.2542372881355932
