var1,var2,var3,var4,var5,var6
0.057971014492753624,0.08695652173913043,0.10144927536231885,0.18357487922705315,0.2608695652173913,0.30917874396135264
