var1,var2,var3,var4,var5,var6
0.10824742268041238,0.12371134020618557,0.12886597938144329,0.16494845360824742,0.19072164948453607,0.28350515463917525
