var1,var2,var3,var4,var5,var6
0.022900763358778626,0.07633587786259542,0.10687022900763359,0.16793893129770993,0.2900763358778626,0.33587786259541985
