var1,var2,var3,var4,var5,var6
0.09696969696969697,0.12121212121212122,0.15151515151515152,0.16363636363636364,0.22424242424242424,0.24242424242424243
