var1,var2,var3,var4,var5,var6
0.043209876543209874,0.09876543209876543,0.12345679012345678,0.21604938271604937,0.22839506172839505,0.29012345679012347
