var1,var2,var3,var4,var5,var6
0.03208556149732621,0.0427807486631016,0.06417112299465241,0.1925133689839572,0.2620320855614973,0.40641711229946526
