var1,var2,var3,var4,var5,var6
0.03278688524590164,0.13114754098360656,0.15300546448087432,0.16939890710382513,0.2185792349726776,0.29508196721311475
