var1,var2,var3,var4,var5,var6
0.02185792349726776,0.09289617486338798,0.1092896174863388,0.14754098360655737,0.273224043715847,0.3551912568306011
