var1,var2,var3,var4,var5,var6
0.030864197530864196,0.04938271604938271,0.15432098765432098,0.19753086419753085,0.24074074074074073,0.3271604938271605
