var1,var2,var3,var4,var5,var6
0.06707317073170732,0.10365853658536585,0.12195121951219512,0.1524390243902439,0.1951219512195122,0.3597560975609756
