var1,var2,var3,var4,var5,var6
0.05128205128205128,0.07179487179487179,0.10256410256410256,0.11794871794871795,0.3076923076923077,0.3487179487179487
