var1,var2,var3,var4,var5,var6
0.0364963503649635,0.0948905109489051,0.15328467153284672,0.17518248175182483,0.21897810218978103,0.32116788321167883
