var1,var2,var3,var4,var5,var6
0.04830917874396135,0.07729468599033816,0.08695652173913043,0.10628019323671498,0.32367149758454106,0.357487922705314
