var1,var2,var3,var4,var5,var6
0.11790393013100436,0.12663755458515283,0.1572052401746725,0.17903930131004367,0.19213973799126638,0.22707423580786026
