var1,var2,var3,var4,var5,var6
0.04678362573099415,0.05847953216374269,0.14619883040935672,0.18128654970760233,0.27485380116959063,0.29239766081871343
