var1,var2,var3,var4,var5,var6
0.09302325581395349,0.12403100775193798,0.13953488372093023,0.18604651162790697,0.20930232558139536,0.24806201550387597
