var1,var2,var3,var4,var5,var6
0.023391812865497075,0.0935672514619883,0.1695906432748538,0.21052631578947367,0.22807017543859648,0.27485380116959063
