var1,var2,var3,var4,var5,var6
0.016574585635359115,0.08839779005524862,0.09944751381215469,0.12154696132596685,0.3149171270718232,0.35911602209944754
