var1,var2,var3,var4,var5,var6
0.06635071090047394,0.09004739336492891,0.10426540284360189,0.20853080568720378,0.23696682464454977,0.2938388625592417
