var1,var2,var3,var4,var5,var6
0.03859649122807018,0.12631578947368421,0.1543859649122807,0.17543859649122806,0.24561403508771928,0.2596491228070175
