var1,var2,var3,var4,var5,var6
0.013422818791946308,0.10067114093959731,0.1610738255033557,0.18791946308724833,0.22818791946308725,0.3087248322147651
