var1,var2,var3,var4,var5,var6
0.04195804195804196,0.0979020979020979,0.15384615384615385,0.17482517482517482,0.22377622377622378,0.3076923076923077
