var1,var2,var3,var4,var5,var6
0.02564102564102564,0.042735042735042736,0.08547008547008547,0.23076923076923078,0.23931623931623933,0.37606837606837606
