var1,var2,var3,var4,var5,var6
0.041666666666666664,0.06547619047619048,0.13095238095238096,0.16666666666666666,0.25,0.34523809523809523
