var1,var2,var3,var4,var5,var6
0.030120481927710843,0.0783132530120482,0.0963855421686747,0.21084337349397592,0.2710843373493976,0.3132530120481928
