var1,var2,var3,var4,var5,var6
0.012738853503184714,0.044585987261146494,0.16560509554140126,0.20382165605095542,0.25477707006369427,0.3184713375796178
