var1,var2,var3,var4,var5,var6
0.029940119760479042,0.09580838323353294,0.16167664670658682,0.20359281437125748,0.24550898203592814,0.2634730538922156
