var1,var2,var3,var4,var5,var6
0.06043956043956044,0.08241758241758242,0.10989010989010989,0.13736263736263737,0.2857142857142857,0.3241758241758242
