var1,var2,var3,var4,var5,var6
0.03731343283582089,0.08955223880597014,0.11940298507462686,0.21641791044776118,0.26119402985074625,0.27611940298507465
