var1,var2,var3,var4,var5,var6
0.08264462809917356,0.09917355371900827,0.11570247933884298,0.1487603305785124,0.17355371900826447,0.38016528925619836
