var1,var2,var3,var4,var5,var6
0.035897435897435895,0.06153846153846154,0.11282051282051282,0.20512820512820512,0.28717948717948716,0.29743589743589743
