var1,var2,var3,var4,var5,var6
0.06349206349206349,0.1111111111111111,0.1164021164021164,0.14814814814814814,0.24338624338624337,0.31746031746031744
