var1,var2,var3,var4,var5,var6
0.07456140350877193,0.10526315789473684,0.11403508771929824,0.16228070175438597,0.2412280701754386,0.3026315789473684
