var1,var2,var3,var4,var5,var6
0.07602339181286549,0.10526315789473684,0.14035087719298245,0.16374269005847952,0.23391812865497075,0.2807017543859649
