var1,var2,var3,var4,var5,var6
0.014218009478672985,0.08530805687203792,0.10426540284360189,0.13270142180094788,0.3127962085308057,0.35071090047393366
