var1,var2,var3,var4,var5,var6
0.022388059701492536,0.08208955223880597,0.09701492537313433,0.19402985074626866,0.23880597014925373,0.3656716417910448
