var1,var2,var3,var4,var5,var6
0.05917159763313609,0.07100591715976332,0.10059171597633136,0.14201183431952663,0.2603550295857988,0.3668639053254438
