var1,var2,var3,var4,var5,var6
0.08383233532934131,0.11976047904191617,0.1377245508982036,0.18562874251497005,0.19760479041916168,0.2754491017964072
