var1,var2,var3,var4,var5,var6
0.059113300492610835,0.08866995073891626,0.15270935960591134,0.1625615763546798,0.24630541871921183,0.29064039408866993
