var1,var2,var3,var4,var5,var6
0.04065040650406504,0.11382113821138211,0.17073170731707318,0.18699186991869918,0.21951219512195122,0.2682926829268293
