var1,var2,var3,var4,var5,var6
0.020618556701030927,0.07216494845360824,0.1134020618556701,0.15463917525773196,0.25773195876288657,0.38144329896907214
