var1,var2,var3,var4,var5,var6
0.03636363636363636,0.09696969696969697,0.15151515151515152,0.20606060606060606,0.23030303030303031,0.2787878787878788
