var1,var2,var3,var4,var5,var6
0.039735099337748346,0.11258278145695365,0.15894039735099338,0.2052980132450331,0.2251655629139073,0.2582781456953642
