var1,var2,var3,var4,var5,var6
0.0273224043715847,0.10382513661202186,0.14207650273224043,0.1912568306010929,0.20765027322404372,0.32786885245901637
