var1,var2,var3,var4,var5,var6
0.030456852791878174,0.09644670050761421,0.14720812182741116,0.18274111675126903,0.25888324873096447,0.28426395939086296
