var1,var2,var3,var4,var5,var6
0.07035175879396985,0.10050251256281408,0.1407035175879397,0.19095477386934673,0.22613065326633167,0.271356783919598
