var1,var2,var3,var4,var5,var6
0.012422360248447204,0.043478260869565216,0.17391304347826086,0.19875776397515527,0.2608695652173913,0.3105590062111801
