var1,var2,var3,var4,var5,var6
0.05228758169934641,0.09803921568627451,0.16993464052287582,0.1830065359477124,0.20915032679738563,0.2875816993464052
