var1,var2,var3,var4,var5,var6
0.06763285024154589,0.12560386473429952,0.14492753623188406,0.17391304347826086,0.19806763285024154,0.2898550724637681
