var1,var2,var3,var4,var5,var6
0.10606060606060606,0.12626262626262627,0.1414141414141414,0.17676767676767677,0.18686868686868688,0.26262626262626265
