var1,var2,var3,var4,var5,var6
0.06282722513089005,0.07853403141361257,0.11518324607329843,0.19895287958115182,0.2198952879581152,0.32460732984293195
