var1,var2,var3,var4,var5,var6
0.028985507246376812,0.07729468599033816,0.14492753623188406,0.1642512077294686,0.26570048309178745,0.3188405797101449
