var1,var2,var3,var4,var5,var6
0.021739130434782608,0.12318840579710146,0.13768115942028986,0.16666666666666666,0.2318840579710145,0.3188405797101449
