var1,var2,var3,var4,var5,var6
0.07329842931937172,0.08376963350785341,0.09424083769633508,0.13612565445026178,0.24607329842931938,0.36649214659685864
