var1,var2,var3,var4,var5,var6
0.07784431137724551,0.09580838323353294,0.1437125748502994,0.19161676646706588,0.2275449101796407,0.2634730538922156
