var1,var2,var3,var4,var5,var6
0.055944055944055944,0.06993006993006994,0.0979020979020979,0.1958041958041958,0.20279720279720279,0.3776223776223776
