var1,var2,var3,var4,var5,var6
0.08520179372197309,0.1210762331838565,0.14349775784753363,0.15695067264573992,0.2242152466367713,0.26905829596412556
