var1,var2,var3,var4,var5,var6
0.12558139534883722,0.13488372093023257,0.14418604651162792,0.1813953488372093,0.19534883720930232,0.2186046511627907
