var1,var2,var3,var4,var5,var6
0.028368794326241134,0.07801418439716312,0.1702127659574468,0.18439716312056736,0.24113475177304963,0.2978723404255319
