var1,var2,var3,var4,var5,var6
0.04932735426008968,0.08968609865470852,0.15695067264573992,0.20179372197309417,0.21524663677130046,0.28699551569506726
