var1,var2,var3,var4,var5,var6
0.033112582781456956,0.052980132450331126,0.13245033112582782,0.17218543046357615,0.1986754966887417,0.4105960264900662
