var1,var2,var3,var4,var5,var6
0.041379310344827586,0.08275862068965517,0.16551724137931034,0.2206896551724138,0.23448275862068965,0.25517241379310346
