var1,var2,var3,var4,var5,var6
0.01910828025477707,0.050955414012738856,0.10191082802547771,0.16560509554140126,0.24203821656050956,0.42038216560509556
