var1,var2,var3,var4,var5,var6
0.023255813953488372,0.08527131782945736,0.12403100775193798,0.20155038759689922,0.24806201550387597,0.3178294573643411
