var1,var2,var3,var4,var5,var6
0.09134615384615384,0.1201923076923077,0.13942307692307693,0.17307692307692307,0.22596153846153846,0.25
