var1,var2,var3,var4,var5,var6
0.05660377358490566,0.06918238993710692,0.1069182389937107,0.18238993710691823,0.27044025157232704,0.31446540880503143
