var1,var2,var3,var4,var5,var6
0.062111801242236024,0.13043478260869565,0.16770186335403728,0.17391304347826086,0.21739130434782608,0.2484472049689441
