var1,var2,var3,var4,var5,var6
0.013422818791946308,0.06040268456375839,0.1342281879194631,0.18791946308724833,0.2550335570469799,0.348993288590604
