var1,var2,var3,var4,var5,var6
0.05263157894736842,0.07655502392344497,0.1722488038277512,0.20095693779904306,0.23923444976076555,0.2583732057416268
