var1,var2,var3,var4,var5,var6
0.030534351145038167,0.1297709923664122,0.13740458015267176,0.1984732824427481,0.21374045801526717,0.2900763358778626
