var1,var2,var3,var4,var5,var6
0.03355704697986577,0.053691275167785234,0.12080536912751678,0.16778523489932887,0.18120805369127516,0.4429530201342282
