var1,var2,var3,var4,var5,var6
0.017699115044247787,0.061946902654867256,0.07079646017699115,0.1415929203539823,0.3008849557522124,0.40707964601769914
