var1,var2,var3,var4,var5,var6
0.043243243243243246,0.06486486486486487,0.11351351351351352,0.1837837837837838,0.2810810810810811,0.31351351351351353
