var1,var2,var3,var4,var5,var6
0.030303030303030304,0.1038961038961039,0.1774891774891775,0.19047619047619047,0.22943722943722944,0.2683982683982684
