var1,var2,var3,var4,var5,var6
0.041025641025641026,0.06666666666666667,0.17435897435897435,0.20512820512820512,0.22564102564102564,0.28717948717948716
