var1,var2,var3,var4,var5,var6
0.027586206896551724,0.06896551724137931,0.08275862068965517,0.2206896551724138,0.2413793103448276,0.3586206896551724
