var1,var2,var3,var4,var5,var6
0.04484304932735426,0.06278026905829596,0.08071748878923767,0.19282511210762332,0.2242152466367713,0.39461883408071746
