var1,var2,var3,var4,var5,var6
0.08823529411764706,0.11764705882352941,0.15441176470588236,0.19117647058823528,0.21323529411764705,0.23529411764705882
