var1,var2,var3,var4,var5,var6
0.06374501992031872,0.12749003984063745,0.14342629482071714,0.1952191235059761,0.23107569721115537,0.23904382470119523
