var1,var2,var3,var4,var5,var6
0.019801980198019802,0.039603960396039604,0.06930693069306931,0.13861386138613863,0.2376237623762376,0.49504950495049505
