var1,var2,var3,var4,var5,var6
0.04580152671755725,0.07633587786259542,0.16030534351145037,0.1984732824427481,0.21374045801526717,0.3053435114503817
