var1,var2,var3,var4,var5,var6
0.02459016393442623,0.040983606557377046,0.13114754098360656,0.23770491803278687,0.2459016393442623,0.319672131147541
