var1,var2,var3,var4,var5,var6
0.02027027027027027,0.0945945945945946,0.13513513513513514,0.22297297297297297,0.23648648648648649,0.2905405405405405
