var1,var2,var3,var4,var5,var6
0.05314009661835749,0.0966183574879227,0.12560386473429952,0.15458937198067632,0.24154589371980675,0.3285024154589372
