var1,var2,var3,var4,var5,var6
0.010810810810810811,0.07027027027027027,0.10810810810810811,0.23783783783783785,0.2594594594594595,0.31351351351351353
