var1,var2,var3,var4,var5,var6
0.042328042328042326,0.08465608465608465,0.17989417989417988,0.19576719576719576,0.24338624338624337,0.25396825396825395
