var1,var2,var3,var4,var5,var6
0.037209302325581395,0.09767441860465116,0.14883720930232558,0.21395348837209302,0.22325581395348837,0.27906976744186046
