var1,var2,var3,var4,var5,var6
0.042682926829268296,0.0975609756097561,0.10365853658536585,0.1524390243902439,0.2865853658536585,0.3170731707317073
