var1,var2,var3,var4,var5,var6
0.062111801242236024,0.14285714285714285,0.16149068322981366,0.17391304347826086,0.2111801242236025,0.2484472049689441
