var1,var2,var3,var4,var5,var6
0.04195804195804196,0.11188811188811189,0.14685314685314685,0.18181818181818182,0.2097902097902098,0.3076923076923077
