var1,var2,var3,var4,var5,var6
0.06956521739130435,0.12173913043478261,0.1391304347826087,0.1565217391304348,0.2,0.3130434782608696
