var1,var2,var3,var4,var5,var6
0.01680672268907563,0.03361344537815126,0.10084033613445378,0.15966386554621848,0.23529411764705882,0.453781512605042
