var1,var2,var3,var4,var5,var6
0.027586206896551724,0.06896551724137931,0.11724137931034483,0.13793103448275862,0.31724137931034485,0.3310344827586207
