var1,var2,var3,var4,var5,var6
0.06779661016949153,0.0847457627118644,0.13559322033898305,0.1694915254237288,0.24293785310734464,0.2994350282485876
