var1,var2,var3,var4,var5,var6
0.04201680672268908,0.05042016806722689,0.10084033613445378,0.20168067226890757,0.2689075630252101,0.33613445378151263
