var1,var2,var3,var4,var5,var6
0.0411522633744856,0.04938271604938271,0.1646090534979424,0.17695473251028807,0.2716049382716049,0.2962962962962963
