var1,var2,var3,var4,var5,var6
0.03418803418803419,0.05128205128205128,0.09401709401709402,0.17094017094017094,0.27350427350427353,0.37606837606837606
