var1,var2,var3,var4,var5,var6
0.020100502512562814,0.05527638190954774,0.10050251256281408,0.1306532663316583,0.31155778894472363,0.38190954773869346
