var1,var2,var3,var4,var5,var6
0.025,0.1,0.15,0.2,0.24166666666666667,0.2833333333333333
