var1,var2,var3,var4,var5,var6
0.056451612903225805,0.10080645161290322,0.13306451612903225,0.1532258064516129,0.1814516129032258,0.375
