var1,var2,var3,var4,var5,var6
0.05069124423963134,0.11981566820276497,0.14746543778801843,0.18433179723502305,0.23963133640552994,0.25806451612903225
