var1,var2,var3,var4,var5,var6
0.072992700729927,0.08029197080291971,0.11678832116788321,0.17518248175182483,0.20437956204379562,0.35036496350364965
