var1,var2,var3,var4,var5,var6
0.09216589861751152,0.1336405529953917,0.14746543778801843,0.16129032258064516,0.22119815668202766,0.24423963133640553
