var1,var2,var3,var4,var5,var6
0.05333333333333334,0.12,0.13333333333333333,0.19555555555555557,0.21333333333333335,0.28444444444444444
