var1,var2,var3,var4,var5,var6
0.026785714285714284,0.07142857142857142,0.13392857142857142,0.16964285714285715,0.1875,0.4107142857142857
