var1,var2,var3,var4,var5,var6
0.04225352112676056,0.07746478873239436,0.1056338028169014,0.2112676056338028,0.21830985915492956,0.34507042253521125
