var1,var2,var3,var4,var5,var6
0.023121387283236993,0.07514450867052024,0.08670520231213873,0.11560693641618497,0.2832369942196532,0.4161849710982659
