var1,var2,var3,var4,var5,var6
0.05555555555555555,0.10317460317460317,0.1111111111111111,0.1349206349206349,0.2777777777777778,0.31746031746031744
