var1,var2,var3,var4,var5,var6
0.018691588785046728,0.07476635514018691,0.08411214953271028,0.11214953271028037,0.2803738317757009,0.42990654205607476
