var1,var2,var3,var4,var5,var6
0.03669724770642202,0.07339449541284404,0.09174311926605505,0.13761467889908258,0.25688073394495414,0.4036697247706422
