var1,var2,var3,var4,var5,var6
0.02843601895734597,0.0995260663507109,0.17061611374407584,0.18009478672985782,0.21800947867298578,0.3033175355450237
