var1,var2,var3,var4,var5,var6
0.04195804195804196,0.1048951048951049,0.11888111888111888,0.17482517482517482,0.1958041958041958,0.36363636363636365
