var1,var2,var3,var4,var5,var6
0.0446927374301676,0.055865921787709494,0.0782122905027933,0.18435754189944134,0.2346368715083799,0.4022346368715084
