var1,var2,var3,var4,var5,var6
0.0625,0.10416666666666667,0.125,0.14583333333333334,0.2569444444444444,0.3055555555555556
