var1,var2,var3,var4,var5,var6
0.009216589861751152,0.12903225806451613,0.15668202764976957,0.2119815668202765,0.22580645161290322,0.2672811059907834
