var1,var2,var3,var4,var5,var6
0.018633540372670808,0.062111801242236024,0.09316770186335403,0.21739130434782608,0.2236024844720497,0.38509316770186336
