var1,var2,var3,var4,var5,var6
0.05,0.10625,0.13125,0.19375,0.225,0.29375
