var1,var2,var3,var4,var5,var6
0.05194805194805195,0.09740259740259741,0.12337662337662338,0.16233766233766234,0.2662337662337662,0.2987012987012987
