var1,var2,var3,var4,var5,var6
0.04201680672268908,0.058823529411764705,0.06722689075630252,0.11764705882352941,0.25210084033613445,0.46218487394957986
