var1,var2,var3,var4,var5,var6
0.02142857142857143,0.04285714285714286,0.12142857142857143,0.17857142857142858,0.2642857142857143,0.37142857142857144
