var1,var2,var3,var4,var5,var6
0.10270270270270271,0.12432432432432433,0.13513513513513514,0.1783783783783784,0.1945945945945946,0.2648648648648649
