var1,var2,var3,var4,var5,var6
0.035175879396984924,0.08542713567839195,0.1457286432160804,0.19095477386934673,0.22110552763819097,0.32160804020100503
