var1,var2,var3,var4,var5,var6
0.04020100502512563,0.06532663316582915,0.16080402010050251,0.18090452261306533,0.24120603015075376,0.31155778894472363
