var1,var2,var3,var4,var5,var6
0.034482758620689655,0.03940886699507389,0.17733990147783252,0.2019704433497537,0.24630541871921183,0.30049261083743845
