var1,var2,var3,var4,var5,var6
0.06451612903225806,0.1032258064516129,0.11612903225806452,0.12903225806451613,0.25161290322580643,0.33548387096774196
