var1,var2,var3,var4,var5,var6
0.03482587064676617,0.08955223880597014,0.10945273631840796,0.12935323383084577,0.27860696517412936,0.3582089552238806
