var1,var2,var3,var4,var5,var6
0.03626943005181347,0.05699481865284974,0.10362694300518134,0.18652849740932642,0.26424870466321243,0.35233160621761656
