var1,var2,var3,var4,var5,var6
0.052980132450331126,0.08609271523178808,0.11920529801324503,0.2185430463576159,0.2251655629139073,0.2980132450331126
