var1,var2,var3,var4,var5,var6
0.00904977375565611,0.07239819004524888,0.11312217194570136,0.14479638009049775,0.3167420814479638,0.3438914027149321
