var1,var2,var3,var4,var5,var6
0.04878048780487805,0.056910569105691054,0.13008130081300814,0.21138211382113822,0.24390243902439024,0.3089430894308943
