var1,var2,var3,var4,var5,var6
0.02181818181818182,0.10181818181818182,0.15636363636363637,0.21818181818181817,0.23272727272727273,0.2690909090909091
