var1,var2,var3,var4,var5,var6
0.10612244897959183,0.12653061224489795,0.17142857142857143,0.1836734693877551,0.18775510204081633,0.22448979591836735
