var1,var2,var3,var4,var5,var6
0.04411764705882353,0.08088235294117647,0.11029411764705882,0.18382352941176472,0.27941176470588236,0.3014705882352941
