var1,var2,var3,var4,var5,var6
0.037267080745341616,0.049689440993788817,0.16770186335403728,0.19254658385093168,0.2670807453416149,0.2857142857142857
