var1,var2,var3,var4,var5,var6
0.03048780487804878,0.042682926829268296,0.10365853658536585,0.1524390243902439,0.2926829268292683,0.3780487804878049
