var1,var2,var3,var4,var5,var6
0.029197080291970802,0.10948905109489052,0.145985401459854,0.16058394160583941,0.23357664233576642,0.32116788321167883
