var1,var2,var3,var4,var5,var6
0.008733624454148471,0.08296943231441048,0.1222707423580786,0.2183406113537118,0.27074235807860264,0.29694323144104806
