var1,var2,var3,var4,var5,var6
0.027932960893854747,0.0893854748603352,0.1787709497206704,0.2011173184357542,0.22346368715083798,0.27932960893854747
