var1,var2,var3,var4,var5,var6
0.031446540880503145,0.07547169811320754,0.10062893081761007,0.18867924528301888,0.27672955974842767,0.3270440251572327
