var1,var2,var3,var4,var5,var6
0.08092485549132948,0.1329479768786127,0.17341040462427745,0.18497109826589594,0.19653179190751446,0.23121387283236994
