var1,var2,var3,var4,var5,var6
0.01951219512195122,0.02926829268292683,0.1073170731707317,0.2048780487804878,0.25853658536585367,0.3804878048780488
