var1,var2,var3,var4,var5,var6
0.02127659574468085,0.05673758865248227,0.07092198581560284,0.2198581560283688,0.24822695035460993,0.3829787234042553
