var1,var2,var3,var4,var5,var6
0.10179640718562874,0.11377245508982035,0.1497005988023952,0.16766467065868262,0.2215568862275449,0.24550898203592814
