var1,var2,var3,var4,var5,var6
0.026845637583892617,0.10738255033557047,0.15436241610738255,0.18791946308724833,0.24161073825503357,0.28187919463087246
