var1,var2,var3,var4,var5,var6
0.017937219730941704,0.04932735426008968,0.10762331838565023,0.2062780269058296,0.27802690582959644,0.34080717488789236
