var1,var2,var3,var4,var5,var6
0.07792207792207792,0.10822510822510822,0.12987012987012986,0.19913419913419914,0.22510822510822512,0.2597402597402597
