var1,var2,var3,var4,var5,var6
0.06030150753768844,0.1457286432160804,0.16080402010050251,0.17587939698492464,0.21608040201005024,0.24120603015075376
