var1,var2,var3,var4,var5,var6
0.019801980198019802,0.039603960396039604,0.15841584158415842,0.18811881188118812,0.25742574257425743,0.33663366336633666
