var1,var2,var3,var4,var5,var6
0.011834319526627219,0.03550295857988166,0.09467455621301775,0.21301775147928995,0.26627218934911245,0.378698224852071
