var1,var2,var3,var4,var5,var6
0.020942408376963352,0.10471204188481675,0.13089005235602094,0.19895287958115182,0.2513089005235602,0.2931937172774869
