var1,var2,var3,var4,var5,var6
0.058823529411764705,0.06535947712418301,0.0718954248366013,0.10457516339869281,0.30718954248366015,0.39215686274509803
