var1,var2,var3,var4,var5,var6
0.054187192118226604,0.06896551724137931,0.16748768472906403,0.20689655172413793,0.24630541871921183,0.2561576354679803
