var1,var2,var3,var4,var5,var6
0.058823529411764705,0.08496732026143791,0.16339869281045752,0.19607843137254902,0.22875816993464052,0.2679738562091503
