var1,var2,var3,var4,var5,var6
0.029585798816568046,0.1301775147928994,0.16568047337278108,0.20118343195266272,0.21301775147928995,0.2603550295857988
