var1,var2,var3,var4,var5,var6
0.11538461538461539,0.14102564102564102,0.14743589743589744,0.1794871794871795,0.1987179487179487,0.21794871794871795
