var1,var2,var3,var4,var5,var6
0.07531380753138076,0.1087866108786611,0.14225941422594143,0.17154811715481172,0.200836820083682,0.301255230125523
