var1,var2,var3,var4,var5,var6
0.04678362573099415,0.1111111111111111,0.1286549707602339,0.18128654970760233,0.2046783625730994,0.32748538011695905
