var1,var2,var3,var4,var5,var6
0.023668639053254437,0.05917159763313609,0.1301775147928994,0.1952662721893491,0.23668639053254437,0.35502958579881655
