var1,var2,var3,var4,var5,var6
0.057692307692307696,0.08333333333333333,0.16666666666666666,0.1858974358974359,0.20512820512820512,0.30128205128205127
