var1,var2,var3,var4,var5,var6
0.07818930041152264,0.09876543209876543,0.1646090534979424,0.205761316872428,0.2139917695473251,0.23868312757201646
