var1,var2,var3,var4,var5,var6
0.055944055944055944,0.0979020979020979,0.11188811188811189,0.18181818181818182,0.23076923076923078,0.32167832167832167
