var1,var2,var3,var4,var5,var6
0.06276150627615062,0.08786610878661087,0.14225941422594143,0.16317991631799164,0.24686192468619247,0.29707112970711297
