var1,var2,var3,var4,var5,var6
0.02459016393442623,0.04918032786885246,0.18032786885245902,0.21311475409836064,0.22131147540983606,0.3114754098360656
