var1,var2,var3,var4,var5,var6
0.06310679611650485,0.09223300970873786,0.13592233009708737,0.16990291262135923,0.25728155339805825,0.2815533980582524
