var1,var2,var3,var4,var5,var6
0.021739130434782608,0.07971014492753623,0.11594202898550725,0.2028985507246377,0.26811594202898553,0.3115942028985507
