var1,var2,var3,var4,var5,var6
0.07643312101910828,0.12738853503184713,0.14012738853503184,0.17834394904458598,0.19745222929936307,0.2802547770700637
