var1,var2,var3,var4,var5,var6
0.08,0.11428571428571428,0.12571428571428572,0.13714285714285715,0.2342857142857143,0.30857142857142855
