var1,var2,var3,var4,var5,var6
0.05325443786982249,0.07100591715976332,0.10650887573964497,0.15384615384615385,0.23668639053254437,0.378698224852071
