var1,var2,var3,var4,var5,var6
0.07567567567567568,0.10270270270270271,0.12972972972972974,0.14054054054054055,0.22702702702702704,0.32432432432432434
