var1,var2,var3,var4,var5,var6
0.027210884353741496,0.06802721088435375,0.10204081632653061,0.1836734693877551,0.29931972789115646,0.3197278911564626
