var1,var2,var3,var4,var5,var6
0.09826589595375723,0.10982658959537572,0.15028901734104047,0.1676300578034682,0.18497109826589594,0.28901734104046245
