var1,var2,var3,var4,var5,var6
0.031007751937984496,0.046511627906976744,0.10852713178294573,0.14728682170542637,0.21705426356589147,0.4496124031007752
