var1,var2,var3,var4,var5,var6
0.0425531914893617,0.06382978723404255,0.0851063829787234,0.14184397163120568,0.2553191489361702,0.41134751773049644
