var1,var2,var3,var4,var5,var6
0.04516129032258064,0.1032258064516129,0.17419354838709677,0.1935483870967742,0.22580645161290322,0.25806451612903225
