var1,var2,var3,var4,var5,var6
0.02666666666666667,0.08888888888888889,0.12444444444444444,0.1688888888888889,0.26222222222222225,0.3288888888888889
