var1,var2,var3,var4,var5,var6
0.02185792349726776,0.06557377049180328,0.1092896174863388,0.14207650273224043,0.3005464480874317,0.36065573770491804
