var1,var2,var3,var4,var5,var6
0.03314917127071823,0.08287292817679558,0.13259668508287292,0.17679558011049723,0.2541436464088398,0.32044198895027626
