var1,var2,var3,var4,var5,var6
0.05925925925925926,0.11851851851851852,0.17037037037037037,0.18518518518518517,0.21481481481481482,0.2518518518518518
