var1,var2,var3,var4,var5,var6
0.04081632653061224,0.10884353741496598,0.1360544217687075,0.1564625850340136,0.21768707482993196,0.3401360544217687
