var1,var2,var3,var4,var5,var6
0.08791208791208792,0.11721611721611722,0.1391941391941392,0.1978021978021978,0.21611721611721613,0.24175824175824176
