var1,var2,var3,var4,var5,var6
0.05917159763313609,0.07100591715976332,0.10650887573964497,0.1893491124260355,0.24260355029585798,0.33136094674556216
