var1,var2,var3,var4,var5,var6
0.05555555555555555,0.08585858585858586,0.12626262626262627,0.18686868686868688,0.19696969696969696,0.3484848484848485
