var1,var2,var3,var4,var5,var6
0.09852216748768473,0.11822660098522167,0.1330049261083744,0.19704433497536947,0.20689655172413793,0.24630541871921183
