var1,var2,var3,var4,var5,var6
0.031055900621118012,0.10559006211180125,0.13043478260869565,0.19254658385093168,0.22981366459627328,0.3105590062111801
