var1,var2,var3,var4,var5,var6
0.02112676056338028,0.04225352112676056,0.1056338028169014,0.13380281690140844,0.30985915492957744,0.3873239436619718
