var1,var2,var3,var4,var5,var6
0.024793388429752067,0.0743801652892562,0.09090909090909091,0.2066115702479339,0.2396694214876033,0.36363636363636365
