var1,var2,var3,var4,var5,var6
0.03636363636363636,0.048484848484848485,0.14545454545454545,0.16363636363636364,0.26666666666666666,0.3393939393939394
