var1,var2,var3,var4,var5,var6
0.020689655172413793,0.05517241379310345,0.10344827586206896,0.1724137931034483,0.30344827586206896,0.3448275862068966
