var1,var2,var3,var4,var5,var6
0.037037037037037035,0.05185185185185185,0.1037037037037037,0.2222222222222222,0.2814814814814815,0.3037037037037037
