var1,var2,var3,var4,var5,var6
0.08205128205128205,0.13846153846153847,0.15384615384615385,0.1641025641025641,0.20512820512820512,0.2564102564102564
