var1,var2,var3,var4,var5,var6
0.03619909502262444,0.06334841628959276,0.1583710407239819,0.17194570135746606,0.26244343891402716,0.3076923076923077
