var1,var2,var3,var4,var5,var6
0.03278688524590164,0.07650273224043716,0.09289617486338798,0.13114754098360656,0.32786885245901637,0.33879781420765026
