var1,var2,var3,var4,var5,var6
0.03597122302158273,0.10071942446043165,0.11510791366906475,0.17266187050359713,0.2446043165467626,0.33093525179856115
