var1,var2,var3,var4,var5,var6
0.09223300970873786,0.13106796116504854,0.15048543689320387,0.1941747572815534,0.20388349514563106,0.22815533980582525
