var1,var2,var3,var4,var5,var6
0.07086614173228346,0.09448818897637795,0.10236220472440945,0.11811023622047244,0.15748031496062992,0.4566929133858268
