var1,var2,var3,var4,var5,var6
0.03888888888888889,0.05555555555555555,0.12222222222222222,0.19444444444444445,0.22777777777777777,0.3611111111111111
