var1,var2,var3,var4,var5,var6
0.05235602094240838,0.06282722513089005,0.08900523560209424,0.15706806282722513,0.2513089005235602,0.387434554973822
