var1,var2,var3,var4,var5,var6
0.05660377358490566,0.08176100628930817,0.16352201257861634,0.1949685534591195,0.2138364779874214,0.2893081761006289
