var1,var2,var3,var4,var5,var6
0.03550295857988166,0.08875739644970414,0.09467455621301775,0.20118343195266272,0.21301775147928995,0.3668639053254438
