var1,var2,var3,var4,var5,var6
0.06629834254143646,0.143646408839779,0.15469613259668508,0.17679558011049723,0.18232044198895028,0.27624309392265195
