var1,var2,var3,var4,var5,var6
0.043478260869565216,0.05217391304347826,0.06956521739130435,0.17391304347826086,0.3130434782608696,0.34782608695652173
