var1,var2,var3,var4,var5,var6
0.02857142857142857,0.04,0.09714285714285714,0.22285714285714286,0.24571428571428572,0.3657142857142857
