var1,var2,var3,var4,var5,var6
0.06222222222222222,0.07111111111111111,0.12444444444444444,0.16444444444444445,0.27555555555555555,0.3022222222222222
