var1,var2,var3,var4,var5,var6
0.05851063829787234,0.10106382978723404,0.1276595744680851,0.15425531914893617,0.19148936170212766,0.3670212765957447
