var1,var2,var3,var4,var5,var6
0.01680672268907563,0.03361344537815126,0.10084033613445378,0.20168067226890757,0.2605042016806723,0.3865546218487395
