var1,var2,var3,var4,var5,var6
0.03680981595092025,0.06134969325153374,0.0736196319018405,0.17791411042944785,0.24539877300613497,0.4049079754601227
