var1,var2,var3,var4,var5,var6
0.030042918454935622,0.10300429184549356,0.1630901287553648,0.1888412017167382,0.2317596566523605,0.2832618025751073
