var1,var2,var3,var4,var5,var6
0.02643171806167401,0.05286343612334802,0.06167400881057269,0.2290748898678414,0.2422907488986784,0.3876651982378855
