var1,var2,var3,var4,var5,var6
0.03529411764705882,0.07058823529411765,0.12941176470588237,0.1411764705882353,0.15294117647058825,0.47058823529411764
