var1,var2,var3,var4,var5,var6
0.03787878787878788,0.045454545454545456,0.06060606060606061,0.20454545454545456,0.2803030303030303,0.3712121212121212
