var1,var2,var3,var4,var5,var6
0.009900990099009901,0.11386138613861387,0.16336633663366337,0.18316831683168316,0.24752475247524752,0.28217821782178215
