var1,var2,var3,var4,var5,var6
0.027472527472527472,0.07692307692307693,0.09340659340659341,0.13736263736263737,0.3131868131868132,0.3516483516483517
