var1,var2,var3,var4,var5,var6
0.051470588235294115,0.0661764705882353,0.10294117647058823,0.17647058823529413,0.2867647058823529,0.3161764705882353
