var1,var2,var3,var4,var5,var6
0.10328638497652583,0.12206572769953052,0.14084507042253522,0.19248826291079812,0.20657276995305165,0.2347417840375587
