var1,var2,var3,var4,var5,var6
0.02097902097902098,0.04195804195804196,0.17482517482517482,0.20279720279720279,0.23076923076923078,0.32867132867132864
