var1,var2,var3,var4,var5,var6
0.0297029702970297,0.039603960396039604,0.10891089108910891,0.12871287128712872,0.18811881188118812,0.504950495049505
