var1,var2,var3,var4,var5,var6
0.05429864253393665,0.09049773755656108,0.09502262443438914,0.21266968325791855,0.2579185520361991,0.2895927601809955
