var1,var2,var3,var4,var5,var6
0.022727272727272728,0.09848484848484848,0.11363636363636363,0.17424242424242425,0.24242424242424243,0.3484848484848485
