var1,var2,var3,var4,var5,var6
0.044642857142857144,0.05357142857142857,0.08928571428571429,0.17857142857142858,0.30357142857142855,0.33035714285714285
