var1,var2,var3,var4,var5,var6
0.0975609756097561,0.12682926829268293,0.14146341463414633,0.17560975609756097,0.1951219512195122,0.2634146341463415
