var1,var2,var3,var4,var5,var6
0.05128205128205128,0.06153846153846154,0.13846153846153847,0.17435897435897435,0.24615384615384617,0.3282051282051282
