var1,var2,var3,var4,var5,var6
0.050314465408805034,0.0880503144654088,0.11949685534591195,0.20125786163522014,0.2641509433962264,0.27672955974842767
