var1,var2,var3,var4,var5,var6
0.052941176470588235,0.06470588235294118,0.09411764705882353,0.2,0.27647058823529413,0.31176470588235294
