var1,var2,var3,var4,var5,var6
0.04975124378109453,0.09950248756218906,0.12437810945273632,0.21393034825870647,0.23383084577114427,0.27860696517412936
