var1,var2,var3,var4,var5,var6
0.0379746835443038,0.10759493670886076,0.18354430379746836,0.1962025316455696,0.22784810126582278,0.2468354430379747
