var1,var2,var3,var4,var5,var6
0.08040201005025126,0.12060301507537688,0.12562814070351758,0.1407035175879397,0.23115577889447236,0.3015075376884422
