var1,var2,var3,var4,var5,var6
0.0873015873015873,0.09523809523809523,0.1349206349206349,0.15079365079365079,0.20634920634920634,0.3253968253968254
