var1,var2,var3,var4,var5,var6
0.05228758169934641,0.08496732026143791,0.1437908496732026,0.1568627450980392,0.2222222222222222,0.33986928104575165
