var1,var2,var3,var4,var5,var6
0.034722222222222224,0.08333333333333333,0.13194444444444445,0.1597222222222222,0.2013888888888889,0.3888888888888889
