var1,var2,var3,var4,var5,var6
0.056074766355140186,0.08411214953271028,0.12149532710280374,0.1588785046728972,0.2336448598130841,0.34579439252336447
