var1,var2,var3,var4,var5,var6
0.05806451612903226,0.11612903225806452,0.13548387096774195,0.16129032258064516,0.1870967741935484,0.3419354838709677
