var1,var2,var3,var4,var5,var6
0.04411764705882353,0.11029411764705882,0.125,0.1323529411764706,0.18382352941176472,0.40441176470588236
