var1,var2,var3,var4,var5,var6
0.05309734513274336,0.07079646017699115,0.09734513274336283,0.10619469026548672,0.26548672566371684,0.40707964601769914
