var1,var2,var3,var4,var5,var6
0.0136986301369863,0.1095890410958904,0.1461187214611872,0.182648401826484,0.2465753424657534,0.3013698630136986
