var1,var2,var3,var4,var5,var6
0.04419889502762431,0.06629834254143646,0.16574585635359115,0.19337016574585636,0.22099447513812154,0.30939226519337015
