var1,var2,var3,var4,var5,var6
0.08968609865470852,0.11659192825112108,0.17040358744394618,0.18385650224215247,0.21524663677130046,0.2242152466367713
