var1,var2,var3,var4,var5,var6
0.06451612903225806,0.07834101382488479,0.11059907834101383,0.11981566820276497,0.2995391705069124,0.3271889400921659
