var1,var2,var3,var4,var5,var6
0.014634146341463415,0.12682926829268293,0.16585365853658537,0.2048780487804878,0.2146341463414634,0.2731707317073171
