var1,var2,var3,var4,var5,var6
0.08609271523178808,0.11258278145695365,0.12582781456953643,0.17880794701986755,0.2251655629139073,0.271523178807947
