var1,var2,var3,var4,var5,var6
0.056074766355140186,0.07476635514018691,0.09345794392523364,0.1588785046728972,0.205607476635514,0.411214953271028
