var1,var2,var3,var4,var5,var6
0.015384615384615385,0.06153846153846154,0.1076923076923077,0.15897435897435896,0.3076923076923077,0.3487179487179487
