var1,var2,var3,var4,var5,var6
0.02830188679245283,0.05660377358490566,0.10377358490566038,0.14150943396226415,0.1792452830188679,0.49056603773584906
