var1,var2,var3,var4,var5,var6
0.026490066225165563,0.0728476821192053,0.08609271523178808,0.11920529801324503,0.2847682119205298,0.4105960264900662
