var1,var2,var3,var4,var5,var6
0.07650273224043716,0.09289617486338798,0.13114754098360656,0.16393442622950818,0.26229508196721313,0.273224043715847
