var1,var2,var3,var4,var5,var6
0.02824858757062147,0.03954802259887006,0.14689265536723164,0.2033898305084746,0.22598870056497175,0.3559322033898305
