var1,var2,var3,var4,var5,var6
0.022099447513812154,0.1270718232044199,0.16574585635359115,0.19889502762430938,0.20994475138121546,0.27624309392265195
