var1,var2,var3,var4,var5,var6
0.0755813953488372,0.11627906976744186,0.1686046511627907,0.18604651162790697,0.20348837209302326,0.25
