var1,var2,var3,var4,var5,var6
0.03636363636363636,0.09696969696969697,0.11515151515151516,0.18181818181818182,0.20606060606060606,0.36363636363636365
