var1,var2,var3,var4,var5,var6
0.024539877300613498,0.09815950920245399,0.17177914110429449,0.17791411042944785,0.2085889570552147,0.31901840490797545
