var1,var2,var3,var4,var5,var6
0.04878048780487805,0.06504065040650407,0.16260162601626016,0.17073170731707318,0.2601626016260163,0.2926829268292683
