var1,var2,var3,var4,var5,var6
0.017341040462427744,0.08092485549132948,0.10404624277456648,0.12716763005780346,0.30057803468208094,0.3699421965317919
