var1,var2,var3,var4,var5,var6
0.049586776859504134,0.06611570247933884,0.08264462809917356,0.15702479338842976,0.23140495867768596,0.4132231404958678
