var1,var2,var3,var4,var5,var6
0.04487179487179487,0.057692307692307696,0.1346153846153846,0.20512820512820512,0.22435897435897437,0.3333333333333333
