var1,var2,var3,var4,var5,var6
0.05454545454545454,0.13636363636363635,0.15454545454545454,0.17272727272727273,0.21818181818181817,0.2636363636363636
