var1,var2,var3,var4,var5,var6
0.02857142857142857,0.05714285714285714,0.12571428571428572,0.2057142857142857,0.24,0.34285714285714286
