var1,var2,var3,var4,var5,var6
0.04784688995215311,0.11483253588516747,0.14832535885167464,0.1722488038277512,0.21052631578947367,0.3062200956937799
