var1,var2,var3,var4,var5,var6
0.07857142857142857,0.1357142857142857,0.14285714285714285,0.19285714285714287,0.20714285714285716,0.24285714285714285
