var1,var2,var3,var4,var5,var6
0.06857142857142857,0.08,0.12,0.16,0.2742857142857143,0.29714285714285715
