var1,var2,var3,var4,var5,var6
0.020618556701030927,0.041237113402061855,0.08247422680412371,0.2268041237113402,0.23711340206185566,0.3917525773195876
