var1,var2,var3,var4,var5,var6
0.08484848484848485,0.13333333333333333,0.1393939393939394,0.1696969696969697,0.23030303030303031,0.24242424242424243
