var1,var2,var3,var4,var5,var6
0.04524886877828054,0.07692307692307693,0.09954751131221719,0.19004524886877827,0.26244343891402716,0.3257918552036199
