var1,var2,var3,var4,var5,var6
0.019801980198019802,0.039603960396039604,0.1188118811881188,0.1485148514851485,0.2376237623762376,0.43564356435643564
