var1,var2,var3,var4,var5,var6
0.03067484662576687,0.06134969325153374,0.0736196319018405,0.2085889570552147,0.25766871165644173,0.36809815950920244
