var1,var2,var3,var4,var5,var6
0.013745704467353952,0.07560137457044673,0.15807560137457044,0.1958762886597938,0.26804123711340205,0.28865979381443296
