var1,var2,var3,var4,var5,var6
0.0625,0.125,0.14285714285714285,0.16071428571428573,0.25,0.25892857142857145
