var1,var2,var3,var4,var5,var6
0.045714285714285714,0.05714285714285714,0.13142857142857142,0.17142857142857143,0.2857142857142857,0.30857142857142855
