var1,var2,var3,var4,var5,var6
0.09326424870466321,0.10880829015544041,0.12435233160621761,0.15025906735751296,0.23834196891191708,0.2849740932642487
