var1,var2,var3,var4,var5,var6
0.017142857142857144,0.06857142857142857,0.14857142857142858,0.19428571428571428,0.24,0.3314285714285714
