var1,var2,var3,var4,var5,var6
0.06557377049180328,0.1092896174863388,0.14207650273224043,0.15846994535519127,0.16393442622950818,0.36065573770491804
