var1,var2,var3,var4,var5,var6
0.02459016393442623,0.09836065573770492,0.11475409836065574,0.14754098360655737,0.18032786885245902,0.4344262295081967
