var1,var2,var3,var4,var5,var6
0.02666666666666667,0.05333333333333334,0.14222222222222222,0.15555555555555556,0.27555555555555555,0.3466666666666667
