var1,var2,var3,var4,var5,var6
0.01092896174863388,0.09836065573770492,0.12021857923497267,0.17486338797814208,0.2786885245901639,0.31693989071038253
