var1,var2,var3,var4,var5,var6
0.03550295857988166,0.047337278106508875,0.11242603550295859,0.16568047337278108,0.28402366863905326,0.35502958579881655
