var1,var2,var3,var4,var5,var6
0.035211267605633804,0.056338028169014086,0.11267605633802817,0.176056338028169,0.3028169014084507,0.31690140845070425
