var1,var2,var3,var4,var5,var6
0.013071895424836602,0.0457516339869281,0.1568627450980392,0.20915032679738563,0.23529411764705882,0.33986928104575165
