var1,var2,var3,var4,var5,var6
0.04020100502512563,0.09045226130653267,0.11055276381909548,0.19597989949748743,0.21105527638190955,0.35175879396984927
