var1,var2,var3,var4,var5,var6
0.03225806451612903,0.06451612903225806,0.12903225806451613,0.20430107526881722,0.25806451612903225,0.3118279569892473
