var1,var2,var3,var4,var5,var6
0.07450980392156863,0.10196078431372549,0.13725490196078433,0.19215686274509805,0.23529411764705882,0.25882352941176473
