var1,var2,var3,var4,var5,var6
0.04918032786885246,0.07103825136612021,0.1092896174863388,0.20765027322404372,0.24043715846994534,0.3224043715846995
