var1,var2,var3,var4,var5,var6
0.02459016393442623,0.04918032786885246,0.09016393442622951,0.13114754098360656,0.30327868852459017,0.4016393442622951
