var1,var2,var3,var4,var5,var6
0.025157232704402517,0.11320754716981132,0.12578616352201258,0.18867924528301888,0.25157232704402516,0.29559748427672955
