var1,var2,var3,var4,var5,var6
0.046511627906976744,0.06201550387596899,0.11627906976744186,0.18604651162790697,0.27906976744186046,0.31007751937984496
