var1,var2,var3,var4,var5,var6
0.0949367088607595,0.12025316455696203,0.13291139240506328,0.14556962025316456,0.1962025316455696,0.310126582278481
