var1,var2,var3,var4,var5,var6
0.07614213197969544,0.14213197969543148,0.16243654822335024,0.18274111675126903,0.19289340101522842,0.2436548223350254
