var1,var2,var3,var4,var5,var6
0.05649717514124294,0.1016949152542373,0.1638418079096045,0.1864406779661017,0.23728813559322035,0.2542372881355932
