var1,var2,var3,var4,var5,var6
0.045454545454545456,0.06060606060606061,0.14393939393939395,0.16666666666666666,0.23484848484848486,0.3484848484848485
