var1,var2,var3,var4,var5,var6
0.04065040650406504,0.0975609756097561,0.10569105691056911,0.15447154471544716,0.23577235772357724,0.36585365853658536
