var1,var2,var3,var4,var5,var6
0.04697986577181208,0.06711409395973154,0.12751677852348994,0.1610738255033557,0.2953020134228188,0.30201342281879195
