var1,var2,var3,var4,var5,var6
0.03225806451612903,0.11290322580645161,0.12903225806451613,0.16666666666666666,0.1774193548387097,0.3817204301075269
