var1,var2,var3,var4,var5,var6
0.0176678445229682,0.13074204946996468,0.15547703180212014,0.1978798586572438,0.22614840989399293,0.27208480565371024
