var1,var2,var3,var4,var5,var6
0.032388663967611336,0.05668016194331984,0.1214574898785425,0.13360323886639677,0.3076923076923077,0.3481781376518219
