var1,var2,var3,var4,var5,var6
0.08759124087591241,0.11678832116788321,0.16058394160583941,0.18248175182481752,0.21897810218978103,0.23357664233576642
