var1,var2,var3,var4,var5,var6
0.018518518518518517,0.06172839506172839,0.1419753086419753,0.17901234567901234,0.25308641975308643,0.345679012345679
