var1,var2,var3,var4,var5,var6
0.06622516556291391,0.13245033112582782,0.15894039735099338,0.18543046357615894,0.2185430463576159,0.23841059602649006
