var1,var2,var3,var4,var5,var6
0.07547169811320754,0.10062893081761007,0.1069182389937107,0.12578616352201258,0.2641509433962264,0.3270440251572327
