var1,var2,var3,var4,var5,var6
0.03827751196172249,0.09090909090909091,0.10526315789473684,0.1722488038277512,0.22009569377990432,0.37320574162679426
