var1,var2,var3,var4,var5,var6
0.05555555555555555,0.07142857142857142,0.1111111111111111,0.1984126984126984,0.2777777777777778,0.2857142857142857
