var1,var2,var3,var4,var5,var6
0.03821656050955414,0.050955414012738856,0.17197452229299362,0.1910828025477707,0.21656050955414013,0.33121019108280253
