var1,var2,var3,var4,var5,var6
0.05755395683453238,0.06474820143884892,0.10071942446043165,0.2446043165467626,0.2589928057553957,0.2733812949640288
