var1,var2,var3,var4,var5,var6
0.06965174129353234,0.07960199004975124,0.12437810945273632,0.15920398009950248,0.26865671641791045,0.29850746268656714
