var1,var2,var3,var4,var5,var6
0.0213903743315508,0.058823529411764705,0.13903743315508021,0.18181818181818182,0.24598930481283424,0.35294117647058826
