var1,var2,var3,var4,var5,var6
0.019801980198019802,0.09900990099009901,0.13861386138613863,0.16831683168316833,0.19801980198019803,0.37623762376237624
