var1,var2,var3,var4,var5,var6
0.057291666666666664,0.08854166666666667,0.10416666666666667,0.15104166666666666,0.28125,0.3177083333333333
