var1,var2,var3,var4,var5,var6
0.026595744680851064,0.03723404255319149,0.11170212765957446,0.2127659574468085,0.2712765957446808,0.3404255319148936
