var1,var2,var3,var4,var5,var6
0.06030150753768844,0.1457286432160804,0.1507537688442211,0.17587939698492464,0.18592964824120603,0.2814070351758794
