var1,var2,var3,var4,var5,var6
0.022556390977443608,0.11278195488721804,0.12781954887218044,0.15789473684210525,0.18796992481203006,0.39097744360902253
