var1,var2,var3,var4,var5,var6
0.013245033112582781,0.09933774834437085,0.16556291390728478,0.18543046357615894,0.24503311258278146,0.2913907284768212
