var1,var2,var3,var4,var5,var6
0.022099447513812154,0.03314917127071823,0.07734806629834254,0.22099447513812154,0.281767955801105,0.36464088397790057
