var1,var2,var3,var4,var5,var6
0.012121212121212121,0.06060606060606061,0.10909090909090909,0.13333333333333333,0.3212121212121212,0.36363636363636365
