var1,var2,var3,var4,var5,var6
0.06763285024154589,0.14492753623188406,0.15458937198067632,0.17391304347826086,0.18840579710144928,0.27053140096618356
