var1,var2,var3,var4,var5,var6
0.011834319526627219,0.07100591715976332,0.15384615384615385,0.20710059171597633,0.2603550295857988,0.2958579881656805
