var1,var2,var3,var4,var5,var6
0.040983606557377046,0.09016393442622951,0.13934426229508196,0.19672131147540983,0.2540983606557377,0.2786885245901639
