var1,var2,var3,var4,var5,var6
0.029585798816568046,0.08284023668639054,0.1301775147928994,0.15384615384615385,0.17751479289940827,0.4260355029585799
