var1,var2,var3,var4,var5,var6
0.020689655172413793,0.027586206896551724,0.12413793103448276,0.19310344827586207,0.2620689655172414,0.3724137931034483
