var1,var2,var3,var4,var5,var6
0.04195804195804196,0.11188811188811189,0.16783216783216784,0.18181818181818182,0.23076923076923078,0.26573426573426573
