var1,var2,var3,var4,var5,var6
0.02027027027027027,0.10810810810810811,0.13513513513513514,0.16891891891891891,0.25,0.31756756756756754
