var1,var2,var3,var4,var5,var6
0.015267175572519083,0.13740458015267176,0.16793893129770993,0.1984732824427481,0.22137404580152673,0.2595419847328244
