var1,var2,var3,var4,var5,var6
0.11518324607329843,0.13089005235602094,0.16753926701570682,0.17801047120418848,0.18848167539267016,0.2198952879581152
