var1,var2,var3,var4,var5,var6
0.046242774566473986,0.07514450867052024,0.15028901734104047,0.20809248554913296,0.24277456647398843,0.2774566473988439
