var1,var2,var3,var4,var5,var6
0.05454545454545454,0.06666666666666667,0.07878787878787878,0.1696969696969697,0.26666666666666666,0.36363636363636365
