var1,var2,var3,var4,var5,var6
0.047244094488188976,0.09448818897637795,0.13385826771653545,0.15748031496062992,0.2204724409448819,0.3464566929133858
