var1,var2,var3,var4,var5,var6
0.017045454545454544,0.045454545454545456,0.11931818181818182,0.17613636363636365,0.24431818181818182,0.3977272727272727
