var1,var2,var3,var4,var5,var6
0.03636363636363636,0.10909090909090909,0.16363636363636364,0.19393939393939394,0.24242424242424243,0.2545454545454545
