var1,var2,var3,var4,var5,var6
0.028735632183908046,0.07471264367816093,0.16091954022988506,0.1781609195402299,0.25862068965517243,0.2988505747126437
