var1,var2,var3,var4,var5,var6
0.0546448087431694,0.08196721311475409,0.1092896174863388,0.24043715846994534,0.25136612021857924,0.26229508196721313
