var1,var2,var3,var4,var5,var6
0.012738853503184714,0.07006369426751592,0.16560509554140126,0.20382165605095542,0.22929936305732485,0.3184713375796178
