var1,var2,var3,var4,var5,var6
0.02877697841726619,0.07194244604316546,0.17266187050359713,0.17985611510791366,0.2302158273381295,0.31654676258992803
