var1,var2,var3,var4,var5,var6
0.0223463687150838,0.11173184357541899,0.11731843575418995,0.2011173184357542,0.24581005586592178,0.3016759776536313
