var1,var2,var3,var4,var5,var6
0.03225806451612903,0.03870967741935484,0.14193548387096774,0.16774193548387098,0.23225806451612904,0.3870967741935484
