var1,var2,var3,var4,var5,var6
0.0273972602739726,0.04794520547945205,0.0821917808219178,0.22602739726027396,0.23972602739726026,0.3767123287671233
