var1,var2,var3,var4,var5,var6
0.018633540372670808,0.049689440993788817,0.15527950310559005,0.21739130434782608,0.2422360248447205,0.3167701863354037
