var1,var2,var3,var4,var5,var6
0.06289308176100629,0.0880503144654088,0.09433962264150944,0.11320754716981132,0.2389937106918239,0.4025157232704403
