var1,var2,var3,var4,var5,var6
0.023391812865497075,0.11695906432748537,0.14619883040935672,0.21052631578947367,0.2222222222222222,0.2807017543859649
