var1,var2,var3,var4,var5,var6
0.07042253521126761,0.107981220657277,0.13145539906103287,0.1643192488262911,0.20657276995305165,0.3192488262910798
