var1,var2,var3,var4,var5,var6
0.04697986577181208,0.06040268456375839,0.1342281879194631,0.18791946308724833,0.2684563758389262,0.30201342281879195
