var1,var2,var3,var4,var5,var6
0.027210884353741496,0.07482993197278912,0.08163265306122448,0.1360544217687075,0.17687074829931973,0.5034013605442177
