var1,var2,var3,var4,var5,var6
0.058577405857740586,0.12552301255230125,0.14225941422594143,0.16736401673640167,0.20502092050209206,0.301255230125523
