var1,var2,var3,var4,var5,var6
0.013605442176870748,0.06802721088435375,0.14965986394557823,0.2108843537414966,0.2585034013605442,0.29931972789115646
