var1,var2,var3,var4,var5,var6
0.03482587064676617,0.11940298507462686,0.12935323383084577,0.21890547263681592,0.22388059701492538,0.2736318407960199
