var1,var2,var3,var4,var5,var6
0.0430622009569378,0.11004784688995216,0.11961722488038277,0.20574162679425836,0.2535885167464115,0.2679425837320574
