var1,var2,var3,var4,var5,var6
0.116751269035533,0.1319796954314721,0.14720812182741116,0.16751269035532995,0.2131979695431472,0.2233502538071066
