var1,var2,var3,var4,var5,var6
0.09523809523809523,0.11564625850340136,0.1360544217687075,0.14965986394557823,0.16326530612244897,0.3401360544217687
