var1,var2,var3,var4,var5,var6
0.07329842931937172,0.10471204188481675,0.1256544502617801,0.18848167539267016,0.2356020942408377,0.27225130890052357
