var1,var2,var3,var4,var5,var6
0.022727272727272728,0.11363636363636363,0.17424242424242425,0.20454545454545456,0.23484848484848486,0.25
