var1,var2,var3,var4,var5,var6
0.012422360248447204,0.08695652173913043,0.14285714285714285,0.18633540372670807,0.2236024844720497,0.34782608695652173
