var1,var2,var3,var4,var5,var6
0.03592814371257485,0.059880239520958084,0.08383233532934131,0.20359281437125748,0.25748502994011974,0.3592814371257485
