var1,var2,var3,var4,var5,var6
0.045112781954887216,0.10526315789473684,0.14285714285714285,0.15789473684210525,0.21052631578947367,0.3383458646616541
