var1,var2,var3,var4,var5,var6
0.04780876494023904,0.10358565737051793,0.14342629482071714,0.17131474103585656,0.2549800796812749,0.2788844621513944
