var1,var2,var3,var4,var5,var6
0.013422818791946308,0.06711409395973154,0.1610738255033557,0.20134228187919462,0.2214765100671141,0.33557046979865773
