var1,var2,var3,var4,var5,var6
0.05,0.09166666666666666,0.10833333333333334,0.19166666666666668,0.26666666666666666,0.2916666666666667
