var1,var2,var3,var4,var5,var6
0.0390625,0.0546875,0.1015625,0.1328125,0.28125,0.390625
