var1,var2,var3,var4,var5,var6
0.04371584699453552,0.07650273224043716,0.14207650273224043,0.18032786885245902,0.25136612021857924,0.30601092896174864
