var1,var2,var3,var4,var5,var6
0.07441860465116279,0.09767441860465116,0.13023255813953488,0.14883720930232558,0.18604651162790697,0.3627906976744186
