var1,var2,var3,var4,var5,var6
0.042328042328042326,0.1164021164021164,0.14285714285714285,0.19047619047619047,0.21164021164021163,0.2962962962962963
