var1,var2,var3,var4,var5,var6
0.015748031496062992,0.047244094488188976,0.14960629921259844,0.1732283464566929,0.2677165354330709,0.3464566929133858
