var1,var2,var3,var4,var5,var6
0.026490066225165563,0.08609271523178808,0.12582781456953643,0.2251655629139073,0.2582781456953642,0.2781456953642384
