var1,var2,var3,var4,var5,var6
0.01639344262295082,0.04371584699453552,0.09836065573770492,0.20765027322404372,0.273224043715847,0.36065573770491804
