var1,var2,var3,var4,var5,var6
0.009950248756218905,0.07960199004975124,0.09950248756218906,0.12935323383084577,0.32338308457711445,0.3582089552238806
