var1,var2,var3,var4,var5,var6
0.11229946524064172,0.13903743315508021,0.1497326203208556,0.18716577540106952,0.20320855614973263,0.20855614973262032
