var1,var2,var3,var4,var5,var6
0.09361702127659574,0.1148936170212766,0.14468085106382977,0.16170212765957448,0.22127659574468084,0.26382978723404255
