var1,var2,var3,var4,var5,var6
0.017094017094017096,0.06837606837606838,0.15384615384615385,0.18803418803418803,0.26495726495726496,0.3076923076923077
