var1,var2,var3,var4,var5,var6
0.03184713375796178,0.08917197452229299,0.15286624203821655,0.16560509554140126,0.267515923566879,0.2929936305732484
