var1,var2,var3,var4,var5,var6
0.015037593984962405,0.03007518796992481,0.12781954887218044,0.19548872180451127,0.2706766917293233,0.3609022556390977
