var1,var2,var3,var4,var5,var6
0.015706806282722512,0.05235602094240838,0.11518324607329843,0.18848167539267016,0.2931937172774869,0.33507853403141363
