var1,var2,var3,var4,var5,var6
0.03314917127071823,0.09392265193370165,0.18232044198895028,0.20994475138121546,0.22099447513812154,0.2596685082872928
