var1,var2,var3,var4,var5,var6
0.03355704697986577,0.08053691275167785,0.174496644295302,0.19463087248322147,0.21476510067114093,0.30201342281879195
