var1,var2,var3,var4,var5,var6
0.06072874493927125,0.10526315789473684,0.145748987854251,0.1862348178137652,0.242914979757085,0.2591093117408907
