var1,var2,var3,var4,var5,var6
0.0821917808219178,0.091324200913242,0.136986301369863,0.1506849315068493,0.1917808219178082,0.3470319634703196
