var1,var2,var3,var4,var5,var6
0.05555555555555555,0.09595959595959595,0.12626262626262627,0.15656565656565657,0.23737373737373738,0.3282828282828283
