var1,var2,var3,var4,var5,var6
0.034722222222222224,0.05555555555555555,0.09722222222222222,0.1736111111111111,0.2569444444444444,0.3819444444444444
