var1,var2,var3,var4,var5,var6
0.019417475728155338,0.05825242718446602,0.0970873786407767,0.1650485436893204,0.1941747572815534,0.46601941747572817
