var1,var2,var3,var4,var5,var6
0.044444444444444446,0.07111111111111111,0.10666666666666667,0.19555555555555557,0.22666666666666666,0.35555555555555557
