var1,var2,var3,var4,var5,var6
0.030864197530864196,0.1111111111111111,0.11728395061728394,0.19135802469135801,0.2654320987654321,0.2839506172839506
