var1,var2,var3,var4,var5,var6
0.051470588235294115,0.08823529411764706,0.11764705882352941,0.14705882352941177,0.16176470588235295,0.4338235294117647
