var1,var2,var3,var4,var5,var6
0.08900523560209424,0.1099476439790576,0.16230366492146597,0.18848167539267016,0.20418848167539266,0.24607329842931938
