var1,var2,var3,var4,var5,var6
0.03553299492385787,0.05583756345177665,0.10152284263959391,0.2131979695431472,0.25380710659898476,0.3401015228426396
