var1,var2,var3,var4,var5,var6
0.028409090909090908,0.07954545454545454,0.11931818181818182,0.17613636363636365,0.26136363636363635,0.3352272727272727
