var1,var2,var3,var4,var5,var6
0.07929515418502203,0.1013215859030837,0.16740088105726872,0.19383259911894274,0.22026431718061673,0.23788546255506607
