var1,var2,var3,var4,var5,var6
0.048484848484848485,0.06060606060606061,0.09696969696969697,0.13333333333333333,0.3151515151515151,0.34545454545454546
