var1,var2,var3,var4,var5,var6
0.016260162601626018,0.08130081300813008,0.10569105691056911,0.13008130081300814,0.24390243902439024,0.42276422764227645
