var1,var2,var3,var4,var5,var6
0.024752475247524754,0.0594059405940594,0.13366336633663367,0.17326732673267325,0.2524752475247525,0.3564356435643564
