var1,var2,var3,var4,var5,var6
0.024390243902439025,0.06504065040650407,0.08130081300813008,0.16260162601626016,0.2764227642276423,0.3902439024390244
