var1,var2,var3,var4,var5,var6
0.044444444444444446,0.07407407407407407,0.16296296296296298,0.17777777777777778,0.21481481481481482,0.32592592592592595
