var1,var2,var3,var4,var5,var6
0.037267080745341616,0.055900621118012424,0.17391304347826086,0.18633540372670807,0.21739130434782608,0.32919254658385094
