var1,var2,var3,var4,var5,var6
0.04519774011299435,0.062146892655367235,0.15254237288135594,0.1864406779661017,0.2655367231638418,0.288135593220339
