var1,var2,var3,var4,var5,var6
0.040268456375838924,0.06711409395973154,0.1342281879194631,0.22818791946308725,0.2483221476510067,0.28187919463087246
