var1,var2,var3,var4,var5,var6
0.05660377358490566,0.0830188679245283,0.1509433962264151,0.18867924528301888,0.21132075471698114,0.30943396226415093
