var1,var2,var3,var4,var5,var6
0.072992700729927,0.0948905109489051,0.13138686131386862,0.17518248175182483,0.1897810218978102,0.3357664233576642
