var1,var2,var3,var4,var5,var6
0.02586206896551724,0.034482758620689655,0.16379310344827586,0.21551724137931033,0.23275862068965517,0.3275862068965517
