var1,var2,var3,var4,var5,var6
0.03734439834024896,0.04979253112033195,0.17427385892116182,0.1825726141078838,0.26556016597510373,0.29045643153526973
