var1,var2,var3,var4,var5,var6
0.024390243902439025,0.06829268292682927,0.18536585365853658,0.1951219512195122,0.24390243902439024,0.28292682926829266
