var1,var2,var3,var4,var5,var6
0.010582010582010581,0.05291005291005291,0.08465608465608465,0.19047619047619047,0.25925925925925924,0.4021164021164021
