var1,var2,var3,var4,var5,var6
0.03731343283582089,0.12686567164179105,0.13432835820895522,0.1791044776119403,0.23134328358208955,0.291044776119403
