var1,var2,var3,var4,var5,var6
0.024844720496894408,0.049689440993788817,0.11180124223602485,0.14906832298136646,0.2919254658385093,0.37267080745341613
