var1,var2,var3,var4,var5,var6
0.04072398190045249,0.10407239819004525,0.1493212669683258,0.18552036199095023,0.24434389140271492,0.27601809954751133
