var1,var2,var3,var4,var5,var6
0.0111731843575419,0.07262569832402235,0.10614525139664804,0.22346368715083798,0.2737430167597765,0.3128491620111732
