var1,var2,var3,var4,var5,var6
0.029787234042553193,0.09361702127659574,0.17872340425531916,0.19574468085106383,0.24680851063829787,0.2553191489361702
