var1,var2,var3,var4,var5,var6
0.015228426395939087,0.06091370558375635,0.16243654822335024,0.2131979695431472,0.25380710659898476,0.29441624365482233
