var1,var2,var3,var4,var5,var6
0.04326923076923077,0.0625,0.18269230769230768,0.1971153846153846,0.22115384615384615,0.2932692307692308
