var1,var2,var3,var4,var5,var6
0.07647058823529412,0.11764705882352941,0.13529411764705881,0.18235294117647058,0.21764705882352942,0.27058823529411763
