var1,var2,var3,var4,var5,var6
0.10416666666666667,0.109375,0.13541666666666666,0.16145833333333334,0.18229166666666666,0.3072916666666667
