var1,var2,var3,var4,var5,var6
0.023076923076923078,0.06153846153846154,0.11538461538461539,0.14615384615384616,0.19230769230769232,0.46153846153846156
