var1,var2,var3,var4,var5,var6
0.048484848484848485,0.06060606060606061,0.07878787878787878,0.09696969696969697,0.2909090909090909,0.42424242424242425
