var1,var2,var3,var4,var5,var6
0.031496062992125984,0.05511811023622047,0.15748031496062992,0.1732283464566929,0.23622047244094488,0.3464566929133858
