var1,var2,var3,var4,var5,var6
0.04602510460251046,0.07112970711297072,0.15481171548117154,0.16317991631799164,0.27615062761506276,0.28870292887029286
