var1,var2,var3,var4,var5,var6
0.061224489795918366,0.09523809523809523,0.10884353741496598,0.16326530612244897,0.21768707482993196,0.35374149659863946
