var1,var2,var3,var4,var5,var6
0.013071895424836602,0.026143790849673203,0.1111111111111111,0.20915032679738563,0.27450980392156865,0.3660130718954248
