var1,var2,var3,var4,var5,var6
0.07344632768361582,0.096045197740113,0.13559322033898305,0.1751412429378531,0.22598870056497175,0.2937853107344633
