var1,var2,var3,var4,var5,var6
0.10232558139534884,0.11162790697674418,0.13023255813953488,0.17674418604651163,0.20930232558139536,0.26976744186046514
