var1,var2,var3,var4,var5,var6
0.05202312138728324,0.11560693641618497,0.13872832369942195,0.15028901734104047,0.23121387283236994,0.31213872832369943
