var1,var2,var3,var4,var5,var6
0.05555555555555555,0.1111111111111111,0.1349206349206349,0.15079365079365079,0.2222222222222222,0.3253968253968254
