var1,var2,var3,var4,var5,var6
0.03463203463203463,0.08225108225108226,0.09523809523809523,0.24242424242424243,0.2597402597402597,0.2857142857142857
