var1,var2,var3,var4,var5,var6
0.04093567251461988,0.05847953216374269,0.1286549707602339,0.21052631578947367,0.23391812865497075,0.32748538011695905
