var1,var2,var3,var4,var5,var6
0.07734806629834254,0.1270718232044199,0.143646408839779,0.16574585635359115,0.1878453038674033,0.2983425414364641
