var1,var2,var3,var4,var5,var6
0.024193548387096774,0.08064516129032258,0.0967741935483871,0.14516129032258066,0.20967741935483872,0.4435483870967742
