var1,var2,var3,var4,var5,var6
0.03007518796992481,0.08270676691729323,0.10526315789473684,0.15037593984962405,0.19548872180451127,0.43609022556390975
