var1,var2,var3,var4,var5,var6
0.03208556149732621,0.06417112299465241,0.16042780748663102,0.1711229946524064,0.2620320855614973,0.31016042780748665
