var1,var2,var3,var4,var5,var6
0.0748663101604278,0.11229946524064172,0.13368983957219252,0.16042780748663102,0.17647058823529413,0.3422459893048128
