var1,var2,var3,var4,var5,var6
0.00975609756097561,0.02926829268292683,0.11219512195121951,0.2048780487804878,0.28292682926829266,0.36097560975609755
