var1,var2,var3,var4,var5,var6
0.05504587155963303,0.11009174311926606,0.1743119266055046,0.2018348623853211,0.22018348623853212,0.23853211009174313
