var1,var2,var3,var4,var5,var6
0.03636363636363636,0.10303030303030303,0.13333333333333333,0.15151515151515152,0.24242424242424243,0.3333333333333333
