var1,var2,var3,var4,var5,var6
0.045714285714285714,0.11428571428571428,0.13714285714285715,0.14285714285714285,0.21714285714285714,0.34285714285714286
