var1,var2,var3,var4,var5,var6
0.05384615384615385,0.07692307692307693,0.12307692307692308,0.16923076923076924,0.18461538461538463,0.3923076923076923
