var1,var2,var3,var4,var5,var6
0.014634146341463415,0.1024390243902439,0.17073170731707318,0.18048780487804877,0.22926829268292684,0.3024390243902439
