var1,var2,var3,var4,var5,var6
0.05747126436781609,0.09770114942528736,0.14367816091954022,0.1781609195402299,0.25287356321839083,0.27011494252873564
