var1,var2,var3,var4,var5,var6
0.10526315789473684,0.11278195488721804,0.12030075187969924,0.18796992481203006,0.21052631578947367,0.2631578947368421
