var1,var2,var3,var4,var5,var6
0.09352517985611511,0.1223021582733813,0.1366906474820144,0.17985611510791366,0.2014388489208633,0.26618705035971224
