var1,var2,var3,var4,var5,var6
0.028169014084507043,0.07042253521126761,0.11267605633802817,0.19718309859154928,0.215962441314554,0.3755868544600939
