var1,var2,var3,var4,var5,var6
0.05,0.058333333333333334,0.08333333333333333,0.15833333333333333,0.225,0.425
