var1,var2,var3,var4,var5,var6
0.01935483870967742,0.1032258064516129,0.16129032258064516,0.17419354838709677,0.23870967741935484,0.3032258064516129
