var1,var2,var3,var4,var5,var6
0.01904761904761905,0.06666666666666667,0.0761904761904762,0.1523809523809524,0.2857142857142857,0.4
