var1,var2,var3,var4,var5,var6
0.025157232704402517,0.11320754716981132,0.16981132075471697,0.20125786163522014,0.2389937106918239,0.25157232704402516
