var1,var2,var3,var4,var5,var6
0.03164556962025317,0.06962025316455696,0.10759493670886076,0.12658227848101267,0.310126582278481,0.35443037974683544
