var1,var2,var3,var4,var5,var6
0.06282722513089005,0.1099476439790576,0.14659685863874344,0.15706806282722513,0.19895287958115182,0.32460732984293195
