var1,var2,var3,var4,var5,var6
0.014218009478672985,0.037914691943127965,0.14218009478672985,0.1990521327014218,0.24644549763033174,0.36018957345971564
