var1,var2,var3,var4,var5,var6
0.02976190476190476,0.047619047619047616,0.08333333333333333,0.16666666666666666,0.27380952380952384,0.39880952380952384
