var1,var2,var3,var4,var5,var6
0.017964071856287425,0.11976047904191617,0.16766467065868262,0.19760479041916168,0.2215568862275449,0.2754491017964072
