var1,var2,var3,var4,var5,var6
0.05426356589147287,0.06976744186046512,0.08527131782945736,0.21705426356589147,0.26356589147286824,0.31007751937984496
