var1,var2,var3,var4,var5,var6
0.018867924528301886,0.10566037735849057,0.1509433962264151,0.2037735849056604,0.22641509433962265,0.2943396226415094
