var1,var2,var3,var4,var5,var6
0.055248618784530384,0.08287292817679558,0.1270718232044199,0.13259668508287292,0.281767955801105,0.32044198895027626
