var1,var2,var3,var4,var5,var6
0.06349206349206349,0.12698412698412698,0.13756613756613756,0.15873015873015872,0.20634920634920634,0.30687830687830686
