var1,var2,var3,var4,var5,var6
0.12446351931330472,0.13304721030042918,0.15450643776824036,0.16738197424892703,0.2017167381974249,0.21888412017167383
