var1,var2,var3,var4,var5,var6
0.10303030303030303,0.11515151515151516,0.12727272727272726,0.15757575757575756,0.19393939393939394,0.30303030303030304
