var1,var2,var3,var4,var5,var6
0.06666666666666667,0.11515151515151516,0.13333333333333333,0.15151515151515152,0.2545454545454545,0.2787878787878788
