var1,var2,var3,var4,var5,var6
0.07116104868913857,0.12734082397003746,0.15730337078651685,0.1647940074906367,0.20973782771535582,0.2696629213483146
