var1,var2,var3,var4,var5,var6
0.026143790849673203,0.0784313725490196,0.1111111111111111,0.16993464052287582,0.2875816993464052,0.32679738562091504
