var1,var2,var3,var4,var5,var6
0.06976744186046512,0.08372093023255814,0.18604651162790697,0.20465116279069767,0.22325581395348837,0.23255813953488372
