var1,var2,var3,var4,var5,var6
0.07017543859649122,0.08187134502923976,0.1111111111111111,0.1286549707602339,0.2573099415204678,0.3508771929824561
