var1,var2,var3,var4,var5,var6
0.09486166007905138,0.11067193675889328,0.1383399209486166,0.18972332015810275,0.2134387351778656,0.25296442687747034
