var1,var2,var3,var4,var5,var6
0.029556650246305417,0.09852216748768473,0.15763546798029557,0.17733990147783252,0.2413793103448276,0.2955665024630542
