var1,var2,var3,var4,var5,var6
0.04265402843601896,0.0947867298578199,0.11374407582938388,0.21800947867298578,0.24644549763033174,0.2843601895734597
