var1,var2,var3,var4,var5,var6
0.06282722513089005,0.08900523560209424,0.11518324607329843,0.15706806282722513,0.18848167539267016,0.387434554973822
