var1,var2,var3,var4,var5,var6
0.043209876543209874,0.13580246913580246,0.15432098765432098,0.1728395061728395,0.24074074074074073,0.25308641975308643
