var1,var2,var3,var4,var5,var6
0.04666666666666667,0.06666666666666667,0.15333333333333332,0.18,0.21333333333333335,0.34
