var1,var2,var3,var4,var5,var6
0.013605442176870748,0.10204081632653061,0.16326530612244897,0.19047619047619047,0.23129251700680273,0.29931972789115646
