var1,var2,var3,var4,var5,var6
0.061452513966480445,0.0893854748603352,0.16201117318435754,0.19553072625698323,0.2122905027932961,0.27932960893854747
