var1,var2,var3,var4,var5,var6
0.020134228187919462,0.087248322147651,0.14093959731543623,0.15436241610738255,0.18120805369127516,0.4161073825503356
