var1,var2,var3,var4,var5,var6
0.03773584905660377,0.05660377358490566,0.11320754716981132,0.20125786163522014,0.2641509433962264,0.3270440251572327
