var1,var2,var3,var4,var5,var6
0.05776173285198556,0.15162454873646208,0.1624548736462094,0.18050541516245489,0.18772563176895307,0.259927797833935
