var1,var2,var3,var4,var5,var6
0.04195804195804196,0.055944055944055944,0.11888111888111888,0.18181818181818182,0.26573426573426573,0.3356643356643357
