var1,var2,var3,var4,var5,var6
0.061452513966480445,0.1005586592178771,0.16759776536312848,0.18994413407821228,0.2346368715083799,0.24581005586592178
