var1,var2,var3,var4,var5,var6
0.02654867256637168,0.08849557522123894,0.10619469026548672,0.12389380530973451,0.3008849557522124,0.35398230088495575
