var1,var2,var3,var4,var5,var6
0.06349206349206349,0.07407407407407407,0.1164021164021164,0.14814814814814814,0.2804232804232804,0.31746031746031744
