var1,var2,var3,var4,var5,var6
0.03319502074688797,0.04149377593360996,0.13692946058091288,0.14937759336099585,0.29045643153526973,0.34854771784232363
