var1,var2,var3,var4,var5,var6
0.05263157894736842,0.07655502392344497,0.16267942583732056,0.19138755980861244,0.22966507177033493,0.28708133971291866
