var1,var2,var3,var4,var5,var6
0.020833333333333332,0.09722222222222222,0.125,0.1388888888888889,0.19444444444444445,0.4236111111111111
