var1,var2,var3,var4,var5,var6
0.06310679611650485,0.0825242718446602,0.1262135922330097,0.21844660194174756,0.24271844660194175,0.2669902912621359
