var1,var2,var3,var4,var5,var6
0.03414634146341464,0.12195121951219512,0.17560975609756097,0.2048780487804878,0.21951219512195122,0.24390243902439024
