var1,var2,var3,var4,var5,var6
0.03592814371257485,0.059880239520958084,0.10778443113772455,0.15568862275449102,0.2934131736526946,0.3473053892215569
