var1,var2,var3,var4,var5,var6
0.07092198581560284,0.0851063829787234,0.12056737588652482,0.14184397163120568,0.19858156028368795,0.3829787234042553
