var1,var2,var3,var4,var5,var6
0.012269938650306749,0.08588957055214724,0.13496932515337423,0.17177914110429449,0.2392638036809816,0.3558282208588957
