var1,var2,var3,var4,var5,var6
0.022598870056497175,0.04519774011299435,0.05649717514124294,0.24293785310734464,0.2598870056497175,0.3728813559322034
