var1,var2,var3,var4,var5,var6
0.03048780487804878,0.07926829268292683,0.08536585365853659,0.21341463414634146,0.27439024390243905,0.3170731707317073
