var1,var2,var3,var4,var5,var6
0.022099447513812154,0.08287292817679558,0.143646408839779,0.15469613259668508,0.2430939226519337,0.35359116022099446
