var1,var2,var3,var4,var5,var6
0.03355704697986577,0.08053691275167785,0.12080536912751678,0.1610738255033557,0.21476510067114093,0.38926174496644295
