var1,var2,var3,var4,var5,var6
0.02,0.05333333333333334,0.08666666666666667,0.22,0.24666666666666667,0.37333333333333335
