var1,var2,var3,var4,var5,var6
0.07526881720430108,0.1003584229390681,0.14336917562724014,0.1935483870967742,0.22939068100358423,0.25806451612903225
