var1,var2,var3,var4,var5,var6
0.049079754601226995,0.11042944785276074,0.12269938650306748,0.17791411042944785,0.19631901840490798,0.34355828220858897
