var1,var2,var3,var4,var5,var6
0.03225806451612903,0.03870967741935484,0.12903225806451613,0.2064516129032258,0.2709677419354839,0.3225806451612903
