var1,var2,var3,var4,var5,var6
0.045454545454545456,0.05844155844155844,0.12987012987012986,0.13636363636363635,0.2012987012987013,0.42857142857142855
