var1,var2,var3,var4,var5,var6
0.05714285714285714,0.08,0.08571428571428572,0.14857142857142858,0.26285714285714284,0.3657142857142857
