var1,var2,var3,var4,var5,var6
0.0546448087431694,0.1092896174863388,0.14207650273224043,0.18579234972677597,0.2459016393442623,0.26229508196721313
