var1,var2,var3,var4,var5,var6
0.04827586206896552,0.05517241379310345,0.1310344827586207,0.1724137931034483,0.19310344827586207,0.4
