var1,var2,var3,var4,var5,var6
0.04419889502762431,0.143646408839779,0.14917127071823205,0.16574585635359115,0.22099447513812154,0.27624309392265195
