var1,var2,var3,var4,var5,var6
0.023391812865497075,0.05847953216374269,0.07017543859649122,0.16374269005847952,0.2631578947368421,0.42105263157894735
