var1,var2,var3,var4,var5,var6
0.06060606060606061,0.06818181818181818,0.08333333333333333,0.1590909090909091,0.29545454545454547,0.3333333333333333
