var1,var2,var3,var4,var5,var6
0.09574468085106383,0.11702127659574468,0.14893617021276595,0.16489361702127658,0.22340425531914893,0.25
