var1,var2,var3,var4,var5,var6
0.0234375,0.046875,0.109375,0.1484375,0.2890625,0.3828125
