var1,var2,var3,var4,var5,var6
0.07272727272727272,0.08484848484848485,0.12121212121212122,0.16363636363636364,0.26666666666666666,0.2909090909090909
