var1,var2,var3,var4,var5,var6
0.029411764705882353,0.14705882352941177,0.1588235294117647,0.18235294117647058,0.21764705882352942,0.2647058823529412
