var1,var2,var3,var4,var5,var6
0.05172413793103448,0.06896551724137931,0.08620689655172414,0.22413793103448276,0.25287356321839083,0.3160919540229885
