var1,var2,var3,var4,var5,var6
0.02185792349726776,0.07103825136612021,0.17486338797814208,0.18579234972677597,0.22950819672131148,0.31693989071038253
