var1,var2,var3,var4,var5,var6
0.053691275167785234,0.06711409395973154,0.1342281879194631,0.2214765100671141,0.24161073825503357,0.28187919463087246
