var1,var2,var3,var4,var5,var6
0.0196078431372549,0.12254901960784313,0.15196078431372548,0.18137254901960784,0.23529411764705882,0.28921568627450983
