var1,var2,var3,var4,var5,var6
0.09569377990430622,0.12440191387559808,0.1339712918660287,0.14832535885167464,0.19138755980861244,0.3062200956937799
