var1,var2,var3,var4,var5,var6
0.019736842105263157,0.05263157894736842,0.125,0.20394736842105263,0.23026315789473684,0.3684210526315789
