var1,var2,var3,var4,var5,var6
0.058823529411764705,0.0962566844919786,0.10695187165775401,0.1711229946524064,0.21390374331550802,0.35294117647058826
