var1,var2,var3,var4,var5,var6
0.0784313725490196,0.14215686274509803,0.1568627450980392,0.18137254901960784,0.19117647058823528,0.25
