var1,var2,var3,var4,var5,var6
0.023952095808383235,0.07784431137724551,0.10778443113772455,0.19161676646706588,0.2275449101796407,0.3712574850299401
