var1,var2,var3,var4,var5,var6
0.02097902097902098,0.08391608391608392,0.1258741258741259,0.18181818181818182,0.23776223776223776,0.34965034965034963
