var1,var2,var3,var4,var5,var6
0.017167381974248927,0.06437768240343347,0.13733905579399142,0.17167381974248927,0.2575107296137339,0.351931330472103
