var1,var2,var3,var4,var5,var6
0.02824858757062147,0.06779661016949153,0.1016949152542373,0.14689265536723164,0.2824858757062147,0.3728813559322034
