var1,var2,var3,var4,var5,var6
0.030534351145038167,0.10687022900763359,0.1450381679389313,0.15267175572519084,0.1984732824427481,0.366412213740458
