var1,var2,var3,var4,var5,var6
0.07971014492753623,0.10869565217391304,0.14492753623188406,0.15942028985507245,0.21014492753623187,0.2971014492753623
