var1,var2,var3,var4,var5,var6
0.04680851063829787,0.059574468085106386,0.10212765957446808,0.17872340425531916,0.28936170212765955,0.32340425531914896
