var1,var2,var3,var4,var5,var6
0.06077348066298342,0.13812154696132597,0.17679558011049723,0.1878453038674033,0.2154696132596685,0.22099447513812154
