var1,var2,var3,var4,var5,var6
0.04433497536945813,0.06896551724137931,0.09852216748768473,0.1724137931034483,0.29064039408866993,0.3251231527093596
