var1,var2,var3,var4,var5,var6
0.018691588785046728,0.06542056074766354,0.09345794392523364,0.18691588785046728,0.24299065420560748,0.3925233644859813
