var1,var2,var3,var4,var5,var6
0.017391304347826087,0.05217391304347826,0.12173913043478261,0.14782608695652175,0.22608695652173913,0.43478260869565216
