var1,var2,var3,var4,var5,var6
0.04065040650406504,0.0975609756097561,0.11382113821138211,0.13008130081300814,0.17886178861788618,0.43902439024390244
