var1,var2,var3,var4,var5,var6
0.03015075376884422,0.04522613065326633,0.16080402010050251,0.20100502512562815,0.22110552763819097,0.3417085427135678
