var1,var2,var3,var4,var5,var6
0.09545454545454546,0.1318181818181818,0.1590909090909091,0.18181818181818182,0.2,0.2318181818181818
