var1,var2,var3,var4,var5,var6
0.06467661691542288,0.11940298507462686,0.1691542288557214,0.19900497512437812,0.21890547263681592,0.22885572139303484
