var1,var2,var3,var4,var5,var6
0.024390243902439025,0.08130081300813008,0.13821138211382114,0.18699186991869918,0.23577235772357724,0.3333333333333333
