var1,var2,var3,var4,var5,var6
0.05737704918032787,0.08196721311475409,0.10655737704918032,0.12295081967213115,0.19672131147540983,0.4344262295081967
