var1,var2,var3,var4,var5,var6
0.042328042328042326,0.10582010582010581,0.1164021164021164,0.14285714285714285,0.25396825396825395,0.3386243386243386
