var1,var2,var3,var4,var5,var6
0.03125,0.05,0.0875,0.1875,0.3,0.34375
