var1,var2,var3,var4,var5,var6
0.0880503144654088,0.10062893081761007,0.1320754716981132,0.16352201257861634,0.20125786163522014,0.31446540880503143
