var1,var2,var3,var4,var5,var6
0.11398963730569948,0.14507772020725387,0.15544041450777202,0.17616580310880828,0.18134715025906736,0.22797927461139897
