var1,var2,var3,var4,var5,var6
0.0975609756097561,0.1073170731707317,0.16585365853658537,0.18048780487804877,0.2146341463414634,0.23414634146341465
