var1,var2,var3,var4,var5,var6
0.10050251256281408,0.1306532663316583,0.1407035175879397,0.17587939698492464,0.19095477386934673,0.2613065326633166
