var1,var2,var3,var4,var5,var6
0.03418803418803419,0.11965811965811966,0.1282051282051282,0.18803418803418803,0.23931623931623933,0.2905982905982906
