var1,var2,var3,var4,var5,var6
0.08450704225352113,0.13615023474178403,0.15023474178403756,0.16901408450704225,0.215962441314554,0.24413145539906103
