var1,var2,var3,var4,var5,var6
0.0821256038647343,0.10628019323671498,0.11594202898550725,0.13526570048309178,0.2463768115942029,0.3140096618357488
