var1,var2,var3,var4,var5,var6
0.016853932584269662,0.06179775280898876,0.11235955056179775,0.19662921348314608,0.25280898876404495,0.3595505617977528
