var1,var2,var3,var4,var5,var6
0.08071748878923767,0.08968609865470852,0.14798206278026907,0.19730941704035873,0.2242152466367713,0.2600896860986547
