var1,var2,var3,var4,var5,var6
0.12435233160621761,0.13471502590673576,0.16062176165803108,0.16580310880829016,0.19689119170984457,0.21761658031088082
