var1,var2,var3,var4,var5,var6
0.021621621621621623,0.10810810810810811,0.16216216216216217,0.21621621621621623,0.23243243243243245,0.2594594594594595
