var1,var2,var3,var4,var5,var6
0.03468208092485549,0.15028901734104047,0.16184971098265896,0.17341040462427745,0.2254335260115607,0.2543352601156069
