var1,var2,var3,var4,var5,var6
0.02564102564102564,0.05128205128205128,0.1282051282051282,0.23076923076923078,0.24786324786324787,0.3162393162393162
