var1,var2,var3,var4,var5,var6
0.05673758865248227,0.09929078014184398,0.11347517730496454,0.14184397163120568,0.20567375886524822,0.3829787234042553
