var1,var2,var3,var4,var5,var6
0.013793103448275862,0.05517241379310345,0.09655172413793103,0.15862068965517243,0.2206896551724138,0.45517241379310347
