var1,var2,var3,var4,var5,var6
0.06878306878306878,0.09523809523809523,0.12169312169312169,0.1746031746031746,0.20634920634920634,0.3333333333333333
