var1,var2,var3,var4,var5,var6
0.023622047244094488,0.06299212598425197,0.11811023622047244,0.12598425196850394,0.1968503937007874,0.47244094488188976
