var1,var2,var3,var4,var5,var6
0.049723756906077346,0.07734806629834254,0.08839779005524862,0.19889502762430938,0.26519337016574585,0.32044198895027626
