var1,var2,var3,var4,var5,var6
0.05405405405405406,0.06756756756756757,0.08783783783783784,0.16216216216216217,0.20270270270270271,0.42567567567567566
