var1,var2,var3,var4,var5,var6
0.03608247422680412,0.061855670103092786,0.1134020618556701,0.20103092783505155,0.28350515463917525,0.30412371134020616
