var1,var2,var3,var4,var5,var6
0.07239819004524888,0.08597285067873303,0.16289592760180996,0.18099547511312217,0.19909502262443438,0.2986425339366516
