var1,var2,var3,var4,var5,var6
0.03007518796992481,0.07518796992481203,0.15037593984962405,0.16541353383458646,0.20300751879699247,0.37593984962406013
