var1,var2,var3,var4,var5,var6
0.06806282722513089,0.07329842931937172,0.1256544502617801,0.225130890052356,0.2356020942408377,0.27225130890052357
