var1,var2,var3,var4,var5,var6
0.012121212121212121,0.04242424242424243,0.12121212121212122,0.18181818181818182,0.24242424242424243,0.4
