var1,var2,var3,var4,var5,var6
0.029940119760479042,0.09580838323353294,0.1377245508982036,0.1497005988023952,0.2275449101796407,0.3592814371257485
