var1,var2,var3,var4,var5,var6
0.047337278106508875,0.0650887573964497,0.08284023668639054,0.20118343195266272,0.2958579881656805,0.3076923076923077
