var1,var2,var3,var4,var5,var6
0.0392156862745098,0.0784313725490196,0.1568627450980392,0.2222222222222222,0.24836601307189543,0.2549019607843137
