var1,var2,var3,var4,var5,var6
0.01834862385321101,0.07339449541284404,0.10091743119266056,0.12844036697247707,0.25688073394495414,0.42201834862385323
