var1,var2,var3,var4,var5,var6
0.04225352112676056,0.10328638497652583,0.12206572769953052,0.19718309859154928,0.26291079812206575,0.27230046948356806
