var1,var2,var3,var4,var5,var6
0.05263157894736842,0.06390977443609022,0.13533834586466165,0.16165413533834586,0.2819548872180451,0.30451127819548873
