var1,var2,var3,var4,var5,var6
0.013245033112582781,0.09271523178807947,0.17218543046357615,0.1986754966887417,0.23841059602649006,0.2847682119205298
