var1,var2,var3,var4,var5,var6
0.05970149253731343,0.10945273631840796,0.12935323383084577,0.14427860696517414,0.22885572139303484,0.3283582089552239
