var1,var2,var3,var4,var5,var6
0.02912621359223301,0.04854368932038835,0.1262135922330097,0.22330097087378642,0.2815533980582524,0.2912621359223301
