var1,var2,var3,var4,var5,var6
0.08383233532934131,0.09580838323353294,0.10778443113772455,0.2155688622754491,0.23353293413173654,0.2634730538922156
