var1,var2,var3,var4,var5,var6
0.020833333333333332,0.0763888888888889,0.11805555555555555,0.1875,0.2569444444444444,0.3402777777777778
