var1,var2,var3,var4,var5,var6
0.03940886699507389,0.04926108374384237,0.1477832512315271,0.1625615763546798,0.2660098522167488,0.33497536945812806
