var1,var2,var3,var4,var5,var6
0.06986899563318777,0.09606986899563319,0.1222707423580786,0.1615720524017467,0.2096069868995633,0.3406113537117904
