var1,var2,var3,var4,var5,var6
0.043795620437956206,0.072992700729927,0.12408759124087591,0.1897810218978102,0.2773722627737226,0.291970802919708
