var1,var2,var3,var4,var5,var6
0.02142857142857143,0.05714285714285714,0.1357142857142857,0.17857142857142858,0.22857142857142856,0.37857142857142856
