var1,var2,var3,var4,var5,var6
0.03139013452914798,0.13901345291479822,0.16143497757847533,0.20179372197309417,0.21524663677130046,0.25112107623318386
