var1,var2,var3,var4,var5,var6
0.0935672514619883,0.1111111111111111,0.15204678362573099,0.17543859649122806,0.21052631578947367,0.2573099415204678
