var1,var2,var3,var4,var5,var6
0.024242424242424242,0.07272727272727272,0.07878787878787878,0.18181818181818182,0.2909090909090909,0.3515151515151515
