var1,var2,var3,var4,var5,var6
0.037267080745341616,0.11180124223602485,0.14285714285714285,0.19875776397515527,0.2484472049689441,0.2608695652173913
