var1,var2,var3,var4,var5,var6
0.03076923076923077,0.12307692307692308,0.13846153846153847,0.2,0.2205128205128205,0.28717948717948716
