var1,var2,var3,var4,var5,var6
0.03225806451612903,0.05069124423963134,0.12442396313364056,0.17972350230414746,0.2672811059907834,0.3456221198156682
