var1,var2,var3,var4,var5,var6
0.09170305676855896,0.10480349344978165,0.13537117903930132,0.19213973799126638,0.2183406113537118,0.2576419213973799
