var1,var2,var3,var4,var5,var6
0.06222222222222222,0.09777777777777778,0.11555555555555555,0.18222222222222223,0.20444444444444446,0.3377777777777778
