var1,var2,var3,var4,var5,var6
0.02617801047120419,0.06806282722513089,0.1099476439790576,0.17277486910994763,0.2617801047120419,0.3612565445026178
