var1,var2,var3,var4,var5,var6
0.09767441860465116,0.11627906976744186,0.14883720930232558,0.16279069767441862,0.2186046511627907,0.2558139534883721
