var1,var2,var3,var4,var5,var6
0.023529411764705882,0.054901960784313725,0.09411764705882353,0.19607843137254902,0.2549019607843137,0.3764705882352941
