var1,var2,var3,var4,var5,var6
0.07741935483870968,0.0967741935483871,0.1032258064516129,0.14838709677419354,0.25806451612903225,0.3161290322580645
