var1,var2,var3,var4,var5,var6
0.03292181069958848,0.15637860082304528,0.1646090534979424,0.18106995884773663,0.22633744855967078,0.23868312757201646
