var1,var2,var3,var4,var5,var6
0.017341040462427744,0.046242774566473986,0.12716763005780346,0.15028901734104047,0.2832369942196532,0.37572254335260113
