var1,var2,var3,var4,var5,var6
0.02097902097902098,0.055944055944055944,0.17482517482517482,0.20279720279720279,0.21678321678321677,0.32867132867132864
