var1,var2,var3,var4,var5,var6
0.06285714285714286,0.08571428571428572,0.12571428571428572,0.18285714285714286,0.21714285714285714,0.32571428571428573
