var1,var2,var3,var4,var5,var6
0.037267080745341616,0.07453416149068323,0.10559006211180125,0.11801242236024845,0.32298136645962733,0.3416149068322981
