var1,var2,var3,var4,var5,var6
0.03680981595092025,0.08588957055214724,0.13496932515337423,0.147239263803681,0.2392638036809816,0.3558282208588957
