var1,var2,var3,var4,var5,var6
0.025510204081632654,0.0663265306122449,0.08163265306122448,0.20408163265306123,0.23979591836734693,0.3826530612244898
