var1,var2,var3,var4,var5,var6
0.046052631578947366,0.09210526315789473,0.1118421052631579,0.19736842105263158,0.26973684210526316,0.28289473684210525
