var1,var2,var3,var4,var5,var6
0.04145077720207254,0.07253886010362694,0.11917098445595854,0.13471502590673576,0.29015544041450775,0.34196891191709844
