var1,var2,var3,var4,var5,var6
0.06965174129353234,0.0845771144278607,0.11940298507462686,0.1791044776119403,0.25870646766169153,0.2885572139303483
