var1,var2,var3,var4,var5,var6
0.053763440860215055,0.08602150537634409,0.11827956989247312,0.20967741935483872,0.25268817204301075,0.27956989247311825
