var1,var2,var3,var4,var5,var6
0.03164556962025317,0.04430379746835443,0.12658227848101267,0.2088607594936709,0.23417721518987342,0.35443037974683544
