var1,var2,var3,var4,var5,var6
0.05232558139534884,0.06395348837209303,0.13953488372093023,0.19767441860465115,0.22674418604651161,0.31976744186046513
