var1,var2,var3,var4,var5,var6
0.013793103448275862,0.04827586206896552,0.13793103448275862,0.16551724137931034,0.2620689655172414,0.3724137931034483
