var1,var2,var3,var4,var5,var6
0.03278688524590164,0.06557377049180328,0.10382513661202186,0.15300546448087432,0.31693989071038253,0.32786885245901637
