var1,var2,var3,var4,var5,var6
0.0546448087431694,0.08743169398907104,0.09289617486338798,0.12021857923497267,0.24043715846994534,0.40437158469945356
