var1,var2,var3,var4,var5,var6
0.06818181818181818,0.11931818181818182,0.17613636363636365,0.19886363636363635,0.2159090909090909,0.2215909090909091
