var1,var2,var3,var4,var5,var6
0.03773584905660377,0.08176100628930817,0.1509433962264151,0.1761006289308176,0.25157232704402516,0.3018867924528302
