var1,var2,var3,var4,var5,var6
0.09743589743589744,0.11794871794871795,0.12307692307692308,0.14871794871794872,0.22564102564102564,0.28717948717948716
