var1,var2,var3,var4,var5,var6
0.026455026455026454,0.15343915343915343,0.15873015873015872,0.19047619047619047,0.2275132275132275,0.24338624338624337
