var1,var2,var3,var4,var5,var6
0.0440251572327044,0.07547169811320754,0.1320754716981132,0.22012578616352202,0.2389937106918239,0.2893081761006289
