var1,var2,var3,var4,var5,var6
0.01652892561983471,0.049586776859504134,0.08264462809917356,0.1652892561983471,0.2892561983471074,0.39669421487603307
