var1,var2,var3,var4,var5,var6
0.06153846153846154,0.14358974358974358,0.15384615384615385,0.17435897435897435,0.18974358974358974,0.27692307692307694
