var1,var2,var3,var4,var5,var6
0.015503875968992248,0.06201550387596899,0.08527131782945736,0.2248062015503876,0.27906976744186046,0.3333333333333333
