var1,var2,var3,var4,var5,var6
0.08071748878923767,0.09417040358744394,0.16143497757847533,0.19730941704035873,0.2062780269058296,0.2600896860986547
