var1,var2,var3,var4,var5,var6
0.02564102564102564,0.06666666666666667,0.11794871794871795,0.15384615384615385,0.27692307692307694,0.358974358974359
