var1,var2,var3,var4,var5,var6
0.015267175572519083,0.06870229007633588,0.12213740458015267,0.22900763358778625,0.2595419847328244,0.3053435114503817
