var1,var2,var3,var4,var5,var6
0.03424657534246575,0.0410958904109589,0.14383561643835616,0.21232876712328766,0.22602739726027396,0.3424657534246575
