var1,var2,var3,var4,var5,var6
0.014388489208633094,0.07194244604316546,0.15827338129496402,0.19424460431654678,0.2589928057553957,0.302158273381295
