var1,var2,var3,var4,var5,var6
0.03468208092485549,0.08670520231213873,0.16184971098265896,0.18497109826589594,0.23121387283236994,0.30057803468208094
