var1,var2,var3,var4,var5,var6
0.05263157894736842,0.07518796992481203,0.09022556390977443,0.12030075187969924,0.2556390977443609,0.40601503759398494
