var1,var2,var3,var4,var5,var6
0.021897810218978103,0.043795620437956206,0.16058394160583941,0.1897810218978102,0.26277372262773724,0.32116788321167883
