var1,var2,var3,var4,var5,var6
0.014814814814814815,0.05185185185185185,0.0962962962962963,0.11851851851851852,0.28888888888888886,0.42962962962962964
