var1,var2,var3,var4,var5,var6
0.03680981595092025,0.06134969325153374,0.09202453987730061,0.2085889570552147,0.25766871165644173,0.34355828220858897
