var1,var2,var3,var4,var5,var6
0.05714285714285714,0.0761904761904762,0.09523809523809523,0.1619047619047619,0.20952380952380953,0.4
