var1,var2,var3,var4,var5,var6
0.02564102564102564,0.08205128205128205,0.1794871794871795,0.18974358974358974,0.24102564102564103,0.28205128205128205
