var1,var2,var3,var4,var5,var6
0.03669724770642202,0.13761467889908258,0.14678899082568808,0.1926605504587156,0.21100917431192662,0.27522935779816515
