var1,var2,var3,var4,var5,var6
0.05309734513274336,0.10619469026548672,0.13274336283185842,0.1504424778761062,0.19469026548672566,0.36283185840707965
