var1,var2,var3,var4,var5,var6
0.06993006993006994,0.09090909090909091,0.11188811188811189,0.16783216783216784,0.26573426573426573,0.2937062937062937
