var1,var2,var3,var4,var5,var6
0.05027932960893855,0.055865921787709494,0.1005586592178771,0.1787709497206704,0.2905027932960894,0.3240223463687151
