var1,var2,var3,var4,var5,var6
0.06086956521739131,0.09565217391304348,0.16521739130434782,0.19130434782608696,0.21739130434782608,0.26956521739130435
