var1,var2,var3,var4,var5,var6
0.04929577464788732,0.07042253521126761,0.08450704225352113,0.19014084507042253,0.2887323943661972,0.31690140845070425
