var1,var2,var3,var4,var5,var6
0.08496732026143791,0.09803921568627451,0.12418300653594772,0.1437908496732026,0.24836601307189543,0.3006535947712418
