var1,var2,var3,var4,var5,var6
0.06787330316742081,0.09502262443438914,0.10407239819004525,0.18099547511312217,0.23529411764705882,0.3167420814479638
