var1,var2,var3,var4,var5,var6
0.029850746268656716,0.1044776119402985,0.16417910447761194,0.1791044776119403,0.21393034825870647,0.30845771144278605
