var1,var2,var3,var4,var5,var6
0.018867924528301886,0.050314465408805034,0.0880503144654088,0.1509433962264151,0.2641509433962264,0.4276729559748428
