var1,var2,var3,var4,var5,var6
0.09863013698630137,0.1232876712328767,0.136986301369863,0.16986301369863013,0.1917808219178082,0.27945205479452057
