var1,var2,var3,var4,var5,var6
0.01932367149758454,0.14492753623188406,0.17391304347826086,0.18357487922705315,0.23671497584541062,0.24154589371980675
