var1,var2,var3,var4,var5,var6
0.041884816753926704,0.06806282722513089,0.16753926701570682,0.18848167539267016,0.24083769633507854,0.2931937172774869
