var1,var2,var3,var4,var5,var6
0.06477732793522267,0.10526315789473684,0.16194331983805668,0.19838056680161945,0.21862348178137653,0.25101214574898784
