var1,var2,var3,var4,var5,var6
0.10945273631840796,0.11940298507462686,0.15920398009950248,0.17412935323383086,0.1890547263681592,0.24875621890547264
