var1,var2,var3,var4,var5,var6
0.05825242718446602,0.07766990291262135,0.11650485436893204,0.1262135922330097,0.1553398058252427,0.46601941747572817
