var1,var2,var3,var4,var5,var6
0.06153846153846154,0.07179487179487179,0.1794871794871795,0.20512820512820512,0.2205128205128205,0.26153846153846155
