var1,var2,var3,var4,var5,var6
0.03067484662576687,0.049079754601226995,0.08588957055214724,0.2331288343558282,0.24539877300613497,0.3558282208588957
