var1,var2,var3,var4,var5,var6
0.06818181818181818,0.12121212121212122,0.13636363636363635,0.1590909090909091,0.18181818181818182,0.3333333333333333
