var1,var2,var3,var4,var5,var6
0.045112781954887216,0.06766917293233082,0.07518796992481203,0.16541353383458646,0.2706766917293233,0.37593984962406013
