var1,var2,var3,var4,var5,var6
0.04060913705583756,0.08121827411167512,0.1116751269035533,0.17258883248730963,0.2893401015228426,0.30456852791878175
