var1,var2,var3,var4,var5,var6
0.07106598984771574,0.08121827411167512,0.09137055837563451,0.1319796954314721,0.29949238578680204,0.3248730964467005
