var1,var2,var3,var4,var5,var6
0.013986013986013986,0.04895104895104895,0.1258741258741259,0.21678321678321677,0.22377622377622378,0.3706293706293706
