var1,var2,var3,var4,var5,var6
0.07262569832402235,0.0893854748603352,0.10614525139664804,0.1340782122905028,0.2737430167597765,0.3240223463687151
