var1,var2,var3,var4,var5,var6
0.04040404040404041,0.06060606060606061,0.08080808080808081,0.15151515151515152,0.16161616161616163,0.5050505050505051
