var1,var2,var3,var4,var5,var6
0.05517241379310345,0.06206896551724138,0.15862068965517243,0.1793103448275862,0.22758620689655173,0.31724137931034485
