var1,var2,var3,var4,var5,var6
0.07692307692307693,0.13333333333333333,0.14358974358974358,0.17435897435897435,0.22564102564102564,0.24615384615384617
