var1,var2,var3,var4,var5,var6
0.017777777777777778,0.11555555555555555,0.13777777777777778,0.20444444444444446,0.24,0.28444444444444444
