var1,var2,var3,var4,var5,var6
0.013986013986013986,0.11188811188811189,0.17482517482517482,0.1958041958041958,0.23776223776223776,0.26573426573426573
