var1,var2,var3,var4,var5,var6
0.11627906976744186,0.13953488372093023,0.15813953488372093,0.16279069767441862,0.17674418604651163,0.24651162790697675
