var1,var2,var3,var4,var5,var6
0.07329842931937172,0.09424083769633508,0.13089005235602094,0.21465968586387435,0.24083769633507854,0.24607329842931938
