var1,var2,var3,var4,var5,var6
0.02666666666666667,0.044444444444444446,0.16444444444444445,0.2,0.27555555555555555,0.28888888888888886
