var1,var2,var3,var4,var5,var6
0.03164556962025317,0.04430379746835443,0.13291139240506328,0.1518987341772152,0.23417721518987342,0.4050632911392405
