var1,var2,var3,var4,var5,var6
0.05181347150259067,0.11398963730569948,0.13471502590673576,0.17616580310880828,0.20207253886010362,0.32124352331606215
