var1,var2,var3,var4,var5,var6
0.023668639053254437,0.07100591715976332,0.14201183431952663,0.15976331360946747,0.27218934911242604,0.33136094674556216
