var1,var2,var3,var4,var5,var6
0.05699481865284974,0.10362694300518134,0.12953367875647667,0.16580310880829016,0.22797927461139897,0.3160621761658031
