var1,var2,var3,var4,var5,var6
0.049689440993788817,0.062111801242236024,0.17391304347826086,0.19254658385093168,0.2484472049689441,0.2732919254658385
