var1,var2,var3,var4,var5,var6
0.037037037037037035,0.09876543209876543,0.16049382716049382,0.1728395061728395,0.23868312757201646,0.29218106995884774
