var1,var2,var3,var4,var5,var6
0.05217391304347826,0.06956521739130435,0.1391304347826087,0.1826086956521739,0.22608695652173913,0.33043478260869563
