var1,var2,var3,var4,var5,var6
0.031007751937984496,0.07751937984496124,0.11627906976744186,0.18604651162790697,0.24806201550387597,0.34108527131782945
