var1,var2,var3,var4,var5,var6
0.05759162303664921,0.09424083769633508,0.11518324607329843,0.16753926701570682,0.24083769633507854,0.32460732984293195
