var1,var2,var3,var4,var5,var6
0.025210084033613446,0.03361344537815126,0.09243697478991597,0.15966386554621848,0.31932773109243695,0.3697478991596639
