var1,var2,var3,var4,var5,var6
0.04975124378109453,0.07462686567164178,0.08955223880597014,0.21890547263681592,0.22885572139303484,0.3383084577114428
