var1,var2,var3,var4,var5,var6
0.014184397163120567,0.04964539007092199,0.14184397163120568,0.2127659574468085,0.23404255319148937,0.3475177304964539
