var1,var2,var3,var4,var5,var6
0.05025125628140704,0.10050251256281408,0.12562814070351758,0.21608040201005024,0.23618090452261306,0.271356783919598
