var1,var2,var3,var4,var5,var6
0.03825136612021858,0.0546448087431694,0.13114754098360656,0.2185792349726776,0.22950819672131148,0.32786885245901637
