var1,var2,var3,var4,var5,var6
0.02877697841726619,0.09352517985611511,0.1079136690647482,0.2158273381294964,0.26618705035971224,0.28776978417266186
