var1,var2,var3,var4,var5,var6
0.04526748971193416,0.0823045267489712,0.09876543209876543,0.23045267489711935,0.2551440329218107,0.2880658436213992
