var1,var2,var3,var4,var5,var6
0.04035874439461883,0.08968609865470852,0.15246636771300448,0.16143497757847533,0.2600896860986547,0.29596412556053814
