var1,var2,var3,var4,var5,var6
0.0425531914893617,0.07092198581560284,0.14184397163120568,0.14893617021276595,0.2695035460992908,0.3262411347517731
