var1,var2,var3,var4,var5,var6
0.04081632653061224,0.06802721088435375,0.11564625850340136,0.19047619047619047,0.24489795918367346,0.3401360544217687
