var1,var2,var3,var4,var5,var6
0.06557377049180328,0.08743169398907104,0.11475409836065574,0.16393442622950818,0.26229508196721313,0.30601092896174864
