var1,var2,var3,var4,var5,var6
0.026595744680851064,0.10106382978723404,0.12234042553191489,0.17553191489361702,0.26595744680851063,0.30851063829787234
