var1,var2,var3,var4,var5,var6
0.03048780487804878,0.07317073170731707,0.0975609756097561,0.22560975609756098,0.2621951219512195,0.31097560975609756
