var1,var2,var3,var4,var5,var6
0.03597122302158273,0.11510791366906475,0.12949640287769784,0.17266187050359713,0.2302158273381295,0.31654676258992803
