var1,var2,var3,var4,var5,var6
0.09774436090225563,0.12406015037593984,0.15413533834586465,0.18421052631578946,0.20300751879699247,0.23684210526315788
