var1,var2,var3,var4,var5,var6
0.05583756345177665,0.1116751269035533,0.14213197969543148,0.18274111675126903,0.2436548223350254,0.2639593908629442
