var1,var2,var3,var4,var5,var6
0.096045197740113,0.11864406779661017,0.12429378531073447,0.1751412429378531,0.22598870056497175,0.2598870056497175
