var1,var2,var3,var4,var5,var6
0.029850746268656716,0.06965174129353234,0.07960199004975124,0.18407960199004975,0.21890547263681592,0.417910447761194
