var1,var2,var3,var4,var5,var6
0.06060606060606061,0.08484848484848485,0.12121212121212122,0.18787878787878787,0.21818181818181817,0.32727272727272727
