var1,var2,var3,var4,var5,var6
0.055944055944055944,0.06293706293706294,0.0979020979020979,0.2097902097902098,0.27972027972027974,0.2937062937062937
