var1,var2,var3,var4,var5,var6
0.062111801242236024,0.07453416149068323,0.11180124223602485,0.16149068322981366,0.22981366459627328,0.36024844720496896
