var1,var2,var3,var4,var5,var6
0.02097902097902098,0.055944055944055944,0.13286713286713286,0.23076923076923078,0.24475524475524477,0.3146853146853147
