var1,var2,var3,var4,var5,var6
0.032432432432432434,0.06486486486486487,0.14054054054054055,0.1891891891891892,0.2810810810810811,0.2918918918918919
