var1,var2,var3,var4,var5,var6
0.08,0.08571428571428572,0.10285714285714286,0.21714285714285714,0.22857142857142856,0.2857142857142857
