var1,var2,var3,var4,var5,var6
0.05759162303664921,0.07853403141361257,0.08376963350785341,0.17801047120418848,0.2774869109947644,0.32460732984293195
