var1,var2,var3,var4,var5,var6
0.011428571428571429,0.06285714285714286,0.10285714285714286,0.2057142857142857,0.22857142857142856,0.38857142857142857
