var1,var2,var3,var4,var5,var6
0.029411764705882353,0.08333333333333333,0.1568627450980392,0.16666666666666666,0.27450980392156865,0.28921568627450983
