var1,var2,var3,var4,var5,var6
0.041916167664670656,0.10179640718562874,0.11976047904191617,0.1497005988023952,0.18562874251497005,0.40119760479041916
