var1,var2,var3,var4,var5,var6
0.06926406926406926,0.12121212121212122,0.1471861471861472,0.1645021645021645,0.22510822510822512,0.2727272727272727
