var1,var2,var3,var4,var5,var6
0.047619047619047616,0.07482993197278912,0.11564625850340136,0.1360544217687075,0.17006802721088435,0.4557823129251701
