var1,var2,var3,var4,var5,var6
0.07344632768361582,0.0847457627118644,0.0903954802259887,0.12994350282485875,0.2994350282485876,0.3220338983050847
