var1,var2,var3,var4,var5,var6
0.03289473684210526,0.05263157894736842,0.09210526315789473,0.23026315789473684,0.2565789473684211,0.3355263157894737
