var1,var2,var3,var4,var5,var6
0.014814814814814815,0.022222222222222223,0.07407407407407407,0.23703703703703705,0.26666666666666666,0.3851851851851852
