var1,var2,var3,var4,var5,var6
0.07079646017699115,0.08849557522123894,0.1504424778761062,0.17699115044247787,0.23008849557522124,0.2831858407079646
