var1,var2,var3,var4,var5,var6
0.06666666666666667,0.08888888888888889,0.1111111111111111,0.2074074074074074,0.24444444444444444,0.2814814814814815
