var1,var2,var3,var4,var5,var6
0.023121387283236993,0.09248554913294797,0.12716763005780346,0.14450867052023122,0.2658959537572254,0.3468208092485549
