var1,var2,var3,var4,var5,var6
0.025210084033613446,0.05042016806722689,0.11764705882352941,0.18487394957983194,0.20168067226890757,0.42016806722689076
