var1,var2,var3,var4,var5,var6
0.0735930735930736,0.1038961038961039,0.11255411255411256,0.2077922077922078,0.23376623376623376,0.2683982683982684
