var1,var2,var3,var4,var5,var6
0.034782608695652174,0.05217391304347826,0.0782608695652174,0.10434782608695652,0.2782608695652174,0.45217391304347826
