var1,var2,var3,var4,var5,var6
0.07692307692307693,0.11188811188811189,0.13986013986013987,0.20279720279720279,0.22377622377622378,0.24475524475524477
