var1,var2,var3,var4,var5,var6
0.03816793893129771,0.06870229007633588,0.15267175572519084,0.21374045801526717,0.2366412213740458,0.2900763358778626
