var1,var2,var3,var4,var5,var6
0.03428571428571429,0.05142857142857143,0.09142857142857143,0.14857142857142858,0.29714285714285715,0.37714285714285717
