var1,var2,var3,var4,var5,var6
0.014184397163120567,0.0425531914893617,0.09929078014184398,0.16312056737588654,0.19858156028368795,0.48226950354609927
