var1,var2,var3,var4,var5,var6
0.037037037037037035,0.1037037037037037,0.16296296296296298,0.2074074074074074,0.23703703703703705,0.2518518518518518
