var1,var2,var3,var4,var5,var6
0.02631578947368421,0.03684210526315789,0.11052631578947368,0.20526315789473684,0.24736842105263157,0.3736842105263158
