var1,var2,var3,var4,var5,var6
0.01639344262295082,0.04371584699453552,0.09836065573770492,0.15300546448087432,0.28415300546448086,0.40437158469945356
