var1,var2,var3,var4,var5,var6
0.07534246575342465,0.13013698630136986,0.136986301369863,0.19863013698630136,0.2191780821917808,0.23972602739726026
