var1,var2,var3,var4,var5,var6
0.07692307692307693,0.11764705882352941,0.1493212669683258,0.167420814479638,0.2171945701357466,0.27149321266968324
