var1,var2,var3,var4,var5,var6
0.05673758865248227,0.0851063829787234,0.1276595744680851,0.16312056737588654,0.22695035460992907,0.3404255319148936
