var1,var2,var3,var4,var5,var6
0.02824858757062147,0.04519774011299435,0.11864406779661017,0.22033898305084745,0.2542372881355932,0.3333333333333333
