var1,var2,var3,var4,var5,var6
0.031496062992125984,0.07874015748031496,0.09448818897637795,0.15748031496062992,0.25984251968503935,0.3779527559055118
