var1,var2,var3,var4,var5,var6
0.013071895424836602,0.0392156862745098,0.1111111111111111,0.16993464052287582,0.2875816993464052,0.3790849673202614
