var1,var2,var3,var4,var5,var6
0.05389221556886228,0.0718562874251497,0.09580838323353294,0.11976047904191617,0.25149700598802394,0.40718562874251496
