var1,var2,var3,var4,var5,var6
0.01951219512195122,0.1073170731707317,0.16097560975609757,0.2048780487804878,0.23414634146341465,0.2731707317073171
