var1,var2,var3,var4,var5,var6
0.08239700374531835,0.09737827715355805,0.13108614232209737,0.17228464419475656,0.23220973782771537,0.2846441947565543
