var1,var2,var3,var4,var5,var6
0.026845637583892617,0.053691275167785234,0.1476510067114094,0.19463087248322147,0.28187919463087246,0.2953020134228188
