var1,var2,var3,var4,var5,var6
0.032520325203252036,0.04878048780487805,0.16260162601626016,0.17073170731707318,0.2601626016260163,0.3252032520325203
