var1,var2,var3,var4,var5,var6
0.03463203463203463,0.15584415584415584,0.1645021645021645,0.18181818181818182,0.22077922077922077,0.24242424242424243
