var1,var2,var3,var4,var5,var6
0.06091370558375635,0.07614213197969544,0.16243654822335024,0.20812182741116753,0.22842639593908629,0.2639593908629442
