var1,var2,var3,var4,var5,var6
0.01680672268907563,0.058823529411764705,0.11764705882352941,0.23529411764705882,0.2689075630252101,0.3025210084033613
