var1,var2,var3,var4,var5,var6
0.046242774566473986,0.10982658959537572,0.12138728323699421,0.16184971098265896,0.1907514450867052,0.3699421965317919
