var1,var2,var3,var4,var5,var6
0.07179487179487179,0.08717948717948718,0.18461538461538463,0.19487179487179487,0.2153846153846154,0.24615384615384617
