var1,var2,var3,var4,var5,var6
0.0196078431372549,0.054901960784313725,0.14901960784313725,0.19607843137254902,0.27450980392156865,0.3058823529411765
