var1,var2,var3,var4,var5,var6
0.09696969696969697,0.12121212121212122,0.13333333333333333,0.18181818181818182,0.22424242424242424,0.24242424242424243
