var1,var2,var3,var4,var5,var6
0.026881720430107527,0.11290322580645161,0.1774193548387097,0.1989247311827957,0.21505376344086022,0.26881720430107525
