var1,var2,var3,var4,var5,var6
0.011695906432748537,0.05847953216374269,0.15789473684210525,0.19883040935672514,0.23391812865497075,0.3391812865497076
