var1,var2,var3,var4,var5,var6
0.03636363636363636,0.048484848484848485,0.15151515151515152,0.17575757575757575,0.26666666666666666,0.3212121212121212
