var1,var2,var3,var4,var5,var6
0.06701030927835051,0.09278350515463918,0.10309278350515463,0.14948453608247422,0.27319587628865977,0.31443298969072164
