var1,var2,var3,var4,var5,var6
0.04522613065326633,0.07035175879396985,0.08040201005025126,0.24120603015075376,0.2613065326633166,0.3015075376884422
