var1,var2,var3,var4,var5,var6
0.050314465408805034,0.0880503144654088,0.16352201257861634,0.18867924528301888,0.22012578616352202,0.2893081761006289
