var1,var2,var3,var4,var5,var6
0.029411764705882353,0.09558823529411764,0.11029411764705882,0.15441176470588236,0.2867647058823529,0.3235294117647059
