var1,var2,var3,var4,var5,var6
0.04020100502512563,0.07537688442211055,0.09045226130653267,0.1407035175879397,0.31155778894472363,0.3417085427135678
