var1,var2,var3,var4,var5,var6
0.07228915662650602,0.10040160642570281,0.15261044176706828,0.17670682730923695,0.18473895582329317,0.3132530120481928
