var1,var2,var3,var4,var5,var6
0.04294478527607362,0.11042944785276074,0.147239263803681,0.1656441717791411,0.25153374233128833,0.2822085889570552
