var1,var2,var3,var4,var5,var6
0.04142011834319527,0.07100591715976332,0.1301775147928994,0.23668639053254437,0.2485207100591716,0.27218934911242604
