var1,var2,var3,var4,var5,var6
0.013824884792626729,0.09216589861751152,0.12903225806451613,0.2119815668202765,0.2672811059907834,0.2857142857142857
