var1,var2,var3,var4,var5,var6
0.057803468208092484,0.06358381502890173,0.15028901734104047,0.23121387283236994,0.24277456647398843,0.2543352601156069
