var1,var2,var3,var4,var5,var6
0.03773584905660377,0.0830188679245283,0.13584905660377358,0.19622641509433963,0.2641509433962264,0.2830188679245283
