var1,var2,var3,var4,var5,var6
0.04081632653061224,0.12755102040816327,0.14795918367346939,0.17857142857142858,0.24489795918367346,0.2602040816326531
