var1,var2,var3,var4,var5,var6
0.07894736842105263,0.08552631578947369,0.1118421052631579,0.125,0.26973684210526316,0.32894736842105265
