var1,var2,var3,var4,var5,var6
0.023923444976076555,0.05741626794258373,0.12440191387559808,0.15311004784688995,0.20095693779904306,0.44019138755980863
