var1,var2,var3,var4,var5,var6
0.030303030303030304,0.06060606060606061,0.1111111111111111,0.12121212121212122,0.2727272727272727,0.40404040404040403
