var1,var2,var3,var4,var5,var6
0.016260162601626018,0.08130081300813008,0.12195121951219512,0.17886178861788618,0.22764227642276422,0.37398373983739835
