var1,var2,var3,var4,var5,var6
0.04329004329004329,0.12554112554112554,0.13852813852813853,0.19913419913419914,0.23376623376623376,0.2597402597402597
