var1,var2,var3,var4,var5,var6
0.041666666666666664,0.10416666666666667,0.11805555555555555,0.16666666666666666,0.25,0.3194444444444444
