var1,var2,var3,var4,var5,var6
0.016736401673640166,0.12552301255230125,0.1506276150627615,0.2175732217573222,0.2217573221757322,0.26778242677824265
