var1,var2,var3,var4,var5,var6
0.0379746835443038,0.06329113924050633,0.10759493670886076,0.1962025316455696,0.21518987341772153,0.379746835443038
