var1,var2,var3,var4,var5,var6
0.024539877300613498,0.06748466257668712,0.12269938650306748,0.15950920245398773,0.19631901840490798,0.4294478527607362
