var1,var2,var3,var4,var5,var6
0.0481283422459893,0.10695187165775401,0.12834224598930483,0.1925133689839572,0.24598930481283424,0.27807486631016043
