var1,var2,var3,var4,var5,var6
0.045454545454545456,0.05454545454545454,0.06363636363636363,0.17272727272727273,0.3181818181818182,0.34545454545454546
