var1,var2,var3,var4,var5,var6
0.038461538461538464,0.1076923076923077,0.13076923076923078,0.18461538461538463,0.19230769230769232,0.34615384615384615
