var1,var2,var3,var4,var5,var6
0.01568627450980392,0.06274509803921569,0.12156862745098039,0.16470588235294117,0.2980392156862745,0.33725490196078434
