var1,var2,var3,var4,var5,var6
0.059113300492610835,0.08866995073891626,0.10837438423645321,0.14285714285714285,0.18719211822660098,0.41379310344827586
