var1,var2,var3,var4,var5,var6
0.06666666666666667,0.10666666666666667,0.14666666666666667,0.17777777777777778,0.2,0.3022222222222222
