var1,var2,var3,var4,var5,var6
0.017964071856287425,0.08383233532934131,0.17964071856287425,0.20359281437125748,0.23952095808383234,0.2754491017964072
