var1,var2,var3,var4,var5,var6
0.07194244604316546,0.12949640287769784,0.16546762589928057,0.17266187050359713,0.18705035971223022,0.2733812949640288
