var1,var2,var3,var4,var5,var6
0.03870967741935484,0.07741935483870968,0.10967741935483871,0.23225806451612904,0.24516129032258063,0.2967741935483871
