var1,var2,var3,var4,var5,var6
0.030534351145038167,0.04580152671755725,0.16793893129770993,0.19083969465648856,0.22900763358778625,0.33587786259541985
