var1,var2,var3,var4,var5,var6
0.016042780748663103,0.0427807486631016,0.13903743315508021,0.20320855614973263,0.23529411764705882,0.36363636363636365
