var1,var2,var3,var4,var5,var6
0.04678362573099415,0.06432748538011696,0.14035087719298245,0.19883040935672514,0.23391812865497075,0.3157894736842105
