var1,var2,var3,var4,var5,var6
0.025906735751295335,0.06217616580310881,0.10362694300518134,0.21761658031088082,0.22797927461139897,0.3626943005181347
