var1,var2,var3,var4,var5,var6
0.013422818791946308,0.040268456375838924,0.09395973154362416,0.21476510067114093,0.26174496644295303,0.37583892617449666
