var1,var2,var3,var4,var5,var6
0.02097902097902098,0.04195804195804196,0.055944055944055944,0.1958041958041958,0.27972027972027974,0.40559440559440557
