var1,var2,var3,var4,var5,var6
0.06321839080459771,0.09195402298850575,0.16091954022988506,0.19540229885057472,0.21839080459770116,0.27011494252873564
