var1,var2,var3,var4,var5,var6
0.04918032786885246,0.12021857923497267,0.14207650273224043,0.18579234972677597,0.20218579234972678,0.3005464480874317
