var1,var2,var3,var4,var5,var6
0.03980099502487562,0.0945273631840796,0.12935323383084577,0.15920398009950248,0.23880597014925373,0.3383084577114428
