var1,var2,var3,var4,var5,var6
0.03088803088803089,0.0888030888030888,0.16988416988416988,0.18532818532818532,0.22393822393822393,0.30115830115830117
