var1,var2,var3,var4,var5,var6
0.07079646017699115,0.11504424778761062,0.1415929203539823,0.1592920353982301,0.19469026548672566,0.3185840707964602
