var1,var2,var3,var4,var5,var6
0.026845637583892617,0.1342281879194631,0.1476510067114094,0.20134228187919462,0.2214765100671141,0.2684563758389262
