var1,var2,var3,var4,var5,var6
0.018633540372670808,0.049689440993788817,0.08695652173913043,0.2360248447204969,0.2484472049689441,0.36024844720496896
