var1,var2,var3,var4,var5,var6
0.032679738562091505,0.0915032679738562,0.1568627450980392,0.19607843137254902,0.2222222222222222,0.3006535947712418
