var1,var2,var3,var4,var5,var6
0.020512820512820513,0.07692307692307693,0.17435897435897435,0.18974358974358974,0.22564102564102564,0.3128205128205128
