var1,var2,var3,var4,var5,var6
0.020134228187919462,0.08053691275167785,0.12080536912751678,0.19463087248322147,0.22818791946308725,0.35570469798657717
