var1,var2,var3,var4,var5,var6
0.08866995073891626,0.11822660098522167,0.12807881773399016,0.15270935960591134,0.22660098522167488,0.2857142857142857
