var1,var2,var3,var4,var5,var6
0.056910569105691054,0.08130081300813008,0.14634146341463414,0.16260162601626016,0.2601626016260163,0.2926829268292683
