var1,var2,var3,var4,var5,var6
0.024390243902439025,0.04878048780487805,0.06504065040650407,0.14634146341463414,0.2682926829268293,0.44715447154471544
