var1,var2,var3,var4,var5,var6
0.017142857142857144,0.08571428571428572,0.17142857142857143,0.2,0.24571428571428572,0.28
