var1,var2,var3,var4,var5,var6
0.040983606557377046,0.06557377049180328,0.08196721311475409,0.1721311475409836,0.27049180327868855,0.36885245901639346
