var1,var2,var3,var4,var5,var6
0.0410958904109589,0.0958904109589041,0.11643835616438356,0.1643835616438356,0.273972602739726,0.3082191780821918
