var1,var2,var3,var4,var5,var6
0.03524229074889868,0.07929515418502203,0.09691629955947137,0.12334801762114538,0.32599118942731276,0.3392070484581498
