var1,var2,var3,var4,var5,var6
0.06629834254143646,0.07734806629834254,0.16574585635359115,0.20994475138121546,0.2265193370165746,0.2541436464088398
