var1,var2,var3,var4,var5,var6
0.08762886597938144,0.09278350515463918,0.13917525773195877,0.211340206185567,0.22164948453608246,0.24742268041237114
