var1,var2,var3,var4,var5,var6
0.03088803088803089,0.0888030888030888,0.138996138996139,0.21621621621621623,0.2548262548262548,0.2702702702702703
