var1,var2,var3,var4,var5,var6
0.1050228310502283,0.1415525114155251,0.1506849315068493,0.1689497716894977,0.2100456621004566,0.2237442922374429
