var1,var2,var3,var4,var5,var6
0.02030456852791878,0.07106598984771574,0.09644670050761421,0.15228426395939088,0.3147208121827411,0.34517766497461927
