var1,var2,var3,var4,var5,var6
0.02247191011235955,0.08239700374531835,0.1198501872659176,0.17228464419475656,0.27340823970037453,0.3295880149812734
