var1,var2,var3,var4,var5,var6
0.04743083003952569,0.08695652173913043,0.14624505928853754,0.16600790513833993,0.26877470355731226,0.2845849802371542
