var1,var2,var3,var4,var5,var6
0.03550295857988166,0.14201183431952663,0.15384615384615385,0.1834319526627219,0.20118343195266272,0.28402366863905326
