var1,var2,var3,var4,var5,var6
0.038461538461538464,0.04945054945054945,0.10989010989010989,0.23076923076923078,0.24725274725274726,0.3241758241758242
