var1,var2,var3,var4,var5,var6
0.08,0.10181818181818182,0.13454545454545455,0.17454545454545456,0.22545454545454546,0.28363636363636363
