var1,var2,var3,var4,var5,var6
0.024793388429752067,0.06611570247933884,0.08264462809917356,0.15702479338842976,0.19008264462809918,0.4793388429752066
