var1,var2,var3,var4,var5,var6
0.07582938388625593,0.13270142180094788,0.14218009478672985,0.16587677725118483,0.22748815165876776,0.2559241706161137
