var1,var2,var3,var4,var5,var6
0.059113300492610835,0.10837438423645321,0.13793103448275862,0.20689655172413793,0.22660098522167488,0.26108374384236455
