var1,var2,var3,var4,var5,var6
0.061224489795918366,0.09795918367346938,0.11428571428571428,0.20408163265306123,0.23673469387755103,0.2857142857142857
