var1,var2,var3,var4,var5,var6
0.04678362573099415,0.05847953216374269,0.17543859649122806,0.2046783625730994,0.24561403508771928,0.26900584795321636
