var1,var2,var3,var4,var5,var6
0.046511627906976744,0.07751937984496124,0.10852713178294573,0.21705426356589147,0.24031007751937986,0.31007751937984496
