var1,var2,var3,var4,var5,var6
0.08383233532934131,0.09580838323353294,0.1497005988023952,0.19161676646706588,0.2275449101796407,0.25149700598802394
