var1,var2,var3,var4,var5,var6
0.06635071090047394,0.08056872037914692,0.13744075829383887,0.17061611374407584,0.24644549763033174,0.2985781990521327
