var1,var2,var3,var4,var5,var6
0.027210884353741496,0.1360544217687075,0.17687074829931973,0.19047619047619047,0.22448979591836735,0.24489795918367346
