var1,var2,var3,var4,var5,var6
0.038461538461538464,0.07051282051282051,0.09615384615384616,0.21794871794871795,0.23717948717948717,0.33974358974358976
