var1,var2,var3,var4,var5,var6
0.027972027972027972,0.11188811188811189,0.1258741258741259,0.18181818181818182,0.2517482517482518,0.3006993006993007
