var1,var2,var3,var4,var5,var6
0.0670391061452514,0.0782122905027933,0.16759776536312848,0.19553072625698323,0.22346368715083798,0.2681564245810056
