var1,var2,var3,var4,var5,var6
0.022556390977443608,0.07518796992481203,0.17293233082706766,0.20300751879699247,0.23308270676691728,0.2932330827067669
