var1,var2,var3,var4,var5,var6
0.056910569105691054,0.08130081300813008,0.16260162601626016,0.17886178861788618,0.1951219512195122,0.3252032520325203
