var1,var2,var3,var4,var5,var6
0.03867403314917127,0.08839779005524862,0.09944751381215469,0.15469613259668508,0.2983425414364641,0.32044198895027626
