var1,var2,var3,var4,var5,var6
0.05660377358490566,0.0880503144654088,0.10062893081761007,0.1509433962264151,0.2893081761006289,0.31446540880503143
