var1,var2,var3,var4,var5,var6
0.03614457831325301,0.05421686746987952,0.08433734939759036,0.18674698795180722,0.2469879518072289,0.39156626506024095
