var1,var2,var3,var4,var5,var6
0.04390243902439024,0.05365853658536585,0.18048780487804877,0.1951219512195122,0.25365853658536586,0.2731707317073171
