var1,var2,var3,var4,var5,var6
0.08866995073891626,0.11330049261083744,0.12315270935960591,0.15763546798029557,0.21674876847290642,0.30049261083743845
