var1,var2,var3,var4,var5,var6
0.011976047904191617,0.07784431137724551,0.11976047904191617,0.2155688622754491,0.2754491017964072,0.2994011976047904
