var1,var2,var3,var4,var5,var6
0.026490066225165563,0.07947019867549669,0.08609271523178808,0.13245033112582782,0.33112582781456956,0.3443708609271523
