var1,var2,var3,var4,var5,var6
0.021739130434782608,0.057971014492753624,0.11594202898550725,0.2246376811594203,0.26811594202898553,0.3115942028985507
