var1,var2,var3,var4,var5,var6
0.0797872340425532,0.1276595744680851,0.14361702127659576,0.18617021276595744,0.21808510638297873,0.24468085106382978
