var1,var2,var3,var4,var5,var6
0.043209876543209874,0.11728395061728394,0.13580246913580246,0.19135802469135801,0.2222222222222222,0.29012345679012347
