var1,var2,var3,var4,var5,var6
0.059782608695652176,0.08152173913043478,0.11956521739130435,0.19021739130434784,0.266304347826087,0.2826086956521739
