var1,var2,var3,var4,var5,var6
0.029411764705882353,0.047058823529411764,0.14705882352941177,0.17058823529411765,0.23529411764705882,0.37058823529411766
