var1,var2,var3,var4,var5,var6
0.030456852791878174,0.09644670050761421,0.1218274111675127,0.20304568527918782,0.2639593908629442,0.28426395939086296
