var1,var2,var3,var4,var5,var6
0.04918032786885246,0.1092896174863388,0.16393442622950818,0.18579234972677597,0.22950819672131148,0.26229508196721313
