var1,var2,var3,var4,var5,var6
0.03111111111111111,0.07111111111111111,0.12,0.19555555555555557,0.28,0.3022222222222222
