var1,var2,var3,var4,var5,var6
0.02040816326530612,0.04081632653061224,0.1360544217687075,0.20408163265306123,0.272108843537415,0.32653061224489793
