var1,var2,var3,var4,var5,var6
0.024539877300613498,0.07975460122699386,0.147239263803681,0.2085889570552147,0.2147239263803681,0.32515337423312884
