var1,var2,var3,var4,var5,var6
0.04926108374384237,0.11330049261083744,0.12807881773399016,0.15270935960591134,0.23645320197044334,0.32019704433497537
