var1,var2,var3,var4,var5,var6
0.08780487804878048,0.11707317073170732,0.13170731707317074,0.15609756097560976,0.22439024390243903,0.28292682926829266
