var1,var2,var3,var4,var5,var6
0.014184397163120567,0.04964539007092199,0.09929078014184398,0.2127659574468085,0.2907801418439716,0.3333333333333333
