var1,var2,var3,var4,var5,var6
0.04145077720207254,0.11917098445595854,0.14507772020725387,0.18134715025906736,0.20207253886010362,0.31088082901554404
