var1,var2,var3,var4,var5,var6
0.014184397163120567,0.1276595744680851,0.14893617021276595,0.19858156028368795,0.24113475177304963,0.2695035460992908
