var1,var2,var3,var4,var5,var6
0.05063291139240506,0.10970464135021098,0.14767932489451477,0.17721518987341772,0.2109704641350211,0.3037974683544304
