var1,var2,var3,var4,var5,var6
0.014814814814814815,0.044444444444444446,0.0962962962962963,0.2074074074074074,0.2814814814814815,0.35555555555555557
