var1,var2,var3,var4,var5,var6
0.020100502512562814,0.09547738693467336,0.1708542713567839,0.18090452261306533,0.23115577889447236,0.3015075376884422
