var1,var2,var3,var4,var5,var6
0.011976047904191617,0.08383233532934131,0.16167664670658682,0.2215568862275449,0.23952095808383234,0.281437125748503
