var1,var2,var3,var4,var5,var6
0.037037037037037035,0.14814814814814814,0.1746031746031746,0.17989417989417988,0.2222222222222222,0.23809523809523808
