var1,var2,var3,var4,var5,var6
0.04975124378109453,0.06965174129353234,0.14925373134328357,0.1890547263681592,0.263681592039801,0.27860696517412936
