var1,var2,var3,var4,var5,var6
0.034482758620689655,0.09655172413793103,0.15172413793103448,0.19310344827586207,0.2206896551724138,0.30344827586206896
