var1,var2,var3,var4,var5,var6
0.012121212121212121,0.024242424242424242,0.12727272727272726,0.1696969696969697,0.2909090909090909,0.37575757575757573
