var1,var2,var3,var4,var5,var6
0.03664921465968586,0.06282722513089005,0.17801047120418848,0.2094240837696335,0.23036649214659685,0.28272251308900526
