var1,var2,var3,var4,var5,var6
0.029850746268656716,0.10945273631840796,0.12935323383084577,0.1890547263681592,0.20398009950248755,0.3383084577114428
