var1,var2,var3,var4,var5,var6
0.04119850187265917,0.0898876404494382,0.11235955056179775,0.18726591760299627,0.2546816479400749,0.3146067415730337
