var1,var2,var3,var4,var5,var6
0.05405405405405406,0.05945945945945946,0.13513513513513514,0.15675675675675677,0.25405405405405407,0.34054054054054056
