var1,var2,var3,var4,var5,var6
0.043243243243243246,0.06486486486486487,0.14594594594594595,0.17297297297297298,0.2702702702702703,0.3027027027027027
