var1,var2,var3,var4,var5,var6
0.07042253521126761,0.09389671361502347,0.11267605633802817,0.19718309859154928,0.24413145539906103,0.28169014084507044
