var1,var2,var3,var4,var5,var6
0.03723404255319149,0.047872340425531915,0.09574468085106383,0.17553191489361702,0.26595744680851063,0.3776595744680851
