var1,var2,var3,var4,var5,var6
0.015748031496062992,0.05511811023622047,0.10236220472440945,0.11023622047244094,0.29133858267716534,0.4251968503937008
