var1,var2,var3,var4,var5,var6
0.04201680672268908,0.05042016806722689,0.16806722689075632,0.20168067226890757,0.23529411764705882,0.3025210084033613
