var1,var2,var3,var4,var5,var6
0.03162055335968379,0.07114624505928854,0.16600790513833993,0.1857707509881423,0.22924901185770752,0.31620553359683795
