var1,var2,var3,var4,var5,var6
0.07741935483870968,0.1032258064516129,0.11612903225806452,0.15483870967741936,0.22580645161290322,0.3225806451612903
