var1,var2,var3,var4,var5,var6
0.026490066225165563,0.052980132450331126,0.10596026490066225,0.19205298013245034,0.25165562913907286,0.3708609271523179
