var1,var2,var3,var4,var5,var6
0.02030456852791878,0.030456852791878174,0.13705583756345177,0.16243654822335024,0.28426395939086296,0.36548223350253806
