var1,var2,var3,var4,var5,var6
0.0547945205479452,0.1461187214611872,0.1643835616438356,0.1917808219178082,0.2054794520547945,0.2374429223744292
