var1,var2,var3,var4,var5,var6
0.06134969325153374,0.09202453987730061,0.147239263803681,0.20245398773006135,0.22699386503067484,0.26993865030674846
