var1,var2,var3,var4,var5,var6
0.07373271889400922,0.1152073732718894,0.1382488479262673,0.17511520737327188,0.22119815668202766,0.2764976958525346
