var1,var2,var3,var4,var5,var6
0.08387096774193549,0.11612903225806452,0.12258064516129032,0.1870967741935484,0.23225806451612904,0.25806451612903225
