var1,var2,var3,var4,var5,var6
0.02030456852791878,0.06598984771573604,0.1218274111675127,0.17258883248730963,0.2639593908629442,0.3553299492385787
