var1,var2,var3,var4,var5,var6
0.05660377358490566,0.0880503144654088,0.16352201257861634,0.1761006289308176,0.2389937106918239,0.27672955974842767
