var1,var2,var3,var4,var5,var6
0.03680981595092025,0.049079754601226995,0.09202453987730061,0.17177914110429449,0.26993865030674846,0.3803680981595092
