var1,var2,var3,var4,var5,var6
0.06289308176100629,0.08176100628930817,0.11320754716981132,0.22641509433962265,0.25157232704402516,0.2641509433962264
