var1,var2,var3,var4,var5,var6
0.04145077720207254,0.07772020725388601,0.09326424870466321,0.20725388601036268,0.22797927461139897,0.35233160621761656
