var1,var2,var3,var4,var5,var6
0.011560693641618497,0.05202312138728324,0.09248554913294797,0.16184971098265896,0.3236994219653179,0.3583815028901734
