var1,var2,var3,var4,var5,var6
0.0718562874251497,0.09580838323353294,0.10179640718562874,0.11976047904191617,0.2754491017964072,0.33532934131736525
