var1,var2,var3,var4,var5,var6
0.10948905109489052,0.1386861313868613,0.1678832116788321,0.17518248175182483,0.18248175182481752,0.22627737226277372
