var1,var2,var3,var4,var5,var6
0.03292181069958848,0.12345679012345678,0.14814814814814814,0.2139917695473251,0.22633744855967078,0.2551440329218107
