var1,var2,var3,var4,var5,var6
0.027649769585253458,0.04608294930875576,0.10599078341013825,0.18433179723502305,0.2764976958525346,0.35944700460829493
