var1,var2,var3,var4,var5,var6
0.03205128205128205,0.07692307692307693,0.12179487179487179,0.1858974358974359,0.22435897435897437,0.358974358974359
