var1,var2,var3,var4,var5,var6
0.08695652173913043,0.1358695652173913,0.15760869565217392,0.19021739130434784,0.20108695652173914,0.22826086956521738
