var1,var2,var3,var4,var5,var6
0.0912863070539419,0.1037344398340249,0.12448132780082988,0.13278008298755187,0.24066390041493776,0.3070539419087137
