var1,var2,var3,var4,var5,var6
0.01875,0.0625,0.125,0.18125,0.21875,0.39375
