var1,var2,var3,var4,var5,var6
0.030864197530864196,0.043209876543209874,0.06790123456790123,0.16666666666666666,0.2716049382716049,0.41975308641975306
