var1,var2,var3,var4,var5,var6
0.04032258064516129,0.11290322580645161,0.1693548387096774,0.1935483870967742,0.22580645161290322,0.25806451612903225
