var1,var2,var3,var4,var5,var6
0.05583756345177665,0.09137055837563451,0.10152284263959391,0.2131979695431472,0.25380710659898476,0.28426395939086296
