var1,var2,var3,var4,var5,var6
0.023696682464454975,0.037914691943127965,0.14218009478672985,0.20853080568720378,0.22748815165876776,0.36018957345971564
