var1,var2,var3,var4,var5,var6
0.08021390374331551,0.10695187165775401,0.1497326203208556,0.1925133689839572,0.22459893048128343,0.24598930481283424
