var1,var2,var3,var4,var5,var6
0.034013605442176874,0.05442176870748299,0.08163265306122448,0.14285714285714285,0.25170068027210885,0.43537414965986393
