var1,var2,var3,var4,var5,var6
0.044444444444444446,0.08888888888888889,0.1037037037037037,0.11851851851851852,0.14074074074074075,0.5037037037037037
