var1,var2,var3,var4,var5,var6
0.029239766081871343,0.04678362573099415,0.14035087719298245,0.16374269005847952,0.2222222222222222,0.39766081871345027
