var1,var2,var3,var4,var5,var6
0.04878048780487805,0.0975609756097561,0.18699186991869918,0.1951219512195122,0.21951219512195122,0.25203252032520324
