var1,var2,var3,var4,var5,var6
0.04040404040404041,0.050505050505050504,0.08080808080808081,0.16161616161616163,0.18181818181818182,0.48484848484848486
