var1,var2,var3,var4,var5,var6
0.055865921787709494,0.07262569832402235,0.1005586592178771,0.11173184357541899,0.2346368715083799,0.4245810055865922
