var1,var2,var3,var4,var5,var6
0.06310679611650485,0.13592233009708737,0.15048543689320387,0.16990291262135923,0.22815533980582525,0.2524271844660194
