var1,var2,var3,var4,var5,var6
0.06857142857142857,0.14857142857142858,0.16,0.1657142857142857,0.2057142857142857,0.25142857142857145
