var1,var2,var3,var4,var5,var6
0.03389830508474576,0.062146892655367235,0.0903954802259887,0.13559322033898305,0.327683615819209,0.3502824858757062
