var1,var2,var3,var4,var5,var6
0.048484848484848485,0.11515151515151516,0.15151515151515152,0.1696969696969697,0.21212121212121213,0.30303030303030304
