var1,var2,var3,var4,var5,var6
0.06716417910447761,0.09701492537313433,0.11194029850746269,0.1865671641791045,0.19402985074626866,0.34328358208955223
