var1,var2,var3,var4,var5,var6
0.037209302325581395,0.05581395348837209,0.14418604651162792,0.15813953488372093,0.27906976744186046,0.32558139534883723
