var1,var2,var3,var4,var5,var6
0.030534351145038167,0.03816793893129771,0.12213740458015267,0.1984732824427481,0.2748091603053435,0.33587786259541985
