var1,var2,var3,var4,var5,var6
0.011560693641618497,0.03468208092485549,0.12138728323699421,0.16184971098265896,0.30057803468208094,0.3699421965317919
