var1,var2,var3,var4,var5,var6
0.07643312101910828,0.09554140127388536,0.10191082802547771,0.14012738853503184,0.22929936305732485,0.35668789808917195
