var1,var2,var3,var4,var5,var6
0.10426540284360189,0.13270142180094788,0.14691943127962084,0.17061611374407584,0.18009478672985782,0.26540284360189575
