var1,var2,var3,var4,var5,var6
0.06766917293233082,0.09774436090225563,0.17293233082706766,0.18045112781954886,0.21804511278195488,0.2631578947368421
