var1,var2,var3,var4,var5,var6
0.041025641025641026,0.06153846153846154,0.07179487179487179,0.20512820512820512,0.2205128205128205,0.4
