var1,var2,var3,var4,var5,var6
0.07092198581560284,0.09219858156028368,0.11347517730496454,0.14184397163120568,0.15602836879432624,0.425531914893617
