var1,var2,var3,var4,var5,var6
0.008264462809917356,0.08264462809917356,0.11570247933884298,0.18181818181818182,0.2809917355371901,0.3305785123966942
