var1,var2,var3,var4,var5,var6
0.023809523809523808,0.06349206349206349,0.10317460317460317,0.1984126984126984,0.23015873015873015,0.38095238095238093
