var1,var2,var3,var4,var5,var6
0.10328638497652583,0.1267605633802817,0.13145539906103287,0.19248826291079812,0.20657276995305165,0.23943661971830985
