var1,var2,var3,var4,var5,var6
0.026143790849673203,0.08496732026143791,0.11764705882352941,0.16993464052287582,0.24836601307189543,0.35294117647058826
