var1,var2,var3,var4,var5,var6
0.026490066225165563,0.052980132450331126,0.17880794701986755,0.19205298013245034,0.26490066225165565,0.2847682119205298
