var1,var2,var3,var4,var5,var6
0.0335195530726257,0.0893854748603352,0.10614525139664804,0.18994413407821228,0.2346368715083799,0.3463687150837989
