var1,var2,var3,var4,var5,var6
0.03686635944700461,0.10599078341013825,0.15207373271889402,0.16589861751152074,0.22580645161290322,0.31336405529953915
