var1,var2,var3,var4,var5,var6
0.04487179487179487,0.1346153846153846,0.14743589743589744,0.1987179487179487,0.22435897435897437,0.25
