var1,var2,var3,var4,var5,var6
0.029585798816568046,0.11834319526627218,0.1301775147928994,0.17751479289940827,0.25443786982248523,0.28994082840236685
