var1,var2,var3,var4,var5,var6
0.06572769953051644,0.07511737089201878,0.107981220657277,0.12206572769953052,0.3004694835680751,0.3286384976525822
