var1,var2,var3,var4,var5,var6
0.05128205128205128,0.1391941391941392,0.16117216117216118,0.20146520146520147,0.21978021978021978,0.2271062271062271
