var1,var2,var3,var4,var5,var6
0.0594059405940594,0.06930693069306931,0.07920792079207921,0.15841584158415842,0.25742574257425743,0.37623762376237624
