var1,var2,var3,var4,var5,var6
0.06334841628959276,0.09049773755656108,0.11764705882352941,0.13574660633484162,0.2850678733031674,0.3076923076923077
