var1,var2,var3,var4,var5,var6
0.0446927374301676,0.1005586592178771,0.11731843575418995,0.1564245810055866,0.1787709497206704,0.4022346368715084
