var1,var2,var3,var4,var5,var6
0.06698564593301436,0.0861244019138756,0.1674641148325359,0.18181818181818182,0.21052631578947367,0.28708133971291866
