var1,var2,var3,var4,var5,var6
0.014634146341463415,0.11219512195121951,0.13170731707317074,0.2,0.23902439024390243,0.3024390243902439
