var1,var2,var3,var4,var5,var6
0.023076923076923078,0.07692307692307693,0.14615384615384616,0.15384615384615385,0.19230769230769232,0.4076923076923077
