var1,var2,var3,var4,var5,var6
0.05365853658536585,0.07317073170731707,0.0975609756097561,0.16585365853658537,0.28780487804878047,0.32195121951219513
