var1,var2,var3,var4,var5,var6
0.05392156862745098,0.09803921568627451,0.12254901960784313,0.18137254901960784,0.2549019607843137,0.28921568627450983
