var1,var2,var3,var4,var5,var6
0.06896551724137931,0.10837438423645321,0.12315270935960591,0.20689655172413793,0.23645320197044334,0.2561576354679803
