var1,var2,var3,var4,var5,var6
0.029940119760479042,0.10778443113772455,0.16766467065868262,0.19161676646706588,0.2155688622754491,0.2874251497005988
