var1,var2,var3,var4,var5,var6
0.030456852791878174,0.07106598984771574,0.08629441624365482,0.18274111675126903,0.233502538071066,0.39593908629441626
