var1,var2,var3,var4,var5,var6
0.033707865168539325,0.03932584269662921,0.1348314606741573,0.16292134831460675,0.28651685393258425,0.34269662921348315
