var1,var2,var3,var4,var5,var6
0.022556390977443608,0.03759398496240601,0.11278195488721804,0.16541353383458646,0.3082706766917293,0.3533834586466165
