var1,var2,var3,var4,var5,var6
0.01485148514851485,0.06435643564356436,0.14356435643564355,0.16336633663366337,0.2623762376237624,0.35148514851485146
