var1,var2,var3,var4,var5,var6
0.053691275167785234,0.10738255033557047,0.18120805369127516,0.18791946308724833,0.20134228187919462,0.2684563758389262
