var1,var2,var3,var4,var5,var6
0.07100591715976332,0.10059171597633136,0.11834319526627218,0.15384615384615385,0.2485207100591716,0.3076923076923077
