var1,var2,var3,var4,var5,var6
0.03508771929824561,0.10087719298245613,0.11842105263157894,0.15789473684210525,0.17982456140350878,0.40789473684210525
