var1,var2,var3,var4,var5,var6
0.06417112299465241,0.10695187165775401,0.11764705882352941,0.19786096256684493,0.24598930481283424,0.26737967914438504
