var1,var2,var3,var4,var5,var6
0.029850746268656716,0.05970149253731343,0.14925373134328357,0.17164179104477612,0.2462686567164179,0.34328358208955223
