var1,var2,var3,var4,var5,var6
0.0425531914893617,0.04964539007092199,0.11347517730496454,0.19858156028368795,0.2127659574468085,0.3829787234042553
