var1,var2,var3,var4,var5,var6
0.06557377049180328,0.1377049180327869,0.17704918032786884,0.18688524590163935,0.2098360655737705,0.22295081967213115
