var1,var2,var3,var4,var5,var6
0.06535947712418301,0.08496732026143791,0.1830065359477124,0.1895424836601307,0.21568627450980393,0.26143790849673204
