var1,var2,var3,var4,var5,var6
0.06569343065693431,0.08029197080291971,0.1386861313868613,0.2116788321167883,0.24087591240875914,0.26277372262773724
