var1,var2,var3,var4,var5,var6
0.09523809523809523,0.11355311355311355,0.1684981684981685,0.18315018315018314,0.20512820512820512,0.23443223443223443
