var1,var2,var3,var4,var5,var6
0.014388489208633094,0.04316546762589928,0.1223021582733813,0.2014388489208633,0.2733812949640288,0.34532374100719426
