var1,var2,var3,var4,var5,var6
0.08108108108108109,0.11351351351351352,0.17297297297297298,0.1837837837837838,0.2,0.24864864864864866
