var1,var2,var3,var4,var5,var6
0.05660377358490566,0.06918238993710692,0.11949685534591195,0.15723270440251572,0.2578616352201258,0.33962264150943394
