var1,var2,var3,var4,var5,var6
0.03418803418803419,0.06837606837606838,0.08547008547008547,0.13675213675213677,0.3333333333333333,0.3418803418803419
