var1,var2,var3,var4,var5,var6
0.01652892561983471,0.05785123966942149,0.11570247933884298,0.23140495867768596,0.256198347107438,0.32231404958677684
