var1,var2,var3,var4,var5,var6
0.035211267605633804,0.04929577464788732,0.11971830985915492,0.14788732394366197,0.2112676056338028,0.43661971830985913
