var1,var2,var3,var4,var5,var6
0.024875621890547265,0.03980099502487562,0.13930348258706468,0.1890547263681592,0.26865671641791045,0.3383084577114428
