var1,var2,var3,var4,var5,var6
0.021897810218978103,0.10218978102189781,0.10948905109489052,0.1678832116788321,0.26277372262773724,0.3357664233576642
