var1,var2,var3,var4,var5,var6
0.03902439024390244,0.05853658536585366,0.07804878048780488,0.14634146341463414,0.32682926829268294,0.35121951219512193
