var1,var2,var3,var4,var5,var6
0.013793103448275862,0.06206896551724138,0.09655172413793103,0.13793103448275862,0.25517241379310346,0.43448275862068964
