var1,var2,var3,var4,var5,var6
0.03317535545023697,0.07582938388625593,0.12796208530805686,0.20853080568720378,0.23222748815165878,0.3222748815165877
