var1,var2,var3,var4,var5,var6
0.03550295857988166,0.047337278106508875,0.16568047337278108,0.17159763313609466,0.2603550295857988,0.31952662721893493
