var1,var2,var3,var4,var5,var6
0.05084745762711865,0.06779661016949153,0.14689265536723164,0.15819209039548024,0.23163841807909605,0.3446327683615819
