var1,var2,var3,var4,var5,var6
0.043478260869565216,0.06086956521739131,0.14782608695652175,0.2,0.23478260869565218,0.3130434782608696
