var1,var2,var3,var4,var5,var6
0.05027932960893855,0.0782122905027933,0.15083798882681565,0.20670391061452514,0.24022346368715083,0.2737430167597765
