var1,var2,var3,var4,var5,var6
0.011976047904191617,0.12574850299401197,0.16766467065868262,0.19161676646706588,0.2275449101796407,0.2754491017964072
