var1,var2,var3,var4,var5,var6
0.09565217391304348,0.12173913043478261,0.1391304347826087,0.14782608695652175,0.1565217391304348,0.3391304347826087
