var1,var2,var3,var4,var5,var6
0.04040404040404041,0.09090909090909091,0.1414141414141414,0.16161616161616163,0.24242424242424243,0.32323232323232326
