var1,var2,var3,var4,var5,var6
0.02843601895734597,0.12796208530805686,0.15165876777251186,0.20853080568720378,0.21800947867298578,0.26540284360189575
