var1,var2,var3,var4,var5,var6
0.03870967741935484,0.06451612903225806,0.09032258064516129,0.18064516129032257,0.2129032258064516,0.4129032258064516
