var1,var2,var3,var4,var5,var6
0.1073170731707317,0.13170731707317074,0.16585365853658537,0.18048780487804877,0.18536585365853658,0.22926829268292684
