var1,var2,var3,var4,var5,var6
0.061068702290076333,0.07633587786259542,0.1450381679389313,0.19083969465648856,0.21374045801526717,0.31297709923664124
