var1,var2,var3,var4,var5,var6
0.019417475728155338,0.02912621359223301,0.0970873786407767,0.13592233009708737,0.27184466019417475,0.44660194174757284
