var1,var2,var3,var4,var5,var6
0.11063829787234042,0.11914893617021277,0.13617021276595745,0.17446808510638298,0.19574468085106383,0.26382978723404255
