var1,var2,var3,var4,var5,var6
0.0794979079497908,0.11715481171548117,0.12552301255230125,0.14225941422594143,0.23430962343096234,0.301255230125523
