var1,var2,var3,var4,var5,var6
0.027210884353741496,0.06802721088435375,0.14285714285714285,0.19047619047619047,0.24489795918367346,0.32653061224489793
