var1,var2,var3,var4,var5,var6
0.040983606557377046,0.05737704918032787,0.08196721311475409,0.1885245901639344,0.2786885245901639,0.3524590163934426
