var1,var2,var3,var4,var5,var6
0.02112676056338028,0.04225352112676056,0.11971830985915492,0.23943661971830985,0.2535211267605634,0.323943661971831
