var1,var2,var3,var4,var5,var6
0.012578616352201259,0.06289308176100629,0.0880503144654088,0.15723270440251572,0.2389937106918239,0.44025157232704404
