var1,var2,var3,var4,var5,var6
0.016574585635359115,0.06629834254143646,0.08839779005524862,0.1878453038674033,0.23204419889502761,0.4088397790055249
