var1,var2,var3,var4,var5,var6
0.01652892561983471,0.03305785123966942,0.09917355371900827,0.18181818181818182,0.2727272727272727,0.39669421487603307
