var1,var2,var3,var4,var5,var6
0.011976047904191617,0.041916167664670656,0.09580838323353294,0.19161676646706588,0.31137724550898205,0.3473053892215569
