var1,var2,var3,var4,var5,var6
0.06432748538011696,0.08187134502923976,0.1286549707602339,0.17543859649122806,0.26900584795321636,0.2807017543859649
