var1,var2,var3,var4,var5,var6
0.014285714285714285,0.06666666666666667,0.10476190476190476,0.23333333333333334,0.2619047619047619,0.319047619047619
