var1,var2,var3,var4,var5,var6
0.07035175879396985,0.10050251256281408,0.1306532663316583,0.18090452261306533,0.24623115577889448,0.271356783919598
