var1,var2,var3,var4,var5,var6
0.055865921787709494,0.12849162011173185,0.16759776536312848,0.1787709497206704,0.18994413407821228,0.27932960893854747
