var1,var2,var3,var4,var5,var6
0.015267175572519083,0.10687022900763359,0.1297709923664122,0.183206106870229,0.21374045801526717,0.3511450381679389
