var1,var2,var3,var4,var5,var6
0.021052631578947368,0.031578947368421054,0.042105263157894736,0.21052631578947367,0.29473684210526313,0.4
