var1,var2,var3,var4,var5,var6
0.032432432432432434,0.04864864864864865,0.08648648648648649,0.14054054054054055,0.31351351351351353,0.3783783783783784
