var1,var2,var3,var4,var5,var6
0.0670391061452514,0.1005586592178771,0.1340782122905028,0.19553072625698323,0.22346368715083798,0.27932960893854747
