var1,var2,var3,var4,var5,var6
0.056338028169014086,0.07042253521126761,0.17370892018779344,0.20657276995305165,0.22535211267605634,0.2676056338028169
