var1,var2,var3,var4,var5,var6
0.04895104895104895,0.07692307692307693,0.11888111888111888,0.21678321678321677,0.23776223776223776,0.3006993006993007
