var1,var2,var3,var4,var5,var6
0.05847953216374269,0.07602339181286549,0.0935672514619883,0.17543859649122806,0.29239766081871343,0.30409356725146197
