var1,var2,var3,var4,var5,var6
0.020202020202020204,0.030303030303030304,0.04040404040404041,0.20202020202020202,0.30303030303030304,0.40404040404040403
