var1,var2,var3,var4,var5,var6
0.02072538860103627,0.10362694300518134,0.18134715025906736,0.20725388601036268,0.21761658031088082,0.2694300518134715
