var1,var2,var3,var4,var5,var6
0.018433179723502304,0.08294930875576037,0.15668202764976957,0.1935483870967742,0.24423963133640553,0.30414746543778803
