var1,var2,var3,var4,var5,var6
0.04964539007092199,0.05673758865248227,0.14184397163120568,0.22695035460992907,0.2553191489361702,0.2695035460992908
