var1,var2,var3,var4,var5,var6
0.035398230088495575,0.05309734513274336,0.07079646017699115,0.17699115044247787,0.2920353982300885,0.37168141592920356
