var1,var2,var3,var4,var5,var6
0.04242424242424243,0.048484848484848485,0.15757575757575756,0.21818181818181817,0.2545454545454545,0.2787878787878788
