var1,var2,var3,var4,var5,var6
0.06177606177606178,0.13127413127413126,0.16216216216216217,0.18146718146718147,0.2084942084942085,0.2548262548262548
