var1,var2,var3,var4,var5,var6
0.045112781954887216,0.06766917293233082,0.07518796992481203,0.13533834586466165,0.24060150375939848,0.43609022556390975
