var1,var2,var3,var4,var5,var6
0.0639269406392694,0.1004566210045662,0.1187214611872146,0.1598173515981735,0.2100456621004566,0.3470319634703196
