var1,var2,var3,var4,var5,var6
0.04526748971193416,0.05761316872427984,0.09876543209876543,0.12345679012345678,0.3292181069958848,0.345679012345679
