var1,var2,var3,var4,var5,var6
0.025806451612903226,0.06451612903225806,0.10967741935483871,0.16774193548387098,0.3096774193548387,0.3225806451612903
