var1,var2,var3,var4,var5,var6
0.044444444444444446,0.08,0.1511111111111111,0.21333333333333335,0.24444444444444444,0.26666666666666666
