var1,var2,var3,var4,var5,var6
0.031088082901554404,0.06217616580310881,0.17098445595854922,0.18134715025906736,0.2694300518134715,0.2849740932642487
