var1,var2,var3,var4,var5,var6
0.016260162601626018,0.04878048780487805,0.08130081300813008,0.16260162601626016,0.2682926829268293,0.42276422764227645
