var1,var2,var3,var4,var5,var6
0.018018018018018018,0.06306306306306306,0.11711711711711711,0.15315315315315314,0.26126126126126126,0.38738738738738737
