var1,var2,var3,var4,var5,var6
0.010256410256410256,0.046153846153846156,0.17435897435897435,0.20512820512820512,0.2358974358974359,0.3282051282051282
