var1,var2,var3,var4,var5,var6
0.08053691275167785,0.12080536912751678,0.14093959731543623,0.1476510067114094,0.174496644295302,0.33557046979865773
