var1,var2,var3,var4,var5,var6
0.016666666666666666,0.12777777777777777,0.17222222222222222,0.19444444444444445,0.21666666666666667,0.2722222222222222
