var1,var2,var3,var4,var5,var6
0.021551724137931036,0.03017241379310345,0.10344827586206896,0.21982758620689655,0.2672413793103448,0.3577586206896552
