var1,var2,var3,var4,var5,var6
0.07834101382488479,0.12903225806451613,0.1382488479262673,0.18433179723502305,0.22119815668202766,0.2488479262672811
