var1,var2,var3,var4,var5,var6
0.055865921787709494,0.0893854748603352,0.1005586592178771,0.18435754189944134,0.22346368715083798,0.3463687150837989
