var1,var2,var3,var4,var5,var6
0.08875739644970414,0.11242603550295859,0.13609467455621302,0.1952662721893491,0.21301775147928995,0.25443786982248523
