var1,var2,var3,var4,var5,var6
0.07567567567567568,0.08648648648648649,0.11891891891891893,0.1837837837837838,0.2,0.33513513513513515
