var1,var2,var3,var4,var5,var6
0.043795620437956206,0.13138686131386862,0.1678832116788321,0.1897810218978102,0.21897810218978103,0.24817518248175183
