var1,var2,var3,var4,var5,var6
0.027906976744186046,0.07441860465116279,0.13953488372093023,0.22790697674418606,0.26046511627906976,0.26976744186046514
