var1,var2,var3,var4,var5,var6
0.04371584699453552,0.07650273224043716,0.1366120218579235,0.17486338797814208,0.18579234972677597,0.3825136612021858
