var1,var2,var3,var4,var5,var6
0.024096385542168676,0.04819277108433735,0.060240963855421686,0.14457831325301204,0.24096385542168675,0.4819277108433735
