var1,var2,var3,var4,var5,var6
0.03076923076923077,0.09743589743589744,0.1076923076923077,0.22564102564102564,0.24102564102564103,0.29743589743589743
