var1,var2,var3,var4,var5,var6
0.015267175572519083,0.030534351145038167,0.09923664122137404,0.21374045801526717,0.2900763358778626,0.3511450381679389
