var1,var2,var3,var4,var5,var6
0.036231884057971016,0.07246376811594203,0.11594202898550725,0.1956521739130435,0.2826086956521739,0.2971014492753623
