var1,var2,var3,var4,var5,var6
0.027149321266968326,0.07692307692307693,0.11764705882352941,0.2081447963800905,0.28054298642533937,0.2895927601809955
