var1,var2,var3,var4,var5,var6
0.016260162601626018,0.056910569105691054,0.08130081300813008,0.17886178861788618,0.2682926829268293,0.3983739837398374
