var1,var2,var3,var4,var5,var6
0.025380710659898477,0.04060913705583756,0.16243654822335024,0.2233502538071066,0.233502538071066,0.3147208121827411
