var1,var2,var3,var4,var5,var6
0.09655172413793103,0.1103448275862069,0.12413793103448276,0.14482758620689656,0.1793103448275862,0.3448275862068966
