var1,var2,var3,var4,var5,var6
0.040268456375838924,0.053691275167785234,0.12751677852348994,0.1476510067114094,0.28187919463087246,0.348993288590604
