var1,var2,var3,var4,var5,var6
0.06698564593301436,0.11004784688995216,0.12440191387559808,0.21052631578947367,0.22966507177033493,0.2583732057416268
