var1,var2,var3,var4,var5,var6
0.03067484662576687,0.07975460122699386,0.1411042944785276,0.17791411042944785,0.2331288343558282,0.3374233128834356
