var1,var2,var3,var4,var5,var6
0.023076923076923078,0.07692307692307693,0.13076923076923078,0.23846153846153847,0.24615384615384617,0.2846153846153846
