var1,var2,var3,var4,var5,var6
0.04807692307692308,0.0673076923076923,0.09615384615384616,0.19230769230769232,0.27884615384615385,0.3173076923076923
