var1,var2,var3,var4,var5,var6
0.029411764705882353,0.049019607843137254,0.058823529411764705,0.16666666666666666,0.3137254901960784,0.38235294117647056
