var1,var2,var3,var4,var5,var6
0.07509881422924901,0.09486166007905138,0.18181818181818182,0.1976284584980237,0.2134387351778656,0.23715415019762845
