var1,var2,var3,var4,var5,var6
0.07096774193548387,0.0967741935483871,0.10967741935483871,0.14193548387096774,0.24516129032258063,0.33548387096774196
