var1,var2,var3,var4,var5,var6
0.03184713375796178,0.08280254777070063,0.08917197452229299,0.17834394904458598,0.24203821656050956,0.37579617834394907
