var1,var2,var3,var4,var5,var6
0.028735632183908046,0.06896551724137931,0.08045977011494253,0.20114942528735633,0.2471264367816092,0.3735632183908046
