var1,var2,var3,var4,var5,var6
0.04878048780487805,0.06504065040650407,0.08130081300813008,0.16260162601626016,0.25203252032520324,0.3902439024390244
