var1,var2,var3,var4,var5,var6
0.020512820512820513,0.05641025641025641,0.08205128205128205,0.20512820512820512,0.2358974358974359,0.4
