var1,var2,var3,var4,var5,var6
0.015748031496062992,0.023622047244094488,0.09448818897637795,0.14173228346456693,0.2677165354330709,0.4566929133858268
