var1,var2,var3,var4,var5,var6
0.03482587064676617,0.05970149253731343,0.10945273631840796,0.208955223880597,0.2885572139303483,0.29850746268656714
