var1,var2,var3,var4,var5,var6
0.023952095808383235,0.059880239520958084,0.16766467065868262,0.18562874251497005,0.2754491017964072,0.2874251497005988
