var1,var2,var3,var4,var5,var6
0.031496062992125984,0.07086614173228346,0.1732283464566929,0.1889763779527559,0.23622047244094488,0.2992125984251969
