var1,var2,var3,var4,var5,var6
0.042105263157894736,0.09473684210526316,0.10526315789473684,0.16842105263157894,0.25263157894736843,0.3368421052631579
