var1,var2,var3,var4,var5,var6
0.036231884057971016,0.07246376811594203,0.09420289855072464,0.1956521739130435,0.2608695652173913,0.34057971014492755
