var1,var2,var3,var4,var5,var6
0.02072538860103627,0.09326424870466321,0.13471502590673576,0.19689119170984457,0.21243523316062177,0.34196891191709844
