var1,var2,var3,var4,var5,var6
0.06912442396313365,0.10138248847926268,0.11981566820276497,0.1935483870967742,0.2304147465437788,0.2857142857142857
