var1,var2,var3,var4,var5,var6
0.07905138339920949,0.11067193675889328,0.15019762845849802,0.17786561264822134,0.2134387351778656,0.26877470355731226
