var1,var2,var3,var4,var5,var6
0.025157232704402517,0.07547169811320754,0.0880503144654088,0.1761006289308176,0.22012578616352202,0.41509433962264153
