var1,var2,var3,var4,var5,var6
0.023076923076923078,0.05384615384615385,0.17692307692307693,0.2153846153846154,0.2230769230769231,0.3076923076923077
