var1,var2,var3,var4,var5,var6
0.015873015873015872,0.042328042328042326,0.1164021164021164,0.14814814814814814,0.31216931216931215,0.36507936507936506
