var1,var2,var3,var4,var5,var6
0.0213903743315508,0.10695187165775401,0.12299465240641712,0.1925133689839572,0.20320855614973263,0.35294117647058826
