var1,var2,var3,var4,var5,var6
0.046242774566473986,0.07514450867052024,0.09248554913294797,0.18497109826589594,0.24277456647398843,0.3583815028901734
