var1,var2,var3,var4,var5,var6
0.009852216748768473,0.07881773399014778,0.13793103448275862,0.18719211822660098,0.2315270935960591,0.35467980295566504
