var1,var2,var3,var4,var5,var6
0.05362776025236593,0.06309148264984227,0.13249211356466878,0.1640378548895899,0.28391167192429023,0.3028391167192429
