var1,var2,var3,var4,var5,var6
0.031746031746031744,0.07936507936507936,0.1164021164021164,0.1693121693121693,0.21164021164021163,0.3915343915343915
