var1,var2,var3,var4,var5,var6
0.031088082901554404,0.08808290155440414,0.13471502590673576,0.15025906735751296,0.24870466321243523,0.3471502590673575
