var1,var2,var3,var4,var5,var6
0.05687203791469194,0.12322274881516587,0.13744075829383887,0.1895734597156398,0.22748815165876776,0.26540284360189575
