var1,var2,var3,var4,var5,var6
0.03787878787878788,0.05303030303030303,0.12121212121212122,0.20454545454545456,0.22727272727272727,0.3560606060606061
