var1,var2,var3,var4,var5,var6
0.05726872246696035,0.10572687224669604,0.12334801762114538,0.2026431718061674,0.23788546255506607,0.27312775330396477
