var1,var2,var3,var4,var5,var6
0.03067484662576687,0.04294478527607362,0.09815950920245399,0.12269938650306748,0.3006134969325153,0.4049079754601227
