var1,var2,var3,var4,var5,var6
0.036036036036036036,0.07207207207207207,0.0990990990990991,0.16216216216216217,0.24324324324324326,0.38738738738738737
