var1,var2,var3,var4,var5,var6
0.05314009661835749,0.08695652173913043,0.12077294685990338,0.21739130434782608,0.24154589371980675,0.28019323671497587
