var1,var2,var3,var4,var5,var6
0.04395604395604396,0.08791208791208792,0.0989010989010989,0.10989010989010989,0.17582417582417584,0.4835164835164835
