var1,var2,var3,var4,var5,var6
0.0374331550802139,0.0962566844919786,0.10695187165775401,0.1711229946524064,0.22459893048128343,0.36363636363636365
