var1,var2,var3,var4,var5,var6
0.04460966542750929,0.10037174721189591,0.11895910780669144,0.14869888475836432,0.20817843866171004,0.379182156133829
