var1,var2,var3,var4,var5,var6
0.023696682464454975,0.11374407582938388,0.13270142180094788,0.16113744075829384,0.2559241706161137,0.3127962085308057
