var1,var2,var3,var4,var5,var6
0.022099447513812154,0.07734806629834254,0.11602209944751381,0.17679558011049723,0.287292817679558,0.32044198895027626
