var1,var2,var3,var4,var5,var6
0.038461538461538464,0.08461538461538462,0.16153846153846155,0.18461538461538463,0.23846153846153847,0.2923076923076923
