var1,var2,var3,var4,var5,var6
0.029411764705882353,0.07058823529411765,0.11176470588235295,0.20588235294117646,0.2823529411764706,0.3
