var1,var2,var3,var4,var5,var6
0.07582938388625593,0.15165876777251186,0.16113744075829384,0.1895734597156398,0.2037914691943128,0.21800947867298578
