var1,var2,var3,var4,var5,var6
0.035398230088495575,0.08849557522123894,0.11504424778761062,0.1415929203539823,0.1592920353982301,0.46017699115044247
