var1,var2,var3,var4,var5,var6
0.07100591715976332,0.11834319526627218,0.1301775147928994,0.17159763313609466,0.23668639053254437,0.27218934911242604
