var1,var2,var3,var4,var5,var6
0.07777777777777778,0.10555555555555556,0.11666666666666667,0.15555555555555556,0.25,0.29444444444444445
