var1,var2,var3,var4,var5,var6
0.04371584699453552,0.0546448087431694,0.07650273224043716,0.15300546448087432,0.2459016393442623,0.4262295081967213
