var1,var2,var3,var4,var5,var6
0.03361344537815126,0.06722689075630252,0.14285714285714285,0.16806722689075632,0.25210084033613445,0.33613445378151263
