var1,var2,var3,var4,var5,var6
0.04739336492890995,0.0947867298578199,0.11848341232227488,0.22274881516587677,0.25118483412322273,0.26540284360189575
