var1,var2,var3,var4,var5,var6
0.03468208092485549,0.08670520231213873,0.10404624277456648,0.15028901734104047,0.23121387283236994,0.3930635838150289
