var1,var2,var3,var4,var5,var6
0.06857142857142857,0.11428571428571428,0.12571428571428572,0.2,0.22857142857142856,0.26285714285714284
