var1,var2,var3,var4,var5,var6
0.04580152671755725,0.12213740458015267,0.13740458015267176,0.1450381679389313,0.1984732824427481,0.3511450381679389
