var1,var2,var3,var4,var5,var6
0.02586206896551724,0.09482758620689655,0.12931034482758622,0.1896551724137931,0.20689655172413793,0.35344827586206895
