var1,var2,var3,var4,var5,var6
0.12080536912751678,0.1342281879194631,0.1476510067114094,0.174496644295302,0.2080536912751678,0.21476510067114093
