var1,var2,var3,var4,var5,var6
0.018779342723004695,0.07511737089201878,0.0892018779342723,0.18779342723004694,0.3004694835680751,0.3286384976525822
