var1,var2,var3,var4,var5,var6
0.05365853658536585,0.07804878048780488,0.12682926829268293,0.13658536585365855,0.28292682926829266,0.32195121951219513
