var1,var2,var3,var4,var5,var6
0.03007518796992481,0.045112781954887216,0.10526315789473684,0.16541353383458646,0.24812030075187969,0.40601503759398494
