var1,var2,var3,var4,var5,var6
0.03389830508474576,0.07909604519774012,0.0903954802259887,0.22598870056497175,0.2768361581920904,0.2937853107344633
