var1,var2,var3,var4,var5,var6
0.04,0.05142857142857143,0.11428571428571428,0.2,0.2571428571428571,0.33714285714285713
