var1,var2,var3,var4,var5,var6
0.05581395348837209,0.06511627906976744,0.16279069767441862,0.2,0.21395348837209302,0.3023255813953488
