var1,var2,var3,var4,var5,var6
0.03208556149732621,0.0855614973262032,0.16042780748663102,0.22459893048128343,0.23529411764705882,0.2620320855614973
