var1,var2,var3,var4,var5,var6
0.0411522633744856,0.05761316872427984,0.15637860082304528,0.16872427983539096,0.2716049382716049,0.3045267489711934
