var1,var2,var3,var4,var5,var6
0.08333333333333333,0.14583333333333334,0.1597222222222222,0.1875,0.20833333333333334,0.2152777777777778
