var1,var2,var3,var4,var5,var6
0.07042253521126761,0.08450704225352113,0.107981220657277,0.18779342723004694,0.2300469483568075,0.3192488262910798
