var1,var2,var3,var4,var5,var6
0.046242774566473986,0.07514450867052024,0.16184971098265896,0.19653179190751446,0.23121387283236994,0.28901734104046245
