var1,var2,var3,var4,var5,var6
0.10404624277456648,0.12138728323699421,0.16184971098265896,0.18497109826589594,0.19653179190751446,0.23121387283236994
