var1,var2,var3,var4,var5,var6
0.032520325203252036,0.06504065040650407,0.10569105691056911,0.13008130081300814,0.3089430894308943,0.35772357723577236
