var1,var2,var3,var4,var5,var6
0.0718562874251497,0.08383233532934131,0.11377245508982035,0.1317365269461078,0.25149700598802394,0.3473053892215569
