var1,var2,var3,var4,var5,var6
0.07048458149779736,0.07929515418502203,0.16740088105726872,0.19823788546255505,0.22026431718061673,0.2643171806167401
