var1,var2,var3,var4,var5,var6
0.06878306878306878,0.10582010582010581,0.12698412698412698,0.14814814814814814,0.24338624338624337,0.30687830687830686
