var1,var2,var3,var4,var5,var6
0.06282722513089005,0.13612565445026178,0.15706806282722513,0.193717277486911,0.2094240837696335,0.24083769633507854
