var1,var2,var3,var4,var5,var6
0.045112781954887216,0.07518796992481203,0.09774436090225563,0.16541353383458646,0.3007518796992481,0.3157894736842105
