var1,var2,var3,var4,var5,var6
0.11203319502074689,0.13278008298755187,0.15767634854771784,0.16597510373443983,0.17427385892116182,0.2572614107883817
