var1,var2,var3,var4,var5,var6
0.029556650246305417,0.09852216748768473,0.16748768472906403,0.18226600985221675,0.21674876847290642,0.3054187192118227
