var1,var2,var3,var4,var5,var6
0.05150214592274678,0.06437768240343347,0.1888412017167382,0.19742489270386265,0.2145922746781116,0.2832618025751073
