var1,var2,var3,var4,var5,var6
0.04854368932038835,0.0970873786407767,0.13592233009708737,0.1941747572815534,0.22330097087378642,0.30097087378640774
