var1,var2,var3,var4,var5,var6
0.05263157894736842,0.07602339181286549,0.13450292397660818,0.16374269005847952,0.22807017543859648,0.34502923976608185
