var1,var2,var3,var4,var5,var6
0.008888888888888889,0.09777777777777778,0.15555555555555556,0.21333333333333335,0.24,0.28444444444444444
