var1,var2,var3,var4,var5,var6
0.023668639053254437,0.0650887573964497,0.15384615384615385,0.20118343195266272,0.2603550295857988,0.2958579881656805
