var1,var2,var3,var4,var5,var6
0.023809523809523808,0.11904761904761904,0.1349206349206349,0.16666666666666666,0.23809523809523808,0.31746031746031744
