var1,var2,var3,var4,var5,var6
0.05442176870748299,0.12244897959183673,0.14285714285714285,0.20408163265306123,0.23129251700680273,0.24489795918367346
