var1,var2,var3,var4,var5,var6
0.08290155440414508,0.11398963730569948,0.13471502590673576,0.15544041450777202,0.21243523316062177,0.3005181347150259
