var1,var2,var3,var4,var5,var6
0.019138755980861243,0.03827751196172249,0.14832535885167464,0.1722488038277512,0.2679425837320574,0.35406698564593303
