var1,var2,var3,var4,var5,var6
0.02054794520547945,0.11643835616438356,0.15753424657534246,0.18493150684931506,0.2328767123287671,0.2876712328767123
