var1,var2,var3,var4,var5,var6
0.040268456375838924,0.09395973154362416,0.1610738255033557,0.18791946308724833,0.2483221476510067,0.2684563758389262
