var1,var2,var3,var4,var5,var6
0.03571428571428571,0.05,0.09285714285714286,0.1357142857142857,0.2857142857142857,0.4
