var1,var2,var3,var4,var5,var6
0.018867924528301886,0.050314465408805034,0.10062893081761007,0.2389937106918239,0.2641509433962264,0.3270440251572327
