var1,var2,var3,var4,var5,var6
0.029940119760479042,0.0718562874251497,0.08383233532934131,0.1317365269461078,0.17964071856287425,0.5029940119760479
