var1,var2,var3,var4,var5,var6
0.033783783783783786,0.0472972972972973,0.0945945945945946,0.16891891891891891,0.2702702702702703,0.38513513513513514
