var1,var2,var3,var4,var5,var6
0.0374331550802139,0.06417112299465241,0.10695187165775401,0.20320855614973263,0.23529411764705882,0.35294117647058826
