var1,var2,var3,var4,var5,var6
0.03365384615384615,0.07692307692307693,0.12980769230769232,0.23557692307692307,0.25,0.27403846153846156
