var1,var2,var3,var4,var5,var6
0.015267175572519083,0.04580152671755725,0.1450381679389313,0.22137404580152673,0.2595419847328244,0.31297709923664124
