var1,var2,var3,var4,var5,var6
0.0718562874251497,0.10179640718562874,0.11976047904191617,0.16766467065868262,0.2634730538922156,0.2754491017964072
