var1,var2,var3,var4,var5,var6
0.031413612565445025,0.1256544502617801,0.13612565445026178,0.17801047120418848,0.24083769633507854,0.2879581151832461
