var1,var2,var3,var4,var5,var6
0.050314465408805034,0.1320754716981132,0.16352201257861634,0.16981132075471697,0.1949685534591195,0.2893081761006289
