var1,var2,var3,var4,var5,var6
0.020134228187919462,0.053691275167785234,0.06711409395973154,0.1476510067114094,0.24161073825503357,0.4697986577181208
