var1,var2,var3,var4,var5,var6
0.020833333333333332,0.05555555555555555,0.0625,0.1597222222222222,0.3055555555555556,0.3958333333333333
