var1,var2,var3,var4,var5,var6
0.012269938650306749,0.07975460122699386,0.17177914110429449,0.19631901840490798,0.2331288343558282,0.3067484662576687
