var1,var2,var3,var4,var5,var6
0.044585987261146494,0.07643312101910828,0.12738853503184713,0.15286624203821655,0.17834394904458598,0.42038216560509556
