var1,var2,var3,var4,var5,var6
0.041025641025641026,0.10256410256410256,0.15384615384615385,0.17435897435897435,0.20512820512820512,0.3230769230769231
