var1,var2,var3,var4,var5,var6
0.0299625468164794,0.052434456928838954,0.12359550561797752,0.14232209737827714,0.29213483146067415,0.3595505617977528
