var1,var2,var3,var4,var5,var6
0.11627906976744186,0.13023255813953488,0.14418604651162792,0.17209302325581396,0.21395348837209302,0.22325581395348837
