var1,var2,var3,var4,var5,var6
0.05947955390334572,0.12639405204460966,0.1412639405204461,0.16356877323420074,0.2342007434944238,0.275092936802974
