var1,var2,var3,var4,var5,var6
0.017167381974248927,0.07725321888412018,0.12446351931330472,0.1888412017167382,0.22317596566523606,0.36909871244635195
