var1,var2,var3,var4,var5,var6
0.07947019867549669,0.09271523178807947,0.11258278145695365,0.18543046357615894,0.23841059602649006,0.2913907284768212
