var1,var2,var3,var4,var5,var6
0.07112970711297072,0.13389121338912133,0.1506276150627615,0.18828451882845187,0.2175732217573222,0.2384937238493724
