var1,var2,var3,var4,var5,var6
0.03686635944700461,0.07373271889400922,0.11981566820276497,0.17511520737327188,0.2903225806451613,0.30414746543778803
