var1,var2,var3,var4,var5,var6
0.045714285714285714,0.12571428571428572,0.16,0.18285714285714286,0.2342857142857143,0.25142857142857145
