var1,var2,var3,var4,var5,var6
0.03816793893129771,0.061068702290076333,0.07633587786259542,0.12213740458015267,0.26717557251908397,0.4351145038167939
