var1,var2,var3,var4,var5,var6
0.04608294930875576,0.055299539170506916,0.14746543778801843,0.17050691244239632,0.2764976958525346,0.30414746543778803
