var1,var2,var3,var4,var5,var6
0.03314917127071823,0.06629834254143646,0.15469613259668508,0.18232044198895028,0.2430939226519337,0.32044198895027626
