var1,var2,var3,var4,var5,var6
0.08755760368663594,0.1382488479262673,0.14746543778801843,0.15668202764976957,0.2119815668202765,0.25806451612903225
