var1,var2,var3,var4,var5,var6
0.01680672268907563,0.058823529411764705,0.13445378151260504,0.18487394957983194,0.25210084033613445,0.35294117647058826
