var1,var2,var3,var4,var5,var6
0.025806451612903226,0.07741935483870968,0.09032258064516129,0.18064516129032257,0.2,0.4258064516129032
