var1,var2,var3,var4,var5,var6
0.04861111111111111,0.08333333333333333,0.1388888888888889,0.14583333333333334,0.2569444444444444,0.3263888888888889
