var1,var2,var3,var4,var5,var6
0.03260869565217391,0.05434782608695652,0.07608695652173914,0.14130434782608695,0.20652173913043478,0.4891304347826087
