var1,var2,var3,var4,var5,var6
0.10457516339869281,0.1437908496732026,0.16339869281045752,0.1830065359477124,0.19607843137254902,0.20915032679738563
