var1,var2,var3,var4,var5,var6
0.0915032679738562,0.11764705882352941,0.1437908496732026,0.1503267973856209,0.1830065359477124,0.3137254901960784
