var1,var2,var3,var4,var5,var6
0.01951219512195122,0.12682926829268293,0.15121951219512195,0.2146341463414634,0.22439024390243903,0.2634146341463415
