var1,var2,var3,var4,var5,var6
0.058823529411764705,0.0915032679738562,0.1437908496732026,0.1830065359477124,0.20915032679738563,0.3137254901960784
