var1,var2,var3,var4,var5,var6
0.034482758620689655,0.08374384236453201,0.10344827586206896,0.15763546798029557,0.28078817733990147,0.3399014778325123
