var1,var2,var3,var4,var5,var6
0.012903225806451613,0.07096774193548387,0.11612903225806452,0.23225806451612904,0.2709677419354839,0.2967741935483871
