var1,var2,var3,var4,var5,var6
0.015748031496062992,0.07874015748031496,0.11811023622047244,0.1732283464566929,0.28346456692913385,0.33070866141732286
