var1,var2,var3,var4,var5,var6
0.07246376811594203,0.09420289855072464,0.13043478260869565,0.14492753623188406,0.17391304347826086,0.38405797101449274
