var1,var2,var3,var4,var5,var6
0.01639344262295082,0.11147540983606558,0.15737704918032788,0.19672131147540983,0.22950819672131148,0.28852459016393445
