var1,var2,var3,var4,var5,var6
0.030303030303030304,0.10822510822510822,0.15584415584415584,0.20346320346320346,0.22510822510822512,0.27705627705627706
