var1,var2,var3,var4,var5,var6
0.01818181818181818,0.03636363636363636,0.10303030303030303,0.15151515151515152,0.3151515151515151,0.37575757575757573
