var1,var2,var3,var4,var5,var6
0.05116279069767442,0.08837209302325581,0.14883720930232558,0.16744186046511628,0.26046511627906976,0.2837209302325581
