var1,var2,var3,var4,var5,var6
0.037037037037037035,0.044444444444444446,0.1037037037037037,0.1259259259259259,0.31851851851851853,0.37037037037037035
