var1,var2,var3,var4,var5,var6
0.04716981132075472,0.07547169811320754,0.09433962264150944,0.19811320754716982,0.2358490566037736,0.3490566037735849
