var1,var2,var3,var4,var5,var6
0.05405405405405406,0.0990990990990991,0.10810810810810811,0.14414414414414414,0.18018018018018017,0.4144144144144144
