var1,var2,var3,var4,var5,var6
0.037267080745341616,0.049689440993788817,0.11801242236024845,0.13664596273291926,0.2981366459627329,0.36024844720496896
