var1,var2,var3,var4,var5,var6
0.017467248908296942,0.06550218340611354,0.13973799126637554,0.16593886462882096,0.26200873362445415,0.34934497816593885
