var1,var2,var3,var4,var5,var6
0.07729468599033816,0.11594202898550725,0.14492753623188406,0.15942028985507245,0.2028985507246377,0.2995169082125604
