var1,var2,var3,var4,var5,var6
0.015267175572519083,0.061068702290076333,0.16030534351145037,0.1984732824427481,0.22900763358778625,0.33587786259541985
