var1,var2,var3,var4,var5,var6
0.03680981595092025,0.12269938650306748,0.13496932515337423,0.2085889570552147,0.22699386503067484,0.26993865030674846
