var1,var2,var3,var4,var5,var6
0.03424657534246575,0.0684931506849315,0.0958904109589041,0.11643835616438356,0.3219178082191781,0.363013698630137
