var1,var2,var3,var4,var5,var6
0.03550295857988166,0.11242603550295859,0.1242603550295858,0.16568047337278108,0.26627218934911245,0.2958579881656805
