var1,var2,var3,var4,var5,var6
0.05583756345177665,0.10152284263959391,0.1218274111675127,0.1319796954314721,0.27411167512690354,0.3147208121827411
