var1,var2,var3,var4,var5,var6
0.05185185185185185,0.06666666666666667,0.08888888888888889,0.16296296296296298,0.2740740740740741,0.35555555555555557
