var1,var2,var3,var4,var5,var6
0.11737089201877934,0.13145539906103287,0.1596244131455399,0.1784037558685446,0.18779342723004694,0.22535211267605634
