var1,var2,var3,var4,var5,var6
0.05069124423963134,0.11059907834101383,0.12903225806451613,0.18433179723502305,0.2488479262672811,0.2764976958525346
