var1,var2,var3,var4,var5,var6
0.023668639053254437,0.1242603550295858,0.16568047337278108,0.1952662721893491,0.20710059171597633,0.28402366863905326
