var1,var2,var3,var4,var5,var6
0.05847953216374269,0.10526315789473684,0.13450292397660818,0.1871345029239766,0.21052631578947367,0.30409356725146197
