var1,var2,var3,var4,var5,var6
0.05917159763313609,0.11242603550295859,0.14792899408284024,0.15976331360946747,0.16568047337278108,0.35502958579881655
