var1,var2,var3,var4,var5,var6
0.03553299492385787,0.04060913705583756,0.16243654822335024,0.18274111675126903,0.2639593908629442,0.3147208121827411
