var1,var2,var3,var4,var5,var6
0.05181347150259067,0.09844559585492228,0.13471502590673576,0.21761658031088082,0.23834196891191708,0.25906735751295334
