var1,var2,var3,var4,var5,var6
0.022598870056497175,0.062146892655367235,0.13559322033898305,0.1807909604519774,0.24858757062146894,0.3502824858757062
