var1,var2,var3,var4,var5,var6
0.04371584699453552,0.0546448087431694,0.14207650273224043,0.16939890710382513,0.26229508196721313,0.32786885245901637
