var1,var2,var3,var4,var5,var6
0.026490066225165563,0.09933774834437085,0.10596026490066225,0.152317880794702,0.26490066225165565,0.3509933774834437
