var1,var2,var3,var4,var5,var6
0.02040816326530612,0.061224489795918366,0.14285714285714285,0.17687074829931973,0.2653061224489796,0.3333333333333333
