var1,var2,var3,var4,var5,var6
0.013986013986013986,0.06293706293706294,0.06993006993006994,0.1958041958041958,0.3076923076923077,0.34965034965034963
