var1,var2,var3,var4,var5,var6
0.03436426116838488,0.12371134020618557,0.16494845360824742,0.17869415807560138,0.24054982817869416,0.25773195876288657
