var1,var2,var3,var4,var5,var6
0.03636363636363636,0.10909090909090909,0.15757575757575756,0.16363636363636364,0.2545454545454545,0.2787878787878788
