var1,var2,var3,var4,var5,var6
0.017964071856287425,0.03592814371257485,0.1497005988023952,0.19161676646706588,0.25149700598802394,0.3532934131736527
