var1,var2,var3,var4,var5,var6
0.06995884773662552,0.07407407407407407,0.09876543209876543,0.205761316872428,0.2551440329218107,0.2962962962962963
