var1,var2,var3,var4,var5,var6
0.021621621621621623,0.05945945945945946,0.07027027027027027,0.24324324324324326,0.2594594594594595,0.34594594594594597
