var1,var2,var3,var4,var5,var6
0.012578616352201259,0.09433962264150944,0.11320754716981132,0.15723270440251572,0.27672955974842767,0.34591194968553457
