var1,var2,var3,var4,var5,var6
0.06282722513089005,0.07329842931937172,0.09947643979057591,0.2094240837696335,0.23036649214659685,0.32460732984293195
