var1,var2,var3,var4,var5,var6
0.025157232704402517,0.06289308176100629,0.14465408805031446,0.16352201257861634,0.2138364779874214,0.389937106918239
