var1,var2,var3,var4,var5,var6
0.029411764705882353,0.058823529411764705,0.10294117647058823,0.19852941176470587,0.29411764705882354,0.3161764705882353
