var1,var2,var3,var4,var5,var6
0.041025641025641026,0.09230769230769231,0.12307692307692308,0.19487179487179487,0.24102564102564103,0.3076923076923077
