var1,var2,var3,var4,var5,var6
0.04430379746835443,0.056962025316455694,0.06962025316455696,0.1962025316455696,0.2721518987341772,0.36075949367088606
