var1,var2,var3,var4,var5,var6
0.047337278106508875,0.0650887573964497,0.09467455621301775,0.21301775147928995,0.28402366863905326,0.2958579881656805
