var1,var2,var3,var4,var5,var6
0.04419889502762431,0.09944751381215469,0.12154696132596685,0.18232044198895028,0.20994475138121546,0.3425414364640884
