var1,var2,var3,var4,var5,var6
0.09644670050761421,0.1319796954314721,0.15736040609137056,0.16751269035532995,0.2131979695431472,0.233502538071066
