var1,var2,var3,var4,var5,var6
0.03636363636363636,0.15151515151515152,0.1696969696969697,0.18181818181818182,0.19393939393939394,0.26666666666666666
