var1,var2,var3,var4,var5,var6
0.025157232704402517,0.11320754716981132,0.16352201257861634,0.1761006289308176,0.2138364779874214,0.3081761006289308
