var1,var2,var3,var4,var5,var6
0.026455026455026454,0.12169312169312169,0.15873015873015872,0.1746031746031746,0.21693121693121692,0.30158730158730157
