var1,var2,var3,var4,var5,var6
0.045662100456621,0.1141552511415525,0.1643835616438356,0.1963470319634703,0.2191780821917808,0.2602739726027397
