var1,var2,var3,var4,var5,var6
0.07228915662650602,0.09036144578313253,0.12048192771084337,0.22289156626506024,0.23493975903614459,0.25903614457831325
