var1,var2,var3,var4,var5,var6
0.05504587155963303,0.08256880733944955,0.11009174311926606,0.12844036697247707,0.2018348623853211,0.42201834862385323
