var1,var2,var3,var4,var5,var6
0.013245033112582781,0.0728476821192053,0.17218543046357615,0.1986754966887417,0.2251655629139073,0.31788079470198677
