var1,var2,var3,var4,var5,var6
0.0365296803652968,0.045662100456621,0.0639269406392694,0.1643835616438356,0.2694063926940639,0.4200913242009132
