var1,var2,var3,var4,var5,var6
0.04918032786885246,0.1092896174863388,0.12021857923497267,0.19672131147540983,0.25136612021857924,0.273224043715847
