var1,var2,var3,var4,var5,var6
0.08780487804878048,0.0975609756097561,0.1073170731707317,0.13658536585365855,0.2097560975609756,0.36097560975609755
