var1,var2,var3,var4,var5,var6
0.026455026455026454,0.037037037037037035,0.15343915343915343,0.15873015873015872,0.24338624338624337,0.38095238095238093
