var1,var2,var3,var4,var5,var6
0.011834319526627219,0.05325443786982249,0.1301775147928994,0.16568047337278108,0.27218934911242604,0.3668639053254438
