var1,var2,var3,var4,var5,var6
0.061068702290076333,0.08396946564885496,0.10687022900763359,0.20610687022900764,0.2366412213740458,0.3053435114503817
