var1,var2,var3,var4,var5,var6
0.023622047244094488,0.047244094488188976,0.15748031496062992,0.2204724409448819,0.23622047244094488,0.31496062992125984
