var1,var2,var3,var4,var5,var6
0.03389830508474576,0.06779661016949153,0.13559322033898305,0.22033898305084745,0.2598870056497175,0.2824858757062147
