var1,var2,var3,var4,var5,var6
0.03676470588235294,0.058823529411764705,0.11764705882352941,0.22794117647058823,0.25735294117647056,0.3014705882352941
