var1,var2,var3,var4,var5,var6
0.0650887573964497,0.07692307692307693,0.11834319526627218,0.1893491124260355,0.22485207100591717,0.3254437869822485
