var1,var2,var3,var4,var5,var6
0.028985507246376812,0.06763285024154589,0.1642512077294686,0.178743961352657,0.25120772946859904,0.30917874396135264
