var1,var2,var3,var4,var5,var6
0.03015075376884422,0.05025125628140704,0.08542713567839195,0.23115577889447236,0.271356783919598,0.3316582914572864
