var1,var2,var3,var4,var5,var6
0.04132231404958678,0.05785123966942149,0.14049586776859505,0.2066115702479339,0.23140495867768596,0.32231404958677684
