var1,var2,var3,var4,var5,var6
0.032520325203252036,0.04878048780487805,0.06504065040650407,0.22764227642276422,0.23577235772357724,0.3902439024390244
