var1,var2,var3,var4,var5,var6
0.038869257950530034,0.08480565371024736,0.14840989399293286,0.21908127208480566,0.24028268551236748,0.26855123674911663
