var1,var2,var3,var4,var5,var6
0.026737967914438502,0.0748663101604278,0.0855614973262032,0.13903743315508021,0.24598930481283424,0.42780748663101603
