var1,var2,var3,var4,var5,var6
0.05333333333333334,0.08,0.14666666666666667,0.1688888888888889,0.26666666666666666,0.28444444444444444
