var1,var2,var3,var4,var5,var6
0.05392156862745098,0.09313725490196079,0.11764705882352941,0.16666666666666666,0.25,0.31862745098039214
