var1,var2,var3,var4,var5,var6
0.0851063829787234,0.1276595744680851,0.1702127659574468,0.17872340425531916,0.2,0.23829787234042554
