var1,var2,var3,var4,var5,var6
0.035398230088495575,0.07079646017699115,0.09734513274336283,0.21238938053097345,0.23008849557522124,0.35398230088495575
