var1,var2,var3,var4,var5,var6
0.06666666666666667,0.09777777777777778,0.15555555555555556,0.17777777777777778,0.20444444444444446,0.29777777777777775
