var1,var2,var3,var4,var5,var6
0.02040816326530612,0.08843537414965986,0.14285714285714285,0.1564625850340136,0.23809523809523808,0.35374149659863946
