var1,var2,var3,var4,var5,var6
0.03463203463203463,0.09956709956709957,0.11688311688311688,0.1774891774891775,0.2077922077922078,0.36363636363636365
