var1,var2,var3,var4,var5,var6
0.0893854748603352,0.13966480446927373,0.1564245810055866,0.18994413407821228,0.2011173184357542,0.22346368715083798
