var1,var2,var3,var4,var5,var6
0.049689440993788817,0.055900621118012424,0.13664596273291926,0.16149068322981366,0.2360248447204969,0.36024844720496896
