var1,var2,var3,var4,var5,var6
0.06282722513089005,0.06806282722513089,0.07853403141361257,0.10471204188481675,0.3193717277486911,0.36649214659685864
