var1,var2,var3,var4,var5,var6
0.12365591397849462,0.12903225806451613,0.15591397849462366,0.16666666666666666,0.1881720430107527,0.23655913978494625
