var1,var2,var3,var4,var5,var6
0.024390243902439025,0.03902439024390244,0.07804878048780488,0.23414634146341465,0.24390243902439024,0.3804878048780488
