var1,var2,var3,var4,var5,var6
0.06276150627615062,0.08368200836820083,0.09205020920502092,0.1087866108786611,0.301255230125523,0.3514644351464435
