var1,var2,var3,var4,var5,var6
0.01818181818181818,0.09090909090909091,0.14545454545454545,0.15151515151515152,0.18181818181818182,0.4121212121212121
