var1,var2,var3,var4,var5,var6
0.07453416149068323,0.08695652173913043,0.09937888198757763,0.2236024844720497,0.2422360248447205,0.2732919254658385
