var1,var2,var3,var4,var5,var6
0.034722222222222224,0.04861111111111111,0.13194444444444445,0.22916666666666666,0.25,0.3055555555555556
