var1,var2,var3,var4,var5,var6
0.017142857142857144,0.03428571428571429,0.17142857142857143,0.21714285714285714,0.22857142857142856,0.3314285714285714
