var1,var2,var3,var4,var5,var6
0.11413043478260869,0.11956521739130435,0.14673913043478262,0.17391304347826086,0.19021739130434784,0.2554347826086957
