var1,var2,var3,var4,var5,var6
0.050314465408805034,0.07547169811320754,0.1509433962264151,0.18867924528301888,0.25157232704402516,0.2830188679245283
