var1,var2,var3,var4,var5,var6
0.018518518518518517,0.08024691358024691,0.09259259259259259,0.1419753086419753,0.32098765432098764,0.345679012345679
