var1,var2,var3,var4,var5,var6
0.04597701149425287,0.05172413793103448,0.08045977011494253,0.1839080459770115,0.20689655172413793,0.43103448275862066
