var1,var2,var3,var4,var5,var6
0.05454545454545454,0.07272727272727272,0.1696969696969697,0.2,0.21212121212121213,0.2909090909090909
