var1,var2,var3,var4,var5,var6
0.04926108374384237,0.11822660098522167,0.14285714285714285,0.21674876847290642,0.22660098522167488,0.24630541871921183
