var1,var2,var3,var4,var5,var6
0.07253886010362694,0.08290155440414508,0.10880829015544041,0.18652849740932642,0.22797927461139897,0.32124352331606215
