var1,var2,var3,var4,var5,var6
0.03592814371257485,0.059880239520958084,0.0718562874251497,0.17365269461077845,0.2155688622754491,0.4431137724550898
