var1,var2,var3,var4,var5,var6
0.032520325203252036,0.04878048780487805,0.11382113821138211,0.15447154471544716,0.17886178861788618,0.4715447154471545
