var1,var2,var3,var4,var5,var6
0.013245033112582781,0.07947019867549669,0.13245033112582782,0.18543046357615894,0.23178807947019867,0.3576158940397351
