var1,var2,var3,var4,var5,var6
0.017964071856287425,0.04790419161676647,0.16766467065868262,0.20359281437125748,0.2275449101796407,0.33532934131736525
