var1,var2,var3,var4,var5,var6
0.037209302325581395,0.15813953488372093,0.16744186046511628,0.17674418604651163,0.2186046511627907,0.24186046511627907
