var1,var2,var3,var4,var5,var6
0.07168458781362007,0.0931899641577061,0.16129032258064516,0.2114695340501792,0.21863799283154123,0.24372759856630824
