var1,var2,var3,var4,var5,var6
0.05917159763313609,0.07100591715976332,0.10059171597633136,0.24260355029585798,0.2603550295857988,0.26627218934911245
