var1,var2,var3,var4,var5,var6
0.05286343612334802,0.0881057268722467,0.18502202643171806,0.2026431718061674,0.2290748898678414,0.2422907488986784
