var1,var2,var3,var4,var5,var6
0.026845637583892617,0.0738255033557047,0.12080536912751678,0.12751677852348994,0.28187919463087246,0.3691275167785235
