var1,var2,var3,var4,var5,var6
0.10555555555555556,0.11666666666666667,0.16111111111111112,0.17777777777777778,0.19444444444444445,0.24444444444444444
