var1,var2,var3,var4,var5,var6
0.05339805825242718,0.11650485436893204,0.15048543689320387,0.1941747572815534,0.2087378640776699,0.2766990291262136
