var1,var2,var3,var4,var5,var6
0.061224489795918366,0.10884353741496598,0.1564625850340136,0.17687074829931973,0.19727891156462585,0.29931972789115646
