var1,var2,var3,var4,var5,var6
0.09606986899563319,0.12663755458515283,0.16593886462882096,0.18340611353711792,0.2096069868995633,0.2183406113537118
