var1,var2,var3,var4,var5,var6
0.03278688524590164,0.0546448087431694,0.07650273224043716,0.16939890710382513,0.26229508196721313,0.40437158469945356
