var1,var2,var3,var4,var5,var6
0.023255813953488372,0.046511627906976744,0.13178294573643412,0.17054263565891473,0.2868217054263566,0.34108527131782945
