var1,var2,var3,var4,var5,var6
0.049079754601226995,0.05521472392638037,0.08588957055214724,0.2392638036809816,0.26380368098159507,0.3067484662576687
