var1,var2,var3,var4,var5,var6
0.04430379746835443,0.056962025316455694,0.12658227848101267,0.13291139240506328,0.22151898734177214,0.4177215189873418
