var1,var2,var3,var4,var5,var6
0.03587443946188341,0.1031390134529148,0.15695067264573992,0.17937219730941703,0.21973094170403587,0.30493273542600896
