var1,var2,var3,var4,var5,var6
0.03888888888888889,0.06111111111111111,0.1111111111111111,0.2222222222222222,0.25,0.31666666666666665
