var1,var2,var3,var4,var5,var6
0.05128205128205128,0.06666666666666667,0.08205128205128205,0.19487179487179487,0.29743589743589743,0.3076923076923077
