var1,var2,var3,var4,var5,var6
0.047337278106508875,0.0650887573964497,0.08284023668639054,0.22485207100591717,0.2781065088757396,0.30177514792899407
