var1,var2,var3,var4,var5,var6
0.03773584905660377,0.10062893081761007,0.11949685534591195,0.16981132075471697,0.2138364779874214,0.3584905660377358
