var1,var2,var3,var4,var5,var6
0.024793388429752067,0.06611570247933884,0.10743801652892562,0.18181818181818182,0.21487603305785125,0.4049586776859504
