var1,var2,var3,var4,var5,var6
0.046357615894039736,0.0728476821192053,0.13245033112582782,0.152317880794702,0.2781456953642384,0.31788079470198677
