var1,var2,var3,var4,var5,var6
0.020618556701030927,0.041237113402061855,0.07216494845360824,0.18556701030927836,0.28865979381443296,0.3917525773195876
