var1,var2,var3,var4,var5,var6
0.016260162601626018,0.06504065040650407,0.13008130081300814,0.16260162601626016,0.21951219512195122,0.4065040650406504
