var1,var2,var3,var4,var5,var6
0.03162055335968379,0.13438735177865613,0.1422924901185771,0.20553359683794467,0.22529644268774704,0.2608695652173913
