var1,var2,var3,var4,var5,var6
0.02030456852791878,0.08121827411167512,0.1116751269035533,0.16243654822335024,0.25888324873096447,0.36548223350253806
