var1,var2,var3,var4,var5,var6
0.022727272727272728,0.08333333333333333,0.09090909090909091,0.12878787878787878,0.3106060606060606,0.36363636363636365
