var1,var2,var3,var4,var5,var6
0.05286343612334802,0.06167400881057269,0.13215859030837004,0.16299559471365638,0.28193832599118945,0.30837004405286345
