var1,var2,var3,var4,var5,var6
0.030534351145038167,0.06870229007633588,0.12213740458015267,0.183206106870229,0.24427480916030533,0.3511450381679389
