var1,var2,var3,var4,var5,var6
0.0425531914893617,0.05673758865248227,0.07801418439716312,0.14184397163120568,0.3262411347517731,0.3546099290780142
