var1,var2,var3,var4,var5,var6
0.02824858757062147,0.06779661016949153,0.11299435028248588,0.13559322033898305,0.21468926553672316,0.4406779661016949
