var1,var2,var3,var4,var5,var6
0.05128205128205128,0.08547008547008547,0.10256410256410256,0.11965811965811966,0.24786324786324787,0.39316239316239315
