var1,var2,var3,var4,var5,var6
0.1065989847715736,0.1218274111675127,0.1319796954314721,0.14213197969543148,0.20304568527918782,0.29441624365482233
