var1,var2,var3,var4,var5,var6
0.05714285714285714,0.11428571428571428,0.13333333333333333,0.1523809523809524,0.1619047619047619,0.38095238095238093
