var1,var2,var3,var4,var5,var6
0.024793388429752067,0.049586776859504134,0.14049586776859505,0.2066115702479339,0.24793388429752067,0.3305785123966942
