var1,var2,var3,var4,var5,var6
0.03783783783783784,0.08648648648648649,0.1837837837837838,0.20540540540540542,0.22702702702702704,0.2594594594594595
