var1,var2,var3,var4,var5,var6
0.0872093023255814,0.12790697674418605,0.1569767441860465,0.18604651162790697,0.20348837209302326,0.23837209302325582
