var1,var2,var3,var4,var5,var6
0.036231884057971016,0.050724637681159424,0.11594202898550725,0.21014492753623187,0.2826086956521739,0.30434782608695654
