var1,var2,var3,var4,var5,var6
0.028409090909090908,0.06818181818181818,0.18181818181818182,0.19886363636363635,0.2159090909090909,0.3068181818181818
