var1,var2,var3,var4,var5,var6
0.026490066225165563,0.059602649006622516,0.18543046357615894,0.1986754966887417,0.23841059602649006,0.2913907284768212
