var1,var2,var3,var4,var5,var6
0.05714285714285714,0.1306122448979592,0.1673469387755102,0.19591836734693877,0.21224489795918366,0.23673469387755103
