var1,var2,var3,var4,var5,var6
0.03260869565217391,0.08152173913043478,0.10326086956521739,0.20652173913043478,0.22282608695652173,0.3532608695652174
