var1,var2,var3,var4,var5,var6
0.03418803418803419,0.05982905982905983,0.15384615384615385,0.2222222222222222,0.23931623931623933,0.2905982905982906
