var1,var2,var3,var4,var5,var6
0.037383177570093455,0.04672897196261682,0.056074766355140186,0.14953271028037382,0.22429906542056074,0.48598130841121495
