var1,var2,var3,var4,var5,var6
0.06622516556291391,0.09933774834437085,0.11258278145695365,0.2251655629139073,0.24503311258278146,0.25165562913907286
