var1,var2,var3,var4,var5,var6
0.08176100628930817,0.11949685534591195,0.13836477987421383,0.1949685534591195,0.22641509433962265,0.2389937106918239
