var1,var2,var3,var4,var5,var6
0.012738853503184714,0.03821656050955414,0.09554140127388536,0.21656050955414013,0.2802547770700637,0.35668789808917195
