var1,var2,var3,var4,var5,var6
0.0718562874251497,0.08383233532934131,0.10179640718562874,0.10778443113772455,0.2874251497005988,0.3473053892215569
