var1,var2,var3,var4,var5,var6
0.042735042735042736,0.05982905982905983,0.08547008547008547,0.19658119658119658,0.24786324786324787,0.36752136752136755
