var1,var2,var3,var4,var5,var6
0.03910614525139665,0.061452513966480445,0.11173184357541899,0.18435754189944134,0.27932960893854747,0.3240223463687151
