var1,var2,var3,var4,var5,var6
0.03773584905660377,0.05660377358490566,0.06289308176100629,0.16352201257861634,0.2138364779874214,0.46540880503144655
