var1,var2,var3,var4,var5,var6
0.024844720496894408,0.037267080745341616,0.14285714285714285,0.16149068322981366,0.2608695652173913,0.37267080745341613
