var1,var2,var3,var4,var5,var6
0.05517241379310345,0.10344827586206896,0.1793103448275862,0.18620689655172415,0.2206896551724138,0.25517241379310346
