var1,var2,var3,var4,var5,var6
0.04046242774566474,0.09826589595375723,0.14450867052023122,0.16184971098265896,0.2138728323699422,0.34104046242774566
