var1,var2,var3,var4,var5,var6
0.013605442176870748,0.061224489795918366,0.10884353741496598,0.17687074829931973,0.24489795918367346,0.3945578231292517
