var1,var2,var3,var4,var5,var6
0.03759398496240601,0.07518796992481203,0.09774436090225563,0.20300751879699247,0.23308270676691728,0.3533834586466165
