var1,var2,var3,var4,var5,var6
0.06629834254143646,0.08287292817679558,0.143646408839779,0.1878453038674033,0.2430939226519337,0.27624309392265195
