var1,var2,var3,var4,var5,var6
0.06289308176100629,0.10062893081761007,0.12578616352201258,0.16981132075471697,0.2641509433962264,0.27672955974842767
