var1,var2,var3,var4,var5,var6
0.045871559633027525,0.07339449541284404,0.10091743119266056,0.1559633027522936,0.26605504587155965,0.3577981651376147
