var1,var2,var3,var4,var5,var6
0.12037037037037036,0.14351851851851852,0.1527777777777778,0.1712962962962963,0.19907407407407407,0.21296296296296297
