var1,var2,var3,var4,var5,var6
0.021739130434782608,0.08695652173913043,0.11594202898550725,0.1956521739130435,0.2536231884057971,0.32608695652173914
