var1,var2,var3,var4,var5,var6
0.0457516339869281,0.0784313725490196,0.1437908496732026,0.1830065359477124,0.20915032679738563,0.33986928104575165
