var1,var2,var3,var4,var5,var6
0.06372549019607843,0.08333333333333333,0.11764705882352941,0.22058823529411764,0.24509803921568626,0.2696078431372549
