var1,var2,var3,var4,var5,var6
0.013761467889908258,0.0963302752293578,0.14220183486238533,0.17889908256880735,0.25688073394495414,0.3119266055045872
