var1,var2,var3,var4,var5,var6
0.04424778761061947,0.08849557522123894,0.12389380530973451,0.17699115044247787,0.2743362831858407,0.2920353982300885
