var1,var2,var3,var4,var5,var6
0.05181347150259067,0.11398963730569948,0.13989637305699482,0.15025906735751296,0.20725388601036268,0.33678756476683935
