var1,var2,var3,var4,var5,var6
0.06217616580310881,0.07253886010362694,0.09844559585492228,0.20725388601036268,0.23834196891191708,0.32124352331606215
