var1,var2,var3,var4,var5,var6
0.07373271889400922,0.08755760368663594,0.11981566820276497,0.1382488479262673,0.2764976958525346,0.30414746543778803
