var1,var2,var3,var4,var5,var6
0.023668639053254437,0.08284023668639054,0.1301775147928994,0.22485207100591717,0.2603550295857988,0.2781065088757396
