var1,var2,var3,var4,var5,var6
0.09545454545454546,0.13636363636363635,0.14545454545454545,0.16818181818181818,0.20454545454545456,0.25
