var1,var2,var3,var4,var5,var6
0.052830188679245285,0.09811320754716982,0.1169811320754717,0.21132075471698114,0.24150943396226415,0.2792452830188679
