var1,var2,var3,var4,var5,var6
0.08376963350785341,0.11518324607329843,0.1518324607329843,0.18848167539267016,0.2094240837696335,0.2513089005235602
