var1,var2,var3,var4,var5,var6
0.0273224043715847,0.09289617486338798,0.13114754098360656,0.20218579234972678,0.2459016393442623,0.3005464480874317
