var1,var2,var3,var4,var5,var6
0.027906976744186046,0.14418604651162792,0.15813953488372093,0.19069767441860466,0.2,0.27906976744186046
