var1,var2,var3,var4,var5,var6
0.05202312138728324,0.10404624277456648,0.14450867052023122,0.17341040462427745,0.21965317919075145,0.3063583815028902
