var1,var2,var3,var4,var5,var6
0.03361344537815126,0.08403361344537816,0.1092436974789916,0.13445378151260504,0.2857142857142857,0.35294117647058826
