var1,var2,var3,var4,var5,var6
0.04132231404958678,0.11570247933884298,0.18181818181818182,0.19834710743801653,0.21487603305785125,0.24793388429752067
