var1,var2,var3,var4,var5,var6
0.0641025641025641,0.10897435897435898,0.1858974358974359,0.1987179487179487,0.21794871794871795,0.22435897435897437
