var1,var2,var3,var4,var5,var6
0.08097165991902834,0.11336032388663968,0.12955465587044535,0.17813765182186234,0.2145748987854251,0.2834008097165992
