var1,var2,var3,var4,var5,var6
0.032520325203252036,0.056910569105691054,0.06504065040650407,0.17886178861788618,0.3252032520325203,0.34146341463414637
