var1,var2,var3,var4,var5,var6
0.034013605442176874,0.09523809523809523,0.10884353741496598,0.14965986394557823,0.2653061224489796,0.3469387755102041
