var1,var2,var3,var4,var5,var6
0.07960199004975124,0.09950248756218906,0.14925373134328357,0.208955223880597,0.21890547263681592,0.24378109452736318
