var1,var2,var3,var4,var5,var6
0.04433497536945813,0.15270935960591134,0.16748768472906403,0.18226600985221675,0.22167487684729065,0.2315270935960591
