var1,var2,var3,var4,var5,var6
0.04519774011299435,0.0903954802259887,0.096045197740113,0.1638418079096045,0.2937853107344633,0.3107344632768362
