var1,var2,var3,var4,var5,var6
0.0427807486631016,0.0748663101604278,0.10695187165775401,0.20320855614973263,0.2727272727272727,0.2994652406417112
