var1,var2,var3,var4,var5,var6
0.04040404040404041,0.06060606060606061,0.1111111111111111,0.12121212121212122,0.20202020202020202,0.46464646464646464
