var1,var2,var3,var4,var5,var6
0.023952095808383235,0.04790419161676647,0.11377245508982035,0.1317365269461078,0.32335329341317365,0.3592814371257485
