var1,var2,var3,var4,var5,var6
0.02824858757062147,0.07909604519774012,0.1016949152542373,0.1864406779661017,0.24293785310734464,0.3615819209039548
