var1,var2,var3,var4,var5,var6
0.049079754601226995,0.0736196319018405,0.18404907975460122,0.19631901840490798,0.2147239263803681,0.2822085889570552
