var1,var2,var3,var4,var5,var6
0.06926406926406926,0.12554112554112554,0.1471861471861472,0.19047619047619047,0.22510822510822512,0.24242424242424243
