var1,var2,var3,var4,var5,var6
0.055900621118012424,0.06832298136645963,0.09316770186335403,0.11801242236024845,0.32298136645962733,0.3416149068322981
