var1,var2,var3,var4,var5,var6
0.02608695652173913,0.06086956521739131,0.10434782608695652,0.17391304347826086,0.22608695652173913,0.40869565217391307
