var1,var2,var3,var4,var5,var6
0.05454545454545454,0.08484848484848485,0.14545454545454545,0.18181818181818182,0.2545454545454545,0.2787878787878788
