var1,var2,var3,var4,var5,var6
0.022058823529411766,0.09558823529411764,0.1323529411764706,0.14705882352941177,0.21323529411764705,0.3897058823529412
