var1,var2,var3,var4,var5,var6
0.021897810218978103,0.13138686131386862,0.1678832116788321,0.18248175182481752,0.22627737226277372,0.27007299270072993
