var1,var2,var3,var4,var5,var6
0.044585987261146494,0.07006369426751592,0.17197452229299362,0.18471337579617833,0.20382165605095542,0.3248407643312102
