var1,var2,var3,var4,var5,var6
0.03816793893129771,0.10687022900763359,0.17557251908396945,0.183206106870229,0.2366412213740458,0.2595419847328244
