var1,var2,var3,var4,var5,var6
0.02631578947368421,0.11052631578947368,0.15789473684210525,0.16842105263157894,0.24736842105263157,0.2894736842105263
