var1,var2,var3,var4,var5,var6
0.07075471698113207,0.08490566037735849,0.18396226415094338,0.19339622641509435,0.2169811320754717,0.25
