var1,var2,var3,var4,var5,var6
0.02666666666666667,0.044444444444444446,0.10666666666666667,0.20444444444444446,0.24444444444444444,0.37333333333333335
