var1,var2,var3,var4,var5,var6
0.0931174089068826,0.1214574898785425,0.13765182186234817,0.1700404858299595,0.21052631578947367,0.26720647773279355
