var1,var2,var3,var4,var5,var6
0.05434782608695652,0.09239130434782608,0.125,0.15760869565217392,0.27717391304347827,0.29347826086956524
