var1,var2,var3,var4,var5,var6
0.05660377358490566,0.07547169811320754,0.10062893081761007,0.18867924528301888,0.22641509433962265,0.3522012578616352
