var1,var2,var3,var4,var5,var6
0.024390243902439025,0.08780487804878048,0.13658536585365855,0.17560975609756097,0.23414634146341465,0.34146341463414637
