var1,var2,var3,var4,var5,var6
0.03067484662576687,0.08588957055214724,0.13496932515337423,0.17177914110429449,0.2822085889570552,0.294478527607362
