var1,var2,var3,var4,var5,var6
0.039301310043668124,0.11353711790393013,0.16593886462882096,0.17903930131004367,0.23580786026200873,0.2663755458515284
