var1,var2,var3,var4,var5,var6
0.021834061135371178,0.08296943231441048,0.11790393013100436,0.17467248908296942,0.27510917030567683,0.32751091703056767
