var1,var2,var3,var4,var5,var6
0.07373271889400922,0.10599078341013825,0.1382488479262673,0.18433179723502305,0.2304147465437788,0.2672811059907834
