var1,var2,var3,var4,var5,var6
0.06201550387596899,0.07751937984496124,0.08527131782945736,0.18604651162790697,0.27906976744186046,0.31007751937984496
