var1,var2,var3,var4,var5,var6
0.011049723756906077,0.06629834254143646,0.12154696132596685,0.20441988950276244,0.22099447513812154,0.3756906077348066
