var1,var2,var3,var4,var5,var6
0.08522727272727272,0.11363636363636363,0.1534090909090909,0.19318181818181818,0.21022727272727273,0.24431818181818182
