var1,var2,var3,var4,var5,var6
0.023952095808383235,0.09580838323353294,0.16167664670658682,0.2155688622754491,0.2275449101796407,0.2754491017964072
