var1,var2,var3,var4,var5,var6
0.011049723756906077,0.08839779005524862,0.10497237569060773,0.143646408839779,0.30939226519337015,0.3425414364640884
