var1,var2,var3,var4,var5,var6
0.06802721088435375,0.08843537414965986,0.14965986394557823,0.2108843537414966,0.22448979591836735,0.2585034013605442
