var1,var2,var3,var4,var5,var6
0.0064516129032258064,0.1032258064516129,0.14193548387096774,0.18064516129032257,0.25806451612903225,0.3096774193548387
