var1,var2,var3,var4,var5,var6
0.01834862385321101,0.03669724770642202,0.10091743119266056,0.14678899082568808,0.3119266055045872,0.3853211009174312
