var1,var2,var3,var4,var5,var6
0.022222222222222223,0.08888888888888889,0.16666666666666666,0.19444444444444445,0.22777777777777777,0.3
