var1,var2,var3,var4,var5,var6
0.032679738562091505,0.05228758169934641,0.10457516339869281,0.11764705882352941,0.28104575163398693,0.4117647058823529
