var1,var2,var3,var4,var5,var6
0.08021390374331551,0.11229946524064172,0.11764705882352941,0.1443850267379679,0.18716577540106952,0.3582887700534759
