var1,var2,var3,var4,var5,var6
0.08259587020648967,0.13569321533923304,0.1504424778761062,0.1710914454277286,0.19469026548672566,0.26548672566371684
