var1,var2,var3,var4,var5,var6
0.014492753623188406,0.07246376811594203,0.14492753623188406,0.1956521739130435,0.2391304347826087,0.3333333333333333
