var1,var2,var3,var4,var5,var6
0.049723756906077346,0.07734806629834254,0.13259668508287292,0.17679558011049723,0.19889502762430938,0.36464088397790057
