var1,var2,var3,var4,var5,var6
0.04580152671755725,0.061068702290076333,0.15267175572519084,0.17557251908396945,0.24427480916030533,0.32061068702290074
