var1,var2,var3,var4,var5,var6
0.05714285714285714,0.10714285714285714,0.1357142857142857,0.17857142857142858,0.25,0.2714285714285714
