var1,var2,var3,var4,var5,var6
0.05263157894736842,0.12781954887218044,0.15037593984962405,0.17293233082706766,0.24060150375939848,0.2556390977443609
