var1,var2,var3,var4,var5,var6
0.027777777777777776,0.03888888888888889,0.13333333333333333,0.20555555555555555,0.2388888888888889,0.35555555555555557
