var1,var2,var3,var4,var5,var6
0.049689440993788817,0.11180124223602485,0.13664596273291926,0.17391304347826086,0.2546583850931677,0.2732919254658385
