var1,var2,var3,var4,var5,var6
0.01948051948051948,0.025974025974025976,0.09090909090909091,0.22727272727272727,0.2662337662337662,0.37012987012987014
