var1,var2,var3,var4,var5,var6
0.024752475247524754,0.06435643564356436,0.10396039603960396,0.16336633663366337,0.19801980198019803,0.44554455445544555
