var1,var2,var3,var4,var5,var6
0.0364963503649635,0.10218978102189781,0.145985401459854,0.1897810218978102,0.20437956204379562,0.32116788321167883
