var1,var2,var3,var4,var5,var6
0.013071895424836602,0.0718954248366013,0.09803921568627451,0.23529411764705882,0.2679738562091503,0.3137254901960784
