var1,var2,var3,var4,var5,var6
0.027586206896551724,0.0896551724137931,0.13793103448275862,0.15172413793103448,0.2482758620689655,0.3448275862068966
