var1,var2,var3,var4,var5,var6
0.014705882352941176,0.08088235294117647,0.13970588235294118,0.21323529411764705,0.25,0.3014705882352941
