var1,var2,var3,var4,var5,var6
0.06779661016949153,0.07909604519774012,0.11299435028248588,0.1694915254237288,0.1977401129943503,0.3728813559322034
