var1,var2,var3,var4,var5,var6
0.059113300492610835,0.06896551724137931,0.1477832512315271,0.1724137931034483,0.2561576354679803,0.2955665024630542
