var1,var2,var3,var4,var5,var6
0.09259259259259259,0.10493827160493827,0.14814814814814814,0.1728395061728395,0.20987654320987653,0.2716049382716049
