var1,var2,var3,var4,var5,var6
0.03508771929824561,0.08771929824561403,0.09941520467836257,0.14619883040935672,0.25146198830409355,0.38011695906432746
