var1,var2,var3,var4,var5,var6
0.05063291139240506,0.06962025316455696,0.16455696202531644,0.189873417721519,0.2468354430379747,0.27848101265822783
