var1,var2,var3,var4,var5,var6
0.04938271604938271,0.06790123456790123,0.09876543209876543,0.22839506172839505,0.24074074074074073,0.3148148148148148
