var1,var2,var3,var4,var5,var6
0.05925925925925926,0.07407407407407407,0.14814814814814814,0.17037037037037037,0.17777777777777778,0.37037037037037035
