var1,var2,var3,var4,var5,var6
0.025806451612903226,0.06451612903225806,0.16129032258064516,0.18064516129032257,0.25806451612903225,0.3096774193548387
