var1,var2,var3,var4,var5,var6
0.02127659574468085,0.11347517730496454,0.15602836879432624,0.18439716312056736,0.2127659574468085,0.3120567375886525
