var1,var2,var3,var4,var5,var6
0.024242424242424242,0.06666666666666667,0.09696969696969697,0.20606060606060606,0.28484848484848485,0.3212121212121212
