var1,var2,var3,var4,var5,var6
0.057692307692307696,0.10897435897435898,0.1346153846153846,0.16025641025641027,0.25,0.28846153846153844
