var1,var2,var3,var4,var5,var6
0.05806451612903226,0.08387096774193549,0.0967741935483871,0.2064516129032258,0.2129032258064516,0.3419354838709677
