var1,var2,var3,var4,var5,var6
0.08333333333333333,0.10964912280701754,0.12280701754385964,0.14473684210526316,0.23684210526315788,0.3026315789473684
