var1,var2,var3,var4,var5,var6
0.06698564593301436,0.08133971291866028,0.12440191387559808,0.20095693779904306,0.22009569377990432,0.3062200956937799
