var1,var2,var3,var4,var5,var6
0.08484848484848485,0.09696969696969697,0.13333333333333333,0.1393939393939394,0.19393939393939394,0.3515151515151515
