var1,var2,var3,var4,var5,var6
0.029850746268656716,0.06965174129353234,0.08955223880597014,0.21890547263681592,0.23383084577114427,0.3582089552238806
