var1,var2,var3,var4,var5,var6
0.0196078431372549,0.10457516339869281,0.1437908496732026,0.19607843137254902,0.26143790849673204,0.27450980392156865
