var1,var2,var3,var4,var5,var6
0.0425531914893617,0.09929078014184398,0.1702127659574468,0.19148936170212766,0.24113475177304963,0.2553191489361702
