var1,var2,var3,var4,var5,var6
0.019417475728155338,0.038834951456310676,0.07766990291262135,0.23300970873786409,0.24271844660194175,0.3883495145631068
