var1,var2,var3,var4,var5,var6
0.047619047619047616,0.06802721088435375,0.1564625850340136,0.1836734693877551,0.2653061224489796,0.2789115646258503
