var1,var2,var3,var4,var5,var6
0.09395973154362416,0.10738255033557047,0.14093959731543623,0.16778523489932887,0.18791946308724833,0.30201342281879195
