var1,var2,var3,var4,var5,var6
0.056768558951965066,0.08733624454148471,0.10480349344978165,0.2096069868995633,0.25327510917030566,0.28820960698689957
