var1,var2,var3,var4,var5,var6
0.07352941176470588,0.11029411764705882,0.125,0.17647058823529413,0.2426470588235294,0.27205882352941174
