var1,var2,var3,var4,var5,var6
0.06666666666666667,0.11428571428571428,0.13333333333333333,0.1619047619047619,0.2571428571428571,0.26666666666666666
