var1,var2,var3,var4,var5,var6
0.08144796380090498,0.09049773755656108,0.11312217194570136,0.15384615384615385,0.2171945701357466,0.3438914027149321
