var1,var2,var3,var4,var5,var6
0.028368794326241134,0.10638297872340426,0.14893617021276595,0.18439716312056736,0.2198581560283688,0.3120567375886525
