var1,var2,var3,var4,var5,var6
0.04477611940298507,0.06965174129353234,0.1691542288557214,0.1791044776119403,0.208955223880597,0.3283582089552239
