var1,var2,var3,var4,var5,var6
0.025380710659898477,0.08121827411167512,0.14213197969543148,0.15228426395939088,0.2436548223350254,0.3553299492385787
