var1,var2,var3,var4,var5,var6
0.023166023166023165,0.10038610038610038,0.18146718146718147,0.19305019305019305,0.2471042471042471,0.2548262548262548
