var1,var2,var3,var4,var5,var6
0.013793103448275862,0.06206896551724138,0.08275862068965517,0.15172413793103448,0.19310344827586207,0.496551724137931
