var1,var2,var3,var4,var5,var6
0.08609271523178808,0.09933774834437085,0.11258278145695365,0.1390728476821192,0.271523178807947,0.2913907284768212
