var1,var2,var3,var4,var5,var6
0.012738853503184714,0.06369426751592357,0.11464968152866242,0.14012738853503184,0.31210191082802546,0.35668789808917195
