var1,var2,var3,var4,var5,var6
0.026143790849673203,0.11764705882352941,0.1503267973856209,0.19607843137254902,0.24836601307189543,0.26143790849673204
