var1,var2,var3,var4,var5,var6
0.10526315789473684,0.13450292397660818,0.16374269005847952,0.1871345029239766,0.19883040935672514,0.21052631578947367
