var1,var2,var3,var4,var5,var6
0.05521472392638037,0.06134969325153374,0.07975460122699386,0.20245398773006135,0.2147239263803681,0.38650306748466257
