var1,var2,var3,var4,var5,var6
0.026490066225165563,0.039735099337748346,0.10596026490066225,0.12582781456953643,0.1986754966887417,0.5033112582781457
