var1,var2,var3,var4,var5,var6
0.06097560975609756,0.07317073170731707,0.10365853658536585,0.24390243902439024,0.25,0.2682926829268293
