var1,var2,var3,var4,var5,var6
0.019801980198019802,0.06930693069306931,0.10891089108910891,0.1485148514851485,0.26732673267326734,0.38613861386138615
