var1,var2,var3,var4,var5,var6
0.03937007874015748,0.06299212598425197,0.09448818897637795,0.1889763779527559,0.2992125984251969,0.31496062992125984
