var1,var2,var3,var4,var5,var6
0.05314009661835749,0.06763285024154589,0.08695652173913043,0.21256038647342995,0.25120772946859904,0.3285024154589372
