var1,var2,var3,var4,var5,var6
0.02877697841726619,0.03597122302158273,0.14388489208633093,0.15827338129496402,0.2014388489208633,0.4316546762589928
