var1,var2,var3,var4,var5,var6
0.025974025974025976,0.03896103896103896,0.12337662337662338,0.17532467532467533,0.2662337662337662,0.37012987012987014
