var1,var2,var3,var4,var5,var6
0.034013605442176874,0.04081632653061224,0.06802721088435375,0.20408163265306123,0.29931972789115646,0.35374149659863946
