var1,var2,var3,var4,var5,var6
0.10152284263959391,0.1218274111675127,0.1319796954314721,0.17766497461928935,0.20304568527918782,0.2639593908629442
