var1,var2,var3,var4,var5,var6
0.031413612565445025,0.10471204188481675,0.15706806282722513,0.16230366492146597,0.24083769633507854,0.3036649214659686
