var1,var2,var3,var4,var5,var6
0.042328042328042326,0.05291005291005291,0.12169312169312169,0.13756613756613756,0.2857142857142857,0.35978835978835977
