var1,var2,var3,var4,var5,var6
0.09389671361502347,0.13145539906103287,0.15492957746478872,0.18779342723004694,0.20187793427230047,0.2300469483568075
