var1,var2,var3,var4,var5,var6
0.08571428571428572,0.1380952380952381,0.14761904761904762,0.18095238095238095,0.19523809523809524,0.2523809523809524
