var1,var2,var3,var4,var5,var6
0.0392156862745098,0.0784313725490196,0.10457516339869281,0.13071895424836602,0.3202614379084967,0.32679738562091504
