var1,var2,var3,var4,var5,var6
0.022988505747126436,0.10919540229885058,0.14367816091954022,0.1781609195402299,0.2413793103448276,0.3045977011494253
