var1,var2,var3,var4,var5,var6
0.07784431137724551,0.09580838323353294,0.12574850299401197,0.1377245508982036,0.2694610778443114,0.2934131736526946
