var1,var2,var3,var4,var5,var6
0.037037037037037035,0.13425925925925927,0.1527777777777778,0.18518518518518517,0.19907407407407407,0.2916666666666667
