var1,var2,var3,var4,var5,var6
0.018867924528301886,0.05660377358490566,0.09433962264150944,0.20125786163522014,0.2830188679245283,0.34591194968553457
