var1,var2,var3,var4,var5,var6
0.047337278106508875,0.0650887573964497,0.08284023668639054,0.11834319526627218,0.27218934911242604,0.41420118343195267
