var1,var2,var3,var4,var5,var6
0.0223463687150838,0.055865921787709494,0.1452513966480447,0.1564245810055866,0.21787709497206703,0.4022346368715084
