var1,var2,var3,var4,var5,var6
0.011049723756906077,0.0718232044198895,0.11049723756906077,0.17679558011049723,0.19889502762430938,0.430939226519337
