var1,var2,var3,var4,var5,var6
0.037209302325581395,0.13023255813953488,0.14883720930232558,0.20465116279069767,0.23255813953488372,0.24651162790697675
