var1,var2,var3,var4,var5,var6
0.056451612903225805,0.07258064516129033,0.16129032258064516,0.1935483870967742,0.20161290322580644,0.31451612903225806
