var1,var2,var3,var4,var5,var6
0.08733624454148471,0.11353711790393013,0.1222707423580786,0.17903930131004367,0.2183406113537118,0.2794759825327511
