var1,var2,var3,var4,var5,var6
0.03508771929824561,0.07017543859649122,0.15789473684210525,0.17543859649122806,0.2222222222222222,0.3391812865497076
