var1,var2,var3,var4,var5,var6
0.07272727272727272,0.14181818181818182,0.16727272727272727,0.18181818181818182,0.20363636363636364,0.23272727272727273
