var1,var2,var3,var4,var5,var6
0.04838709677419355,0.08064516129032258,0.11290322580645161,0.15053763440860216,0.2903225806451613,0.3172043010752688
