var1,var2,var3,var4,var5,var6
0.07567567567567568,0.10810810810810811,0.11891891891891893,0.2,0.23783783783783785,0.2594594594594595
