var1,var2,var3,var4,var5,var6
0.07784431137724551,0.08383233532934131,0.10778443113772455,0.17964071856287425,0.2155688622754491,0.33532934131736525
