var1,var2,var3,var4,var5,var6
0.0823045267489712,0.09876543209876543,0.13580246913580246,0.15637860082304528,0.205761316872428,0.32098765432098764
