var1,var2,var3,var4,var5,var6
0.0995260663507109,0.11374407582938388,0.16113744075829384,0.18009478672985782,0.20853080568720378,0.23696682464454977
