var1,var2,var3,var4,var5,var6
0.03184713375796178,0.07643312101910828,0.08917197452229299,0.1910828025477707,0.24203821656050956,0.36942675159235666
