var1,var2,var3,var4,var5,var6
0.06779661016949153,0.15254237288135594,0.15819209039548024,0.1807909604519774,0.2033898305084746,0.23728813559322035
