var1,var2,var3,var4,var5,var6
0.042105263157894736,0.08421052631578947,0.16842105263157894,0.17894736842105263,0.18947368421052632,0.3368421052631579
