var1,var2,var3,var4,var5,var6
0.06626506024096386,0.08433734939759036,0.10240963855421686,0.16265060240963855,0.20481927710843373,0.3795180722891566
