var1,var2,var3,var4,var5,var6
0.03389830508474576,0.06779661016949153,0.15254237288135594,0.1694915254237288,0.2598870056497175,0.3163841807909605
