var1,var2,var3,var4,var5,var6
0.07734806629834254,0.09944751381215469,0.12154696132596685,0.13259668508287292,0.26519337016574585,0.30386740331491713
