var1,var2,var3,var4,var5,var6
0.022727272727272728,0.045454545454545456,0.12878787878787878,0.20454545454545456,0.2803030303030303,0.3181818181818182
