var1,var2,var3,var4,var5,var6
0.05084745762711865,0.05649717514124294,0.1751412429378531,0.2033898305084746,0.24858757062146894,0.2655367231638418
