var1,var2,var3,var4,var5,var6
0.06626506024096386,0.08433734939759036,0.10240963855421686,0.21686746987951808,0.25903614457831325,0.2710843373493976
