var1,var2,var3,var4,var5,var6
0.024539877300613498,0.11042944785276074,0.147239263803681,0.17791411042944785,0.24539877300613497,0.294478527607362
