var1,var2,var3,var4,var5,var6
0.017777777777777778,0.07111111111111111,0.1511111111111111,0.2,0.26666666666666666,0.29333333333333333
