var1,var2,var3,var4,var5,var6
0.053691275167785234,0.09395973154362416,0.12751677852348994,0.1342281879194631,0.21476510067114093,0.37583892617449666
