var1,var2,var3,var4,var5,var6
0.06299212598425197,0.08661417322834646,0.11811023622047244,0.13385826771653545,0.2125984251968504,0.3858267716535433
