var1,var2,var3,var4,var5,var6
0.056962025316455694,0.08227848101265822,0.12658227848101267,0.14556962025316456,0.27848101265822783,0.310126582278481
