var1,var2,var3,var4,var5,var6
0.029850746268656716,0.08955223880597014,0.0945273631840796,0.13930348258706468,0.2885572139303483,0.3582089552238806
