var1,var2,var3,var4,var5,var6
0.025380710659898477,0.07106598984771574,0.18781725888324874,0.19289340101522842,0.2436548223350254,0.27918781725888325
