var1,var2,var3,var4,var5,var6
0.011695906432748537,0.09941520467836257,0.1286549707602339,0.21052631578947367,0.2573099415204678,0.29239766081871343
