var1,var2,var3,var4,var5,var6
0.096045197740113,0.11299435028248588,0.14124293785310735,0.15254237288135594,0.1751412429378531,0.3220338983050847
