var1,var2,var3,var4,var5,var6
0.08955223880597014,0.12437810945273632,0.1691542288557214,0.1890547263681592,0.19900497512437812,0.22885572139303484
