var1,var2,var3,var4,var5,var6
0.03015075376884422,0.07035175879396985,0.12060301507537688,0.1407035175879397,0.2964824120603015,0.3417085427135678
