var1,var2,var3,var4,var5,var6
0.09230769230769231,0.11794871794871795,0.15384615384615385,0.16923076923076924,0.2,0.26666666666666666
