var1,var2,var3,var4,var5,var6
0.0427807486631016,0.0962566844919786,0.1711229946524064,0.20855614973262032,0.23529411764705882,0.24598930481283424
