var1,var2,var3,var4,var5,var6
0.02702702702702703,0.07207207207207207,0.12612612612612611,0.14414414414414414,0.16216216216216217,0.46846846846846846
