var1,var2,var3,var4,var5,var6
0.10980392156862745,0.11764705882352941,0.1568627450980392,0.17254901960784313,0.19607843137254902,0.24705882352941178
