var1,var2,var3,var4,var5,var6
0.09937888198757763,0.11180124223602485,0.13664596273291926,0.16149068322981366,0.2236024844720497,0.2670807453416149
