var1,var2,var3,var4,var5,var6
0.027906976744186046,0.12093023255813953,0.16279069767441862,0.19534883720930232,0.21395348837209302,0.27906976744186046
