var1,var2,var3,var4,var5,var6
0.06103286384976526,0.07981220657276995,0.11267605633802817,0.18779342723004694,0.2347417840375587,0.323943661971831
