var1,var2,var3,var4,var5,var6
0.07909604519774012,0.10734463276836158,0.13559322033898305,0.2033898305084746,0.22598870056497175,0.24858757062146894
