var1,var2,var3,var4,var5,var6
0.023121387283236993,0.06358381502890173,0.10404624277456648,0.13872832369942195,0.31213872832369943,0.3583815028901734
