var1,var2,var3,var4,var5,var6
0.03870967741935484,0.06451612903225806,0.16774193548387098,0.18064516129032257,0.2129032258064516,0.33548387096774196
