var1,var2,var3,var4,var5,var6
0.03954802259887006,0.06779661016949153,0.15819209039548024,0.1694915254237288,0.21468926553672316,0.3502824858757062
