var1,var2,var3,var4,var5,var6
0.03550295857988166,0.08284023668639054,0.10059171597633136,0.15384615384615385,0.28402366863905326,0.3431952662721893
