var1,var2,var3,var4,var5,var6
0.04678362573099415,0.05847953216374269,0.07017543859649122,0.18128654970760233,0.24561403508771928,0.39766081871345027
