var1,var2,var3,var4,var5,var6
0.024793388429752067,0.049586776859504134,0.14049586776859505,0.15702479338842976,0.2396694214876033,0.3884297520661157
