var1,var2,var3,var4,var5,var6
0.02185792349726776,0.08196721311475409,0.14207650273224043,0.15300546448087432,0.25136612021857924,0.34972677595628415
