var1,var2,var3,var4,var5,var6
0.0962566844919786,0.13903743315508021,0.15508021390374332,0.17647058823529413,0.20320855614973263,0.22994652406417113
