var1,var2,var3,var4,var5,var6
0.03636363636363636,0.048484848484848485,0.10909090909090909,0.21212121212121213,0.23030303030303031,0.36363636363636365
