var1,var2,var3,var4,var5,var6
0.05228758169934641,0.0915032679738562,0.17647058823529413,0.19607843137254902,0.20915032679738563,0.27450980392156865
