var1,var2,var3,var4,var5,var6
0.027777777777777776,0.08888888888888889,0.12777777777777777,0.20555555555555555,0.2388888888888889,0.3111111111111111
