var1,var2,var3,var4,var5,var6
0.11553784860557768,0.13545816733067728,0.14342629482071714,0.1752988047808765,0.20717131474103587,0.22310756972111553
