var1,var2,var3,var4,var5,var6
0.05970149253731343,0.07462686567164178,0.09950248756218906,0.208955223880597,0.23880597014925373,0.31840796019900497
