var1,var2,var3,var4,var5,var6
0.02040816326530612,0.05442176870748299,0.06802721088435375,0.1292517006802721,0.2789115646258503,0.4489795918367347
