var1,var2,var3,var4,var5,var6
0.03496503496503497,0.0979020979020979,0.16783216783216784,0.18181818181818182,0.1958041958041958,0.32167832167832167
