var1,var2,var3,var4,var5,var6
0.021739130434782608,0.043478260869565216,0.10869565217391304,0.21739130434782608,0.2536231884057971,0.35507246376811596
