var1,var2,var3,var4,var5,var6
0.024390243902439025,0.056910569105691054,0.08943089430894309,0.22764227642276422,0.2764227642276423,0.3252032520325203
