var1,var2,var3,var4,var5,var6
0.027210884353741496,0.05442176870748299,0.1564625850340136,0.22448979591836735,0.24489795918367346,0.2925170068027211
