var1,var2,var3,var4,var5,var6
0.034013605442176874,0.047619047619047616,0.14965986394557823,0.1564625850340136,0.21768707482993196,0.3945578231292517
