var1,var2,var3,var4,var5,var6
0.03278688524590164,0.07103825136612021,0.12021857923497267,0.22950819672131148,0.25136612021857924,0.29508196721311475
