var1,var2,var3,var4,var5,var6
0.060109289617486336,0.10382513661202186,0.17486338797814208,0.18579234972677597,0.22404371584699453,0.25136612021857924
