var1,var2,var3,var4,var5,var6
0.03902439024390244,0.0975609756097561,0.12195121951219512,0.16585365853658537,0.1951219512195122,0.3804878048780488
