var1,var2,var3,var4,var5,var6
0.025210084033613446,0.06722689075630252,0.11764705882352941,0.15126050420168066,0.25210084033613445,0.3865546218487395
