var1,var2,var3,var4,var5,var6
0.017543859649122806,0.06140350877192982,0.09649122807017543,0.22807017543859648,0.23684210526315788,0.35964912280701755
