var1,var2,var3,var4,var5,var6
0.03680981595092025,0.08588957055214724,0.10429447852760736,0.1165644171779141,0.26380368098159507,0.39263803680981596
