var1,var2,var3,var4,var5,var6
0.0446927374301676,0.11173184357541899,0.13966480446927373,0.1787709497206704,0.2569832402234637,0.2681564245810056
