var1,var2,var3,var4,var5,var6
0.08843537414965986,0.10884353741496598,0.16326530612244897,0.17687074829931973,0.21768707482993196,0.24489795918367346
