var1,var2,var3,var4,var5,var6
0.06779661016949153,0.10734463276836158,0.15819209039548024,0.1807909604519774,0.192090395480226,0.2937853107344633
