var1,var2,var3,var4,var5,var6
0.011428571428571429,0.06285714285714286,0.13714285714285715,0.17142857142857143,0.26285714285714284,0.35428571428571426
