var1,var2,var3,var4,var5,var6
0.013986013986013986,0.04195804195804196,0.08391608391608392,0.1958041958041958,0.3006993006993007,0.36363636363636365
