var1,var2,var3,var4,var5,var6
0.05181347150259067,0.06217616580310881,0.11917098445595854,0.15544041450777202,0.29015544041450775,0.32124352331606215
