var1,var2,var3,var4,var5,var6
0.06818181818181818,0.09090909090909091,0.11363636363636363,0.17424242424242425,0.25,0.30303030303030304
