var1,var2,var3,var4,var5,var6
0.02857142857142857,0.0380952380952381,0.09523809523809523,0.17142857142857143,0.3238095238095238,0.34285714285714286
