var1,var2,var3,var4,var5,var6
0.06437768240343347,0.0944206008583691,0.1630901287553648,0.2145922746781116,0.22317596566523606,0.24034334763948498
