var1,var2,var3,var4,var5,var6
0.06698564593301436,0.09569377990430622,0.14832535885167464,0.21052631578947367,0.22009569377990432,0.2583732057416268
