var1,var2,var3,var4,var5,var6
0.0136986301369863,0.06164383561643835,0.1095890410958904,0.1506849315068493,0.1917808219178082,0.4726027397260274
