var1,var2,var3,var4,var5,var6
0.019704433497536946,0.06403940886699508,0.1477832512315271,0.15763546798029557,0.2660098522167488,0.3448275862068966
