var1,var2,var3,var4,var5,var6
0.08536585365853659,0.10365853658536585,0.11585365853658537,0.15853658536585366,0.25,0.2865853658536585
