var1,var2,var3,var4,var5,var6
0.0196078431372549,0.0784313725490196,0.1568627450980392,0.19607843137254902,0.2679738562091503,0.28104575163398693
