var1,var2,var3,var4,var5,var6
0.050955414012738856,0.07006369426751592,0.07643312101910828,0.2356687898089172,0.267515923566879,0.29936305732484075
