var1,var2,var3,var4,var5,var6
0.03056768558951965,0.07860262008733625,0.17903930131004367,0.18777292576419213,0.24017467248908297,0.2838427947598253
