var1,var2,var3,var4,var5,var6
0.052434456928838954,0.11235955056179775,0.12359550561797752,0.20224719101123595,0.2397003745318352,0.2696629213483146
