var1,var2,var3,var4,var5,var6
0.03482587064676617,0.08955223880597014,0.10945273631840796,0.1691542288557214,0.23880597014925373,0.3582089552238806
