var1,var2,var3,var4,var5,var6
0.029940119760479042,0.07784431137724551,0.11377245508982035,0.16766467065868262,0.25748502994011974,0.3532934131736527
