var1,var2,var3,var4,var5,var6
0.01675977653631285,0.1452513966480447,0.16759776536312848,0.18994413407821228,0.2346368715083799,0.24581005586592178
