var1,var2,var3,var4,var5,var6
0.07947019867549669,0.08609271523178808,0.09271523178807947,0.13245033112582782,0.2913907284768212,0.31788079470198677
