var1,var2,var3,var4,var5,var6
0.1044776119402985,0.13930348258706468,0.15920398009950248,0.17412935323383086,0.19900497512437812,0.22388059701492538
