var1,var2,var3,var4,var5,var6
0.04294478527607362,0.08588957055214724,0.1165644171779141,0.2331288343558282,0.25153374233128833,0.26993865030674846
