var1,var2,var3,var4,var5,var6
0.0321285140562249,0.09236947791164658,0.1285140562248996,0.14457831325301204,0.26506024096385544,0.3373493975903614
