var1,var2,var3,var4,var5,var6
0.022857142857142857,0.09142857142857143,0.10857142857142857,0.15428571428571428,0.2742857142857143,0.3485714285714286
