var1,var2,var3,var4,var5,var6
0.10152284263959391,0.14213197969543148,0.15736040609137056,0.17258883248730963,0.20304568527918782,0.2233502538071066
