var1,var2,var3,var4,var5,var6
0.10778443113772455,0.11976047904191617,0.1317365269461078,0.16167664670658682,0.20359281437125748,0.2754491017964072
