var1,var2,var3,var4,var5,var6
0.043795620437956206,0.08759124087591241,0.145985401459854,0.16058394160583941,0.22627737226277372,0.3357664233576642
