var1,var2,var3,var4,var5,var6
0.04484304932735426,0.12556053811659193,0.16143497757847533,0.18385650224215247,0.18834080717488788,0.29596412556053814
