var1,var2,var3,var4,var5,var6
0.043209876543209874,0.07407407407407407,0.10493827160493827,0.22839506172839505,0.2654320987654321,0.2839506172839506
