var1,var2,var3,var4,var5,var6
0.06557377049180328,0.1092896174863388,0.13114754098360656,0.16393442622950818,0.2459016393442623,0.28415300546448086
