var1,var2,var3,var4,var5,var6
0.0861244019138756,0.09569377990430622,0.15789473684210525,0.19138755980861244,0.21052631578947367,0.2583732057416268
