var1,var2,var3,var4,var5,var6
0.029411764705882353,0.058823529411764705,0.12941176470588237,0.18235294117647058,0.27647058823529413,0.3235294117647059
