var1,var2,var3,var4,var5,var6
0.0738255033557047,0.1342281879194631,0.1476510067114094,0.174496644295302,0.19463087248322147,0.2751677852348993
