var1,var2,var3,var4,var5,var6
0.07051282051282051,0.10256410256410256,0.11538461538461539,0.16025641025641027,0.25,0.30128205128205127
