var1,var2,var3,var4,var5,var6
0.08839779005524862,0.12154696132596685,0.13812154696132597,0.15469613259668508,0.17679558011049723,0.32044198895027626
