var1,var2,var3,var4,var5,var6
0.022950819672131147,0.07868852459016394,0.14426229508196722,0.20327868852459016,0.25573770491803277,0.29508196721311475
