var1,var2,var3,var4,var5,var6
0.061068702290076333,0.10687022900763359,0.12213740458015267,0.16030534351145037,0.1984732824427481,0.3511450381679389
