var1,var2,var3,var4,var5,var6
0.08227848101265822,0.11392405063291139,0.12658227848101267,0.18354430379746836,0.22151898734177214,0.2721518987341772
