var1,var2,var3,var4,var5,var6
0.0880503144654088,0.11949685534591195,0.1509433962264151,0.16352201257861634,0.2138364779874214,0.2641509433962264
