var1,var2,var3,var4,var5,var6
0.08,0.09142857142857143,0.13714285714285715,0.18857142857142858,0.24,0.26285714285714284
