var1,var2,var3,var4,var5,var6
0.04046242774566474,0.057803468208092484,0.11560693641618497,0.18497109826589594,0.28901734104046245,0.31213872832369943
