var1,var2,var3,var4,var5,var6
0.031007751937984496,0.09302325581395349,0.10852713178294573,0.18604651162790697,0.24031007751937986,0.34108527131782945
