var1,var2,var3,var4,var5,var6
0.07971014492753623,0.10144927536231885,0.10869565217391304,0.15942028985507245,0.2536231884057971,0.2971014492753623
