var1,var2,var3,var4,var5,var6
0.013422818791946308,0.020134228187919462,0.08053691275167785,0.22818791946308725,0.2684563758389262,0.38926174496644295
