var1,var2,var3,var4,var5,var6
0.022900763358778626,0.061068702290076333,0.07633587786259542,0.15267175572519084,0.32061068702290074,0.366412213740458
