var1,var2,var3,var4,var5,var6
0.07462686567164178,0.12935323383084577,0.13930348258706468,0.1890547263681592,0.21890547263681592,0.24875621890547264
