var1,var2,var3,var4,var5,var6
0.0273224043715847,0.10382513661202186,0.12021857923497267,0.15300546448087432,0.2786885245901639,0.31693989071038253
