var1,var2,var3,var4,var5,var6
0.04516129032258064,0.08387096774193549,0.1032258064516129,0.12258064516129032,0.3161290322580645,0.32903225806451614
