var1,var2,var3,var4,var5,var6
0.024096385542168676,0.07228915662650602,0.12048192771084337,0.20481927710843373,0.28112449799196787,0.2971887550200803
