var1,var2,var3,var4,var5,var6
0.0273224043715847,0.04371584699453552,0.09836065573770492,0.24043715846994534,0.26229508196721313,0.32786885245901637
