var1,var2,var3,var4,var5,var6
0.01652892561983471,0.09917355371900827,0.1322314049586777,0.1652892561983471,0.2231404958677686,0.36363636363636365
