var1,var2,var3,var4,var5,var6
0.07114624505928854,0.07905138339920949,0.16996047430830039,0.18181818181818182,0.20553359683794467,0.2924901185770751
