var1,var2,var3,var4,var5,var6
0.028089887640449437,0.056179775280898875,0.09550561797752809,0.19101123595505617,0.2640449438202247,0.3651685393258427
