var1,var2,var3,var4,var5,var6
0.020161290322580645,0.0846774193548387,0.14919354838709678,0.1774193548387097,0.25806451612903225,0.31048387096774194
