var1,var2,var3,var4,var5,var6
0.07860262008733625,0.11353711790393013,0.13537117903930132,0.14847161572052403,0.2096069868995633,0.314410480349345
