var1,var2,var3,var4,var5,var6
0.07514450867052024,0.10404624277456648,0.11560693641618497,0.13872832369942195,0.26011560693641617,0.3063583815028902
