var1,var2,var3,var4,var5,var6
0.030303030303030304,0.09090909090909091,0.1038961038961039,0.13852813852813853,0.30735930735930733,0.329004329004329
