var1,var2,var3,var4,var5,var6
0.018633540372670808,0.037267080745341616,0.13664596273291926,0.19875776397515527,0.2608695652173913,0.34782608695652173
