var1,var2,var3,var4,var5,var6
0.03902439024390244,0.05365853658536585,0.15609756097560976,0.16585365853658537,0.24390243902439024,0.34146341463414637
