var1,var2,var3,var4,var5,var6
0.06722689075630252,0.08403361344537816,0.13445378151260504,0.14285714285714285,0.23529411764705882,0.33613445378151263
