var1,var2,var3,var4,var5,var6
0.020100502512562814,0.11055276381909548,0.12060301507537688,0.17587939698492464,0.2613065326633166,0.31155778894472363
