var1,var2,var3,var4,var5,var6
0.020134228187919462,0.0738255033557047,0.11409395973154363,0.21476510067114093,0.28187919463087246,0.2953020134228188
