var1,var2,var3,var4,var5,var6
0.029556650246305417,0.03940886699507389,0.12315270935960591,0.18719211822660098,0.2660098522167488,0.35467980295566504
