var1,var2,var3,var4,var5,var6
0.025423728813559324,0.1228813559322034,0.13135593220338984,0.211864406779661,0.2245762711864407,0.2838983050847458
