var1,var2,var3,var4,var5,var6
0.04964539007092199,0.07801418439716312,0.10638297872340426,0.1773049645390071,0.2624113475177305,0.3262411347517731
