var1,var2,var3,var4,var5,var6
0.024539877300613498,0.03067484662576687,0.09815950920245399,0.22085889570552147,0.25766871165644173,0.36809815950920244
