var1,var2,var3,var4,var5,var6
0.07734806629834254,0.09392265193370165,0.12154696132596685,0.20994475138121546,0.23204419889502761,0.26519337016574585
