var1,var2,var3,var4,var5,var6
0.05102040816326531,0.12755102040816327,0.15816326530612246,0.19387755102040816,0.22959183673469388,0.23979591836734693
