var1,var2,var3,var4,var5,var6
0.017699115044247787,0.08849557522123894,0.1415929203539823,0.17699115044247787,0.20353982300884957,0.37168141592920356
