var1,var2,var3,var4,var5,var6
0.03488372093023256,0.06976744186046512,0.12790697674418605,0.13953488372093023,0.18604651162790697,0.4418604651162791
