var1,var2,var3,var4,var5,var6
0.07407407407407407,0.08465608465608465,0.10052910052910052,0.1164021164021164,0.2804232804232804,0.3439153439153439
