var1,var2,var3,var4,var5,var6
0.027777777777777776,0.07222222222222222,0.16111111111111112,0.18333333333333332,0.25,0.3055555555555556
