var1,var2,var3,var4,var5,var6
0.013422818791946308,0.06711409395973154,0.087248322147651,0.21476510067114093,0.2550335570469799,0.3624161073825503
