var1,var2,var3,var4,var5,var6
0.04020100502512563,0.09547738693467336,0.16080402010050251,0.17587939698492464,0.22613065326633167,0.3015075376884422
