var1,var2,var3,var4,var5,var6
0.11176470588235295,0.13529411764705881,0.14705882352941177,0.17647058823529413,0.20588235294117646,0.2235294117647059
