var1,var2,var3,var4,var5,var6
0.10071942446043165,0.1366906474820144,0.15827338129496402,0.18705035971223022,0.2014388489208633,0.2158273381294964
