var1,var2,var3,var4,var5,var6
0.023952095808383235,0.04790419161676647,0.11976047904191617,0.19760479041916168,0.2754491017964072,0.33532934131736525
