var1,var2,var3,var4,var5,var6
0.04516129032258064,0.07096774193548387,0.14193548387096774,0.21935483870967742,0.25161290322580643,0.2709677419354839
