var1,var2,var3,var4,var5,var6
0.010471204188481676,0.031413612565445025,0.09947643979057591,0.2094240837696335,0.2931937172774869,0.35602094240837695
