var1,var2,var3,var4,var5,var6
0.02877697841726619,0.050359712230215826,0.14388489208633093,0.2158273381294964,0.2733812949640288,0.28776978417266186
