var1,var2,var3,var4,var5,var6
0.029239766081871343,0.08187134502923976,0.10526315789473684,0.18128654970760233,0.22807017543859648,0.3742690058479532
