var1,var2,var3,var4,var5,var6
0.041666666666666664,0.06547619047619048,0.1488095238095238,0.20238095238095238,0.22023809523809523,0.32142857142857145
