var1,var2,var3,var4,var5,var6
0.047619047619047616,0.09523809523809523,0.10884353741496598,0.1360544217687075,0.16326530612244897,0.4489795918367347
