var1,var2,var3,var4,var5,var6
0.028735632183908046,0.06896551724137931,0.08620689655172414,0.20114942528735633,0.25287356321839083,0.3620689655172414
