var1,var2,var3,var4,var5,var6
0.015873015873015872,0.07407407407407407,0.1164021164021164,0.21164021164021163,0.2751322751322751,0.30687830687830686
