var1,var2,var3,var4,var5,var6
0.027624309392265192,0.06077348066298342,0.13259668508287292,0.1878453038674033,0.2265193370165746,0.36464088397790057
