var1,var2,var3,var4,var5,var6
0.023715415019762844,0.09881422924901186,0.16600790513833993,0.18181818181818182,0.22134387351778656,0.308300395256917
