var1,var2,var3,var4,var5,var6
0.05485232067510549,0.10126582278481013,0.11814345991561181,0.20253164556962025,0.24472573839662448,0.27848101265822783
