var1,var2,var3,var4,var5,var6
0.06722689075630252,0.09243697478991597,0.17647058823529413,0.18487394957983194,0.2184873949579832,0.2605042016806723
