var1,var2,var3,var4,var5,var6
0.041025641025641026,0.06153846153846154,0.15384615384615385,0.1794871794871795,0.27692307692307694,0.28717948717948716
