var1,var2,var3,var4,var5,var6
0.023255813953488372,0.06046511627906977,0.13488372093023257,0.16279069767441862,0.2558139534883721,0.3627906976744186
