var1,var2,var3,var4,var5,var6
0.037914691943127965,0.08530805687203792,0.11374407582938388,0.14218009478672985,0.2985781990521327,0.3222748815165877
