var1,var2,var3,var4,var5,var6
0.060085836909871244,0.10300429184549356,0.13304721030042918,0.18025751072961374,0.2145922746781116,0.3090128755364807
