var1,var2,var3,var4,var5,var6
0.011976047904191617,0.09580838323353294,0.15568862275449102,0.17964071856287425,0.25748502994011974,0.2994011976047904
