var1,var2,var3,var4,var5,var6
0.0365296803652968,0.0639269406392694,0.0821917808219178,0.1643835616438356,0.1872146118721461,0.4657534246575342
