var1,var2,var3,var4,var5,var6
0.02158273381294964,0.04316546762589928,0.05755395683453238,0.23741007194244604,0.26618705035971224,0.37410071942446044
