var1,var2,var3,var4,var5,var6
0.032432432432432434,0.0918918918918919,0.11891891891891893,0.13513513513513514,0.2702702702702703,0.35135135135135137
