var1,var2,var3,var4,var5,var6
0.08780487804878048,0.12195121951219512,0.14634146341463414,0.2,0.2146341463414634,0.22926829268292684
