var1,var2,var3,var4,var5,var6
0.03821656050955414,0.12101910828025478,0.1337579617834395,0.1464968152866242,0.20382165605095542,0.35668789808917195
