var1,var2,var3,var4,var5,var6
0.035398230088495575,0.05309734513274336,0.07079646017699115,0.19469026548672566,0.30973451327433627,0.336283185840708
