var1,var2,var3,var4,var5,var6
0.01990049751243781,0.04975124378109453,0.12935323383084577,0.13930348258706468,0.2935323383084577,0.3681592039800995
