var1,var2,var3,var4,var5,var6
0.0457516339869281,0.0784313725490196,0.1568627450980392,0.1830065359477124,0.20915032679738563,0.32679738562091504
