var1,var2,var3,var4,var5,var6
0.10891089108910891,0.13366336633663367,0.14356435643564355,0.1782178217821782,0.19801980198019803,0.2376237623762376
