var1,var2,var3,var4,var5,var6
0.10480349344978165,0.11790393013100436,0.16593886462882096,0.18340611353711792,0.20087336244541484,0.22707423580786026
