var1,var2,var3,var4,var5,var6
0.06134969325153374,0.10429447852760736,0.12269938650306748,0.19631901840490798,0.24539877300613497,0.26993865030674846
