var1,var2,var3,var4,var5,var6
0.028037383177570093,0.10747663551401869,0.1588785046728972,0.17289719626168223,0.2570093457943925,0.2757009345794392
