var1,var2,var3,var4,var5,var6
0.07048458149779736,0.1145374449339207,0.1277533039647577,0.16740088105726872,0.22026431718061673,0.29955947136563876
