var1,var2,var3,var4,var5,var6
0.072992700729927,0.08759124087591241,0.10948905109489052,0.1678832116788321,0.17518248175182483,0.38686131386861317
