var1,var2,var3,var4,var5,var6
0.030303030303030304,0.048484848484848485,0.09696969696969697,0.13333333333333333,0.28484848484848485,0.40606060606060607
