var1,var2,var3,var4,var5,var6
0.031746031746031744,0.06349206349206349,0.10052910052910052,0.17989417989417988,0.30687830687830686,0.31746031746031744
