var1,var2,var3,var4,var5,var6
0.03015075376884422,0.07537688442211055,0.10050251256281408,0.19095477386934673,0.23115577889447236,0.37185929648241206
