var1,var2,var3,var4,var5,var6
0.056818181818181816,0.06818181818181818,0.09090909090909091,0.2215909090909091,0.26704545454545453,0.29545454545454547
