var1,var2,var3,var4,var5,var6
0.029288702928870293,0.09205020920502092,0.14644351464435146,0.19246861924686193,0.2594142259414226,0.2803347280334728
