var1,var2,var3,var4,var5,var6
0.022598870056497175,0.10734463276836158,0.1694915254237288,0.1807909604519774,0.21468926553672316,0.3050847457627119
