var1,var2,var3,var4,var5,var6
0.02185792349726776,0.060109289617486336,0.08743169398907104,0.16393442622950818,0.31693989071038253,0.34972677595628415
