var1,var2,var3,var4,var5,var6
0.040268456375838924,0.09395973154362416,0.12080536912751678,0.1476510067114094,0.2214765100671141,0.37583892617449666
