var1,var2,var3,var4,var5,var6
0.11594202898550725,0.13043478260869565,0.15458937198067632,0.18357487922705315,0.2028985507246377,0.21256038647342995
