var1,var2,var3,var4,var5,var6
0.031088082901554404,0.11398963730569948,0.18652849740932642,0.20207253886010362,0.22797927461139897,0.23834196891191708
