var1,var2,var3,var4,var5,var6
0.0867579908675799,0.1187214611872146,0.1278538812785388,0.182648401826484,0.228310502283105,0.2557077625570776
