var1,var2,var3,var4,var5,var6
0.040983606557377046,0.06557377049180328,0.09016393442622951,0.18032786885245902,0.23770491803278687,0.38524590163934425
