var1,var2,var3,var4,var5,var6
0.0425531914893617,0.10638297872340426,0.1702127659574468,0.1773049645390071,0.19148936170212766,0.3120567375886525
