var1,var2,var3,var4,var5,var6
0.0718954248366013,0.11764705882352941,0.13071895424836602,0.1830065359477124,0.20915032679738563,0.2875816993464052
