var1,var2,var3,var4,var5,var6
0.10052910052910052,0.1164021164021164,0.12698412698412698,0.14814814814814814,0.2222222222222222,0.2857142857142857
