var1,var2,var3,var4,var5,var6
0.029850746268656716,0.07960199004975124,0.12935323383084577,0.17412935323383086,0.25870646766169153,0.3283582089552239
