var1,var2,var3,var4,var5,var6
0.01762114537444934,0.048458149779735685,0.1762114537444934,0.2026431718061674,0.24669603524229075,0.30837004405286345
