var1,var2,var3,var4,var5,var6
0.0427807486631016,0.058823529411764705,0.0748663101604278,0.23529411764705882,0.24598930481283424,0.3422459893048128
