var1,var2,var3,var4,var5,var6
0.09411764705882353,0.1,0.14705882352941177,0.17058823529411765,0.21176470588235294,0.27647058823529413
