var1,var2,var3,var4,var5,var6
0.06521739130434782,0.07246376811594203,0.15942028985507245,0.18115942028985507,0.21014492753623187,0.3115942028985507
