var1,var2,var3,var4,var5,var6
0.0847457627118644,0.1016949152542373,0.15819209039548024,0.192090395480226,0.22598870056497175,0.23728813559322035
