var1,var2,var3,var4,var5,var6
0.0872093023255814,0.09883720930232558,0.1569767441860465,0.20930232558139536,0.21511627906976744,0.23255813953488372
