var1,var2,var3,var4,var5,var6
0.03278688524590164,0.04371584699453552,0.1366120218579235,0.16393442622950818,0.28415300546448086,0.33879781420765026
