var1,var2,var3,var4,var5,var6
0.04433497536945813,0.12807881773399016,0.1625615763546798,0.18226600985221675,0.21182266009852216,0.270935960591133
