var1,var2,var3,var4,var5,var6
0.027972027972027972,0.09090909090909091,0.1258741258741259,0.13986013986013987,0.27972027972027974,0.3356643356643357
