var1,var2,var3,var4,var5,var6
0.0390625,0.046875,0.09375,0.2265625,0.2578125,0.3359375
