var1,var2,var3,var4,var5,var6
0.022900763358778626,0.0916030534351145,0.10687022900763359,0.13740458015267176,0.2366412213740458,0.40458015267175573
