var1,var2,var3,var4,var5,var6
0.023255813953488372,0.03875968992248062,0.12403100775193798,0.20930232558139536,0.26356589147286824,0.34108527131782945
