var1,var2,var3,var4,var5,var6
0.0335195530726257,0.055865921787709494,0.0782122905027933,0.1452513966480447,0.31843575418994413,0.3687150837988827
