var1,var2,var3,var4,var5,var6
0.011695906432748537,0.05847953216374269,0.1286549707602339,0.2046783625730994,0.2222222222222222,0.3742690058479532
