var1,var2,var3,var4,var5,var6
0.026455026455026454,0.1164021164021164,0.15873015873015872,0.17989417989417988,0.25396825396825395,0.26455026455026454
