var1,var2,var3,var4,var5,var6
0.03508771929824561,0.07017543859649122,0.19298245614035087,0.19883040935672514,0.2222222222222222,0.2807017543859649
