var1,var2,var3,var4,var5,var6
0.03496503496503497,0.04195804195804196,0.0979020979020979,0.21678321678321677,0.23076923076923078,0.3776223776223776
