var1,var2,var3,var4,var5,var6
0.03870967741935484,0.05806451612903226,0.16774193548387098,0.18064516129032257,0.23225806451612904,0.3225806451612903
