var1,var2,var3,var4,var5,var6
0.04060913705583756,0.050761421319796954,0.1116751269035533,0.1319796954314721,0.3248730964467005,0.3401015228426396
