var1,var2,var3,var4,var5,var6
0.03414634146341464,0.12195121951219512,0.14634146341463414,0.1951219512195122,0.22439024390243903,0.2780487804878049
