var1,var2,var3,var4,var5,var6
0.04375,0.075,0.1375,0.1625,0.175,0.40625
