var1,var2,var3,var4,var5,var6
0.04516129032258064,0.12903225806451613,0.14193548387096774,0.18064516129032257,0.2,0.3032258064516129
