var1,var2,var3,var4,var5,var6
0.08227848101265822,0.10126582278481013,0.14556962025316456,0.189873417721519,0.21518987341772153,0.26582278481012656
