var1,var2,var3,var4,var5,var6
0.027777777777777776,0.07777777777777778,0.11666666666666667,0.15555555555555556,0.29444444444444445,0.3277777777777778
