var1,var2,var3,var4,var5,var6
0.018018018018018018,0.11711711711711711,0.12612612612612611,0.1981981981981982,0.25225225225225223,0.2882882882882883
