var1,var2,var3,var4,var5,var6
0.012269938650306749,0.03680981595092025,0.09815950920245399,0.2085889570552147,0.26380368098159507,0.3803680981595092
