var1,var2,var3,var4,var5,var6
0.040268456375838924,0.04697986577181208,0.174496644295302,0.18791946308724833,0.24161073825503357,0.3087248322147651
