var1,var2,var3,var4,var5,var6
0.03286384976525822,0.107981220657277,0.1596244131455399,0.20187793427230047,0.22535211267605634,0.27230046948356806
