var1,var2,var3,var4,var5,var6
0.024875621890547265,0.08955223880597014,0.15920398009950248,0.1890547263681592,0.22885572139303484,0.30845771144278605
