var1,var2,var3,var4,var5,var6
0.03389830508474576,0.061016949152542375,0.07796610169491526,0.22372881355932203,0.2440677966101695,0.3593220338983051
