var1,var2,var3,var4,var5,var6
0.042735042735042736,0.11965811965811966,0.1452991452991453,0.19658119658119658,0.20512820512820512,0.2905982905982906
