var1,var2,var3,var4,var5,var6
0.03636363636363636,0.06363636363636363,0.07272727272727272,0.20909090909090908,0.2636363636363636,0.35454545454545455
