var1,var2,var3,var4,var5,var6
0.02072538860103627,0.12953367875647667,0.14507772020725387,0.19689119170984457,0.20725388601036268,0.3005181347150259
