var1,var2,var3,var4,var5,var6
0.024242424242424242,0.07878787878787878,0.10909090909090909,0.1696969696969697,0.21818181818181817,0.4
