var1,var2,var3,var4,var5,var6
0.02097902097902098,0.1048951048951049,0.13986013986013987,0.15384615384615385,0.21678321678321677,0.36363636363636365
