var1,var2,var3,var4,var5,var6
0.012658227848101266,0.12025316455696203,0.15822784810126583,0.1962025316455696,0.22784810126582278,0.2848101265822785
