var1,var2,var3,var4,var5,var6
0.08648648648648649,0.10270270270270271,0.11891891891891893,0.14054054054054055,0.1945945945945946,0.3567567567567568
