var1,var2,var3,var4,var5,var6
0.05045871559633028,0.06880733944954129,0.0779816513761468,0.22477064220183487,0.23853211009174313,0.3394495412844037
