var1,var2,var3,var4,var5,var6
0.024844720496894408,0.062111801242236024,0.12422360248447205,0.20496894409937888,0.2857142857142857,0.2981366459627329
