var1,var2,var3,var4,var5,var6
0.013071895424836602,0.0392156862745098,0.10457516339869281,0.20915032679738563,0.2549019607843137,0.3790849673202614
