var1,var2,var3,var4,var5,var6
0.07772020725388601,0.09326424870466321,0.17616580310880828,0.19689119170984457,0.20725388601036268,0.24870466321243523
