var1,var2,var3,var4,var5,var6
0.046357615894039736,0.06622516556291391,0.1456953642384106,0.1986754966887417,0.2251655629139073,0.31788079470198677
