var1,var2,var3,var4,var5,var6
0.10471204188481675,0.12041884816753927,0.13612565445026178,0.16753926701570682,0.18848167539267016,0.28272251308900526
