var1,var2,var3,var4,var5,var6
0.06936416184971098,0.09826589595375723,0.1329479768786127,0.15606936416184972,0.19653179190751446,0.3468208092485549
