var1,var2,var3,var4,var5,var6
0.0223463687150838,0.0335195530726257,0.13966480446927373,0.20670391061452514,0.2681564245810056,0.329608938547486
