var1,var2,var3,var4,var5,var6
0.0855614973262032,0.12834224598930483,0.1711229946524064,0.18716577540106952,0.20320855614973263,0.22459893048128343
