var1,var2,var3,var4,var5,var6
0.039735099337748346,0.059602649006622516,0.13245033112582782,0.2251655629139073,0.23841059602649006,0.304635761589404
