var1,var2,var3,var4,var5,var6
0.039735099337748346,0.052980132450331126,0.16556291390728478,0.18543046357615894,0.26490066225165565,0.2913907284768212
