var1,var2,var3,var4,var5,var6
0.09195402298850575,0.13026819923371646,0.16475095785440613,0.17624521072796934,0.20689655172413793,0.22988505747126436
