var1,var2,var3,var4,var5,var6
0.05389221556886228,0.08383233532934131,0.09580838323353294,0.15568862275449102,0.2874251497005988,0.32335329341317365
