var1,var2,var3,var4,var5,var6
0.014705882352941176,0.09558823529411764,0.11764705882352941,0.19117647058823528,0.2647058823529412,0.3161764705882353
