var1,var2,var3,var4,var5,var6
0.06015037593984962,0.07518796992481203,0.08270676691729323,0.18796992481203006,0.2781954887218045,0.3157894736842105
