var1,var2,var3,var4,var5,var6
0.0859375,0.109375,0.1328125,0.1484375,0.203125,0.3203125
