var1,var2,var3,var4,var5,var6
0.05291005291005291,0.13227513227513227,0.164021164021164,0.17989417989417988,0.2222222222222222,0.24867724867724866
