var1,var2,var3,var4,var5,var6
0.023255813953488372,0.08372093023255814,0.15813953488372093,0.17674418604651163,0.2558139534883721,0.3023255813953488
