var1,var2,var3,var4,var5,var6
0.08695652173913043,0.11857707509881422,0.16600790513833993,0.1857707509881423,0.2134387351778656,0.22924901185770752
