var1,var2,var3,var4,var5,var6
0.0547945205479452,0.091324200913242,0.1187214611872146,0.136986301369863,0.2602739726027397,0.3378995433789954
