var1,var2,var3,var4,var5,var6
0.07563025210084033,0.08403361344537816,0.10084033613445378,0.11764705882352941,0.2857142857142857,0.33613445378151263
