var1,var2,var3,var4,var5,var6
0.04040404040404041,0.08080808080808081,0.1111111111111111,0.1414141414141414,0.16161616161616163,0.46464646464646464
