var1,var2,var3,var4,var5,var6
0.02142857142857143,0.07142857142857142,0.1357142857142857,0.17857142857142858,0.2357142857142857,0.35714285714285715
