var1,var2,var3,var4,var5,var6
0.0546448087431694,0.08743169398907104,0.12021857923497267,0.15846994535519127,0.28415300546448086,0.29508196721311475
