var1,var2,var3,var4,var5,var6
0.04522613065326633,0.08040201005025126,0.1708542713567839,0.20100502512562815,0.23115577889447236,0.271356783919598
