var1,var2,var3,var4,var5,var6
0.07909604519774012,0.10734463276836158,0.12429378531073447,0.15819209039548024,0.1807909604519774,0.3502824858757062
