var1,var2,var3,var4,var5,var6
0.027649769585253458,0.04608294930875576,0.11059907834101383,0.17511520737327188,0.2534562211981567,0.3870967741935484
