var1,var2,var3,var4,var5,var6
0.025423728813559324,0.0847457627118644,0.11864406779661017,0.1694915254237288,0.23728813559322035,0.3644067796610169
