var1,var2,var3,var4,var5,var6
0.09743589743589744,0.11282051282051282,0.15384615384615385,0.1641025641025641,0.22564102564102564,0.24615384615384617
