var1,var2,var3,var4,var5,var6
0.037209302325581395,0.12093023255813953,0.14883720930232558,0.19534883720930232,0.20930232558139536,0.28837209302325584
