var1,var2,var3,var4,var5,var6
0.09195402298850575,0.13026819923371646,0.15708812260536398,0.1685823754789272,0.21455938697318008,0.23754789272030652
