var1,var2,var3,var4,var5,var6
0.0106951871657754,0.0374331550802139,0.16042780748663102,0.21390374331550802,0.23529411764705882,0.3422459893048128
