var1,var2,var3,var4,var5,var6
0.013422818791946308,0.040268456375838924,0.10738255033557047,0.20134228187919462,0.26174496644295303,0.37583892617449666
