var1,var2,var3,var4,var5,var6
0.02097902097902098,0.06293706293706294,0.07692307692307693,0.13286713286713286,0.3006993006993007,0.40559440559440557
