var1,var2,var3,var4,var5,var6
0.03619909502262444,0.06334841628959276,0.08144796380090498,0.18552036199095023,0.2081447963800905,0.4253393665158371
