var1,var2,var3,var4,var5,var6
0.04065040650406504,0.056910569105691054,0.08943089430894309,0.17886178861788618,0.2601626016260163,0.37398373983739835
