var1,var2,var3,var4,var5,var6
0.022556390977443608,0.06015037593984962,0.13533834586466165,0.16541353383458646,0.18045112781954886,0.43609022556390975
