var1,var2,var3,var4,var5,var6
0.031413612565445025,0.10471204188481675,0.1518324607329843,0.16753926701570682,0.2513089005235602,0.2931937172774869
