var1,var2,var3,var4,var5,var6
0.07602339181286549,0.12280701754385964,0.13450292397660818,0.1871345029239766,0.19298245614035087,0.28654970760233917
