var1,var2,var3,var4,var5,var6
0.042704626334519574,0.11387900355871886,0.1423487544483986,0.20284697508896798,0.2206405693950178,0.2775800711743772
