var1,var2,var3,var4,var5,var6
0.05027932960893855,0.1005586592178771,0.12849162011173185,0.1564245810055866,0.2737430167597765,0.2905027932960894
