var1,var2,var3,var4,var5,var6
0.07296137339055794,0.11158798283261803,0.13733905579399142,0.18025751072961374,0.2317596566523605,0.26609442060085836
