var1,var2,var3,var4,var5,var6
0.04433497536945813,0.09852216748768473,0.16748768472906403,0.20689655172413793,0.22660098522167488,0.2561576354679803
