var1,var2,var3,var4,var5,var6
0.09178743961352658,0.13526570048309178,0.14492753623188406,0.15458937198067632,0.21256038647342995,0.2608695652173913
