var1,var2,var3,var4,var5,var6
0.053475935828877004,0.0855614973262032,0.1497326203208556,0.15508021390374332,0.21390374331550802,0.3422459893048128
