var1,var2,var3,var4,var5,var6
0.03861003861003861,0.0888030888030888,0.14671814671814673,0.19305019305019305,0.21621621621621623,0.3166023166023166
