var1,var2,var3,var4,var5,var6
0.059113300492610835,0.10837438423645321,0.13793103448275862,0.2019704433497537,0.23645320197044334,0.2561576354679803
