var1,var2,var3,var4,var5,var6
0.02197802197802198,0.07692307692307693,0.08791208791208792,0.13186813186813187,0.25274725274725274,0.42857142857142855
