var1,var2,var3,var4,var5,var6
0.08743169398907104,0.10382513661202186,0.1366120218579235,0.19672131147540983,0.2185792349726776,0.2568306010928962
