var1,var2,var3,var4,var5,var6
0.06369426751592357,0.08917197452229299,0.09554140127388536,0.14012738853503184,0.25477707006369427,0.35668789808917195
