var1,var2,var3,var4,var5,var6
0.03225806451612903,0.08064516129032258,0.10483870967741936,0.16129032258064516,0.25,0.3709677419354839
