var1,var2,var3,var4,var5,var6
0.03626943005181347,0.07253886010362694,0.12435233160621761,0.20207253886010362,0.25906735751295334,0.30569948186528495
