var1,var2,var3,var4,var5,var6
0.011834319526627219,0.03550295857988166,0.11242603550295859,0.20118343195266272,0.28402366863905326,0.35502958579881655
