var1,var2,var3,var4,var5,var6
0.06289308176100629,0.0880503144654088,0.14465408805031446,0.1949685534591195,0.2389937106918239,0.27044025157232704
