var1,var2,var3,var4,var5,var6
0.072992700729927,0.0948905109489051,0.11678832116788321,0.13138686131386862,0.145985401459854,0.43795620437956206
