var1,var2,var3,var4,var5,var6
0.035897435897435895,0.06153846153846154,0.11282051282051282,0.15384615384615385,0.24615384615384617,0.38974358974358975
