var1,var2,var3,var4,var5,var6
0.0457516339869281,0.08496732026143791,0.1568627450980392,0.1830065359477124,0.24836601307189543,0.28104575163398693
