var1,var2,var3,var4,var5,var6
0.05847953216374269,0.10526315789473684,0.18128654970760233,0.19883040935672514,0.2222222222222222,0.23391812865497075
