var1,var2,var3,var4,var5,var6
0.029411764705882353,0.08823529411764706,0.13529411764705881,0.18823529411764706,0.25882352941176473,0.3
