var1,var2,var3,var4,var5,var6
0.02666666666666667,0.08444444444444445,0.13333333333333333,0.20444444444444446,0.26666666666666666,0.28444444444444444
