var1,var2,var3,var4,var5,var6
0.028901734104046242,0.06936416184971098,0.11560693641618497,0.16184971098265896,0.24277456647398843,0.3815028901734104
