var1,var2,var3,var4,var5,var6
0.02926829268292683,0.11219512195121951,0.12682926829268293,0.1951219512195122,0.2634146341463415,0.2731707317073171
