var1,var2,var3,var4,var5,var6
0.023696682464454975,0.05687203791469194,0.07582938388625593,0.1990521327014218,0.3033175355450237,0.3412322274881517
