var1,var2,var3,var4,var5,var6
0.07604562737642585,0.10646387832699619,0.12927756653992395,0.1444866920152091,0.17110266159695817,0.3726235741444867
