var1,var2,var3,var4,var5,var6
0.03317535545023697,0.10426540284360189,0.15165876777251186,0.1990521327014218,0.21800947867298578,0.2938388625592417
