var1,var2,var3,var4,var5,var6
0.09852216748768473,0.10837438423645321,0.11822660098522167,0.15270935960591134,0.23645320197044334,0.2857142857142857
