var1,var2,var3,var4,var5,var6
0.0196078431372549,0.09803921568627451,0.13725490196078433,0.17647058823529413,0.2679738562091503,0.3006535947712418
