var1,var2,var3,var4,var5,var6
0.03571428571428571,0.04285714285714286,0.08571428571428572,0.19285714285714287,0.29285714285714287,0.35
