var1,var2,var3,var4,var5,var6
0.039735099337748346,0.06622516556291391,0.1456953642384106,0.16556291390728478,0.2251655629139073,0.3576158940397351
