var1,var2,var3,var4,var5,var6
0.02158273381294964,0.07194244604316546,0.08633093525179857,0.12949640287769784,0.2949640287769784,0.39568345323741005
