var1,var2,var3,var4,var5,var6
0.008130081300813009,0.04878048780487805,0.13008130081300814,0.16260162601626016,0.22764227642276422,0.42276422764227645
