var1,var2,var3,var4,var5,var6
0.017341040462427744,0.06936416184971098,0.10982658959537572,0.2023121387283237,0.2774566473988439,0.3236994219653179
