var1,var2,var3,var4,var5,var6
0.013986013986013986,0.09090909090909091,0.15384615384615385,0.1958041958041958,0.23776223776223776,0.3076923076923077
