var1,var2,var3,var4,var5,var6
0.0223463687150838,0.0335195530726257,0.0782122905027933,0.1787709497206704,0.2849162011173184,0.4022346368715084
