var1,var2,var3,var4,var5,var6
0.046052631578947366,0.1118421052631579,0.14473684210526316,0.16447368421052633,0.23684210526315788,0.29605263157894735
