var1,var2,var3,var4,var5,var6
0.07373271889400922,0.11059907834101383,0.1336405529953917,0.17511520737327188,0.2304147465437788,0.2764976958525346
