var1,var2,var3,var4,var5,var6
0.022222222222222223,0.09777777777777778,0.13777777777777778,0.2088888888888889,0.24444444444444444,0.28888888888888886
