var1,var2,var3,var4,var5,var6
0.0472972972972973,0.07432432432432433,0.11486486486486487,0.16891891891891891,0.22972972972972974,0.36486486486486486
