var1,var2,var3,var4,var5,var6
0.01675977653631285,0.0446927374301676,0.13966480446927373,0.18994413407821228,0.24581005586592178,0.36312849162011174
