var1,var2,var3,var4,var5,var6
0.06598984771573604,0.09137055837563451,0.1218274111675127,0.16751269035532995,0.26903553299492383,0.28426395939086296
