var1,var2,var3,var4,var5,var6
0.01951219512195122,0.03902439024390244,0.13170731707317074,0.1951219512195122,0.2731707317073171,0.34146341463414637
