var1,var2,var3,var4,var5,var6
0.0196078431372549,0.0784313725490196,0.11764705882352941,0.16993464052287582,0.2549019607843137,0.35947712418300654
