var1,var2,var3,var4,var5,var6
0.03111111111111111,0.07111111111111111,0.12444444444444444,0.2088888888888889,0.2577777777777778,0.30666666666666664
