var1,var2,var3,var4,var5,var6
0.02617801047120419,0.06806282722513089,0.12041884816753927,0.17277486910994763,0.25654450261780104,0.35602094240837695
