var1,var2,var3,var4,var5,var6
0.07228915662650602,0.13253012048192772,0.15261044176706828,0.1686746987951807,0.21686746987951808,0.2570281124497992
