var1,var2,var3,var4,var5,var6
0.013605442176870748,0.04081632653061224,0.11564625850340136,0.19047619047619047,0.272108843537415,0.3673469387755102
