var1,var2,var3,var4,var5,var6
0.06299212598425197,0.14173228346456693,0.15748031496062992,0.1732283464566929,0.18110236220472442,0.28346456692913385
