var1,var2,var3,var4,var5,var6
0.022099447513812154,0.06077348066298342,0.13259668508287292,0.22099447513812154,0.2541436464088398,0.30939226519337015
