var1,var2,var3,var4,var5,var6
0.062111801242236024,0.08695652173913043,0.11180124223602485,0.18633540372670807,0.20496894409937888,0.34782608695652173
