var1,var2,var3,var4,var5,var6
0.04132231404958678,0.06611570247933884,0.11570247933884298,0.1487603305785124,0.23140495867768596,0.39669421487603307
