var1,var2,var3,var4,var5,var6
0.013605442176870748,0.061224489795918366,0.10204081632653061,0.12244897959183673,0.2789115646258503,0.4217687074829932
