var1,var2,var3,var4,var5,var6
0.0380952380952381,0.0761904761904762,0.13333333333333333,0.1523809523809524,0.21904761904761905,0.38095238095238093
