var1,var2,var3,var4,var5,var6
0.0136986301369863,0.0365296803652968,0.0821917808219178,0.2374429223744292,0.2648401826484018,0.365296803652968
