var1,var2,var3,var4,var5,var6
0.02127659574468085,0.0851063829787234,0.11347517730496454,0.15602836879432624,0.28368794326241137,0.3404255319148936
