var1,var2,var3,var4,var5,var6
0.10285714285714286,0.14857142857142858,0.15428571428571428,0.1657142857142857,0.19428571428571428,0.2342857142857143
