var1,var2,var3,var4,var5,var6
0.06465517241379311,0.125,0.14224137931034483,0.19827586206896552,0.22844827586206898,0.2413793103448276
