var1,var2,var3,var4,var5,var6
0.022900763358778626,0.05343511450381679,0.08396946564885496,0.20610687022900764,0.29770992366412213,0.33587786259541985
