var1,var2,var3,var4,var5,var6
0.043478260869565216,0.06324110671936758,0.13438735177865613,0.1422924901185771,0.2924901185770751,0.3241106719367589
