var1,var2,var3,var4,var5,var6
0.03680981595092025,0.06134969325153374,0.17177914110429449,0.20245398773006135,0.22085889570552147,0.3067484662576687
