var1,var2,var3,var4,var5,var6
0.06870229007633588,0.0916030534351145,0.183206106870229,0.1984732824427481,0.21374045801526717,0.24427480916030533
