var1,var2,var3,var4,var5,var6
0.05027932960893855,0.07262569832402235,0.08379888268156424,0.2122905027932961,0.2569832402234637,0.3240223463687151
