var1,var2,var3,var4,var5,var6
0.05844155844155844,0.09740259740259741,0.16233766233766234,0.16883116883116883,0.21428571428571427,0.2987012987012987
