var1,var2,var3,var4,var5,var6
0.04519774011299435,0.07909604519774012,0.1016949152542373,0.14124293785310735,0.23163841807909605,0.4011299435028249
