var1,var2,var3,var4,var5,var6
0.048484848484848485,0.06666666666666667,0.10909090909090909,0.12121212121212122,0.28484848484848485,0.3696969696969697
