var1,var2,var3,var4,var5,var6
0.01015228426395939,0.1116751269035533,0.15736040609137056,0.20304568527918782,0.233502538071066,0.28426395939086296
