var1,var2,var3,var4,var5,var6
0.042105263157894736,0.08421052631578947,0.09473684210526316,0.14736842105263157,0.21052631578947367,0.42105263157894735
