var1,var2,var3,var4,var5,var6
0.012578616352201259,0.05660377358490566,0.07547169811320754,0.1761006289308176,0.27044025157232704,0.4088050314465409
