var1,var2,var3,var4,var5,var6
0.013215859030837005,0.0881057268722467,0.14977973568281938,0.21145374449339208,0.24669603524229075,0.2907488986784141
