var1,var2,var3,var4,var5,var6
0.028037383177570093,0.102803738317757,0.16822429906542055,0.17757009345794392,0.2336448598130841,0.2897196261682243
