var1,var2,var3,var4,var5,var6
0.021052631578947368,0.07894736842105263,0.10526315789473684,0.2,0.25263157894736843,0.34210526315789475
