var1,var2,var3,var4,var5,var6
0.029239766081871343,0.07017543859649122,0.0935672514619883,0.1695906432748538,0.21637426900584794,0.42105263157894735
