var1,var2,var3,var4,var5,var6
0.05363984674329502,0.06130268199233716,0.13026819923371646,0.16475095785440613,0.2835249042145594,0.3065134099616858
