var1,var2,var3,var4,var5,var6
0.035897435897435895,0.06153846153846154,0.1076923076923077,0.22564102564102564,0.24102564102564103,0.3282051282051282
