var1,var2,var3,var4,var5,var6
0.07006369426751592,0.10828025477707007,0.12738853503184713,0.1592356687898089,0.17197452229299362,0.3630573248407643
