var1,var2,var3,var4,var5,var6
0.03508771929824561,0.05263157894736842,0.16374269005847952,0.1871345029239766,0.2573099415204678,0.30409356725146197
