var1,var2,var3,var4,var5,var6
0.06177606177606178,0.08108108108108109,0.11583011583011583,0.16988416988416988,0.2702702702702703,0.30115830115830117
