var1,var2,var3,var4,var5,var6
0.09561752988047809,0.13545816733067728,0.15139442231075698,0.16334661354581673,0.2151394422310757,0.23904382470119523
