var1,var2,var3,var4,var5,var6
0.017094017094017096,0.05982905982905983,0.11965811965811966,0.15384615384615385,0.2222222222222222,0.42735042735042733
