var1,var2,var3,var4,var5,var6
0.03468208092485549,0.057803468208092484,0.1329479768786127,0.15028901734104047,0.2774566473988439,0.3468208092485549
