var1,var2,var3,var4,var5,var6
0.04020100502512563,0.09547738693467336,0.1306532663316583,0.1507537688442211,0.25125628140703515,0.3316582914572864
