var1,var2,var3,var4,var5,var6
0.05732484076433121,0.07006369426751592,0.1464968152866242,0.19745222929936307,0.2484076433121019,0.2802547770700637
