var1,var2,var3,var4,var5,var6
0.04739336492890995,0.07582938388625593,0.11374407582938388,0.20853080568720378,0.24170616113744076,0.3127962085308057
