var1,var2,var3,var4,var5,var6
0.06201550387596899,0.07751937984496124,0.12403100775193798,0.17054263565891473,0.24031007751937986,0.32558139534883723
