var1,var2,var3,var4,var5,var6
0.029197080291970802,0.10218978102189781,0.1386861313868613,0.145985401459854,0.26277372262773724,0.32116788321167883
