var1,var2,var3,var4,var5,var6
0.03626943005181347,0.10362694300518134,0.14507772020725387,0.15544041450777202,0.21761658031088082,0.34196891191709844
