var1,var2,var3,var4,var5,var6
0.044444444444444446,0.06666666666666667,0.13333333333333333,0.2222222222222222,0.25925925925925924,0.2740740740740741
