var1,var2,var3,var4,var5,var6
0.03954802259887006,0.0903954802259887,0.15819209039548024,0.1751412429378531,0.23728813559322035,0.2994350282485876
