var1,var2,var3,var4,var5,var6
0.057971014492753624,0.12560386473429952,0.15458937198067632,0.16908212560386474,0.1932367149758454,0.2995169082125604
