var1,var2,var3,var4,var5,var6
0.03626943005181347,0.05181347150259067,0.08290155440414508,0.17616580310880828,0.2694300518134715,0.38341968911917096
