var1,var2,var3,var4,var5,var6
0.04669260700389105,0.1245136186770428,0.13618677042801555,0.19455252918287938,0.2178988326848249,0.2801556420233463
