var1,var2,var3,var4,var5,var6
0.0446927374301676,0.0782122905027933,0.11173184357541899,0.1340782122905028,0.2849162011173184,0.3463687150837989
