var1,var2,var3,var4,var5,var6
0.03508771929824561,0.05847953216374269,0.09941520467836257,0.1871345029239766,0.2573099415204678,0.36257309941520466
