var1,var2,var3,var4,var5,var6
0.07317073170731707,0.11149825783972125,0.13937282229965156,0.1986062717770035,0.22996515679442509,0.24738675958188153
