var1,var2,var3,var4,var5,var6
0.01775147928994083,0.05917159763313609,0.11242603550295859,0.13609467455621302,0.3136094674556213,0.3609467455621302
