var1,var2,var3,var4,var5,var6
0.1004566210045662,0.1461187214611872,0.1552511415525114,0.1780821917808219,0.1917808219178082,0.228310502283105
