var1,var2,var3,var4,var5,var6
0.026785714285714284,0.13839285714285715,0.14732142857142858,0.20982142857142858,0.22321428571428573,0.2544642857142857
