var1,var2,var3,var4,var5,var6
0.031914893617021274,0.0797872340425532,0.10106382978723404,0.21808510638297873,0.2765957446808511,0.2925531914893617
