var1,var2,var3,var4,var5,var6
0.028985507246376812,0.03864734299516908,0.12077294685990338,0.1642512077294686,0.2995169082125604,0.34782608695652173
