var1,var2,var3,var4,var5,var6
0.09361702127659574,0.10212765957446808,0.13617021276595745,0.1702127659574468,0.2170212765957447,0.28085106382978725
