var1,var2,var3,var4,var5,var6
0.04790419161676647,0.08383233532934131,0.10179640718562874,0.15568862275449102,0.2155688622754491,0.39520958083832336
