var1,var2,var3,var4,var5,var6
0.04419889502762431,0.12154696132596685,0.1878453038674033,0.19337016574585636,0.20994475138121546,0.2430939226519337
