var1,var2,var3,var4,var5,var6
0.08383233532934131,0.11377245508982035,0.1317365269461078,0.16766467065868262,0.23952095808383234,0.2634730538922156
