var1,var2,var3,var4,var5,var6
0.013986013986013986,0.0979020979020979,0.13986013986013987,0.14685314685314685,0.26573426573426573,0.3356643356643357
