var1,var2,var3,var4,var5,var6
0.04659498207885305,0.1003584229390681,0.12544802867383512,0.2114695340501792,0.22939068100358423,0.2867383512544803
