var1,var2,var3,var4,var5,var6
0.09448818897637795,0.11023622047244094,0.11811023622047244,0.14173228346456693,0.1732283464566929,0.36220472440944884
