var1,var2,var3,var4,var5,var6
0.018691588785046728,0.037383177570093455,0.07476635514018691,0.14953271028037382,0.2897196261682243,0.42990654205607476
