var1,var2,var3,var4,var5,var6
0.04838709677419355,0.08064516129032258,0.10752688172043011,0.12365591397849462,0.2849462365591398,0.3548387096774194
