var1,var2,var3,var4,var5,var6
0.0855614973262032,0.0962566844919786,0.13903743315508021,0.1711229946524064,0.2192513368983957,0.2887700534759358
