var1,var2,var3,var4,var5,var6
0.06698564593301436,0.12440191387559808,0.14354066985645933,0.19617224880382775,0.22966507177033493,0.23923444976076555
