var1,var2,var3,var4,var5,var6
0.05392156862745098,0.1323529411764706,0.1568627450980392,0.18137254901960784,0.22058823529411764,0.2549019607843137
