var1,var2,var3,var4,var5,var6
0.11695906432748537,0.13450292397660818,0.15204678362573099,0.17543859649122806,0.2046783625730994,0.21637426900584794
