var1,var2,var3,var4,var5,var6
0.08484848484848485,0.10303030303030303,0.10909090909090909,0.14545454545454545,0.24242424242424243,0.3151515151515151
