var1,var2,var3,var4,var5,var6
0.0625,0.09722222222222222,0.10416666666666667,0.2222222222222222,0.24305555555555555,0.2708333333333333
