var1,var2,var3,var4,var5,var6
0.04807692307692308,0.08173076923076923,0.14903846153846154,0.1875,0.25961538461538464,0.27403846153846156
