var1,var2,var3,var4,var5,var6
0.024875621890547265,0.09950248756218906,0.16417910447761194,0.1791044776119403,0.24875621890547264,0.2835820895522388
