var1,var2,var3,var4,var5,var6
0.0273972602739726,0.0776255707762557,0.1187214611872146,0.1735159817351598,0.2191780821917808,0.3835616438356164
