var1,var2,var3,var4,var5,var6
0.03636363636363636,0.10303030303030303,0.11515151515151516,0.17575757575757575,0.20606060606060606,0.36363636363636365
