var1,var2,var3,var4,var5,var6
0.031496062992125984,0.047244094488188976,0.08661417322834646,0.2204724409448819,0.2440944881889764,0.3700787401574803
