var1,var2,var3,var4,var5,var6
0.02185792349726776,0.06557377049180328,0.14754098360655737,0.18579234972677597,0.26229508196721313,0.31693989071038253
