var1,var2,var3,var4,var5,var6
0.013986013986013986,0.06293706293706294,0.1258741258741259,0.16083916083916083,0.26573426573426573,0.3706293706293706
