var1,var2,var3,var4,var5,var6
0.07194244604316546,0.11510791366906475,0.14388489208633093,0.17266187050359713,0.19424460431654678,0.302158273381295
