var1,var2,var3,var4,var5,var6
0.10429447852760736,0.147239263803681,0.15950920245398773,0.1656441717791411,0.19631901840490798,0.22699386503067484
