var1,var2,var3,var4,var5,var6
0.04419889502762431,0.08287292817679558,0.15469613259668508,0.22099447513812154,0.2430939226519337,0.2541436464088398
