var1,var2,var3,var4,var5,var6
0.021164021164021163,0.031746031746031744,0.1111111111111111,0.1693121693121693,0.2857142857142857,0.38095238095238093
