var1,var2,var3,var4,var5,var6
0.046511627906976744,0.06976744186046512,0.09302325581395349,0.15503875968992248,0.2558139534883721,0.3798449612403101
