var1,var2,var3,var4,var5,var6
0.11004784688995216,0.11483253588516747,0.14354066985645933,0.19138755980861244,0.20095693779904306,0.23923444976076555
