var1,var2,var3,var4,var5,var6
0.013422818791946308,0.10067114093959731,0.1476510067114094,0.18791946308724833,0.24161073825503357,0.3087248322147651
