var1,var2,var3,var4,var5,var6
0.010471204188481676,0.08376963350785341,0.15706806282722513,0.18848167539267016,0.25654450261780104,0.3036649214659686
