var1,var2,var3,var4,var5,var6
0.06403940886699508,0.09359605911330049,0.14285714285714285,0.16748768472906403,0.21182266009852216,0.32019704433497537
