var1,var2,var3,var4,var5,var6
0.011428571428571429,0.03428571428571429,0.10285714285714286,0.18285714285714286,0.26857142857142857,0.4
