var1,var2,var3,var4,var5,var6
0.07655502392344497,0.0861244019138756,0.18181818181818182,0.19617224880382775,0.21052631578947367,0.24880382775119617
