var1,var2,var3,var4,var5,var6
0.07468879668049792,0.0995850622406639,0.15767634854771784,0.16597510373443983,0.2074688796680498,0.2946058091286307
