var1,var2,var3,var4,var5,var6
0.05314009661835749,0.06763285024154589,0.11594202898550725,0.2028985507246377,0.2608695652173913,0.2995169082125604
