var1,var2,var3,var4,var5,var6
0.020689655172413793,0.10344827586206896,0.14482758620689656,0.15172413793103448,0.2206896551724138,0.3586206896551724
