var1,var2,var3,var4,var5,var6
0.03680981595092025,0.05521472392638037,0.09815950920245399,0.15950920245398773,0.2822085889570552,0.36809815950920244
