var1,var2,var3,var4,var5,var6
0.03418803418803419,0.05128205128205128,0.13675213675213677,0.20512820512820512,0.27350427350427353,0.29914529914529914
