var1,var2,var3,var4,var5,var6
0.017964071856287425,0.09580838323353294,0.10778443113772455,0.15568862275449102,0.2754491017964072,0.3473053892215569
