var1,var2,var3,var4,var5,var6
0.03296703296703297,0.14835164835164835,0.15934065934065933,0.18681318681318682,0.2032967032967033,0.2692307692307692
