var1,var2,var3,var4,var5,var6
0.0223463687150838,0.061452513966480445,0.1340782122905028,0.16759776536312848,0.2681564245810056,0.3463687150837989
