var1,var2,var3,var4,var5,var6
0.0593607305936073,0.0821917808219178,0.1643835616438356,0.182648401826484,0.1917808219178082,0.319634703196347
