var1,var2,var3,var4,var5,var6
0.08085106382978724,0.11914893617021277,0.13191489361702127,0.16595744680851063,0.2297872340425532,0.2723404255319149
