var1,var2,var3,var4,var5,var6
0.09090909090909091,0.11515151515151516,0.13333333333333333,0.15151515151515152,0.23030303030303031,0.2787878787878788
