var1,var2,var3,var4,var5,var6
0.07734806629834254,0.10497237569060773,0.12154696132596685,0.16574585635359115,0.23204419889502761,0.2983425414364641
