var1,var2,var3,var4,var5,var6
0.013245033112582781,0.052980132450331126,0.09271523178807947,0.2251655629139073,0.271523178807947,0.3443708609271523
