var1,var2,var3,var4,var5,var6
0.08294930875576037,0.1152073732718894,0.15668202764976957,0.18433179723502305,0.2119815668202765,0.2488479262672811
