var1,var2,var3,var4,var5,var6
0.0947867298578199,0.11848341232227488,0.15165876777251186,0.1990521327014218,0.20853080568720378,0.22748815165876776
