var1,var2,var3,var4,var5,var6
0.022556390977443608,0.07518796992481203,0.13533834586466165,0.19548872180451127,0.20300751879699247,0.3684210526315789
