var1,var2,var3,var4,var5,var6
0.023529411764705882,0.08235294117647059,0.09411764705882353,0.16470588235294117,0.21176470588235294,0.4235294117647059
