var1,var2,var3,var4,var5,var6
0.04242424242424243,0.06666666666666667,0.12121212121212122,0.17575757575757575,0.2606060606060606,0.3333333333333333
