var1,var2,var3,var4,var5,var6
0.06622516556291391,0.09271523178807947,0.13245033112582782,0.152317880794702,0.25165562913907286,0.304635761589404
