var1,var2,var3,var4,var5,var6
0.032432432432432434,0.14594594594594595,0.16756756756756758,0.17297297297297298,0.23243243243243245,0.24864864864864866
