var1,var2,var3,var4,var5,var6
0.07100591715976332,0.08875739644970414,0.11834319526627218,0.15384615384615385,0.21893491124260356,0.34911242603550297
