var1,var2,var3,var4,var5,var6
0.04784688995215311,0.0861244019138756,0.10526315789473684,0.16267942583732056,0.28708133971291866,0.31100478468899523
