var1,var2,var3,var4,var5,var6
0.020942408376963352,0.09424083769633508,0.13089005235602094,0.19895287958115182,0.2094240837696335,0.34554973821989526
