var1,var2,var3,var4,var5,var6
0.029940119760479042,0.10179640718562874,0.16167664670658682,0.18562874251497005,0.23952095808383234,0.281437125748503
