var1,var2,var3,var4,var5,var6
0.03787878787878788,0.09848484848484848,0.1590909090909091,0.17424242424242425,0.25,0.2803030303030303
