var1,var2,var3,var4,var5,var6
0.03783783783783784,0.04864864864864865,0.12432432432432433,0.22162162162162163,0.23783783783783785,0.32972972972972975
