var1,var2,var3,var4,var5,var6
0.05851063829787234,0.0797872340425532,0.09574468085106383,0.1702127659574468,0.2925531914893617,0.30319148936170215
