var1,var2,var3,var4,var5,var6
0.1004566210045662,0.1187214611872146,0.136986301369863,0.1461187214611872,0.1917808219178082,0.3059360730593607
