var1,var2,var3,var4,var5,var6
0.06629834254143646,0.11049723756906077,0.143646408839779,0.20441988950276244,0.23204419889502761,0.2430939226519337
