var1,var2,var3,var4,var5,var6
0.017142857142857144,0.11428571428571428,0.12,0.17714285714285713,0.26857142857142857,0.3028571428571429
