var1,var2,var3,var4,var5,var6
0.012422360248447204,0.037267080745341616,0.11801242236024845,0.17391304347826086,0.2732919254658385,0.38509316770186336
