var1,var2,var3,var4,var5,var6
0.0196078431372549,0.12549019607843137,0.1568627450980392,0.19607843137254902,0.2235294117647059,0.2784313725490196
