var1,var2,var3,var4,var5,var6
0.061855670103092786,0.08247422680412371,0.1134020618556701,0.12371134020618557,0.2268041237113402,0.3917525773195876
