var1,var2,var3,var4,var5,var6
0.0546448087431694,0.09836065573770492,0.12021857923497267,0.16939890710382513,0.20765027322404372,0.34972677595628415
