var1,var2,var3,var4,var5,var6
0.07228915662650602,0.11244979919678715,0.1566265060240964,0.1927710843373494,0.21686746987951808,0.24899598393574296
