var1,var2,var3,var4,var5,var6
0.01507537688442211,0.10050251256281408,0.12060301507537688,0.1708542713567839,0.2814070351758794,0.31155778894472363
