var1,var2,var3,var4,var5,var6
0.025477707006369428,0.050955414012738856,0.12738853503184713,0.17197452229299362,0.267515923566879,0.35668789808917195
