var1,var2,var3,var4,var5,var6
0.03867403314917127,0.06629834254143646,0.143646408839779,0.15469613259668508,0.23756906077348067,0.35911602209944754
