var1,var2,var3,var4,var5,var6
0.030534351145038167,0.09923664122137404,0.13740458015267176,0.183206106870229,0.24427480916030533,0.3053435114503817
