var1,var2,var3,var4,var5,var6
0.08280254777070063,0.08917197452229299,0.12738853503184713,0.20382165605095542,0.2229299363057325,0.27388535031847133
