var1,var2,var3,var4,var5,var6
0.031055900621118012,0.08074534161490683,0.13043478260869565,0.17391304347826086,0.21739130434782608,0.36645962732919257
