var1,var2,var3,var4,var5,var6
0.030303030303030304,0.04242424242424243,0.09696969696969697,0.21212121212121213,0.2909090909090909,0.32727272727272727
