var1,var2,var3,var4,var5,var6
0.06629834254143646,0.143646408839779,0.1712707182320442,0.1878453038674033,0.19889502762430938,0.23204419889502761
