var1,var2,var3,var4,var5,var6
0.06417112299465241,0.11229946524064172,0.1497326203208556,0.18716577540106952,0.20855614973262032,0.27807486631016043
