var1,var2,var3,var4,var5,var6
0.055944055944055944,0.09090909090909091,0.0979020979020979,0.13986013986013987,0.22377622377622378,0.3916083916083916
