var1,var2,var3,var4,var5,var6
0.05172413793103448,0.07471264367816093,0.1781609195402299,0.1896551724137931,0.21839080459770116,0.28735632183908044
