var1,var2,var3,var4,var5,var6
0.04929577464788732,0.07042253521126761,0.14084507042253522,0.20422535211267606,0.21830985915492956,0.31690140845070425
