var1,var2,var3,var4,var5,var6
0.015748031496062992,0.05511811023622047,0.12598425196850394,0.1732283464566929,0.2047244094488189,0.4251968503937008
