var1,var2,var3,var4,var5,var6
0.03553299492385787,0.050761421319796954,0.1116751269035533,0.20304568527918782,0.25888324873096447,0.3401015228426396
