var1,var2,var3,var4,var5,var6
0.0364963503649635,0.10218978102189781,0.10948905109489052,0.13138686131386862,0.2846715328467153,0.3357664233576642
