var1,var2,var3,var4,var5,var6
0.06666666666666667,0.08333333333333333,0.18333333333333332,0.20555555555555555,0.21666666666666667,0.24444444444444444
