var1,var2,var3,var4,var5,var6
0.10727969348659004,0.12260536398467432,0.13793103448275862,0.19157088122605365,0.20306513409961685,0.23754789272030652
