var1,var2,var3,var4,var5,var6
0.007194244604316547,0.02877697841726619,0.08633093525179857,0.2302158273381295,0.2733812949640288,0.37410071942446044
