var1,var2,var3,var4,var5,var6
0.03125,0.046875,0.125,0.1484375,0.28125,0.3671875
