var1,var2,var3,var4,var5,var6
0.0213903743315508,0.11764705882352941,0.16042780748663102,0.1925133689839572,0.22459893048128343,0.28342245989304815
