var1,var2,var3,var4,var5,var6
0.0410958904109589,0.0730593607305936,0.1552511415525114,0.2100456621004566,0.2465753424657534,0.273972602739726
